filename,image_path,plot_group,genotype,plot_number,r4s_number,row,column,score_jlu,score_gau,mean_score,disagreement,location,experiment,sampling_date,bbch,source_curated_csv,source_metadata_csv,split
20251021_120858.jpg,/home/nfs/data/nvme_datasets/Pictures_CFSB_leaf_damage/RSFB-Phenotyping_training_set/RSFB-Phenotyping_training_set/20251021_120858.jpg,1_Smaragd_1_1,Smaragd,1,NA,1,1,10.0,10.5,10.25,0.5,Gross-Gerau,Insects,2025-10-21,BBCH10,/home/nfs/data/nvme_datasets/Pictures_CFSB_leaf_damage/RSFB-Phenotyping_training_set/RSFB-Phenotyping_training_set/RSFB-Phenotyping_training_set_scores.csv,/home/nfs/data/nvme_datasets/Pictures_CFSB_leaf_damage/2025_10_21_RSFB-Phenotyping_GG1_scores.csv,train
20251021_120905.jpg,/home/nfs/data/nvme_datasets/Pictures_CFSB_leaf_damage/RSFB-Phenotyping_training_set/RSFB-Phenotyping_training_set/20251021_120905.jpg,1_Smaragd_1_1,Smaragd,1,NA,1,1,13.0,16.5,14.75,3.5,Gross-Gerau,Insects,2025-10-21,BBCH10,/home/nfs/data/nvme_datasets/Pictures_CFSB_leaf_damage/RSFB-Phenotyping_training_set/RSFB-Phenotyping_training_set/RSFB-Phenotyping_training_set_scores.csv,/home/nfs/data/nvme_datasets/Pictures_CFSB_leaf_damage/2025_10_21_RSFB-Phenotyping_GG1_scores.csv,train
20251021_120912.jpg,/home/nfs/data/nvme_datasets/Pictures_CFSB_leaf_damage/RSFB-Phenotyping_training_set/RSFB-Phenotyping_training_set/20251021_120912.jpg,1_Smaragd_1_1,Smaragd,1,NA,1,1,9.0,6.5,7.75,2.5,Gross-Gerau,Insects,2025-10-21,BBCH10,/home/nfs/data/nvme_datasets/Pictures_CFSB_leaf_damage/RSFB-Phenotyping_training_set/RSFB-Phenotyping_training_set/RSFB-Phenotyping_training_set_scores.csv,/home/nfs/data/nvme_datasets/Pictures_CFSB_leaf_damage/2025_10_21_RSFB-Phenotyping_GG1_scores.csv,train
20251021_120926.jpg,/home/nfs/data/nvme_datasets/Pictures_CFSB_leaf_damage/RSFB-Phenotyping_training_set/RSFB-Phenotyping_training_set/20251021_120926.jpg,12_R4S_470_A4C34_2_1,A4C34,12,470,2,1,23.0,19.5,21.25,3.5,Gross-Gerau,Insects,2025-10-21,BBCH10,/home/nfs/data/nvme_datasets/Pictures_CFSB_leaf_damage/RSFB-Phenotyping_training_set/RSFB-Phenotyping_training_set/RSFB-Phenotyping_training_set_scores.csv,/home/nfs/data/nvme_datasets/Pictures_CFSB_leaf_damage/2025_10_21_RSFB-Phenotyping_GG1_scores.csv,val
20251021_120933.jpg,/home/nfs/data/nvme_datasets/Pictures_CFSB_leaf_damage/RSFB-Phenotyping_training_set/RSFB-Phenotyping_training_set/20251021_120933.jpg,12_R4S_470_A4C34_2_1,A4C34,12,470,2,1,20.0,21.5,20.75,1.5,Gross-Gerau,Insects,2025-10-21,BBCH10,/home/nfs/data/nvme_datasets/Pictures_CFSB_leaf_damage/RSFB-Phenotyping_training_set/RSFB-Phenotyping_training_set/RSFB-Phenotyping_training_set_scores.csv,/home/nfs/data/nvme_datasets/Pictures_CFSB_leaf_damage/2025_10_21_RSFB-Phenotyping_GG1_scores.csv,val
20251021_120939.jpg,/home/nfs/data/nvme_datasets/Pictures_CFSB_leaf_damage/RSFB-Phenotyping_training_set/RSFB-Phenotyping_training_set/20251021_120939.jpg,12_R4S_470_A4C34_2_1,A4C34,12,470,2,1,20.0,20.5,20.25,0.5,Gross-Gerau,Insects,2025-10-21,BBCH10,/home/nfs/data/nvme_datasets/Pictures_CFSB_leaf_damage/RSFB-Phenotyping_training_set/RSFB-Phenotyping_training_set/RSFB-Phenotyping_training_set_scores.csv,/home/nfs/data/nvme_datasets/Pictures_CFSB_leaf_damage/2025_10_21_RSFB-Phenotyping_GG1_scores.csv,val
20251021_121011.jpg,/home/nfs/data/nvme_datasets/Pictures_CFSB_leaf_damage/RSFB-Phenotyping_training_set/RSFB-Phenotyping_training_set/20251021_121011.jpg,13_R4S_212_Askari_3_1,Askari,13,212,3,1,16.0,14.0,15.0,2.0,Gross-Gerau,Insects,2025-10-21,BBCH10,/home/nfs/data/nvme_datasets/Pictures_CFSB_leaf_damage/RSFB-Phenotyping_training_set/RSFB-Phenotyping_training_set/RSFB-Phenotyping_training_set_scores.csv,/home/nfs/data/nvme_datasets/Pictures_CFSB_leaf_damage/2025_10_21_RSFB-Phenotyping_GG1_scores.csv,val
20251021_121034.jpg,/home/nfs/data/nvme_datasets/Pictures_CFSB_leaf_damage/RSFB-Phenotyping_training_set/RSFB-Phenotyping_training_set/20251021_121034.jpg,13_R4S_212_Askari_3_1,Askari,13,212,3,1,19.0,16.0,17.5,3.0,Gross-Gerau,Insects,2025-10-21,BBCH10,/home/nfs/data/nvme_datasets/Pictures_CFSB_leaf_damage/RSFB-Phenotyping_training_set/RSFB-Phenotyping_training_set/RSFB-Phenotyping_training_set_scores.csv,/home/nfs/data/nvme_datasets/Pictures_CFSB_leaf_damage/2025_10_21_RSFB-Phenotyping_GG1_scores.csv,val
20251021_121047.jpg,/home/nfs/data/nvme_datasets/Pictures_CFSB_leaf_damage/RSFB-Phenotyping_training_set/RSFB-Phenotyping_training_set/20251021_121047.jpg,24_R4S_291_Wolynski_4_1,Wolynski,24,291,4,1,20.0,20.5,20.25,0.5,Gross-Gerau,Insects,2025-10-21,BBCH10,/home/nfs/data/nvme_datasets/Pictures_CFSB_leaf_damage/RSFB-Phenotyping_training_set/RSFB-Phenotyping_training_set/RSFB-Phenotyping_training_set_scores.csv,/home/nfs/data/nvme_datasets/Pictures_CFSB_leaf_damage/2025_10_21_RSFB-Phenotyping_GG1_scores.csv,val
20251021_121100.jpg,/home/nfs/data/nvme_datasets/Pictures_CFSB_leaf_damage/RSFB-Phenotyping_training_set/RSFB-Phenotyping_training_set/20251021_121100.jpg,24_R4S_291_Wolynski_4_1,Wolynski,24,291,4,1,20.0,19.0,19.5,1.0,Gross-Gerau,Insects,2025-10-21,BBCH10,/home/nfs/data/nvme_datasets/Pictures_CFSB_leaf_damage/RSFB-Phenotyping_training_set/RSFB-Phenotyping_training_set/RSFB-Phenotyping_training_set_scores.csv,/home/nfs/data/nvme_datasets/Pictures_CFSB_leaf_damage/2025_10_21_RSFB-Phenotyping_GG1_scores.csv,val
20251021_121120.jpg,/home/nfs/data/nvme_datasets/Pictures_CFSB_leaf_damage/RSFB-Phenotyping_training_set/RSFB-Phenotyping_training_set/20251021_121120.jpg,25_R4S_387_Lirafit_5_1,Lirafit,25,387,5,1,9.0,14.0,11.5,5.0,Gross-Gerau,Insects,2025-10-21,BBCH10,/home/nfs/data/nvme_datasets/Pictures_CFSB_leaf_damage/RSFB-Phenotyping_training_set/RSFB-Phenotyping_training_set/RSFB-Phenotyping_training_set_scores.csv,/home/nfs/data/nvme_datasets/Pictures_CFSB_leaf_damage/2025_10_21_RSFB-Phenotyping_GG1_scores.csv,train
20251021_121149.jpg,/home/nfs/data/nvme_datasets/Pictures_CFSB_leaf_damage/RSFB-Phenotyping_training_set/RSFB-Phenotyping_training_set/20251021_121149.jpg,36_R4S_433_SEM_6_1,SEM,36,433,6,1,14.0,18.0,16.0,4.0,Gross-Gerau,Insects,2025-10-21,BBCH10,/home/nfs/data/nvme_datasets/Pictures_CFSB_leaf_damage/RSFB-Phenotyping_training_set/RSFB-Phenotyping_training_set/RSFB-Phenotyping_training_set_scores.csv,/home/nfs/data/nvme_datasets/Pictures_CFSB_leaf_damage/2025_10_21_RSFB-Phenotyping_GG1_scores.csv,train
20251021_121203.jpg,/home/nfs/data/nvme_datasets/Pictures_CFSB_leaf_damage/RSFB-Phenotyping_training_set/RSFB-Phenotyping_training_set/20251021_121203.jpg,36_R4S_433_SEM_6_1,SEM,36,433,6,1,24.0,20.5,22.25,3.5,Gross-Gerau,Insects,2025-10-21,BBCH10,/home/nfs/data/nvme_datasets/Pictures_CFSB_leaf_damage/RSFB-Phenotyping_training_set/RSFB-Phenotyping_training_set/RSFB-Phenotyping_training_set_scores.csv,/home/nfs/data/nvme_datasets/Pictures_CFSB_leaf_damage/2025_10_21_RSFB-Phenotyping_GG1_scores.csv,train
20251021_121218.jpg,/home/nfs/data/nvme_datasets/Pictures_CFSB_leaf_damage/RSFB-Phenotyping_training_set/RSFB-Phenotyping_training_set/20251021_121218.jpg,37_R4S_521_Taisetsu_7_1,Taisetsu,37,521,7,1,17.0,13.5,15.25,3.5,Gross-Gerau,Insects,2025-10-21,BBCH10,/home/nfs/data/nvme_datasets/Pictures_CFSB_leaf_damage/RSFB-Phenotyping_training_set/RSFB-Phenotyping_training_set/RSFB-Phenotyping_training_set_scores.csv,/home/nfs/data/nvme_datasets/Pictures_CFSB_leaf_damage/2025_10_21_RSFB-Phenotyping_GG1_scores.csv,train
20251021_121225.jpg,/home/nfs/data/nvme_datasets/Pictures_CFSB_leaf_damage/RSFB-Phenotyping_training_set/RSFB-Phenotyping_training_set/20251021_121225.jpg,37_R4S_521_Taisetsu_7_1,Taisetsu,37,521,7,1,16.0,20.5,18.25,4.5,Gross-Gerau,Insects,2025-10-21,BBCH10,/home/nfs/data/nvme_datasets/Pictures_CFSB_leaf_damage/RSFB-Phenotyping_training_set/RSFB-Phenotyping_training_set/RSFB-Phenotyping_training_set_scores.csv,/home/nfs/data/nvme_datasets/Pictures_CFSB_leaf_damage/2025_10_21_RSFB-Phenotyping_GG1_scores.csv,train
20251021_121253.jpg,/home/nfs/data/nvme_datasets/Pictures_CFSB_leaf_damage/RSFB-Phenotyping_training_set/RSFB-Phenotyping_training_set/20251021_121253.jpg,48_R4S_406_S30_8_1,S30,48,406,8,1,8.0,9.0,8.5,1.0,Gross-Gerau,Insects,2025-10-21,BBCH10,/home/nfs/data/nvme_datasets/Pictures_CFSB_leaf_damage/RSFB-Phenotyping_training_set/RSFB-Phenotyping_training_set/RSFB-Phenotyping_training_set_scores.csv,/home/nfs/data/nvme_datasets/Pictures_CFSB_leaf_damage/2025_10_21_RSFB-Phenotyping_GG1_scores.csv,val
20251021_121320.jpg,/home/nfs/data/nvme_datasets/Pictures_CFSB_leaf_damage/RSFB-Phenotyping_training_set/RSFB-Phenotyping_training_set/20251021_121320.jpg,49_R4S_427_J 154_9_1,J 154,49,427,9,1,13.0,14.0,13.5,1.0,Gross-Gerau,Insects,2025-10-21,BBCH10,/home/nfs/data/nvme_datasets/Pictures_CFSB_leaf_damage/RSFB-Phenotyping_training_set/RSFB-Phenotyping_training_set/RSFB-Phenotyping_training_set_scores.csv,/home/nfs/data/nvme_datasets/Pictures_CFSB_leaf_damage/2025_10_21_RSFB-Phenotyping_GG1_scores.csv,train
20251021_121327.jpg,/home/nfs/data/nvme_datasets/Pictures_CFSB_leaf_damage/RSFB-Phenotyping_training_set/RSFB-Phenotyping_training_set/20251021_121327.jpg,49_R4S_427_J 154_9_1,J 154,49,427,9,1,9.0,10.5,9.75,1.5,Gross-Gerau,Insects,2025-10-21,BBCH10,/home/nfs/data/nvme_datasets/Pictures_CFSB_leaf_damage/RSFB-Phenotyping_training_set/RSFB-Phenotyping_training_set/RSFB-Phenotyping_training_set_scores.csv,/home/nfs/data/nvme_datasets/Pictures_CFSB_leaf_damage/2025_10_21_RSFB-Phenotyping_GG1_scores.csv,train
20251021_121345.jpg,/home/nfs/data/nvme_datasets/Pictures_CFSB_leaf_damage/RSFB-Phenotyping_training_set/RSFB-Phenotyping_training_set/20251021_121345.jpg,60_R4S_209_Falcon_10_1,Falcon,60,209,10,1,15.0,11.0,13.0,4.0,Gross-Gerau,Insects,2025-10-21,BBCH10,/home/nfs/data/nvme_datasets/Pictures_CFSB_leaf_damage/RSFB-Phenotyping_training_set/RSFB-Phenotyping_training_set/RSFB-Phenotyping_training_set_scores.csv,/home/nfs/data/nvme_datasets/Pictures_CFSB_leaf_damage/2025_10_21_RSFB-Phenotyping_GG1_scores.csv,train
20251021_121432.jpg,/home/nfs/data/nvme_datasets/Pictures_CFSB_leaf_damage/RSFB-Phenotyping_training_set/RSFB-Phenotyping_training_set/20251021_121432.jpg,61_R4S_442_INL 2_11_1,INL 2,61,442,11,1,17.0,17.0,17.0,0.0,Gross-Gerau,Insects,2025-10-21,BBCH10,/home/nfs/data/nvme_datasets/Pictures_CFSB_leaf_damage/RSFB-Phenotyping_training_set/RSFB-Phenotyping_training_set/RSFB-Phenotyping_training_set_scores.csv,/home/nfs/data/nvme_datasets/Pictures_CFSB_leaf_damage/2025_10_21_RSFB-Phenotyping_GG1_scores.csv,val
20251021_121449.jpg,/home/nfs/data/nvme_datasets/Pictures_CFSB_leaf_damage/RSFB-Phenotyping_training_set/RSFB-Phenotyping_training_set/20251021_121449.jpg,72_R4S_386_Major_12_1,Major,72,386,12,1,9.0,10.0,9.5,1.0,Gross-Gerau,Insects,2025-10-21,BBCH10,/home/nfs/data/nvme_datasets/Pictures_CFSB_leaf_damage/RSFB-Phenotyping_training_set/RSFB-Phenotyping_training_set/RSFB-Phenotyping_training_set_scores.csv,/home/nfs/data/nvme_datasets/Pictures_CFSB_leaf_damage/2025_10_21_RSFB-Phenotyping_GG1_scores.csv,test
20251021_121457.jpg,/home/nfs/data/nvme_datasets/Pictures_CFSB_leaf_damage/RSFB-Phenotyping_training_set/RSFB-Phenotyping_training_set/20251021_121457.jpg,72_R4S_386_Major_12_1,Major,72,386,12,1,12.0,11.0,11.5,1.0,Gross-Gerau,Insects,2025-10-21,BBCH10,/home/nfs/data/nvme_datasets/Pictures_CFSB_leaf_damage/RSFB-Phenotyping_training_set/RSFB-Phenotyping_training_set/RSFB-Phenotyping_training_set_scores.csv,/home/nfs/data/nvme_datasets/Pictures_CFSB_leaf_damage/2025_10_21_RSFB-Phenotyping_GG1_scores.csv,test
20251021_121504.jpg,/home/nfs/data/nvme_datasets/Pictures_CFSB_leaf_damage/RSFB-Phenotyping_training_set/RSFB-Phenotyping_training_set/20251021_121504.jpg,72_R4S_386_Major_12_1,Major,72,386,12,1,10.0,11.0,10.5,1.0,Gross-Gerau,Insects,2025-10-21,BBCH10,/home/nfs/data/nvme_datasets/Pictures_CFSB_leaf_damage/RSFB-Phenotyping_training_set/RSFB-Phenotyping_training_set/RSFB-Phenotyping_training_set_scores.csv,/home/nfs/data/nvme_datasets/Pictures_CFSB_leaf_damage/2025_10_21_RSFB-Phenotyping_GG1_scores.csv,test
20251021_121525.jpg,/home/nfs/data/nvme_datasets/Pictures_CFSB_leaf_damage/RSFB-Phenotyping_training_set/RSFB-Phenotyping_training_set/20251021_121525.jpg,73_R4S_437_S2_13_1,S2,73,437,13,1,12.0,12.5,12.25,0.5,Gross-Gerau,Insects,2025-10-21,BBCH10,/home/nfs/data/nvme_datasets/Pictures_CFSB_leaf_damage/RSFB-Phenotyping_training_set/RSFB-Phenotyping_training_set/RSFB-Phenotyping_training_set_scores.csv,/home/nfs/data/nvme_datasets/Pictures_CFSB_leaf_damage/2025_10_21_RSFB-Phenotyping_GG1_scores.csv,train
20251021_121618.jpg,/home/nfs/data/nvme_datasets/Pictures_CFSB_leaf_damage/RSFB-Phenotyping_training_set/RSFB-Phenotyping_training_set/20251021_121618.jpg,85_R4S_408_DH5 Oase x Nugget  PBZ061 von NPY_15_1,DH5 Oase x Nugget  PBZ061 von NPY,85,408,15,1,23.0,23.5,23.25,0.5,Gross-Gerau,Insects,2025-10-21,BBCH10,/home/nfs/data/nvme_datasets/Pictures_CFSB_leaf_damage/RSFB-Phenotyping_training_set/RSFB-Phenotyping_training_set/RSFB-Phenotyping_training_set_scores.csv,/home/nfs/data/nvme_datasets/Pictures_CFSB_leaf_damage/2025_10_21_RSFB-Phenotyping_GG1_scores.csv,test
20251021_121624.jpg,/home/nfs/data/nvme_datasets/Pictures_CFSB_leaf_damage/RSFB-Phenotyping_training_set/RSFB-Phenotyping_training_set/20251021_121624.jpg,85_R4S_408_DH5 Oase x Nugget  PBZ061 von NPY_15_1,DH5 Oase x Nugget  PBZ061 von NPY,85,408,15,1,10.0,9.5,9.75,0.5,Gross-Gerau,Insects,2025-10-21,BBCH10,/home/nfs/data/nvme_datasets/Pictures_CFSB_leaf_damage/RSFB-Phenotyping_training_set/RSFB-Phenotyping_training_set/RSFB-Phenotyping_training_set_scores.csv,/home/nfs/data/nvme_datasets/Pictures_CFSB_leaf_damage/2025_10_21_RSFB-Phenotyping_GG1_scores.csv,test
20251021_121633.jpg,/home/nfs/data/nvme_datasets/Pictures_CFSB_leaf_damage/RSFB-Phenotyping_training_set/RSFB-Phenotyping_training_set/20251021_121633.jpg,85_R4S_408_DH5 Oase x Nugget  PBZ061 von NPY_15_1,DH5 Oase x Nugget  PBZ061 von NPY,85,408,15,1,5.0,1.5,3.25,3.5,Gross-Gerau,Insects,2025-10-21,BBCH10,/home/nfs/data/nvme_datasets/Pictures_CFSB_leaf_damage/RSFB-Phenotyping_training_set/RSFB-Phenotyping_training_set/RSFB-Phenotyping_training_set_scores.csv,/home/nfs/data/nvme_datasets/Pictures_CFSB_leaf_damage/2025_10_21_RSFB-Phenotyping_GG1_scores.csv,test
20251021_121647.jpg,/home/nfs/data/nvme_datasets/Pictures_CFSB_leaf_damage/RSFB-Phenotyping_training_set/RSFB-Phenotyping_training_set/20251021_121647.jpg,96_R4S_389_Librador_16_1,Librador,96,389,16,1,1.0,1.0,1.0,0.0,Gross-Gerau,Insects,2025-10-21,BBCH10,/home/nfs/data/nvme_datasets/Pictures_CFSB_leaf_damage/RSFB-Phenotyping_training_set/RSFB-Phenotyping_training_set/RSFB-Phenotyping_training_set_scores.csv,/home/nfs/data/nvme_datasets/Pictures_CFSB_leaf_damage/2025_10_21_RSFB-Phenotyping_GG1_scores.csv,train
20251021_121655.jpg,/home/nfs/data/nvme_datasets/Pictures_CFSB_leaf_damage/RSFB-Phenotyping_training_set/RSFB-Phenotyping_training_set/20251021_121655.jpg,96_R4S_389_Librador_16_1,Librador,96,389,16,1,20.0,19.5,19.75,0.5,Gross-Gerau,Insects,2025-10-21,BBCH10,/home/nfs/data/nvme_datasets/Pictures_CFSB_leaf_damage/RSFB-Phenotyping_training_set/RSFB-Phenotyping_training_set/RSFB-Phenotyping_training_set_scores.csv,/home/nfs/data/nvme_datasets/Pictures_CFSB_leaf_damage/2025_10_21_RSFB-Phenotyping_GG1_scores.csv,train
20251021_121704.jpg,/home/nfs/data/nvme_datasets/Pictures_CFSB_leaf_damage/RSFB-Phenotyping_training_set/RSFB-Phenotyping_training_set/20251021_121704.jpg,96_R4S_389_Librador_16_1,Librador,96,389,16,1,2.0,2.0,2.0,0.0,Gross-Gerau,Insects,2025-10-21,BBCH10,/home/nfs/data/nvme_datasets/Pictures_CFSB_leaf_damage/RSFB-Phenotyping_training_set/RSFB-Phenotyping_training_set/RSFB-Phenotyping_training_set_scores.csv,/home/nfs/data/nvme_datasets/Pictures_CFSB_leaf_damage/2025_10_21_RSFB-Phenotyping_GG1_scores.csv,train
20251021_121804.jpg,/home/nfs/data/nvme_datasets/Pictures_CFSB_leaf_damage/RSFB-Phenotyping_training_set/RSFB-Phenotyping_training_set/20251021_121804.jpg,108_R4S_242_SWGospel_18_1,SWGospel,108,242,18,1,15.0,10.5,12.75,4.5,Gross-Gerau,Insects,2025-10-21,BBCH10,/home/nfs/data/nvme_datasets/Pictures_CFSB_leaf_damage/RSFB-Phenotyping_training_set/RSFB-Phenotyping_training_set/RSFB-Phenotyping_training_set_scores.csv,/home/nfs/data/nvme_datasets/Pictures_CFSB_leaf_damage/2025_10_21_RSFB-Phenotyping_GG1_scores.csv,train
20251021_121810.jpg,/home/nfs/data/nvme_datasets/Pictures_CFSB_leaf_damage/RSFB-Phenotyping_training_set/RSFB-Phenotyping_training_set/20251021_121810.jpg,108_R4S_242_SWGospel_18_1,SWGospel,108,242,18,1,10.0,9.0,9.5,1.0,Gross-Gerau,Insects,2025-10-21,BBCH10,/home/nfs/data/nvme_datasets/Pictures_CFSB_leaf_damage/RSFB-Phenotyping_training_set/RSFB-Phenotyping_training_set/RSFB-Phenotyping_training_set_scores.csv,/home/nfs/data/nvme_datasets/Pictures_CFSB_leaf_damage/2025_10_21_RSFB-Phenotyping_GG1_scores.csv,train
20251021_121827.jpg,/home/nfs/data/nvme_datasets/Pictures_CFSB_leaf_damage/RSFB-Phenotyping_training_set/RSFB-Phenotyping_training_set/20251021_121827.jpg,109_R4S_187_AMBER X COMMANCHE DH LINE_19_1,AMBER X COMMANCHE DH LINE,109,187,19,1,1.0,2.5,1.75,1.5,Gross-Gerau,Insects,2025-10-21,BBCH10,/home/nfs/data/nvme_datasets/Pictures_CFSB_leaf_damage/RSFB-Phenotyping_training_set/RSFB-Phenotyping_training_set/RSFB-Phenotyping_training_set_scores.csv,/home/nfs/data/nvme_datasets/Pictures_CFSB_leaf_damage/2025_10_21_RSFB-Phenotyping_GG1_scores.csv,val
20251021_121858.jpg,/home/nfs/data/nvme_datasets/Pictures_CFSB_leaf_damage/RSFB-Phenotyping_training_set/RSFB-Phenotyping_training_set/20251021_121858.jpg,120_R4S_158_Lipid_20_1,Lipid,120,158,20,1,45.0,43.0,44.0,2.0,Gross-Gerau,Insects,2025-10-21,BBCH10,/home/nfs/data/nvme_datasets/Pictures_CFSB_leaf_damage/RSFB-Phenotyping_training_set/RSFB-Phenotyping_training_set/RSFB-Phenotyping_training_set_scores.csv,/home/nfs/data/nvme_datasets/Pictures_CFSB_leaf_damage/2025_10_21_RSFB-Phenotyping_GG1_scores.csv,train
20251021_121959.jpg,/home/nfs/data/nvme_datasets/Pictures_CFSB_leaf_damage/RSFB-Phenotyping_training_set/RSFB-Phenotyping_training_set/20251021_121959.jpg,121_R4S_147_Picasso_21_1,Picasso,121,147,21,1,1.0,2.0,1.5,1.0,Gross-Gerau,Insects,2025-10-21,BBCH10,/home/nfs/data/nvme_datasets/Pictures_CFSB_leaf_damage/RSFB-Phenotyping_training_set/RSFB-Phenotyping_training_set/RSFB-Phenotyping_training_set_scores.csv,/home/nfs/data/nvme_datasets/Pictures_CFSB_leaf_damage/2025_10_21_RSFB-Phenotyping_GG1_scores.csv,train
20251021_122117.jpg,/home/nfs/data/nvme_datasets/Pictures_CFSB_leaf_damage/RSFB-Phenotyping_training_set/RSFB-Phenotyping_training_set/20251021_122117.jpg,144_R4S_379_Skryesyowicki_24_1,Skryesyowicki,144,379,24,1,18.0,18.0,18.0,0.0,Gross-Gerau,Insects,2025-10-21,BBCH10,/home/nfs/data/nvme_datasets/Pictures_CFSB_leaf_damage/RSFB-Phenotyping_training_set/RSFB-Phenotyping_training_set/RSFB-Phenotyping_training_set_scores.csv,/home/nfs/data/nvme_datasets/Pictures_CFSB_leaf_damage/2025_10_21_RSFB-Phenotyping_GG1_scores.csv,train
20251021_122135.jpg,/home/nfs/data/nvme_datasets/Pictures_CFSB_leaf_damage/RSFB-Phenotyping_training_set/RSFB-Phenotyping_training_set/20251021_122135.jpg,144_R4S_379_Skryesyowicki_24_1,Skryesyowicki,144,379,24,1,20.0,22.5,21.25,2.5,Gross-Gerau,Insects,2025-10-21,BBCH10,/home/nfs/data/nvme_datasets/Pictures_CFSB_leaf_damage/RSFB-Phenotyping_training_set/RSFB-Phenotyping_training_set/RSFB-Phenotyping_training_set_scores.csv,/home/nfs/data/nvme_datasets/Pictures_CFSB_leaf_damage/2025_10_21_RSFB-Phenotyping_GG1_scores.csv,train
20251021_122227.jpg,/home/nfs/data/nvme_datasets/Pictures_CFSB_leaf_damage/RSFB-Phenotyping_training_set/RSFB-Phenotyping_training_set/20251021_122227.jpg,156_R4S_344_Conqueror Bronye Green Top_26_1,Conqueror Bronye Green Top,156,344,26,1,3.0,5.0,4.0,2.0,Gross-Gerau,Insects,2025-10-21,BBCH10,/home/nfs/data/nvme_datasets/Pictures_CFSB_leaf_damage/RSFB-Phenotyping_training_set/RSFB-Phenotyping_training_set/RSFB-Phenotyping_training_set_scores.csv,/home/nfs/data/nvme_datasets/Pictures_CFSB_leaf_damage/2025_10_21_RSFB-Phenotyping_GG1_scores.csv,val
20251021_122242.jpg,/home/nfs/data/nvme_datasets/Pictures_CFSB_leaf_damage/RSFB-Phenotyping_training_set/RSFB-Phenotyping_training_set/20251021_122242.jpg,156_R4S_344_Conqueror Bronye Green Top_26_1,Conqueror Bronye Green Top,156,344,26,1,30.0,27.0,28.5,3.0,Gross-Gerau,Insects,2025-10-21,BBCH10,/home/nfs/data/nvme_datasets/Pictures_CFSB_leaf_damage/RSFB-Phenotyping_training_set/RSFB-Phenotyping_training_set/RSFB-Phenotyping_training_set_scores.csv,/home/nfs/data/nvme_datasets/Pictures_CFSB_leaf_damage/2025_10_21_RSFB-Phenotyping_GG1_scores.csv,val
20251021_122314.jpg,/home/nfs/data/nvme_datasets/Pictures_CFSB_leaf_damage/RSFB-Phenotyping_training_set/RSFB-Phenotyping_training_set/20251021_122314.jpg,157_R4S_225_Barrel_27_1,Barrel,157,225,27,1,3.0,4.0,3.5,1.0,Gross-Gerau,Insects,2025-10-21,BBCH10,/home/nfs/data/nvme_datasets/Pictures_CFSB_leaf_damage/RSFB-Phenotyping_training_set/RSFB-Phenotyping_training_set/RSFB-Phenotyping_training_set_scores.csv,/home/nfs/data/nvme_datasets/Pictures_CFSB_leaf_damage/2025_10_21_RSFB-Phenotyping_GG1_scores.csv,train
20251021_122322.jpg,/home/nfs/data/nvme_datasets/Pictures_CFSB_leaf_damage/RSFB-Phenotyping_training_set/RSFB-Phenotyping_training_set/20251021_122322.jpg,157_R4S_225_Barrel_27_1,Barrel,157,225,27,1,1.0,4.5,2.75,3.5,Gross-Gerau,Insects,2025-10-21,BBCH10,/home/nfs/data/nvme_datasets/Pictures_CFSB_leaf_damage/RSFB-Phenotyping_training_set/RSFB-Phenotyping_training_set/RSFB-Phenotyping_training_set_scores.csv,/home/nfs/data/nvme_datasets/Pictures_CFSB_leaf_damage/2025_10_21_RSFB-Phenotyping_GG1_scores.csv,train
20251021_122353.jpg,/home/nfs/data/nvme_datasets/Pictures_CFSB_leaf_damage/RSFB-Phenotyping_training_set/RSFB-Phenotyping_training_set/20251021_122353.jpg,168_R4S_342_Peerless *Acme(_28_1,Peerless *Acme(,168,342,28,1,10.0,11.0,10.5,1.0,Gross-Gerau,Insects,2025-10-21,BBCH10,/home/nfs/data/nvme_datasets/Pictures_CFSB_leaf_damage/RSFB-Phenotyping_training_set/RSFB-Phenotyping_training_set/RSFB-Phenotyping_training_set_scores.csv,/home/nfs/data/nvme_datasets/Pictures_CFSB_leaf_damage/2025_10_21_RSFB-Phenotyping_GG1_scores.csv,train
20251021_122423.jpg,/home/nfs/data/nvme_datasets/Pictures_CFSB_leaf_damage/RSFB-Phenotyping_training_set/RSFB-Phenotyping_training_set/20251021_122423.jpg,169_R4S_149_Rapid_29_1,Rapid,169,149,29,1,1.0,2.5,1.75,1.5,Gross-Gerau,Insects,2025-10-21,BBCH10,/home/nfs/data/nvme_datasets/Pictures_CFSB_leaf_damage/RSFB-Phenotyping_training_set/RSFB-Phenotyping_training_set/RSFB-Phenotyping_training_set_scores.csv,/home/nfs/data/nvme_datasets/Pictures_CFSB_leaf_damage/2025_10_21_RSFB-Phenotyping_GG1_scores.csv,val
20251021_122445.jpg,/home/nfs/data/nvme_datasets/Pictures_CFSB_leaf_damage/RSFB-Phenotyping_training_set/RSFB-Phenotyping_training_set/20251021_122445.jpg,180_R4S_221_MADRIGAL x RECITAL DH LINE_30_1,MADRIGAL x RECITAL DH LINE,180,221,30,1,28.0,29.5,28.75,1.5,Gross-Gerau,Insects,2025-10-21,BBCH10,/home/nfs/data/nvme_datasets/Pictures_CFSB_leaf_damage/RSFB-Phenotyping_training_set/RSFB-Phenotyping_training_set/RSFB-Phenotyping_training_set_scores.csv,/home/nfs/data/nvme_datasets/Pictures_CFSB_leaf_damage/2025_10_21_RSFB-Phenotyping_GG1_scores.csv,train
20251021_122452.jpg,/home/nfs/data/nvme_datasets/Pictures_CFSB_leaf_damage/RSFB-Phenotyping_training_set/RSFB-Phenotyping_training_set/20251021_122452.jpg,180_R4S_221_MADRIGAL x RECITAL DH LINE_30_1,MADRIGAL x RECITAL DH LINE,180,221,30,1,10.0,5.5,7.75,4.5,Gross-Gerau,Insects,2025-10-21,BBCH10,/home/nfs/data/nvme_datasets/Pictures_CFSB_leaf_damage/RSFB-Phenotyping_training_set/RSFB-Phenotyping_training_set/RSFB-Phenotyping_training_set_scores.csv,/home/nfs/data/nvme_datasets/Pictures_CFSB_leaf_damage/2025_10_21_RSFB-Phenotyping_GG1_scores.csv,train
20251021_122502.jpg,/home/nfs/data/nvme_datasets/Pictures_CFSB_leaf_damage/RSFB-Phenotyping_training_set/RSFB-Phenotyping_training_set/20251021_122502.jpg,180_R4S_221_MADRIGAL x RECITAL DH LINE_30_1,MADRIGAL x RECITAL DH LINE,180,221,30,1,15.0,15.0,15.0,0.0,Gross-Gerau,Insects,2025-10-21,BBCH10,/home/nfs/data/nvme_datasets/Pictures_CFSB_leaf_damage/RSFB-Phenotyping_training_set/RSFB-Phenotyping_training_set/RSFB-Phenotyping_training_set_scores.csv,/home/nfs/data/nvme_datasets/Pictures_CFSB_leaf_damage/2025_10_21_RSFB-Phenotyping_GG1_scores.csv,train
20251021_122516.jpg,/home/nfs/data/nvme_datasets/Pictures_CFSB_leaf_damage/RSFB-Phenotyping_training_set/RSFB-Phenotyping_training_set/20251021_122516.jpg,181_R4S_296_EMERALD_31_1,EMERALD,181,296,31,1,25.0,25.0,25.0,0.0,Gross-Gerau,Insects,2025-10-21,BBCH10,/home/nfs/data/nvme_datasets/Pictures_CFSB_leaf_damage/RSFB-Phenotyping_training_set/RSFB-Phenotyping_training_set/RSFB-Phenotyping_training_set_scores.csv,/home/nfs/data/nvme_datasets/Pictures_CFSB_leaf_damage/2025_10_21_RSFB-Phenotyping_GG1_scores.csv,train
20251021_122523.jpg,/home/nfs/data/nvme_datasets/Pictures_CFSB_leaf_damage/RSFB-Phenotyping_training_set/RSFB-Phenotyping_training_set/20251021_122523.jpg,181_R4S_296_EMERALD_31_1,EMERALD,181,296,31,1,15.0,15.5,15.25,0.5,Gross-Gerau,Insects,2025-10-21,BBCH10,/home/nfs/data/nvme_datasets/Pictures_CFSB_leaf_damage/RSFB-Phenotyping_training_set/RSFB-Phenotyping_training_set/RSFB-Phenotyping_training_set_scores.csv,/home/nfs/data/nvme_datasets/Pictures_CFSB_leaf_damage/2025_10_21_RSFB-Phenotyping_GG1_scores.csv,train
20251021_122531.jpg,/home/nfs/data/nvme_datasets/Pictures_CFSB_leaf_damage/RSFB-Phenotyping_training_set/RSFB-Phenotyping_training_set/20251021_122531.jpg,181_R4S_296_EMERALD_31_1,EMERALD,181,296,31,1,1.0,1.0,1.0,0.0,Gross-Gerau,Insects,2025-10-21,BBCH10,/home/nfs/data/nvme_datasets/Pictures_CFSB_leaf_damage/RSFB-Phenotyping_training_set/RSFB-Phenotyping_training_set/RSFB-Phenotyping_training_set_scores.csv,/home/nfs/data/nvme_datasets/Pictures_CFSB_leaf_damage/2025_10_21_RSFB-Phenotyping_GG1_scores.csv,train
20251021_122628.jpg,/home/nfs/data/nvme_datasets/Pictures_CFSB_leaf_damage/RSFB-Phenotyping_training_set/RSFB-Phenotyping_training_set/20251021_122628.jpg,193_R4S_532_WINFRED_33_1,WINFRED,193,532,33,1,12.0,15.5,13.75,3.5,Gross-Gerau,Insects,2025-10-21,BBCH10,/home/nfs/data/nvme_datasets/Pictures_CFSB_leaf_damage/RSFB-Phenotyping_training_set/RSFB-Phenotyping_training_set/RSFB-Phenotyping_training_set_scores.csv,/home/nfs/data/nvme_datasets/Pictures_CFSB_leaf_damage/2025_10_21_RSFB-Phenotyping_GG1_scores.csv,train
20251021_122637.jpg,/home/nfs/data/nvme_datasets/Pictures_CFSB_leaf_damage/RSFB-Phenotyping_training_set/RSFB-Phenotyping_training_set/20251021_122637.jpg,193_R4S_532_WINFRED_33_1,WINFRED,193,532,33,1,1.0,3.0,2.0,2.0,Gross-Gerau,Insects,2025-10-21,BBCH10,/home/nfs/data/nvme_datasets/Pictures_CFSB_leaf_damage/RSFB-Phenotyping_training_set/RSFB-Phenotyping_training_set/RSFB-Phenotyping_training_set_scores.csv,/home/nfs/data/nvme_datasets/Pictures_CFSB_leaf_damage/2025_10_21_RSFB-Phenotyping_GG1_scores.csv,train
20251021_122655.jpg,/home/nfs/data/nvme_datasets/Pictures_CFSB_leaf_damage/RSFB-Phenotyping_training_set/RSFB-Phenotyping_training_set/20251021_122655.jpg,204_R4S_327_Zork_34_1,Zork,204,327,34,1,5.0,10.0,7.5,5.0,Gross-Gerau,Insects,2025-10-21,BBCH10,/home/nfs/data/nvme_datasets/Pictures_CFSB_leaf_damage/RSFB-Phenotyping_training_set/RSFB-Phenotyping_training_set/RSFB-Phenotyping_training_set_scores.csv,/home/nfs/data/nvme_datasets/Pictures_CFSB_leaf_damage/2025_10_21_RSFB-Phenotyping_GG1_scores.csv,val
20251021_122701.jpg,/home/nfs/data/nvme_datasets/Pictures_CFSB_leaf_damage/RSFB-Phenotyping_training_set/RSFB-Phenotyping_training_set/20251021_122701.jpg,204_R4S_327_Zork_34_1,Zork,204,327,34,1,3.0,4.0,3.5,1.0,Gross-Gerau,Insects,2025-10-21,BBCH10,/home/nfs/data/nvme_datasets/Pictures_CFSB_leaf_damage/RSFB-Phenotyping_training_set/RSFB-Phenotyping_training_set/RSFB-Phenotyping_training_set_scores.csv,/home/nfs/data/nvme_datasets/Pictures_CFSB_leaf_damage/2025_10_21_RSFB-Phenotyping_GG1_scores.csv,val
20251021_122739.jpg,/home/nfs/data/nvme_datasets/Pictures_CFSB_leaf_damage/RSFB-Phenotyping_training_set/RSFB-Phenotyping_training_set/20251021_122739.jpg,205_R4S_358_PI271452_35_1,PI271452,205,358,35,1,15.0,13.5,14.25,1.5,Gross-Gerau,Insects,2025-10-21,BBCH10,/home/nfs/data/nvme_datasets/Pictures_CFSB_leaf_damage/RSFB-Phenotyping_training_set/RSFB-Phenotyping_training_set/RSFB-Phenotyping_training_set_scores.csv,/home/nfs/data/nvme_datasets/Pictures_CFSB_leaf_damage/2025_10_21_RSFB-Phenotyping_GG1_scores.csv,train
20251021_122800.jpg,/home/nfs/data/nvme_datasets/Pictures_CFSB_leaf_damage/RSFB-Phenotyping_training_set/RSFB-Phenotyping_training_set/20251021_122800.jpg,216_R4S_366_Nunsdale_36_1,Nunsdale,216,366,36,1,12.0,7.0,9.5,5.0,Gross-Gerau,Insects,2025-10-21,BBCH10,/home/nfs/data/nvme_datasets/Pictures_CFSB_leaf_damage/RSFB-Phenotyping_training_set/RSFB-Phenotyping_training_set/RSFB-Phenotyping_training_set_scores.csv,/home/nfs/data/nvme_datasets/Pictures_CFSB_leaf_damage/2025_10_21_RSFB-Phenotyping_GG1_scores.csv,train
20251021_122843.jpg,/home/nfs/data/nvme_datasets/Pictures_CFSB_leaf_damage/RSFB-Phenotyping_training_set/RSFB-Phenotyping_training_set/20251021_122843.jpg,217_R4S_552_ALLESANDRO KWS_37_1,ALLESANDRO KWS,217,552,37,1,12.0,12.5,12.25,0.5,Gross-Gerau,Insects,2025-10-21,BBCH10,/home/nfs/data/nvme_datasets/Pictures_CFSB_leaf_damage/RSFB-Phenotyping_training_set/RSFB-Phenotyping_training_set/RSFB-Phenotyping_training_set_scores.csv,/home/nfs/data/nvme_datasets/Pictures_CFSB_leaf_damage/2025_10_21_RSFB-Phenotyping_GG1_scores.csv,train
20251021_122853.jpg,/home/nfs/data/nvme_datasets/Pictures_CFSB_leaf_damage/RSFB-Phenotyping_training_set/RSFB-Phenotyping_training_set/20251021_122853.jpg,228_R4S_269_Baltia_38_1,Baltia,228,269,38,1,10.0,8.5,9.25,1.5,Gross-Gerau,Insects,2025-10-21,BBCH10,/home/nfs/data/nvme_datasets/Pictures_CFSB_leaf_damage/RSFB-Phenotyping_training_set/RSFB-Phenotyping_training_set/RSFB-Phenotyping_training_set_scores.csv,/home/nfs/data/nvme_datasets/Pictures_CFSB_leaf_damage/2025_10_21_RSFB-Phenotyping_GG1_scores.csv,train
20251021_123050.jpg,/home/nfs/data/nvme_datasets/Pictures_CFSB_leaf_damage/RSFB-Phenotyping_training_set/RSFB-Phenotyping_training_set/20251021_123050.jpg,252_R4S_471_H61_42_1,H61,252,471,42,1,4.0,3.0,3.5,1.0,Gross-Gerau,Insects,2025-10-21,BBCH10,/home/nfs/data/nvme_datasets/Pictures_CFSB_leaf_damage/RSFB-Phenotyping_training_set/RSFB-Phenotyping_training_set/RSFB-Phenotyping_training_set_scores.csv,/home/nfs/data/nvme_datasets/Pictures_CFSB_leaf_damage/2025_10_21_RSFB-Phenotyping_GG1_scores.csv,train
20251021_123058.jpg,/home/nfs/data/nvme_datasets/Pictures_CFSB_leaf_damage/RSFB-Phenotyping_training_set/RSFB-Phenotyping_training_set/20251021_123058.jpg,252_R4S_471_H61_42_1,H61,252,471,42,1,10.0,6.5,8.25,3.5,Gross-Gerau,Insects,2025-10-21,BBCH10,/home/nfs/data/nvme_datasets/Pictures_CFSB_leaf_damage/RSFB-Phenotyping_training_set/RSFB-Phenotyping_training_set/RSFB-Phenotyping_training_set_scores.csv,/home/nfs/data/nvme_datasets/Pictures_CFSB_leaf_damage/2025_10_21_RSFB-Phenotyping_GG1_scores.csv,train
20251021_123123.jpg,/home/nfs/data/nvme_datasets/Pictures_CFSB_leaf_damage/RSFB-Phenotyping_training_set/RSFB-Phenotyping_training_set/20251021_123123.jpg,253_R4S_288_Slovenska Krajova_43_1,Slovenska Krajova,253,288,43,1,10.0,6.0,8.0,4.0,Gross-Gerau,Insects,2025-10-21,BBCH10,/home/nfs/data/nvme_datasets/Pictures_CFSB_leaf_damage/RSFB-Phenotyping_training_set/RSFB-Phenotyping_training_set/RSFB-Phenotyping_training_set_scores.csv,/home/nfs/data/nvme_datasets/Pictures_CFSB_leaf_damage/2025_10_21_RSFB-Phenotyping_GG1_scores.csv,train
20251021_123220.jpg,/home/nfs/data/nvme_datasets/Pictures_CFSB_leaf_damage/RSFB-Phenotyping_training_set/RSFB-Phenotyping_training_set/20251021_123220.jpg,264_R4S_305_COUVE NABICA_44_1,COUVE NABICA,264,305,44,1,5.0,9.0,7.0,4.0,Gross-Gerau,Insects,2025-10-21,BBCH10,/home/nfs/data/nvme_datasets/Pictures_CFSB_leaf_damage/RSFB-Phenotyping_training_set/RSFB-Phenotyping_training_set/RSFB-Phenotyping_training_set_scores.csv,/home/nfs/data/nvme_datasets/Pictures_CFSB_leaf_damage/2025_10_21_RSFB-Phenotyping_GG1_scores.csv,train
20251021_123237.jpg,/home/nfs/data/nvme_datasets/Pictures_CFSB_leaf_damage/RSFB-Phenotyping_training_set/RSFB-Phenotyping_training_set/20251021_123237.jpg,265_R4S_189_CAPRICORN DH1_45_1,CAPRICORN DH1,265,189,45,1,15.0,15.5,15.25,0.5,Gross-Gerau,Insects,2025-10-21,BBCH10,/home/nfs/data/nvme_datasets/Pictures_CFSB_leaf_damage/RSFB-Phenotyping_training_set/RSFB-Phenotyping_training_set/RSFB-Phenotyping_training_set_scores.csv,/home/nfs/data/nvme_datasets/Pictures_CFSB_leaf_damage/2025_10_21_RSFB-Phenotyping_GG1_scores.csv,val
20251021_123448.jpg,/home/nfs/data/nvme_datasets/Pictures_CFSB_leaf_damage/RSFB-Phenotyping_training_set/RSFB-Phenotyping_training_set/20251021_123448.jpg,289_R4S_154_Cooper_49_1,Cooper,289,154,49,1,10.0,8.5,9.25,1.5,Gross-Gerau,Insects,2025-10-21,BBCH10,/home/nfs/data/nvme_datasets/Pictures_CFSB_leaf_damage/RSFB-Phenotyping_training_set/RSFB-Phenotyping_training_set/RSFB-Phenotyping_training_set_scores.csv,/home/nfs/data/nvme_datasets/Pictures_CFSB_leaf_damage/2025_10_21_RSFB-Phenotyping_GG1_scores.csv,train
20251021_123500.jpg,/home/nfs/data/nvme_datasets/Pictures_CFSB_leaf_damage/RSFB-Phenotyping_training_set/RSFB-Phenotyping_training_set/20251021_123500.jpg,300_R4S_218_SHANNON x WINNER DH LINE_50_1,SHANNON x WINNER DH LINE,300,218,50,1,5.0,9.0,7.0,4.0,Gross-Gerau,Insects,2025-10-21,BBCH10,/home/nfs/data/nvme_datasets/Pictures_CFSB_leaf_damage/RSFB-Phenotyping_training_set/RSFB-Phenotyping_training_set/RSFB-Phenotyping_training_set_scores.csv,/home/nfs/data/nvme_datasets/Pictures_CFSB_leaf_damage/2025_10_21_RSFB-Phenotyping_GG1_scores.csv,train
20251021_123519.jpg,/home/nfs/data/nvme_datasets/Pictures_CFSB_leaf_damage/RSFB-Phenotyping_training_set/RSFB-Phenotyping_training_set/20251021_123519.jpg,300_R4S_218_SHANNON x WINNER DH LINE_50_1,SHANNON x WINNER DH LINE,300,218,50,1,20.0,18.0,19.0,2.0,Gross-Gerau,Insects,2025-10-21,BBCH10,/home/nfs/data/nvme_datasets/Pictures_CFSB_leaf_damage/RSFB-Phenotyping_training_set/RSFB-Phenotyping_training_set/RSFB-Phenotyping_training_set_scores.csv,/home/nfs/data/nvme_datasets/Pictures_CFSB_leaf_damage/2025_10_21_RSFB-Phenotyping_GG1_scores.csv,train
20251021_123535.jpg,/home/nfs/data/nvme_datasets/Pictures_CFSB_leaf_damage/RSFB-Phenotyping_training_set/RSFB-Phenotyping_training_set/20251021_123535.jpg,301_R4S_275_Hokkai 3/Go_51_1,Hokkai 3/Go,301,275,51,1,15.0,11.5,13.25,3.5,Gross-Gerau,Insects,2025-10-21,BBCH10,/home/nfs/data/nvme_datasets/Pictures_CFSB_leaf_damage/RSFB-Phenotyping_training_set/RSFB-Phenotyping_training_set/RSFB-Phenotyping_training_set_scores.csv,/home/nfs/data/nvme_datasets/Pictures_CFSB_leaf_damage/2025_10_21_RSFB-Phenotyping_GG1_scores.csv,train
20251021_123625.jpg,/home/nfs/data/nvme_datasets/Pictures_CFSB_leaf_damage/RSFB-Phenotyping_training_set/RSFB-Phenotyping_training_set/20251021_123625.jpg,312_Smaragd_52_1,Smaragd,312,NA,52,1,4.0,4.5,4.25,0.5,Gross-Gerau,Insects,2025-10-21,BBCH10,/home/nfs/data/nvme_datasets/Pictures_CFSB_leaf_damage/RSFB-Phenotyping_training_set/RSFB-Phenotyping_training_set/RSFB-Phenotyping_training_set_scores.csv,/home/nfs/data/nvme_datasets/Pictures_CFSB_leaf_damage/2025_10_21_RSFB-Phenotyping_GG1_scores.csv,train
20251021_123657.jpg,/home/nfs/data/nvme_datasets/Pictures_CFSB_leaf_damage/RSFB-Phenotyping_training_set/RSFB-Phenotyping_training_set/20251021_123657.jpg,311_Smaragd_52_2,Smaragd,311,NA,52,2,5.0,3.5,4.25,1.5,Gross-Gerau,Insects,2025-10-21,BBCH10,/home/nfs/data/nvme_datasets/Pictures_CFSB_leaf_damage/RSFB-Phenotyping_training_set/RSFB-Phenotyping_training_set/RSFB-Phenotyping_training_set_scores.csv,/home/nfs/data/nvme_datasets/Pictures_CFSB_leaf_damage/2025_10_21_RSFB-Phenotyping_GG1_scores.csv,val
20251021_123702.jpg,/home/nfs/data/nvme_datasets/Pictures_CFSB_leaf_damage/RSFB-Phenotyping_training_set/RSFB-Phenotyping_training_set/20251021_123702.jpg,311_Smaragd_52_2,Smaragd,311,NA,52,2,4.0,5.5,4.75,1.5,Gross-Gerau,Insects,2025-10-21,BBCH10,/home/nfs/data/nvme_datasets/Pictures_CFSB_leaf_damage/RSFB-Phenotyping_training_set/RSFB-Phenotyping_training_set/RSFB-Phenotyping_training_set_scores.csv,/home/nfs/data/nvme_datasets/Pictures_CFSB_leaf_damage/2025_10_21_RSFB-Phenotyping_GG1_scores.csv,val
20251021_123710.jpg,/home/nfs/data/nvme_datasets/Pictures_CFSB_leaf_damage/RSFB-Phenotyping_training_set/RSFB-Phenotyping_training_set/20251021_123710.jpg,311_Smaragd_52_2,Smaragd,311,NA,52,2,3.0,1.5,2.25,1.5,Gross-Gerau,Insects,2025-10-21,BBCH10,/home/nfs/data/nvme_datasets/Pictures_CFSB_leaf_damage/RSFB-Phenotyping_training_set/RSFB-Phenotyping_training_set/RSFB-Phenotyping_training_set_scores.csv,/home/nfs/data/nvme_datasets/Pictures_CFSB_leaf_damage/2025_10_21_RSFB-Phenotyping_GG1_scores.csv,val
20251021_123809.jpg,/home/nfs/data/nvme_datasets/Pictures_CFSB_leaf_damage/RSFB-Phenotyping_training_set/RSFB-Phenotyping_training_set/20251021_123809.jpg,299_R4S_143_Robust_50_2,Robust,299,143,50,2,5.0,4.5,4.75,0.5,Gross-Gerau,Insects,2025-10-21,BBCH10,/home/nfs/data/nvme_datasets/Pictures_CFSB_leaf_damage/RSFB-Phenotyping_training_set/RSFB-Phenotyping_training_set/RSFB-Phenotyping_training_set_scores.csv,/home/nfs/data/nvme_datasets/Pictures_CFSB_leaf_damage/2025_10_21_RSFB-Phenotyping_GG1_scores.csv,train
20251021_123822.jpg,/home/nfs/data/nvme_datasets/Pictures_CFSB_leaf_damage/RSFB-Phenotyping_training_set/RSFB-Phenotyping_training_set/20251021_123822.jpg,290_R4S_211_Lirabon_49_2,Lirabon,290,211,49,2,5.0,4.0,4.5,1.0,Gross-Gerau,Insects,2025-10-21,BBCH10,/home/nfs/data/nvme_datasets/Pictures_CFSB_leaf_damage/RSFB-Phenotyping_training_set/RSFB-Phenotyping_training_set/RSFB-Phenotyping_training_set_scores.csv,/home/nfs/data/nvme_datasets/Pictures_CFSB_leaf_damage/2025_10_21_RSFB-Phenotyping_GG1_scores.csv,test
20251021_123831.jpg,/home/nfs/data/nvme_datasets/Pictures_CFSB_leaf_damage/RSFB-Phenotyping_training_set/RSFB-Phenotyping_training_set/20251021_123831.jpg,290_R4S_211_Lirabon_49_2,Lirabon,290,211,49,2,3.0,4.5,3.75,1.5,Gross-Gerau,Insects,2025-10-21,BBCH10,/home/nfs/data/nvme_datasets/Pictures_CFSB_leaf_damage/RSFB-Phenotyping_training_set/RSFB-Phenotyping_training_set/RSFB-Phenotyping_training_set_scores.csv,/home/nfs/data/nvme_datasets/Pictures_CFSB_leaf_damage/2025_10_21_RSFB-Phenotyping_GG1_scores.csv,test
20251021_123838.jpg,/home/nfs/data/nvme_datasets/Pictures_CFSB_leaf_damage/RSFB-Phenotyping_training_set/RSFB-Phenotyping_training_set/20251021_123838.jpg,290_R4S_211_Lirabon_49_2,Lirabon,290,211,49,2,5.0,4.5,4.75,0.5,Gross-Gerau,Insects,2025-10-21,BBCH10,/home/nfs/data/nvme_datasets/Pictures_CFSB_leaf_damage/RSFB-Phenotyping_training_set/RSFB-Phenotyping_training_set/RSFB-Phenotyping_training_set_scores.csv,/home/nfs/data/nvme_datasets/Pictures_CFSB_leaf_damage/2025_10_21_RSFB-Phenotyping_GG1_scores.csv,test
20251021_123851.jpg,/home/nfs/data/nvme_datasets/Pictures_CFSB_leaf_damage/RSFB-Phenotyping_training_set/RSFB-Phenotyping_training_set/20251021_123851.jpg,287_R4S_161_OASE_48_2,OASE,287,161,48,2,5.0,9.0,7.0,4.0,Gross-Gerau,Insects,2025-10-21,BBCH10,/home/nfs/data/nvme_datasets/Pictures_CFSB_leaf_damage/RSFB-Phenotyping_training_set/RSFB-Phenotyping_training_set/RSFB-Phenotyping_training_set_scores.csv,/home/nfs/data/nvme_datasets/Pictures_CFSB_leaf_damage/2025_10_21_RSFB-Phenotyping_GG1_scores.csv,train
20251021_123858.jpg,/home/nfs/data/nvme_datasets/Pictures_CFSB_leaf_damage/RSFB-Phenotyping_training_set/RSFB-Phenotyping_training_set/20251021_123858.jpg,287_R4S_161_OASE_48_2,OASE,287,161,48,2,15.0,12.0,13.5,3.0,Gross-Gerau,Insects,2025-10-21,BBCH10,/home/nfs/data/nvme_datasets/Pictures_CFSB_leaf_damage/RSFB-Phenotyping_training_set/RSFB-Phenotyping_training_set/RSFB-Phenotyping_training_set_scores.csv,/home/nfs/data/nvme_datasets/Pictures_CFSB_leaf_damage/2025_10_21_RSFB-Phenotyping_GG1_scores.csv,train
20251021_123915.jpg,/home/nfs/data/nvme_datasets/Pictures_CFSB_leaf_damage/RSFB-Phenotyping_training_set/RSFB-Phenotyping_training_set/20251021_123915.jpg,278_R4S_394_Erra_47_2,Erra,278,394,47,2,15.0,13.5,14.25,1.5,Gross-Gerau,Insects,2025-10-21,BBCH10,/home/nfs/data/nvme_datasets/Pictures_CFSB_leaf_damage/RSFB-Phenotyping_training_set/RSFB-Phenotyping_training_set/RSFB-Phenotyping_training_set_scores.csv,/home/nfs/data/nvme_datasets/Pictures_CFSB_leaf_damage/2025_10_21_RSFB-Phenotyping_GG1_scores.csv,test
20251021_124023.jpg,/home/nfs/data/nvme_datasets/Pictures_CFSB_leaf_damage/RSFB-Phenotyping_training_set/RSFB-Phenotyping_training_set/20251021_124023.jpg,266_R4S_335_Dalo Trifolium_45_2,Dalo Trifolium,266,335,45,2,2.0,3.5,2.75,1.5,Gross-Gerau,Insects,2025-10-21,BBCH10,/home/nfs/data/nvme_datasets/Pictures_CFSB_leaf_damage/RSFB-Phenotyping_training_set/RSFB-Phenotyping_training_set/RSFB-Phenotyping_training_set_scores.csv,/home/nfs/data/nvme_datasets/Pictures_CFSB_leaf_damage/2025_10_21_RSFB-Phenotyping_GG1_scores.csv,train
20251021_124030.jpg,/home/nfs/data/nvme_datasets/Pictures_CFSB_leaf_damage/RSFB-Phenotyping_training_set/RSFB-Phenotyping_training_set/20251021_124030.jpg,266_R4S_335_Dalo Trifolium_45_2,Dalo Trifolium,266,335,45,2,2.0,1.0,1.5,1.0,Gross-Gerau,Insects,2025-10-21,BBCH10,/home/nfs/data/nvme_datasets/Pictures_CFSB_leaf_damage/RSFB-Phenotyping_training_set/RSFB-Phenotyping_training_set/RSFB-Phenotyping_training_set_scores.csv,/home/nfs/data/nvme_datasets/Pictures_CFSB_leaf_damage/2025_10_21_RSFB-Phenotyping_GG1_scores.csv,train
20251021_124048.jpg,/home/nfs/data/nvme_datasets/Pictures_CFSB_leaf_damage/RSFB-Phenotyping_training_set/RSFB-Phenotyping_training_set/20251021_124048.jpg,263_R4S_255_Atlantic_44_2,Atlantic,263,255,44,2,3.0,7.5,5.25,4.5,Gross-Gerau,Insects,2025-10-21,BBCH10,/home/nfs/data/nvme_datasets/Pictures_CFSB_leaf_damage/RSFB-Phenotyping_training_set/RSFB-Phenotyping_training_set/RSFB-Phenotyping_training_set_scores.csv,/home/nfs/data/nvme_datasets/Pictures_CFSB_leaf_damage/2025_10_21_RSFB-Phenotyping_GG1_scores.csv,test
20251021_124056.jpg,/home/nfs/data/nvme_datasets/Pictures_CFSB_leaf_damage/RSFB-Phenotyping_training_set/RSFB-Phenotyping_training_set/20251021_124056.jpg,263_R4S_255_Atlantic_44_2,Atlantic,263,255,44,2,7.0,9.0,8.0,2.0,Gross-Gerau,Insects,2025-10-21,BBCH10,/home/nfs/data/nvme_datasets/Pictures_CFSB_leaf_damage/RSFB-Phenotyping_training_set/RSFB-Phenotyping_training_set/RSFB-Phenotyping_training_set_scores.csv,/home/nfs/data/nvme_datasets/Pictures_CFSB_leaf_damage/2025_10_21_RSFB-Phenotyping_GG1_scores.csv,test
20251021_124112.jpg,/home/nfs/data/nvme_datasets/Pictures_CFSB_leaf_damage/RSFB-Phenotyping_training_set/RSFB-Phenotyping_training_set/20251021_124112.jpg,263_R4S_255_Atlantic_44_2,Atlantic,263,255,44,2,8.0,13.0,10.5,5.0,Gross-Gerau,Insects,2025-10-21,BBCH10,/home/nfs/data/nvme_datasets/Pictures_CFSB_leaf_damage/RSFB-Phenotyping_training_set/RSFB-Phenotyping_training_set/RSFB-Phenotyping_training_set_scores.csv,/home/nfs/data/nvme_datasets/Pictures_CFSB_leaf_damage/2025_10_21_RSFB-Phenotyping_GG1_scores.csv,test
20251021_124134.jpg,/home/nfs/data/nvme_datasets/Pictures_CFSB_leaf_damage/RSFB-Phenotyping_training_set/RSFB-Phenotyping_training_set/20251021_124134.jpg,254_R4S_550_ALLESANDRO KWS_43_2,ALLESANDRO KWS,254,550,43,2,6.0,8.5,7.25,2.5,Gross-Gerau,Insects,2025-10-21,BBCH10,/home/nfs/data/nvme_datasets/Pictures_CFSB_leaf_damage/RSFB-Phenotyping_training_set/RSFB-Phenotyping_training_set/RSFB-Phenotyping_training_set_scores.csv,/home/nfs/data/nvme_datasets/Pictures_CFSB_leaf_damage/2025_10_21_RSFB-Phenotyping_GG1_scores.csv,train
20251021_124142.jpg,/home/nfs/data/nvme_datasets/Pictures_CFSB_leaf_damage/RSFB-Phenotyping_training_set/RSFB-Phenotyping_training_set/20251021_124142.jpg,254_R4S_550_ALLESANDRO KWS_43_2,ALLESANDRO KWS,254,550,43,2,2.0,2.0,2.0,0.0,Gross-Gerau,Insects,2025-10-21,BBCH10,/home/nfs/data/nvme_datasets/Pictures_CFSB_leaf_damage/RSFB-Phenotyping_training_set/RSFB-Phenotyping_training_set/RSFB-Phenotyping_training_set_scores.csv,/home/nfs/data/nvme_datasets/Pictures_CFSB_leaf_damage/2025_10_21_RSFB-Phenotyping_GG1_scores.csv,train
20251021_124154.jpg,/home/nfs/data/nvme_datasets/Pictures_CFSB_leaf_damage/RSFB-Phenotyping_training_set/RSFB-Phenotyping_training_set/20251021_124154.jpg,251_R4S_259_Escort_42_2,Escort,251,259,42,2,10.0,13.0,11.5,3.0,Gross-Gerau,Insects,2025-10-21,BBCH10,/home/nfs/data/nvme_datasets/Pictures_CFSB_leaf_damage/RSFB-Phenotyping_training_set/RSFB-Phenotyping_training_set/RSFB-Phenotyping_training_set_scores.csv,/home/nfs/data/nvme_datasets/Pictures_CFSB_leaf_damage/2025_10_21_RSFB-Phenotyping_GG1_scores.csv,train
20251021_124201.jpg,/home/nfs/data/nvme_datasets/Pictures_CFSB_leaf_damage/RSFB-Phenotyping_training_set/RSFB-Phenotyping_training_set/20251021_124201.jpg,251_R4S_259_Escort_42_2,Escort,251,259,42,2,3.0,6.0,4.5,3.0,Gross-Gerau,Insects,2025-10-21,BBCH10,/home/nfs/data/nvme_datasets/Pictures_CFSB_leaf_damage/RSFB-Phenotyping_training_set/RSFB-Phenotyping_training_set/RSFB-Phenotyping_training_set_scores.csv,/home/nfs/data/nvme_datasets/Pictures_CFSB_leaf_damage/2025_10_21_RSFB-Phenotyping_GG1_scores.csv,train
20251021_124309.jpg,/home/nfs/data/nvme_datasets/Pictures_CFSB_leaf_damage/RSFB-Phenotyping_training_set/RSFB-Phenotyping_training_set/20251021_124309.jpg,230_R4S_341_Purple Top_39_2,Purple Top,230,341,39,2,8.0,8.5,8.25,0.5,Gross-Gerau,Insects,2025-10-21,BBCH10,/home/nfs/data/nvme_datasets/Pictures_CFSB_leaf_damage/RSFB-Phenotyping_training_set/RSFB-Phenotyping_training_set/RSFB-Phenotyping_training_set_scores.csv,/home/nfs/data/nvme_datasets/Pictures_CFSB_leaf_damage/2025_10_21_RSFB-Phenotyping_GG1_scores.csv,train
20251021_124347.jpg,/home/nfs/data/nvme_datasets/Pictures_CFSB_leaf_damage/RSFB-Phenotyping_training_set/RSFB-Phenotyping_training_set/20251021_124347.jpg,227_R4S_506_Express 617_38_2,Express 617,227,506,38,2,2.0,4.5,3.25,2.5,Gross-Gerau,Insects,2025-10-21,BBCH10,/home/nfs/data/nvme_datasets/Pictures_CFSB_leaf_damage/RSFB-Phenotyping_training_set/RSFB-Phenotyping_training_set/RSFB-Phenotyping_training_set_scores.csv,/home/nfs/data/nvme_datasets/Pictures_CFSB_leaf_damage/2025_10_21_RSFB-Phenotyping_GG1_scores.csv,train
20251021_124417.jpg,/home/nfs/data/nvme_datasets/Pictures_CFSB_leaf_damage/RSFB-Phenotyping_training_set/RSFB-Phenotyping_training_set/20251021_124417.jpg,218_R4S_498_R4S_NPY2_37_2,R4S_NPY2,218,498,37,2,2.0,2.5,2.25,0.5,Gross-Gerau,Insects,2025-10-21,BBCH10,/home/nfs/data/nvme_datasets/Pictures_CFSB_leaf_damage/RSFB-Phenotyping_training_set/RSFB-Phenotyping_training_set/RSFB-Phenotyping_training_set_scores.csv,/home/nfs/data/nvme_datasets/Pictures_CFSB_leaf_damage/2025_10_21_RSFB-Phenotyping_GG1_scores.csv,train
20251021_124443.jpg,/home/nfs/data/nvme_datasets/Pictures_CFSB_leaf_damage/RSFB-Phenotyping_training_set/RSFB-Phenotyping_training_set/20251021_124443.jpg,215_R4S_458_FS94.3_36_2,FS94.3,215,458,36,2,4.0,8.0,6.0,4.0,Gross-Gerau,Insects,2025-10-21,BBCH10,/home/nfs/data/nvme_datasets/Pictures_CFSB_leaf_damage/RSFB-Phenotyping_training_set/RSFB-Phenotyping_training_set/RSFB-Phenotyping_training_set_scores.csv,/home/nfs/data/nvme_datasets/Pictures_CFSB_leaf_damage/2025_10_21_RSFB-Phenotyping_GG1_scores.csv,train
20251021_124506.jpg,/home/nfs/data/nvme_datasets/Pictures_CFSB_leaf_damage/RSFB-Phenotyping_training_set/RSFB-Phenotyping_training_set/20251021_124506.jpg,206_R4S_489_S16_35_2,S16,206,489,35,2,8.0,10.0,9.0,2.0,Gross-Gerau,Insects,2025-10-21,BBCH10,/home/nfs/data/nvme_datasets/Pictures_CFSB_leaf_damage/RSFB-Phenotyping_training_set/RSFB-Phenotyping_training_set/RSFB-Phenotyping_training_set_scores.csv,/home/nfs/data/nvme_datasets/Pictures_CFSB_leaf_damage/2025_10_21_RSFB-Phenotyping_GG1_scores.csv,train
20251021_124514.jpg,/home/nfs/data/nvme_datasets/Pictures_CFSB_leaf_damage/RSFB-Phenotyping_training_set/RSFB-Phenotyping_training_set/20251021_124514.jpg,206_R4S_489_S16_35_2,S16,206,489,35,2,5.0,6.0,5.5,1.0,Gross-Gerau,Insects,2025-10-21,BBCH10,/home/nfs/data/nvme_datasets/Pictures_CFSB_leaf_damage/RSFB-Phenotyping_training_set/RSFB-Phenotyping_training_set/RSFB-Phenotyping_training_set_scores.csv,/home/nfs/data/nvme_datasets/Pictures_CFSB_leaf_damage/2025_10_21_RSFB-Phenotyping_GG1_scores.csv,train
20251021_124545.jpg,/home/nfs/data/nvme_datasets/Pictures_CFSB_leaf_damage/RSFB-Phenotyping_training_set/RSFB-Phenotyping_training_set/20251021_124545.jpg,203_R4S_438_R99_34_2,R99,203,438,34,2,12.0,14.0,13.0,2.0,Gross-Gerau,Insects,2025-10-21,BBCH10,/home/nfs/data/nvme_datasets/Pictures_CFSB_leaf_damage/RSFB-Phenotyping_training_set/RSFB-Phenotyping_training_set/RSFB-Phenotyping_training_set_scores.csv,/home/nfs/data/nvme_datasets/Pictures_CFSB_leaf_damage/2025_10_21_RSFB-Phenotyping_GG1_scores.csv,train
20251021_124556.jpg,/home/nfs/data/nvme_datasets/Pictures_CFSB_leaf_damage/RSFB-Phenotyping_training_set/RSFB-Phenotyping_training_set/20251021_124556.jpg,194_R4S_428_S35_33_2,S35,194,428,33,2,10.0,7.5,8.75,2.5,Gross-Gerau,Insects,2025-10-21,BBCH10,/home/nfs/data/nvme_datasets/Pictures_CFSB_leaf_damage/RSFB-Phenotyping_training_set/RSFB-Phenotyping_training_set/RSFB-Phenotyping_training_set_scores.csv,/home/nfs/data/nvme_datasets/Pictures_CFSB_leaf_damage/2025_10_21_RSFB-Phenotyping_GG1_scores.csv,train
20251021_124605.jpg,/home/nfs/data/nvme_datasets/Pictures_CFSB_leaf_damage/RSFB-Phenotyping_training_set/RSFB-Phenotyping_training_set/20251021_124605.jpg,194_R4S_428_S35_33_2,S35,194,428,33,2,30.0,25.0,27.5,5.0,Gross-Gerau,Insects,2025-10-21,BBCH10,/home/nfs/data/nvme_datasets/Pictures_CFSB_leaf_damage/RSFB-Phenotyping_training_set/RSFB-Phenotyping_training_set/RSFB-Phenotyping_training_set_scores.csv,/home/nfs/data/nvme_datasets/Pictures_CFSB_leaf_damage/2025_10_21_RSFB-Phenotyping_GG1_scores.csv,train
20251021_124640.jpg,/home/nfs/data/nvme_datasets/Pictures_CFSB_leaf_damage/RSFB-Phenotyping_training_set/RSFB-Phenotyping_training_set/20251021_124640.jpg,191_R4S_499_R4S_NPY3_32_2,R4S_NPY3,191,499,32,2,20.0,23.0,21.5,3.0,Gross-Gerau,Insects,2025-10-21,BBCH10,/home/nfs/data/nvme_datasets/Pictures_CFSB_leaf_damage/RSFB-Phenotyping_training_set/RSFB-Phenotyping_training_set/RSFB-Phenotyping_training_set_scores.csv,/home/nfs/data/nvme_datasets/Pictures_CFSB_leaf_damage/2025_10_21_RSFB-Phenotyping_GG1_scores.csv,train
20251021_124700.jpg,/home/nfs/data/nvme_datasets/Pictures_CFSB_leaf_damage/RSFB-Phenotyping_training_set/RSFB-Phenotyping_training_set/20251021_124700.jpg,182_R4S_268_Anja_31_2,Anja,182,268,31,2,15.0,16.0,15.5,1.0,Gross-Gerau,Insects,2025-10-21,BBCH10,/home/nfs/data/nvme_datasets/Pictures_CFSB_leaf_damage/RSFB-Phenotyping_training_set/RSFB-Phenotyping_training_set/RSFB-Phenotyping_training_set_scores.csv,/home/nfs/data/nvme_datasets/Pictures_CFSB_leaf_damage/2025_10_21_RSFB-Phenotyping_GG1_scores.csv,train
20251021_124718.jpg,/home/nfs/data/nvme_datasets/Pictures_CFSB_leaf_damage/RSFB-Phenotyping_training_set/RSFB-Phenotyping_training_set/20251021_124718.jpg,182_R4S_268_Anja_31_2,Anja,182,268,31,2,45.0,41.5,43.25,3.5,Gross-Gerau,Insects,2025-10-21,BBCH10,/home/nfs/data/nvme_datasets/Pictures_CFSB_leaf_damage/RSFB-Phenotyping_training_set/RSFB-Phenotyping_training_set/RSFB-Phenotyping_training_set_scores.csv,/home/nfs/data/nvme_datasets/Pictures_CFSB_leaf_damage/2025_10_21_RSFB-Phenotyping_GG1_scores.csv,train
20251021_124741.jpg,/home/nfs/data/nvme_datasets/Pictures_CFSB_leaf_damage/RSFB-Phenotyping_training_set/RSFB-Phenotyping_training_set/20251021_124741.jpg,179_R4S_263_Agalon_30_2,Agalon,179,263,30,2,12.0,15.0,13.5,3.0,Gross-Gerau,Insects,2025-10-21,BBCH10,/home/nfs/data/nvme_datasets/Pictures_CFSB_leaf_damage/RSFB-Phenotyping_training_set/RSFB-Phenotyping_training_set/RSFB-Phenotyping_training_set_scores.csv,/home/nfs/data/nvme_datasets/Pictures_CFSB_leaf_damage/2025_10_21_RSFB-Phenotyping_GG1_scores.csv,train
20251021_124749.jpg,/home/nfs/data/nvme_datasets/Pictures_CFSB_leaf_damage/RSFB-Phenotyping_training_set/RSFB-Phenotyping_training_set/20251021_124749.jpg,179_R4S_263_Agalon_30_2,Agalon,179,263,30,2,2.0,5.0,3.5,3.0,Gross-Gerau,Insects,2025-10-21,BBCH10,/home/nfs/data/nvme_datasets/Pictures_CFSB_leaf_damage/RSFB-Phenotyping_training_set/RSFB-Phenotyping_training_set/RSFB-Phenotyping_training_set_scores.csv,/home/nfs/data/nvme_datasets/Pictures_CFSB_leaf_damage/2025_10_21_RSFB-Phenotyping_GG1_scores.csv,train
20251021_124843.jpg,/home/nfs/data/nvme_datasets/Pictures_CFSB_leaf_damage/RSFB-Phenotyping_training_set/RSFB-Phenotyping_training_set/20251021_124843.jpg,167_R4S_157_BRISTOL_28_2,BRISTOL,167,157,28,2,5.0,4.0,4.5,1.0,Gross-Gerau,Insects,2025-10-21,BBCH10,/home/nfs/data/nvme_datasets/Pictures_CFSB_leaf_damage/RSFB-Phenotyping_training_set/RSFB-Phenotyping_training_set/RSFB-Phenotyping_training_set_scores.csv,/home/nfs/data/nvme_datasets/Pictures_CFSB_leaf_damage/2025_10_21_RSFB-Phenotyping_GG1_scores.csv,test
20251021_124852.jpg,/home/nfs/data/nvme_datasets/Pictures_CFSB_leaf_damage/RSFB-Phenotyping_training_set/RSFB-Phenotyping_training_set/20251021_124852.jpg,167_R4S_157_BRISTOL_28_2,BRISTOL,167,157,28,2,2.0,4.5,3.25,2.5,Gross-Gerau,Insects,2025-10-21,BBCH10,/home/nfs/data/nvme_datasets/Pictures_CFSB_leaf_damage/RSFB-Phenotyping_training_set/RSFB-Phenotyping_training_set/RSFB-Phenotyping_training_set_scores.csv,/home/nfs/data/nvme_datasets/Pictures_CFSB_leaf_damage/2025_10_21_RSFB-Phenotyping_GG1_scores.csv,test
20251021_124906.jpg,/home/nfs/data/nvme_datasets/Pictures_CFSB_leaf_damage/RSFB-Phenotyping_training_set/RSFB-Phenotyping_training_set/20251021_124906.jpg,158_R4S_231_Campari_27_2,Campari,158,231,27,2,2.0,4.0,3.0,2.0,Gross-Gerau,Insects,2025-10-21,BBCH10,/home/nfs/data/nvme_datasets/Pictures_CFSB_leaf_damage/RSFB-Phenotyping_training_set/RSFB-Phenotyping_training_set/RSFB-Phenotyping_training_set_scores.csv,/home/nfs/data/nvme_datasets/Pictures_CFSB_leaf_damage/2025_10_21_RSFB-Phenotyping_GG1_scores.csv,train
20251021_124913.jpg,/home/nfs/data/nvme_datasets/Pictures_CFSB_leaf_damage/RSFB-Phenotyping_training_set/RSFB-Phenotyping_training_set/20251021_124913.jpg,158_R4S_231_Campari_27_2,Campari,158,231,27,2,4.0,2.5,3.25,1.5,Gross-Gerau,Insects,2025-10-21,BBCH10,/home/nfs/data/nvme_datasets/Pictures_CFSB_leaf_damage/RSFB-Phenotyping_training_set/RSFB-Phenotyping_training_set/RSFB-Phenotyping_training_set_scores.csv,/home/nfs/data/nvme_datasets/Pictures_CFSB_leaf_damage/2025_10_21_RSFB-Phenotyping_GG1_scores.csv,train
20251021_124920.jpg,/home/nfs/data/nvme_datasets/Pictures_CFSB_leaf_damage/RSFB-Phenotyping_training_set/RSFB-Phenotyping_training_set/20251021_124920.jpg,158_R4S_231_Campari_27_2,Campari,158,231,27,2,3.0,5.0,4.0,2.0,Gross-Gerau,Insects,2025-10-21,BBCH10,/home/nfs/data/nvme_datasets/Pictures_CFSB_leaf_damage/RSFB-Phenotyping_training_set/RSFB-Phenotyping_training_set/RSFB-Phenotyping_training_set_scores.csv,/home/nfs/data/nvme_datasets/Pictures_CFSB_leaf_damage/2025_10_21_RSFB-Phenotyping_GG1_scores.csv,train
20251021_124932.jpg,/home/nfs/data/nvme_datasets/Pictures_CFSB_leaf_damage/RSFB-Phenotyping_training_set/RSFB-Phenotyping_training_set/20251021_124932.jpg,155_R4S_190_RAFAL DH1_26_2,RAFAL DH1,155,190,26,2,20.0,20.0,20.0,0.0,Gross-Gerau,Insects,2025-10-21,BBCH10,/home/nfs/data/nvme_datasets/Pictures_CFSB_leaf_damage/RSFB-Phenotyping_training_set/RSFB-Phenotyping_training_set/RSFB-Phenotyping_training_set_scores.csv,/home/nfs/data/nvme_datasets/Pictures_CFSB_leaf_damage/2025_10_21_RSFB-Phenotyping_GG1_scores.csv,val
20251021_124940.jpg,/home/nfs/data/nvme_datasets/Pictures_CFSB_leaf_damage/RSFB-Phenotyping_training_set/RSFB-Phenotyping_training_set/20251021_124940.jpg,155_R4S_190_RAFAL DH1_26_2,RAFAL DH1,155,190,26,2,12.0,7.5,9.75,4.5,Gross-Gerau,Insects,2025-10-21,BBCH10,/home/nfs/data/nvme_datasets/Pictures_CFSB_leaf_damage/RSFB-Phenotyping_training_set/RSFB-Phenotyping_training_set/RSFB-Phenotyping_training_set_scores.csv,/home/nfs/data/nvme_datasets/Pictures_CFSB_leaf_damage/2025_10_21_RSFB-Phenotyping_GG1_scores.csv,val
20251021_124947.jpg,/home/nfs/data/nvme_datasets/Pictures_CFSB_leaf_damage/RSFB-Phenotyping_training_set/RSFB-Phenotyping_training_set/20251021_124947.jpg,155_R4S_190_RAFAL DH1_26_2,RAFAL DH1,155,190,26,2,23.0,18.5,20.75,4.5,Gross-Gerau,Insects,2025-10-21,BBCH10,/home/nfs/data/nvme_datasets/Pictures_CFSB_leaf_damage/RSFB-Phenotyping_training_set/RSFB-Phenotyping_training_set/RSFB-Phenotyping_training_set_scores.csv,/home/nfs/data/nvme_datasets/Pictures_CFSB_leaf_damage/2025_10_21_RSFB-Phenotyping_GG1_scores.csv,val
20251021_125003.jpg,/home/nfs/data/nvme_datasets/Pictures_CFSB_leaf_damage/RSFB-Phenotyping_training_set/RSFB-Phenotyping_training_set/20251021_125003.jpg,146_R4S_243_Sansibar_25_2,Sansibar,146,243,25,2,1.0,4.3,2.65,3.3,Gross-Gerau,Insects,2025-10-21,BBCH10,/home/nfs/data/nvme_datasets/Pictures_CFSB_leaf_damage/RSFB-Phenotyping_training_set/RSFB-Phenotyping_training_set/RSFB-Phenotyping_training_set_scores.csv,/home/nfs/data/nvme_datasets/Pictures_CFSB_leaf_damage/2025_10_21_RSFB-Phenotyping_GG1_scores.csv,test
20251021_125011.jpg,/home/nfs/data/nvme_datasets/Pictures_CFSB_leaf_damage/RSFB-Phenotyping_training_set/RSFB-Phenotyping_training_set/20251021_125011.jpg,146_R4S_243_Sansibar_25_2,Sansibar,146,243,25,2,2.0,5.6,3.8,3.5999999999999996,Gross-Gerau,Insects,2025-10-21,BBCH10,/home/nfs/data/nvme_datasets/Pictures_CFSB_leaf_damage/RSFB-Phenotyping_training_set/RSFB-Phenotyping_training_set/RSFB-Phenotyping_training_set_scores.csv,/home/nfs/data/nvme_datasets/Pictures_CFSB_leaf_damage/2025_10_21_RSFB-Phenotyping_GG1_scores.csv,test
20251021_125035.jpg,/home/nfs/data/nvme_datasets/Pictures_CFSB_leaf_damage/RSFB-Phenotyping_training_set/RSFB-Phenotyping_training_set/20251021_125035.jpg,143_R4S_289_Start_24_2,Start,143,289,24,2,3.0,7.5,5.25,4.5,Gross-Gerau,Insects,2025-10-21,BBCH10,/home/nfs/data/nvme_datasets/Pictures_CFSB_leaf_damage/RSFB-Phenotyping_training_set/RSFB-Phenotyping_training_set/RSFB-Phenotyping_training_set_scores.csv,/home/nfs/data/nvme_datasets/Pictures_CFSB_leaf_damage/2025_10_21_RSFB-Phenotyping_GG1_scores.csv,test
20251021_125047.jpg,/home/nfs/data/nvme_datasets/Pictures_CFSB_leaf_damage/RSFB-Phenotyping_training_set/RSFB-Phenotyping_training_set/20251021_125047.jpg,143_R4S_289_Start_24_2,Start,143,289,24,2,3.0,6.5,4.75,3.5,Gross-Gerau,Insects,2025-10-21,BBCH10,/home/nfs/data/nvme_datasets/Pictures_CFSB_leaf_damage/RSFB-Phenotyping_training_set/RSFB-Phenotyping_training_set/RSFB-Phenotyping_training_set_scores.csv,/home/nfs/data/nvme_datasets/Pictures_CFSB_leaf_damage/2025_10_21_RSFB-Phenotyping_GG1_scores.csv,test
20251021_125119.jpg,/home/nfs/data/nvme_datasets/Pictures_CFSB_leaf_damage/RSFB-Phenotyping_training_set/RSFB-Phenotyping_training_set/20251021_125119.jpg,134_R4S_345_Bangholm PT_23_2,Bangholm PT,134,345,23,2,1.0,0.0,0.5,1.0,Gross-Gerau,Insects,2025-10-21,BBCH10,/home/nfs/data/nvme_datasets/Pictures_CFSB_leaf_damage/RSFB-Phenotyping_training_set/RSFB-Phenotyping_training_set/RSFB-Phenotyping_training_set_scores.csv,/home/nfs/data/nvme_datasets/Pictures_CFSB_leaf_damage/2025_10_21_RSFB-Phenotyping_GG1_scores.csv,test
20251021_125125.jpg,/home/nfs/data/nvme_datasets/Pictures_CFSB_leaf_damage/RSFB-Phenotyping_training_set/RSFB-Phenotyping_training_set/20251021_125125.jpg,134_R4S_345_Bangholm PT_23_2,Bangholm PT,134,345,23,2,2.0,1.1,1.55,0.8999999999999999,Gross-Gerau,Insects,2025-10-21,BBCH10,/home/nfs/data/nvme_datasets/Pictures_CFSB_leaf_damage/RSFB-Phenotyping_training_set/RSFB-Phenotyping_training_set/RSFB-Phenotyping_training_set_scores.csv,/home/nfs/data/nvme_datasets/Pictures_CFSB_leaf_damage/2025_10_21_RSFB-Phenotyping_GG1_scores.csv,test
20251021_125129.jpg,/home/nfs/data/nvme_datasets/Pictures_CFSB_leaf_damage/RSFB-Phenotyping_training_set/RSFB-Phenotyping_training_set/20251021_125129.jpg,134_R4S_345_Bangholm PT_23_2,Bangholm PT,134,345,23,2,1.0,0.8,0.9,0.19999999999999996,Gross-Gerau,Insects,2025-10-21,BBCH10,/home/nfs/data/nvme_datasets/Pictures_CFSB_leaf_damage/RSFB-Phenotyping_training_set/RSFB-Phenotyping_training_set/RSFB-Phenotyping_training_set_scores.csv,/home/nfs/data/nvme_datasets/Pictures_CFSB_leaf_damage/2025_10_21_RSFB-Phenotyping_GG1_scores.csv,test
20251021_125141.jpg,/home/nfs/data/nvme_datasets/Pictures_CFSB_leaf_damage/RSFB-Phenotyping_training_set/RSFB-Phenotyping_training_set/20251021_125141.jpg,131_R4S_373_25629/3_22_2,25629/3,131,373,22,2,4.0,5.0,4.5,1.0,Gross-Gerau,Insects,2025-10-21,BBCH10,/home/nfs/data/nvme_datasets/Pictures_CFSB_leaf_damage/RSFB-Phenotyping_training_set/RSFB-Phenotyping_training_set/RSFB-Phenotyping_training_set_scores.csv,/home/nfs/data/nvme_datasets/Pictures_CFSB_leaf_damage/2025_10_21_RSFB-Phenotyping_GG1_scores.csv,train
20251021_125148.jpg,/home/nfs/data/nvme_datasets/Pictures_CFSB_leaf_damage/RSFB-Phenotyping_training_set/RSFB-Phenotyping_training_set/20251021_125148.jpg,131_R4S_373_25629/3_22_2,25629/3,131,373,22,2,1.0,3.0,2.0,2.0,Gross-Gerau,Insects,2025-10-21,BBCH10,/home/nfs/data/nvme_datasets/Pictures_CFSB_leaf_damage/RSFB-Phenotyping_training_set/RSFB-Phenotyping_training_set/RSFB-Phenotyping_training_set_scores.csv,/home/nfs/data/nvme_datasets/Pictures_CFSB_leaf_damage/2025_10_21_RSFB-Phenotyping_GG1_scores.csv,train
20251021_125208.jpg,/home/nfs/data/nvme_datasets/Pictures_CFSB_leaf_damage/RSFB-Phenotyping_training_set/RSFB-Phenotyping_training_set/20251021_125208.jpg,122_R4S_246_Laser_21_2,Laser,122,246,21,2,2.0,2.5,2.25,0.5,Gross-Gerau,Insects,2025-10-21,BBCH10,/home/nfs/data/nvme_datasets/Pictures_CFSB_leaf_damage/RSFB-Phenotyping_training_set/RSFB-Phenotyping_training_set/RSFB-Phenotyping_training_set_scores.csv,/home/nfs/data/nvme_datasets/Pictures_CFSB_leaf_damage/2025_10_21_RSFB-Phenotyping_GG1_scores.csv,train
20251021_125215.jpg,/home/nfs/data/nvme_datasets/Pictures_CFSB_leaf_damage/RSFB-Phenotyping_training_set/RSFB-Phenotyping_training_set/20251021_125215.jpg,122_R4S_246_Laser_21_2,Laser,122,246,21,2,25.0,30.0,27.5,5.0,Gross-Gerau,Insects,2025-10-21,BBCH10,/home/nfs/data/nvme_datasets/Pictures_CFSB_leaf_damage/RSFB-Phenotyping_training_set/RSFB-Phenotyping_training_set/RSFB-Phenotyping_training_set_scores.csv,/home/nfs/data/nvme_datasets/Pictures_CFSB_leaf_damage/2025_10_21_RSFB-Phenotyping_GG1_scores.csv,train
20251021_125236.jpg,/home/nfs/data/nvme_datasets/Pictures_CFSB_leaf_damage/RSFB-Phenotyping_training_set/RSFB-Phenotyping_training_set/20251021_125236.jpg,119_R4S_391_Jantar_20_2,Jantar,119,391,20,2,0.0,0.0,0.0,0.0,Gross-Gerau,Insects,2025-10-21,BBCH10,/home/nfs/data/nvme_datasets/Pictures_CFSB_leaf_damage/RSFB-Phenotyping_training_set/RSFB-Phenotyping_training_set/RSFB-Phenotyping_training_set_scores.csv,/home/nfs/data/nvme_datasets/Pictures_CFSB_leaf_damage/2025_10_21_RSFB-Phenotyping_GG1_scores.csv,train
20251021_125248.jpg,/home/nfs/data/nvme_datasets/Pictures_CFSB_leaf_damage/RSFB-Phenotyping_training_set/RSFB-Phenotyping_training_set/20251021_125248.jpg,119_R4S_391_Jantar_20_2,Jantar,119,391,20,2,2.0,4.0,3.0,2.0,Gross-Gerau,Insects,2025-10-21,BBCH10,/home/nfs/data/nvme_datasets/Pictures_CFSB_leaf_damage/RSFB-Phenotyping_training_set/RSFB-Phenotyping_training_set/RSFB-Phenotyping_training_set_scores.csv,/home/nfs/data/nvme_datasets/Pictures_CFSB_leaf_damage/2025_10_21_RSFB-Phenotyping_GG1_scores.csv,train
20251021_125302.jpg,/home/nfs/data/nvme_datasets/Pictures_CFSB_leaf_damage/RSFB-Phenotyping_training_set/RSFB-Phenotyping_training_set/20251021_125302.jpg,110_R4S_522_Taisetsu_19_2,Taisetsu,110,522,19,2,18.0,14.0,16.0,4.0,Gross-Gerau,Insects,2025-10-21,BBCH10,/home/nfs/data/nvme_datasets/Pictures_CFSB_leaf_damage/RSFB-Phenotyping_training_set/RSFB-Phenotyping_training_set/RSFB-Phenotyping_training_set_scores.csv,/home/nfs/data/nvme_datasets/Pictures_CFSB_leaf_damage/2025_10_21_RSFB-Phenotyping_GG1_scores.csv,train
20251021_125309.jpg,/home/nfs/data/nvme_datasets/Pictures_CFSB_leaf_damage/RSFB-Phenotyping_training_set/RSFB-Phenotyping_training_set/20251021_125309.jpg,110_R4S_522_Taisetsu_19_2,Taisetsu,110,522,19,2,15.0,17.0,16.0,2.0,Gross-Gerau,Insects,2025-10-21,BBCH10,/home/nfs/data/nvme_datasets/Pictures_CFSB_leaf_damage/RSFB-Phenotyping_training_set/RSFB-Phenotyping_training_set/RSFB-Phenotyping_training_set_scores.csv,/home/nfs/data/nvme_datasets/Pictures_CFSB_leaf_damage/2025_10_21_RSFB-Phenotyping_GG1_scores.csv,train
20251021_125317.jpg,/home/nfs/data/nvme_datasets/Pictures_CFSB_leaf_damage/RSFB-Phenotyping_training_set/RSFB-Phenotyping_training_set/20251021_125317.jpg,110_R4S_522_Taisetsu_19_2,Taisetsu,110,522,19,2,20.0,20.0,20.0,0.0,Gross-Gerau,Insects,2025-10-21,BBCH10,/home/nfs/data/nvme_datasets/Pictures_CFSB_leaf_damage/RSFB-Phenotyping_training_set/RSFB-Phenotyping_training_set/RSFB-Phenotyping_training_set_scores.csv,/home/nfs/data/nvme_datasets/Pictures_CFSB_leaf_damage/2025_10_21_RSFB-Phenotyping_GG1_scores.csv,train
20251021_125346.jpg,/home/nfs/data/nvme_datasets/Pictures_CFSB_leaf_damage/RSFB-Phenotyping_training_set/RSFB-Phenotyping_training_set/20251021_125346.jpg,107_R4S_451_S5_18_2,S5,107,451,18,2,7.0,7.0,7.0,0.0,Gross-Gerau,Insects,2025-10-21,BBCH10,/home/nfs/data/nvme_datasets/Pictures_CFSB_leaf_damage/RSFB-Phenotyping_training_set/RSFB-Phenotyping_training_set/RSFB-Phenotyping_training_set_scores.csv,/home/nfs/data/nvme_datasets/Pictures_CFSB_leaf_damage/2025_10_21_RSFB-Phenotyping_GG1_scores.csv,val
20251021_125358.jpg,/home/nfs/data/nvme_datasets/Pictures_CFSB_leaf_damage/RSFB-Phenotyping_training_set/RSFB-Phenotyping_training_set/20251021_125358.jpg,98_R4S_417_H355_17_2,H355,98,417,17,2,15.0,17.0,16.0,2.0,Gross-Gerau,Insects,2025-10-21,BBCH10,/home/nfs/data/nvme_datasets/Pictures_CFSB_leaf_damage/RSFB-Phenotyping_training_set/RSFB-Phenotyping_training_set/RSFB-Phenotyping_training_set_scores.csv,/home/nfs/data/nvme_datasets/Pictures_CFSB_leaf_damage/2025_10_21_RSFB-Phenotyping_GG1_scores.csv,test
20251021_125405.jpg,/home/nfs/data/nvme_datasets/Pictures_CFSB_leaf_damage/RSFB-Phenotyping_training_set/RSFB-Phenotyping_training_set/20251021_125405.jpg,98_R4S_417_H355_17_2,H355,98,417,17,2,20.0,19.0,19.5,1.0,Gross-Gerau,Insects,2025-10-21,BBCH10,/home/nfs/data/nvme_datasets/Pictures_CFSB_leaf_damage/RSFB-Phenotyping_training_set/RSFB-Phenotyping_training_set/RSFB-Phenotyping_training_set_scores.csv,/home/nfs/data/nvme_datasets/Pictures_CFSB_leaf_damage/2025_10_21_RSFB-Phenotyping_GG1_scores.csv,test
20251021_125515.jpg,/home/nfs/data/nvme_datasets/Pictures_CFSB_leaf_damage/RSFB-Phenotyping_training_set/RSFB-Phenotyping_training_set/20251021_125515.jpg,86_R4S_343_Drummonds Purple Top_15_2,Drummonds Purple Top,86,343,15,2,8.0,5.5,6.75,2.5,Gross-Gerau,Insects,2025-10-21,BBCH10,/home/nfs/data/nvme_datasets/Pictures_CFSB_leaf_damage/RSFB-Phenotyping_training_set/RSFB-Phenotyping_training_set/RSFB-Phenotyping_training_set_scores.csv,/home/nfs/data/nvme_datasets/Pictures_CFSB_leaf_damage/2025_10_21_RSFB-Phenotyping_GG1_scores.csv,train
20251021_125523.jpg,/home/nfs/data/nvme_datasets/Pictures_CFSB_leaf_damage/RSFB-Phenotyping_training_set/RSFB-Phenotyping_training_set/20251021_125523.jpg,86_R4S_343_Drummonds Purple Top_15_2,Drummonds Purple Top,86,343,15,2,7.0,11.0,9.0,4.0,Gross-Gerau,Insects,2025-10-21,BBCH10,/home/nfs/data/nvme_datasets/Pictures_CFSB_leaf_damage/RSFB-Phenotyping_training_set/RSFB-Phenotyping_training_set/RSFB-Phenotyping_training_set_scores.csv,/home/nfs/data/nvme_datasets/Pictures_CFSB_leaf_damage/2025_10_21_RSFB-Phenotyping_GG1_scores.csv,train
20251021_125545.jpg,/home/nfs/data/nvme_datasets/Pictures_CFSB_leaf_damage/RSFB-Phenotyping_training_set/RSFB-Phenotyping_training_set/20251021_125545.jpg,83_R4S_166_NK Fair_14_2,NK Fair,83,166,14,2,5.0,5.5,5.25,0.5,Gross-Gerau,Insects,2025-10-21,BBCH10,/home/nfs/data/nvme_datasets/Pictures_CFSB_leaf_damage/RSFB-Phenotyping_training_set/RSFB-Phenotyping_training_set/RSFB-Phenotyping_training_set_scores.csv,/home/nfs/data/nvme_datasets/Pictures_CFSB_leaf_damage/2025_10_21_RSFB-Phenotyping_GG1_scores.csv,train
20251021_125552.jpg,/home/nfs/data/nvme_datasets/Pictures_CFSB_leaf_damage/RSFB-Phenotyping_training_set/RSFB-Phenotyping_training_set/20251021_125552.jpg,83_R4S_166_NK Fair_14_2,NK Fair,83,166,14,2,18.0,18.0,18.0,0.0,Gross-Gerau,Insects,2025-10-21,BBCH10,/home/nfs/data/nvme_datasets/Pictures_CFSB_leaf_damage/RSFB-Phenotyping_training_set/RSFB-Phenotyping_training_set/RSFB-Phenotyping_training_set_scores.csv,/home/nfs/data/nvme_datasets/Pictures_CFSB_leaf_damage/2025_10_21_RSFB-Phenotyping_GG1_scores.csv,train
20251021_125600.jpg,/home/nfs/data/nvme_datasets/Pictures_CFSB_leaf_damage/RSFB-Phenotyping_training_set/RSFB-Phenotyping_training_set/20251021_125600.jpg,83_R4S_166_NK Fair_14_2,NK Fair,83,166,14,2,3.0,6.5,4.75,3.5,Gross-Gerau,Insects,2025-10-21,BBCH10,/home/nfs/data/nvme_datasets/Pictures_CFSB_leaf_damage/RSFB-Phenotyping_training_set/RSFB-Phenotyping_training_set/RSFB-Phenotyping_training_set_scores.csv,/home/nfs/data/nvme_datasets/Pictures_CFSB_leaf_damage/2025_10_21_RSFB-Phenotyping_GG1_scores.csv,train
20251021_125635.jpg,/home/nfs/data/nvme_datasets/Pictures_CFSB_leaf_damage/RSFB-Phenotyping_training_set/RSFB-Phenotyping_training_set/20251021_125635.jpg,74_R4S_197_Samourai_13_2,Samourai,74,197,13,2,0.0,0.0,0.0,0.0,Gross-Gerau,Insects,2025-10-21,BBCH10,/home/nfs/data/nvme_datasets/Pictures_CFSB_leaf_damage/RSFB-Phenotyping_training_set/RSFB-Phenotyping_training_set/RSFB-Phenotyping_training_set_scores.csv,/home/nfs/data/nvme_datasets/Pictures_CFSB_leaf_damage/2025_10_21_RSFB-Phenotyping_GG1_scores.csv,test
20251021_125656.jpg,/home/nfs/data/nvme_datasets/Pictures_CFSB_leaf_damage/RSFB-Phenotyping_training_set/RSFB-Phenotyping_training_set/20251021_125656.jpg,74_R4S_197_Samourai_13_2,Samourai,74,197,13,2,1.0,5.0,3.0,4.0,Gross-Gerau,Insects,2025-10-21,BBCH10,/home/nfs/data/nvme_datasets/Pictures_CFSB_leaf_damage/RSFB-Phenotyping_training_set/RSFB-Phenotyping_training_set/RSFB-Phenotyping_training_set_scores.csv,/home/nfs/data/nvme_datasets/Pictures_CFSB_leaf_damage/2025_10_21_RSFB-Phenotyping_GG1_scores.csv,test
20251021_125714.jpg,/home/nfs/data/nvme_datasets/Pictures_CFSB_leaf_damage/RSFB-Phenotyping_training_set/RSFB-Phenotyping_training_set/20251021_125714.jpg,71_R4S_169_Tenor_12_2,Tenor,71,169,12,2,2.0,1.0,1.5,1.0,Gross-Gerau,Insects,2025-10-21,BBCH10,/home/nfs/data/nvme_datasets/Pictures_CFSB_leaf_damage/RSFB-Phenotyping_training_set/RSFB-Phenotyping_training_set/RSFB-Phenotyping_training_set_scores.csv,/home/nfs/data/nvme_datasets/Pictures_CFSB_leaf_damage/2025_10_21_RSFB-Phenotyping_GG1_scores.csv,train
20251021_125721.jpg,/home/nfs/data/nvme_datasets/Pictures_CFSB_leaf_damage/RSFB-Phenotyping_training_set/RSFB-Phenotyping_training_set/20251021_125721.jpg,71_R4S_169_Tenor_12_2,Tenor,71,169,12,2,4.0,5.0,4.5,1.0,Gross-Gerau,Insects,2025-10-21,BBCH10,/home/nfs/data/nvme_datasets/Pictures_CFSB_leaf_damage/RSFB-Phenotyping_training_set/RSFB-Phenotyping_training_set/RSFB-Phenotyping_training_set_scores.csv,/home/nfs/data/nvme_datasets/Pictures_CFSB_leaf_damage/2025_10_21_RSFB-Phenotyping_GG1_scores.csv,train
20251021_125737.jpg,/home/nfs/data/nvme_datasets/Pictures_CFSB_leaf_damage/RSFB-Phenotyping_training_set/RSFB-Phenotyping_training_set/20251021_125737.jpg,62_R4S_539_Smaragd_11_2,Smaragd,62,539,11,2,2.0,5.5,3.75,3.5,Gross-Gerau,Insects,2025-10-21,BBCH10,/home/nfs/data/nvme_datasets/Pictures_CFSB_leaf_damage/RSFB-Phenotyping_training_set/RSFB-Phenotyping_training_set/RSFB-Phenotyping_training_set_scores.csv,/home/nfs/data/nvme_datasets/Pictures_CFSB_leaf_damage/2025_10_21_RSFB-Phenotyping_GG1_scores.csv,train
20251021_125744.jpg,/home/nfs/data/nvme_datasets/Pictures_CFSB_leaf_damage/RSFB-Phenotyping_training_set/RSFB-Phenotyping_training_set/20251021_125744.jpg,62_R4S_539_Smaragd_11_2,Smaragd,62,539,11,2,1.0,3.0,2.0,2.0,Gross-Gerau,Insects,2025-10-21,BBCH10,/home/nfs/data/nvme_datasets/Pictures_CFSB_leaf_damage/RSFB-Phenotyping_training_set/RSFB-Phenotyping_training_set/RSFB-Phenotyping_training_set_scores.csv,/home/nfs/data/nvme_datasets/Pictures_CFSB_leaf_damage/2025_10_21_RSFB-Phenotyping_GG1_scores.csv,train
20251021_125752.jpg,/home/nfs/data/nvme_datasets/Pictures_CFSB_leaf_damage/RSFB-Phenotyping_training_set/RSFB-Phenotyping_training_set/20251021_125752.jpg,62_R4S_539_Smaragd_11_2,Smaragd,62,539,11,2,5.0,8.5,6.75,3.5,Gross-Gerau,Insects,2025-10-21,BBCH10,/home/nfs/data/nvme_datasets/Pictures_CFSB_leaf_damage/RSFB-Phenotyping_training_set/RSFB-Phenotyping_training_set/RSFB-Phenotyping_training_set_scores.csv,/home/nfs/data/nvme_datasets/Pictures_CFSB_leaf_damage/2025_10_21_RSFB-Phenotyping_GG1_scores.csv,train
20251021_125804.jpg,/home/nfs/data/nvme_datasets/Pictures_CFSB_leaf_damage/RSFB-Phenotyping_training_set/RSFB-Phenotyping_training_set/20251021_125804.jpg,59_R4S_329_Rotabaggeue_10_2,Rotabaggeue,59,329,10,2,2.0,6.5,4.25,4.5,Gross-Gerau,Insects,2025-10-21,BBCH10,/home/nfs/data/nvme_datasets/Pictures_CFSB_leaf_damage/RSFB-Phenotyping_training_set/RSFB-Phenotyping_training_set/RSFB-Phenotyping_training_set_scores.csv,/home/nfs/data/nvme_datasets/Pictures_CFSB_leaf_damage/2025_10_21_RSFB-Phenotyping_GG1_scores.csv,train
20251021_125811.jpg,/home/nfs/data/nvme_datasets/Pictures_CFSB_leaf_damage/RSFB-Phenotyping_training_set/RSFB-Phenotyping_training_set/20251021_125811.jpg,59_R4S_329_Rotabaggeue_10_2,Rotabaggeue,59,329,10,2,4.0,8.5,6.25,4.5,Gross-Gerau,Insects,2025-10-21,BBCH10,/home/nfs/data/nvme_datasets/Pictures_CFSB_leaf_damage/RSFB-Phenotyping_training_set/RSFB-Phenotyping_training_set/RSFB-Phenotyping_training_set_scores.csv,/home/nfs/data/nvme_datasets/Pictures_CFSB_leaf_damage/2025_10_21_RSFB-Phenotyping_GG1_scores.csv,train
20251021_125833.jpg,/home/nfs/data/nvme_datasets/Pictures_CFSB_leaf_damage/RSFB-Phenotyping_training_set/RSFB-Phenotyping_training_set/20251021_125833.jpg,50_R4S_204_Leopard_9_2,Leopard,50,204,9,2,5.0,7.0,6.0,2.0,Gross-Gerau,Insects,2025-10-21,BBCH10,/home/nfs/data/nvme_datasets/Pictures_CFSB_leaf_damage/RSFB-Phenotyping_training_set/RSFB-Phenotyping_training_set/RSFB-Phenotyping_training_set_scores.csv,/home/nfs/data/nvme_datasets/Pictures_CFSB_leaf_damage/2025_10_21_RSFB-Phenotyping_GG1_scores.csv,test
20251021_125847.jpg,/home/nfs/data/nvme_datasets/Pictures_CFSB_leaf_damage/RSFB-Phenotyping_training_set/RSFB-Phenotyping_training_set/20251021_125847.jpg,50_R4S_204_Leopard_9_2,Leopard,50,204,9,2,1.0,3.5,2.25,2.5,Gross-Gerau,Insects,2025-10-21,BBCH10,/home/nfs/data/nvme_datasets/Pictures_CFSB_leaf_damage/RSFB-Phenotyping_training_set/RSFB-Phenotyping_training_set/RSFB-Phenotyping_training_set_scores.csv,/home/nfs/data/nvme_datasets/Pictures_CFSB_leaf_damage/2025_10_21_RSFB-Phenotyping_GG1_scores.csv,test
20251021_125907.jpg,/home/nfs/data/nvme_datasets/Pictures_CFSB_leaf_damage/RSFB-Phenotyping_training_set/RSFB-Phenotyping_training_set/20251021_125907.jpg,47_R4S_203_Flip_8_2,Flip,47,203,8,2,18.0,16.5,17.25,1.5,Gross-Gerau,Insects,2025-10-21,BBCH10,/home/nfs/data/nvme_datasets/Pictures_CFSB_leaf_damage/RSFB-Phenotyping_training_set/RSFB-Phenotyping_training_set/RSFB-Phenotyping_training_set_scores.csv,/home/nfs/data/nvme_datasets/Pictures_CFSB_leaf_damage/2025_10_21_RSFB-Phenotyping_GG1_scores.csv,train
20251021_125949.jpg,/home/nfs/data/nvme_datasets/Pictures_CFSB_leaf_damage/RSFB-Phenotyping_training_set/RSFB-Phenotyping_training_set/20251021_125949.jpg,38_R4S_292_V8_7_2,V8,38,292,7,2,8.0,12.0,10.0,4.0,Gross-Gerau,Insects,2025-10-21,BBCH10,/home/nfs/data/nvme_datasets/Pictures_CFSB_leaf_damage/RSFB-Phenotyping_training_set/RSFB-Phenotyping_training_set/RSFB-Phenotyping_training_set_scores.csv,/home/nfs/data/nvme_datasets/Pictures_CFSB_leaf_damage/2025_10_21_RSFB-Phenotyping_GG1_scores.csv,val
20251021_130000.jpg,/home/nfs/data/nvme_datasets/Pictures_CFSB_leaf_damage/RSFB-Phenotyping_training_set/RSFB-Phenotyping_training_set/20251021_130000.jpg,35_R4S_151_Ontario_6_2,Ontario,35,151,6,2,0.0,0.0,0.0,0.0,Gross-Gerau,Insects,2025-10-21,BBCH10,/home/nfs/data/nvme_datasets/Pictures_CFSB_leaf_damage/RSFB-Phenotyping_training_set/RSFB-Phenotyping_training_set/RSFB-Phenotyping_training_set_scores.csv,/home/nfs/data/nvme_datasets/Pictures_CFSB_leaf_damage/2025_10_21_RSFB-Phenotyping_GG1_scores.csv,test
20251021_130007.jpg,/home/nfs/data/nvme_datasets/Pictures_CFSB_leaf_damage/RSFB-Phenotyping_training_set/RSFB-Phenotyping_training_set/20251021_130007.jpg,35_R4S_151_Ontario_6_2,Ontario,35,151,6,2,5.0,7.5,6.25,2.5,Gross-Gerau,Insects,2025-10-21,BBCH10,/home/nfs/data/nvme_datasets/Pictures_CFSB_leaf_damage/RSFB-Phenotyping_training_set/RSFB-Phenotyping_training_set/RSFB-Phenotyping_training_set_scores.csv,/home/nfs/data/nvme_datasets/Pictures_CFSB_leaf_damage/2025_10_21_RSFB-Phenotyping_GG1_scores.csv,test
20251021_130029.jpg,/home/nfs/data/nvme_datasets/Pictures_CFSB_leaf_damage/RSFB-Phenotyping_training_set/RSFB-Phenotyping_training_set/20251021_130029.jpg,26_R4S_494_DSV1_5_2,DSV1,26,494,5,2,2.0,7.0,4.5,5.0,Gross-Gerau,Insects,2025-10-21,BBCH10,/home/nfs/data/nvme_datasets/Pictures_CFSB_leaf_damage/RSFB-Phenotyping_training_set/RSFB-Phenotyping_training_set/RSFB-Phenotyping_training_set_scores.csv,/home/nfs/data/nvme_datasets/Pictures_CFSB_leaf_damage/2025_10_21_RSFB-Phenotyping_GG1_scores.csv,val
20251021_130115.jpg,/home/nfs/data/nvme_datasets/Pictures_CFSB_leaf_damage/RSFB-Phenotyping_training_set/RSFB-Phenotyping_training_set/20251021_130115.jpg,23_R4S_156_Vivol_4_2,Vivol,23,156,4,2,10.0,7.0,8.5,3.0,Gross-Gerau,Insects,2025-10-21,BBCH10,/home/nfs/data/nvme_datasets/Pictures_CFSB_leaf_damage/RSFB-Phenotyping_training_set/RSFB-Phenotyping_training_set/RSFB-Phenotyping_training_set_scores.csv,/home/nfs/data/nvme_datasets/Pictures_CFSB_leaf_damage/2025_10_21_RSFB-Phenotyping_GG1_scores.csv,val
20251021_130153.jpg,/home/nfs/data/nvme_datasets/Pictures_CFSB_leaf_damage/RSFB-Phenotyping_training_set/RSFB-Phenotyping_training_set/20251021_130153.jpg,11_R4S_443_J 104_2_2,J 104,11,443,2,2,12.0,7.0,9.5,5.0,Gross-Gerau,Insects,2025-10-21,BBCH10,/home/nfs/data/nvme_datasets/Pictures_CFSB_leaf_damage/RSFB-Phenotyping_training_set/RSFB-Phenotyping_training_set/RSFB-Phenotyping_training_set_scores.csv,/home/nfs/data/nvme_datasets/Pictures_CFSB_leaf_damage/2025_10_21_RSFB-Phenotyping_GG1_scores.csv,train
20251021_130223.jpg,/home/nfs/data/nvme_datasets/Pictures_CFSB_leaf_damage/RSFB-Phenotyping_training_set/RSFB-Phenotyping_training_set/20251021_130223.jpg,2_Smaragd_1_2,Smaragd,2,NA,1,2,3.0,3.0,3.0,0.0,Gross-Gerau,Insects,2025-10-21,BBCH10,/home/nfs/data/nvme_datasets/Pictures_CFSB_leaf_damage/RSFB-Phenotyping_training_set/RSFB-Phenotyping_training_set/RSFB-Phenotyping_training_set_scores.csv,/home/nfs/data/nvme_datasets/Pictures_CFSB_leaf_damage/2025_10_21_RSFB-Phenotyping_GG1_scores.csv,train
20251021_130231.jpg,/home/nfs/data/nvme_datasets/Pictures_CFSB_leaf_damage/RSFB-Phenotyping_training_set/RSFB-Phenotyping_training_set/20251021_130231.jpg,2_Smaragd_1_2,Smaragd,2,NA,1,2,2.0,5.5,3.75,3.5,Gross-Gerau,Insects,2025-10-21,BBCH10,/home/nfs/data/nvme_datasets/Pictures_CFSB_leaf_damage/RSFB-Phenotyping_training_set/RSFB-Phenotyping_training_set/RSFB-Phenotyping_training_set_scores.csv,/home/nfs/data/nvme_datasets/Pictures_CFSB_leaf_damage/2025_10_21_RSFB-Phenotyping_GG1_scores.csv,train
20251021_130310.jpg,/home/nfs/data/nvme_datasets/Pictures_CFSB_leaf_damage/RSFB-Phenotyping_training_set/RSFB-Phenotyping_training_set/20251021_130310.jpg,3_Smaragd_1_3,Smaragd,3,NA,1,3,2.0,5.5,3.75,3.5,Gross-Gerau,Insects,2025-10-21,BBCH10,/home/nfs/data/nvme_datasets/Pictures_CFSB_leaf_damage/RSFB-Phenotyping_training_set/RSFB-Phenotyping_training_set/RSFB-Phenotyping_training_set_scores.csv,/home/nfs/data/nvme_datasets/Pictures_CFSB_leaf_damage/2025_10_21_RSFB-Phenotyping_GG1_scores.csv,train
20251021_130316.jpg,/home/nfs/data/nvme_datasets/Pictures_CFSB_leaf_damage/RSFB-Phenotyping_training_set/RSFB-Phenotyping_training_set/20251021_130316.jpg,3_Smaragd_1_3,Smaragd,3,NA,1,3,3.0,5.0,4.0,2.0,Gross-Gerau,Insects,2025-10-21,BBCH10,/home/nfs/data/nvme_datasets/Pictures_CFSB_leaf_damage/RSFB-Phenotyping_training_set/RSFB-Phenotyping_training_set/RSFB-Phenotyping_training_set_scores.csv,/home/nfs/data/nvme_datasets/Pictures_CFSB_leaf_damage/2025_10_21_RSFB-Phenotyping_GG1_scores.csv,train
20251021_130338.jpg,/home/nfs/data/nvme_datasets/Pictures_CFSB_leaf_damage/RSFB-Phenotyping_training_set/RSFB-Phenotyping_training_set/20251021_130338.jpg,10_R4S_325_Tankard Bronye Top_2_3,Tankard Bronye Top,10,325,2,3,15.0,14.5,14.75,0.5,Gross-Gerau,Insects,2025-10-21,BBCH10,/home/nfs/data/nvme_datasets/Pictures_CFSB_leaf_damage/RSFB-Phenotyping_training_set/RSFB-Phenotyping_training_set/RSFB-Phenotyping_training_set_scores.csv,/home/nfs/data/nvme_datasets/Pictures_CFSB_leaf_damage/2025_10_21_RSFB-Phenotyping_GG1_scores.csv,train
20251021_130410.jpg,/home/nfs/data/nvme_datasets/Pictures_CFSB_leaf_damage/RSFB-Phenotyping_training_set/RSFB-Phenotyping_training_set/20251021_130410.jpg,15_R4S_150_Montego_3_3,Montego,15,150,3,3,2.0,2.0,2.0,0.0,Gross-Gerau,Insects,2025-10-21,BBCH10,/home/nfs/data/nvme_datasets/Pictures_CFSB_leaf_damage/RSFB-Phenotyping_training_set/RSFB-Phenotyping_training_set/RSFB-Phenotyping_training_set_scores.csv,/home/nfs/data/nvme_datasets/Pictures_CFSB_leaf_damage/2025_10_21_RSFB-Phenotyping_GG1_scores.csv,train
20251021_130500.jpg,/home/nfs/data/nvme_datasets/Pictures_CFSB_leaf_damage/RSFB-Phenotyping_training_set/RSFB-Phenotyping_training_set/20251021_130500.jpg,22_R4S_271_Coriander_4_3,Coriander,22,271,4,3,5.0,5.5,5.25,0.5,Gross-Gerau,Insects,2025-10-21,BBCH10,/home/nfs/data/nvme_datasets/Pictures_CFSB_leaf_damage/RSFB-Phenotyping_training_set/RSFB-Phenotyping_training_set/RSFB-Phenotyping_training_set_scores.csv,/home/nfs/data/nvme_datasets/Pictures_CFSB_leaf_damage/2025_10_21_RSFB-Phenotyping_GG1_scores.csv,test
20251021_130515.jpg,/home/nfs/data/nvme_datasets/Pictures_CFSB_leaf_damage/RSFB-Phenotyping_training_set/RSFB-Phenotyping_training_set/20251021_130515.jpg,27_R4S_530_WINFRED_5_3,WINFRED,27,530,5,3,15.0,16.5,15.75,1.5,Gross-Gerau,Insects,2025-10-21,BBCH10,/home/nfs/data/nvme_datasets/Pictures_CFSB_leaf_damage/RSFB-Phenotyping_training_set/RSFB-Phenotyping_training_set/RSFB-Phenotyping_training_set_scores.csv,/home/nfs/data/nvme_datasets/Pictures_CFSB_leaf_damage/2025_10_21_RSFB-Phenotyping_GG1_scores.csv,train
20251021_130536.jpg,/home/nfs/data/nvme_datasets/Pictures_CFSB_leaf_damage/RSFB-Phenotyping_training_set/RSFB-Phenotyping_training_set/20251021_130536.jpg,27_R4S_530_WINFRED_5_3,WINFRED,27,530,5,3,1.0,2.5,1.75,1.5,Gross-Gerau,Insects,2025-10-21,BBCH10,/home/nfs/data/nvme_datasets/Pictures_CFSB_leaf_damage/RSFB-Phenotyping_training_set/RSFB-Phenotyping_training_set/RSFB-Phenotyping_training_set_scores.csv,/home/nfs/data/nvme_datasets/Pictures_CFSB_leaf_damage/2025_10_21_RSFB-Phenotyping_GG1_scores.csv,train
20251021_130642.jpg,/home/nfs/data/nvme_datasets/Pictures_CFSB_leaf_damage/RSFB-Phenotyping_training_set/RSFB-Phenotyping_training_set/20251021_130642.jpg,46_R4S_478_H357_8_3,H357,46,478,8,3,10.0,6.5,8.25,3.5,Gross-Gerau,Insects,2025-10-21,BBCH10,/home/nfs/data/nvme_datasets/Pictures_CFSB_leaf_damage/RSFB-Phenotyping_training_set/RSFB-Phenotyping_training_set/RSFB-Phenotyping_training_set_scores.csv,/home/nfs/data/nvme_datasets/Pictures_CFSB_leaf_damage/2025_10_21_RSFB-Phenotyping_GG1_scores.csv,val
20251021_130704.jpg,/home/nfs/data/nvme_datasets/Pictures_CFSB_leaf_damage/RSFB-Phenotyping_training_set/RSFB-Phenotyping_training_set/20251021_130704.jpg,51_R4S_319_Altasweet_9_3,Altasweet,51,319,9,3,2.0,5.0,3.5,3.0,Gross-Gerau,Insects,2025-10-21,BBCH10,/home/nfs/data/nvme_datasets/Pictures_CFSB_leaf_damage/RSFB-Phenotyping_training_set/RSFB-Phenotyping_training_set/RSFB-Phenotyping_training_set_scores.csv,/home/nfs/data/nvme_datasets/Pictures_CFSB_leaf_damage/2025_10_21_RSFB-Phenotyping_GG1_scores.csv,train
20251021_130717.jpg,/home/nfs/data/nvme_datasets/Pictures_CFSB_leaf_damage/RSFB-Phenotyping_training_set/RSFB-Phenotyping_training_set/20251021_130717.jpg,51_R4S_319_Altasweet_9_3,Altasweet,51,319,9,3,5.0,6.0,5.5,1.0,Gross-Gerau,Insects,2025-10-21,BBCH10,/home/nfs/data/nvme_datasets/Pictures_CFSB_leaf_damage/RSFB-Phenotyping_training_set/RSFB-Phenotyping_training_set/RSFB-Phenotyping_training_set_scores.csv,/home/nfs/data/nvme_datasets/Pictures_CFSB_leaf_damage/2025_10_21_RSFB-Phenotyping_GG1_scores.csv,train
20251021_130744.jpg,/home/nfs/data/nvme_datasets/Pictures_CFSB_leaf_damage/RSFB-Phenotyping_training_set/RSFB-Phenotyping_training_set/20251021_130744.jpg,58_R4S_207_Phil_10_3,Phil,58,207,10,3,1.0,1.5,1.25,0.5,Gross-Gerau,Insects,2025-10-21,BBCH10,/home/nfs/data/nvme_datasets/Pictures_CFSB_leaf_damage/RSFB-Phenotyping_training_set/RSFB-Phenotyping_training_set/RSFB-Phenotyping_training_set_scores.csv,/home/nfs/data/nvme_datasets/Pictures_CFSB_leaf_damage/2025_10_21_RSFB-Phenotyping_GG1_scores.csv,val
20251021_130752.jpg,/home/nfs/data/nvme_datasets/Pictures_CFSB_leaf_damage/RSFB-Phenotyping_training_set/RSFB-Phenotyping_training_set/20251021_130752.jpg,58_R4S_207_Phil_10_3,Phil,58,207,10,3,6.0,11.0,8.5,5.0,Gross-Gerau,Insects,2025-10-21,BBCH10,/home/nfs/data/nvme_datasets/Pictures_CFSB_leaf_damage/RSFB-Phenotyping_training_set/RSFB-Phenotyping_training_set/RSFB-Phenotyping_training_set_scores.csv,/home/nfs/data/nvme_datasets/Pictures_CFSB_leaf_damage/2025_10_21_RSFB-Phenotyping_GG1_scores.csv,val
20251021_130805.jpg,/home/nfs/data/nvme_datasets/Pictures_CFSB_leaf_damage/RSFB-Phenotyping_training_set/RSFB-Phenotyping_training_set/20251021_130805.jpg,63_R4S_300_Michinaku natane_11_3,Michinaku natane,63,300,11,3,1.0,2.5,1.75,1.5,Gross-Gerau,Insects,2025-10-21,BBCH10,/home/nfs/data/nvme_datasets/Pictures_CFSB_leaf_damage/RSFB-Phenotyping_training_set/RSFB-Phenotyping_training_set/RSFB-Phenotyping_training_set_scores.csv,/home/nfs/data/nvme_datasets/Pictures_CFSB_leaf_damage/2025_10_21_RSFB-Phenotyping_GG1_scores.csv,test
20251021_130812.jpg,/home/nfs/data/nvme_datasets/Pictures_CFSB_leaf_damage/RSFB-Phenotyping_training_set/RSFB-Phenotyping_training_set/20251021_130812.jpg,63_R4S_300_Michinaku natane_11_3,Michinaku natane,63,300,11,3,3.0,5.6,4.3,2.5999999999999996,Gross-Gerau,Insects,2025-10-21,BBCH10,/home/nfs/data/nvme_datasets/Pictures_CFSB_leaf_damage/RSFB-Phenotyping_training_set/RSFB-Phenotyping_training_set/RSFB-Phenotyping_training_set_scores.csv,/home/nfs/data/nvme_datasets/Pictures_CFSB_leaf_damage/2025_10_21_RSFB-Phenotyping_GG1_scores.csv,test
20251021_130818.jpg,/home/nfs/data/nvme_datasets/Pictures_CFSB_leaf_damage/RSFB-Phenotyping_training_set/RSFB-Phenotyping_training_set/20251021_130818.jpg,63_R4S_300_Michinaku natane_11_3,Michinaku natane,63,300,11,3,1.0,6.0,3.5,5.0,Gross-Gerau,Insects,2025-10-21,BBCH10,/home/nfs/data/nvme_datasets/Pictures_CFSB_leaf_damage/RSFB-Phenotyping_training_set/RSFB-Phenotyping_training_set/RSFB-Phenotyping_training_set_scores.csv,/home/nfs/data/nvme_datasets/Pictures_CFSB_leaf_damage/2025_10_21_RSFB-Phenotyping_GG1_scores.csv,test
20251021_130832.jpg,/home/nfs/data/nvme_datasets/Pictures_CFSB_leaf_damage/RSFB-Phenotyping_training_set/RSFB-Phenotyping_training_set/20251021_130832.jpg,70_R4S_173_Aurum_12_3,Aurum,70,173,12,3,20.0,15.0,17.5,5.0,Gross-Gerau,Insects,2025-10-21,BBCH10,/home/nfs/data/nvme_datasets/Pictures_CFSB_leaf_damage/RSFB-Phenotyping_training_set/RSFB-Phenotyping_training_set/RSFB-Phenotyping_training_set_scores.csv,/home/nfs/data/nvme_datasets/Pictures_CFSB_leaf_damage/2025_10_21_RSFB-Phenotyping_GG1_scores.csv,train
20251021_130839.jpg,/home/nfs/data/nvme_datasets/Pictures_CFSB_leaf_damage/RSFB-Phenotyping_training_set/RSFB-Phenotyping_training_set/20251021_130839.jpg,70_R4S_173_Aurum_12_3,Aurum,70,173,12,3,8.0,7.0,7.5,1.0,Gross-Gerau,Insects,2025-10-21,BBCH10,/home/nfs/data/nvme_datasets/Pictures_CFSB_leaf_damage/RSFB-Phenotyping_training_set/RSFB-Phenotyping_training_set/RSFB-Phenotyping_training_set_scores.csv,/home/nfs/data/nvme_datasets/Pictures_CFSB_leaf_damage/2025_10_21_RSFB-Phenotyping_GG1_scores.csv,train
20251021_130845.jpg,/home/nfs/data/nvme_datasets/Pictures_CFSB_leaf_damage/RSFB-Phenotyping_training_set/RSFB-Phenotyping_training_set/20251021_130845.jpg,70_R4S_173_Aurum_12_3,Aurum,70,173,12,3,1.0,1.5,1.25,0.5,Gross-Gerau,Insects,2025-10-21,BBCH10,/home/nfs/data/nvme_datasets/Pictures_CFSB_leaf_damage/RSFB-Phenotyping_training_set/RSFB-Phenotyping_training_set/RSFB-Phenotyping_training_set_scores.csv,/home/nfs/data/nvme_datasets/Pictures_CFSB_leaf_damage/2025_10_21_RSFB-Phenotyping_GG1_scores.csv,train
20251021_130913.jpg,/home/nfs/data/nvme_datasets/Pictures_CFSB_leaf_damage/RSFB-Phenotyping_training_set/RSFB-Phenotyping_training_set/20251021_130913.jpg,75_R4S_487_S13_13_3,S13,75,487,13,3,1.0,4.0,2.5,3.0,Gross-Gerau,Insects,2025-10-21,BBCH10,/home/nfs/data/nvme_datasets/Pictures_CFSB_leaf_damage/RSFB-Phenotyping_training_set/RSFB-Phenotyping_training_set/RSFB-Phenotyping_training_set_scores.csv,/home/nfs/data/nvme_datasets/Pictures_CFSB_leaf_damage/2025_10_21_RSFB-Phenotyping_GG1_scores.csv,train
20251021_130920.jpg,/home/nfs/data/nvme_datasets/Pictures_CFSB_leaf_damage/RSFB-Phenotyping_training_set/RSFB-Phenotyping_training_set/20251021_130920.jpg,75_R4S_487_S13_13_3,S13,75,487,13,3,15.0,10.0,12.5,5.0,Gross-Gerau,Insects,2025-10-21,BBCH10,/home/nfs/data/nvme_datasets/Pictures_CFSB_leaf_damage/RSFB-Phenotyping_training_set/RSFB-Phenotyping_training_set/RSFB-Phenotyping_training_set_scores.csv,/home/nfs/data/nvme_datasets/Pictures_CFSB_leaf_damage/2025_10_21_RSFB-Phenotyping_GG1_scores.csv,train
20251021_130935.jpg,/home/nfs/data/nvme_datasets/Pictures_CFSB_leaf_damage/RSFB-Phenotyping_training_set/RSFB-Phenotyping_training_set/20251021_130935.jpg,82_R4S_355_RAPID CZCLING RAPE *CrGC5(_14_3,RAPID CZCLING RAPE *CrGC5(,82,355,14,3,5.0,6.0,5.5,1.0,Gross-Gerau,Insects,2025-10-21,BBCH10,/home/nfs/data/nvme_datasets/Pictures_CFSB_leaf_damage/RSFB-Phenotyping_training_set/RSFB-Phenotyping_training_set/RSFB-Phenotyping_training_set_scores.csv,/home/nfs/data/nvme_datasets/Pictures_CFSB_leaf_damage/2025_10_21_RSFB-Phenotyping_GG1_scores.csv,test
20251021_130942.jpg,/home/nfs/data/nvme_datasets/Pictures_CFSB_leaf_damage/RSFB-Phenotyping_training_set/RSFB-Phenotyping_training_set/20251021_130942.jpg,82_R4S_355_RAPID CZCLING RAPE *CrGC5(_14_3,RAPID CZCLING RAPE *CrGC5(,82,355,14,3,8.0,11.0,9.5,3.0,Gross-Gerau,Insects,2025-10-21,BBCH10,/home/nfs/data/nvme_datasets/Pictures_CFSB_leaf_damage/RSFB-Phenotyping_training_set/RSFB-Phenotyping_training_set/RSFB-Phenotyping_training_set_scores.csv,/home/nfs/data/nvme_datasets/Pictures_CFSB_leaf_damage/2025_10_21_RSFB-Phenotyping_GG1_scores.csv,test
20251021_130950.jpg,/home/nfs/data/nvme_datasets/Pictures_CFSB_leaf_damage/RSFB-Phenotyping_training_set/RSFB-Phenotyping_training_set/20251021_130950.jpg,82_R4S_355_RAPID CZCLING RAPE *CrGC5(_14_3,RAPID CZCLING RAPE *CrGC5(,82,355,14,3,2.0,3.0,2.5,1.0,Gross-Gerau,Insects,2025-10-21,BBCH10,/home/nfs/data/nvme_datasets/Pictures_CFSB_leaf_damage/RSFB-Phenotyping_training_set/RSFB-Phenotyping_training_set/RSFB-Phenotyping_training_set_scores.csv,/home/nfs/data/nvme_datasets/Pictures_CFSB_leaf_damage/2025_10_21_RSFB-Phenotyping_GG1_scores.csv,test
20251021_131002.jpg,/home/nfs/data/nvme_datasets/Pictures_CFSB_leaf_damage/RSFB-Phenotyping_training_set/RSFB-Phenotyping_training_set/20251021_131002.jpg,87_R4S_256_Ladoga_15_3,Ladoga,87,256,15,3,3.0,4.5,3.75,1.5,Gross-Gerau,Insects,2025-10-21,BBCH10,/home/nfs/data/nvme_datasets/Pictures_CFSB_leaf_damage/RSFB-Phenotyping_training_set/RSFB-Phenotyping_training_set/RSFB-Phenotyping_training_set_scores.csv,/home/nfs/data/nvme_datasets/Pictures_CFSB_leaf_damage/2025_10_21_RSFB-Phenotyping_GG1_scores.csv,train
20251021_131011.jpg,/home/nfs/data/nvme_datasets/Pictures_CFSB_leaf_damage/RSFB-Phenotyping_training_set/RSFB-Phenotyping_training_set/20251021_131011.jpg,87_R4S_256_Ladoga_15_3,Ladoga,87,256,15,3,2.0,1.0,1.5,1.0,Gross-Gerau,Insects,2025-10-21,BBCH10,/home/nfs/data/nvme_datasets/Pictures_CFSB_leaf_damage/RSFB-Phenotyping_training_set/RSFB-Phenotyping_training_set/RSFB-Phenotyping_training_set_scores.csv,/home/nfs/data/nvme_datasets/Pictures_CFSB_leaf_damage/2025_10_21_RSFB-Phenotyping_GG1_scores.csv,train
20251021_131019.jpg,/home/nfs/data/nvme_datasets/Pictures_CFSB_leaf_damage/RSFB-Phenotyping_training_set/RSFB-Phenotyping_training_set/20251021_131019.jpg,87_R4S_256_Ladoga_15_3,Ladoga,87,256,15,3,8.0,6.5,7.25,1.5,Gross-Gerau,Insects,2025-10-21,BBCH10,/home/nfs/data/nvme_datasets/Pictures_CFSB_leaf_damage/RSFB-Phenotyping_training_set/RSFB-Phenotyping_training_set/RSFB-Phenotyping_training_set_scores.csv,/home/nfs/data/nvme_datasets/Pictures_CFSB_leaf_damage/2025_10_21_RSFB-Phenotyping_GG1_scores.csv,train
20251021_131030.jpg,/home/nfs/data/nvme_datasets/Pictures_CFSB_leaf_damage/RSFB-Phenotyping_training_set/RSFB-Phenotyping_training_set/20251021_131030.jpg,94_R4S_513_R31_16_3,R31,94,513,16,3,4.0,6.0,5.0,2.0,Gross-Gerau,Insects,2025-10-21,BBCH10,/home/nfs/data/nvme_datasets/Pictures_CFSB_leaf_damage/RSFB-Phenotyping_training_set/RSFB-Phenotyping_training_set/RSFB-Phenotyping_training_set_scores.csv,/home/nfs/data/nvme_datasets/Pictures_CFSB_leaf_damage/2025_10_21_RSFB-Phenotyping_GG1_scores.csv,train
20251021_131038.jpg,/home/nfs/data/nvme_datasets/Pictures_CFSB_leaf_damage/RSFB-Phenotyping_training_set/RSFB-Phenotyping_training_set/20251021_131038.jpg,94_R4S_513_R31_16_3,R31,94,513,16,3,7.0,4.0,5.5,3.0,Gross-Gerau,Insects,2025-10-21,BBCH10,/home/nfs/data/nvme_datasets/Pictures_CFSB_leaf_damage/RSFB-Phenotyping_training_set/RSFB-Phenotyping_training_set/RSFB-Phenotyping_training_set_scores.csv,/home/nfs/data/nvme_datasets/Pictures_CFSB_leaf_damage/2025_10_21_RSFB-Phenotyping_GG1_scores.csv,train
20251021_131138.jpg,/home/nfs/data/nvme_datasets/Pictures_CFSB_leaf_damage/RSFB-Phenotyping_training_set/RSFB-Phenotyping_training_set/20251021_131138.jpg,99_R4S_317_PIKE_17_3,PIKE,99,317,17,3,3.0,3.0,3.0,0.0,Gross-Gerau,Insects,2025-10-21,BBCH10,/home/nfs/data/nvme_datasets/Pictures_CFSB_leaf_damage/RSFB-Phenotyping_training_set/RSFB-Phenotyping_training_set/RSFB-Phenotyping_training_set_scores.csv,/home/nfs/data/nvme_datasets/Pictures_CFSB_leaf_damage/2025_10_21_RSFB-Phenotyping_GG1_scores.csv,train
20251021_131146.jpg,/home/nfs/data/nvme_datasets/Pictures_CFSB_leaf_damage/RSFB-Phenotyping_training_set/RSFB-Phenotyping_training_set/20251021_131146.jpg,99_R4S_317_PIKE_17_3,PIKE,99,317,17,3,5.0,5.0,5.0,0.0,Gross-Gerau,Insects,2025-10-21,BBCH10,/home/nfs/data/nvme_datasets/Pictures_CFSB_leaf_damage/RSFB-Phenotyping_training_set/RSFB-Phenotyping_training_set/RSFB-Phenotyping_training_set_scores.csv,/home/nfs/data/nvme_datasets/Pictures_CFSB_leaf_damage/2025_10_21_RSFB-Phenotyping_GG1_scores.csv,train
20251021_131209.jpg,/home/nfs/data/nvme_datasets/Pictures_CFSB_leaf_damage/RSFB-Phenotyping_training_set/RSFB-Phenotyping_training_set/20251021_131209.jpg,106_R4S_483_OLL 1_18_3,OLL 1,106,483,18,3,7.0,4.0,5.5,3.0,Gross-Gerau,Insects,2025-10-21,BBCH10,/home/nfs/data/nvme_datasets/Pictures_CFSB_leaf_damage/RSFB-Phenotyping_training_set/RSFB-Phenotyping_training_set/RSFB-Phenotyping_training_set_scores.csv,/home/nfs/data/nvme_datasets/Pictures_CFSB_leaf_damage/2025_10_21_RSFB-Phenotyping_GG1_scores.csv,test
20251021_131217.jpg,/home/nfs/data/nvme_datasets/Pictures_CFSB_leaf_damage/RSFB-Phenotyping_training_set/RSFB-Phenotyping_training_set/20251021_131217.jpg,106_R4S_483_OLL 1_18_3,OLL 1,106,483,18,3,2.0,3.0,2.5,1.0,Gross-Gerau,Insects,2025-10-21,BBCH10,/home/nfs/data/nvme_datasets/Pictures_CFSB_leaf_damage/RSFB-Phenotyping_training_set/RSFB-Phenotyping_training_set/RSFB-Phenotyping_training_set_scores.csv,/home/nfs/data/nvme_datasets/Pictures_CFSB_leaf_damage/2025_10_21_RSFB-Phenotyping_GG1_scores.csv,test
20251021_131339.jpg,/home/nfs/data/nvme_datasets/Pictures_CFSB_leaf_damage/RSFB-Phenotyping_training_set/RSFB-Phenotyping_training_set/20251021_131339.jpg,123_R4S_298_Bladkool_21_3,Bladkool,123,298,21,3,15.0,14.5,14.75,0.5,Gross-Gerau,Insects,2025-10-21,BBCH10,/home/nfs/data/nvme_datasets/Pictures_CFSB_leaf_damage/RSFB-Phenotyping_training_set/RSFB-Phenotyping_training_set/RSFB-Phenotyping_training_set_scores.csv,/home/nfs/data/nvme_datasets/Pictures_CFSB_leaf_damage/2025_10_21_RSFB-Phenotyping_GG1_scores.csv,train
20251021_131347.jpg,/home/nfs/data/nvme_datasets/Pictures_CFSB_leaf_damage/RSFB-Phenotyping_training_set/RSFB-Phenotyping_training_set/20251021_131347.jpg,123_R4S_298_Bladkool_21_3,Bladkool,123,298,21,3,15.0,15.5,15.25,0.5,Gross-Gerau,Insects,2025-10-21,BBCH10,/home/nfs/data/nvme_datasets/Pictures_CFSB_leaf_damage/RSFB-Phenotyping_training_set/RSFB-Phenotyping_training_set/RSFB-Phenotyping_training_set_scores.csv,/home/nfs/data/nvme_datasets/Pictures_CFSB_leaf_damage/2025_10_21_RSFB-Phenotyping_GG1_scores.csv,train
20251021_131431.jpg,/home/nfs/data/nvme_datasets/Pictures_CFSB_leaf_damage/RSFB-Phenotyping_training_set/RSFB-Phenotyping_training_set/20251021_131431.jpg,135_R4S_167_Aviso_23_3,Aviso,135,167,23,3,7.0,4.2,5.6,2.8,Gross-Gerau,Insects,2025-10-21,BBCH10,/home/nfs/data/nvme_datasets/Pictures_CFSB_leaf_damage/RSFB-Phenotyping_training_set/RSFB-Phenotyping_training_set/RSFB-Phenotyping_training_set_scores.csv,/home/nfs/data/nvme_datasets/Pictures_CFSB_leaf_damage/2025_10_21_RSFB-Phenotyping_GG1_scores.csv,train
20251021_131440.jpg,/home/nfs/data/nvme_datasets/Pictures_CFSB_leaf_damage/RSFB-Phenotyping_training_set/RSFB-Phenotyping_training_set/20251021_131440.jpg,135_R4S_167_Aviso_23_3,Aviso,135,167,23,3,28.0,25.0,26.5,3.0,Gross-Gerau,Insects,2025-10-21,BBCH10,/home/nfs/data/nvme_datasets/Pictures_CFSB_leaf_damage/RSFB-Phenotyping_training_set/RSFB-Phenotyping_training_set/RSFB-Phenotyping_training_set_scores.csv,/home/nfs/data/nvme_datasets/Pictures_CFSB_leaf_damage/2025_10_21_RSFB-Phenotyping_GG1_scores.csv,train
20251021_131524.jpg,/home/nfs/data/nvme_datasets/Pictures_CFSB_leaf_damage/RSFB-Phenotyping_training_set/RSFB-Phenotyping_training_set/20251021_131524.jpg,147_R4S_220_EUROL_25_3,EUROL,147,220,25,3,18.0,15.0,16.5,3.0,Gross-Gerau,Insects,2025-10-21,BBCH10,/home/nfs/data/nvme_datasets/Pictures_CFSB_leaf_damage/RSFB-Phenotyping_training_set/RSFB-Phenotyping_training_set/RSFB-Phenotyping_training_set_scores.csv,/home/nfs/data/nvme_datasets/Pictures_CFSB_leaf_damage/2025_10_21_RSFB-Phenotyping_GG1_scores.csv,test
20251021_131604.jpg,/home/nfs/data/nvme_datasets/Pictures_CFSB_leaf_damage/RSFB-Phenotyping_training_set/RSFB-Phenotyping_training_set/20251021_131604.jpg,154_R4S_457_H31_26_3,H31,154,457,26,3,2.0,3.0,2.5,1.0,Gross-Gerau,Insects,2025-10-21,BBCH10,/home/nfs/data/nvme_datasets/Pictures_CFSB_leaf_damage/RSFB-Phenotyping_training_set/RSFB-Phenotyping_training_set/RSFB-Phenotyping_training_set_scores.csv,/home/nfs/data/nvme_datasets/Pictures_CFSB_leaf_damage/2025_10_21_RSFB-Phenotyping_GG1_scores.csv,train
20251021_131610.jpg,/home/nfs/data/nvme_datasets/Pictures_CFSB_leaf_damage/RSFB-Phenotyping_training_set/RSFB-Phenotyping_training_set/20251021_131610.jpg,154_R4S_457_H31_26_3,H31,154,457,26,3,4.0,8.0,6.0,4.0,Gross-Gerau,Insects,2025-10-21,BBCH10,/home/nfs/data/nvme_datasets/Pictures_CFSB_leaf_damage/RSFB-Phenotyping_training_set/RSFB-Phenotyping_training_set/RSFB-Phenotyping_training_set_scores.csv,/home/nfs/data/nvme_datasets/Pictures_CFSB_leaf_damage/2025_10_21_RSFB-Phenotyping_GG1_scores.csv,train
20251021_131620.jpg,/home/nfs/data/nvme_datasets/Pictures_CFSB_leaf_damage/RSFB-Phenotyping_training_set/RSFB-Phenotyping_training_set/20251021_131620.jpg,154_R4S_457_H31_26_3,H31,154,457,26,3,3.0,7.5,5.25,4.5,Gross-Gerau,Insects,2025-10-21,BBCH10,/home/nfs/data/nvme_datasets/Pictures_CFSB_leaf_damage/RSFB-Phenotyping_training_set/RSFB-Phenotyping_training_set/RSFB-Phenotyping_training_set_scores.csv,/home/nfs/data/nvme_datasets/Pictures_CFSB_leaf_damage/2025_10_21_RSFB-Phenotyping_GG1_scores.csv,train
20251021_131634.jpg,/home/nfs/data/nvme_datasets/Pictures_CFSB_leaf_damage/RSFB-Phenotyping_training_set/RSFB-Phenotyping_training_set/20251021_131634.jpg,159_R4S_185_NK Passion_27_3,NK Passion,159,185,27,3,1.0,1.5,1.25,0.5,Gross-Gerau,Insects,2025-10-21,BBCH10,/home/nfs/data/nvme_datasets/Pictures_CFSB_leaf_damage/RSFB-Phenotyping_training_set/RSFB-Phenotyping_training_set/RSFB-Phenotyping_training_set_scores.csv,/home/nfs/data/nvme_datasets/Pictures_CFSB_leaf_damage/2025_10_21_RSFB-Phenotyping_GG1_scores.csv,train
20251021_131646.jpg,/home/nfs/data/nvme_datasets/Pictures_CFSB_leaf_damage/RSFB-Phenotyping_training_set/RSFB-Phenotyping_training_set/20251021_131646.jpg,159_R4S_185_NK Passion_27_3,NK Passion,159,185,27,3,3.0,8.0,5.5,5.0,Gross-Gerau,Insects,2025-10-21,BBCH10,/home/nfs/data/nvme_datasets/Pictures_CFSB_leaf_damage/RSFB-Phenotyping_training_set/RSFB-Phenotyping_training_set/RSFB-Phenotyping_training_set_scores.csv,/home/nfs/data/nvme_datasets/Pictures_CFSB_leaf_damage/2025_10_21_RSFB-Phenotyping_GG1_scores.csv,train
20251021_131655.jpg,/home/nfs/data/nvme_datasets/Pictures_CFSB_leaf_damage/RSFB-Phenotyping_training_set/RSFB-Phenotyping_training_set/20251021_131655.jpg,159_R4S_185_NK Passion_27_3,NK Passion,159,185,27,3,2.0,6.5,4.25,4.5,Gross-Gerau,Insects,2025-10-21,BBCH10,/home/nfs/data/nvme_datasets/Pictures_CFSB_leaf_damage/RSFB-Phenotyping_training_set/RSFB-Phenotyping_training_set/RSFB-Phenotyping_training_set_scores.csv,/home/nfs/data/nvme_datasets/Pictures_CFSB_leaf_damage/2025_10_21_RSFB-Phenotyping_GG1_scores.csv,train
20251021_131711.jpg,/home/nfs/data/nvme_datasets/Pictures_CFSB_leaf_damage/RSFB-Phenotyping_training_set/RSFB-Phenotyping_training_set/20251021_131711.jpg,166_R4S_495_DSV2_28_3,DSV2,166,495,28,3,1.0,5.0,3.0,4.0,Gross-Gerau,Insects,2025-10-21,BBCH10,/home/nfs/data/nvme_datasets/Pictures_CFSB_leaf_damage/RSFB-Phenotyping_training_set/RSFB-Phenotyping_training_set/RSFB-Phenotyping_training_set_scores.csv,/home/nfs/data/nvme_datasets/Pictures_CFSB_leaf_damage/2025_10_21_RSFB-Phenotyping_GG1_scores.csv,val
20251021_131721.jpg,/home/nfs/data/nvme_datasets/Pictures_CFSB_leaf_damage/RSFB-Phenotyping_training_set/RSFB-Phenotyping_training_set/20251021_131721.jpg,166_R4S_495_DSV2_28_3,DSV2,166,495,28,3,1.0,5.0,3.0,4.0,Gross-Gerau,Insects,2025-10-21,BBCH10,/home/nfs/data/nvme_datasets/Pictures_CFSB_leaf_damage/RSFB-Phenotyping_training_set/RSFB-Phenotyping_training_set/RSFB-Phenotyping_training_set_scores.csv,/home/nfs/data/nvme_datasets/Pictures_CFSB_leaf_damage/2025_10_21_RSFB-Phenotyping_GG1_scores.csv,val
20251021_131728.jpg,/home/nfs/data/nvme_datasets/Pictures_CFSB_leaf_damage/RSFB-Phenotyping_training_set/RSFB-Phenotyping_training_set/20251021_131728.jpg,166_R4S_495_DSV2_28_3,DSV2,166,495,28,3,2.0,7.0,4.5,5.0,Gross-Gerau,Insects,2025-10-21,BBCH10,/home/nfs/data/nvme_datasets/Pictures_CFSB_leaf_damage/RSFB-Phenotyping_training_set/RSFB-Phenotyping_training_set/RSFB-Phenotyping_training_set_scores.csv,/home/nfs/data/nvme_datasets/Pictures_CFSB_leaf_damage/2025_10_21_RSFB-Phenotyping_GG1_scores.csv,val
20251021_131752.jpg,/home/nfs/data/nvme_datasets/Pictures_CFSB_leaf_damage/RSFB-Phenotyping_training_set/RSFB-Phenotyping_training_set/20251021_131752.jpg,171_R4S_534_WINFRED_29_3,WINFRED,171,534,29,3,2.0,0.5,1.25,1.5,Gross-Gerau,Insects,2025-10-21,BBCH10,/home/nfs/data/nvme_datasets/Pictures_CFSB_leaf_damage/RSFB-Phenotyping_training_set/RSFB-Phenotyping_training_set/RSFB-Phenotyping_training_set_scores.csv,/home/nfs/data/nvme_datasets/Pictures_CFSB_leaf_damage/2025_10_21_RSFB-Phenotyping_GG1_scores.csv,train
20251021_131803.jpg,/home/nfs/data/nvme_datasets/Pictures_CFSB_leaf_damage/RSFB-Phenotyping_training_set/RSFB-Phenotyping_training_set/20251021_131803.jpg,171_R4S_534_WINFRED_29_3,WINFRED,171,534,29,3,2.0,2.5,2.25,0.5,Gross-Gerau,Insects,2025-10-21,BBCH10,/home/nfs/data/nvme_datasets/Pictures_CFSB_leaf_damage/RSFB-Phenotyping_training_set/RSFB-Phenotyping_training_set/RSFB-Phenotyping_training_set_scores.csv,/home/nfs/data/nvme_datasets/Pictures_CFSB_leaf_damage/2025_10_21_RSFB-Phenotyping_GG1_scores.csv,train
20251021_131840.jpg,/home/nfs/data/nvme_datasets/Pictures_CFSB_leaf_damage/RSFB-Phenotyping_training_set/RSFB-Phenotyping_training_set/20251021_131840.jpg,178_R4S_399_Reszn/Goe H226_30_3,Reszn/Goe H226,178,399,30,3,7.0,5.0,6.0,2.0,Gross-Gerau,Insects,2025-10-21,BBCH10,/home/nfs/data/nvme_datasets/Pictures_CFSB_leaf_damage/RSFB-Phenotyping_training_set/RSFB-Phenotyping_training_set/RSFB-Phenotyping_training_set_scores.csv,/home/nfs/data/nvme_datasets/Pictures_CFSB_leaf_damage/2025_10_21_RSFB-Phenotyping_GG1_scores.csv,train
20251021_131905.jpg,/home/nfs/data/nvme_datasets/Pictures_CFSB_leaf_damage/RSFB-Phenotyping_training_set/RSFB-Phenotyping_training_set/20251021_131905.jpg,183_R4S_254_Capitol_31_3,Capitol,183,254,31,3,6.0,6.5,6.25,0.5,Gross-Gerau,Insects,2025-10-21,BBCH10,/home/nfs/data/nvme_datasets/Pictures_CFSB_leaf_damage/RSFB-Phenotyping_training_set/RSFB-Phenotyping_training_set/RSFB-Phenotyping_training_set_scores.csv,/home/nfs/data/nvme_datasets/Pictures_CFSB_leaf_damage/2025_10_21_RSFB-Phenotyping_GG1_scores.csv,train
20251021_131948.jpg,/home/nfs/data/nvme_datasets/Pictures_CFSB_leaf_damage/RSFB-Phenotyping_training_set/RSFB-Phenotyping_training_set/20251021_131948.jpg,190_R4S_357_E94197_32_3,E94197,190,357,32,3,8.0,8.0,8.0,0.0,Gross-Gerau,Insects,2025-10-21,BBCH10,/home/nfs/data/nvme_datasets/Pictures_CFSB_leaf_damage/RSFB-Phenotyping_training_set/RSFB-Phenotyping_training_set/RSFB-Phenotyping_training_set_scores.csv,/home/nfs/data/nvme_datasets/Pictures_CFSB_leaf_damage/2025_10_21_RSFB-Phenotyping_GG1_scores.csv,train
20251021_131954.jpg,/home/nfs/data/nvme_datasets/Pictures_CFSB_leaf_damage/RSFB-Phenotyping_training_set/RSFB-Phenotyping_training_set/20251021_131954.jpg,190_R4S_357_E94197_32_3,E94197,190,357,32,3,2.0,4.0,3.0,2.0,Gross-Gerau,Insects,2025-10-21,BBCH10,/home/nfs/data/nvme_datasets/Pictures_CFSB_leaf_damage/RSFB-Phenotyping_training_set/RSFB-Phenotyping_training_set/RSFB-Phenotyping_training_set_scores.csv,/home/nfs/data/nvme_datasets/Pictures_CFSB_leaf_damage/2025_10_21_RSFB-Phenotyping_GG1_scores.csv,train
20251021_132018.jpg,/home/nfs/data/nvme_datasets/Pictures_CFSB_leaf_damage/RSFB-Phenotyping_training_set/RSFB-Phenotyping_training_set/20251021_132018.jpg,195_R4S_367_English Giant_33_3,English Giant,195,367,33,3,2.0,3.5,2.75,1.5,Gross-Gerau,Insects,2025-10-21,BBCH10,/home/nfs/data/nvme_datasets/Pictures_CFSB_leaf_damage/RSFB-Phenotyping_training_set/RSFB-Phenotyping_training_set/RSFB-Phenotyping_training_set_scores.csv,/home/nfs/data/nvme_datasets/Pictures_CFSB_leaf_damage/2025_10_21_RSFB-Phenotyping_GG1_scores.csv,test
20251021_132022.jpg,/home/nfs/data/nvme_datasets/Pictures_CFSB_leaf_damage/RSFB-Phenotyping_training_set/RSFB-Phenotyping_training_set/20251021_132022.jpg,195_R4S_367_English Giant_33_3,English Giant,195,367,33,3,6.0,7.5,6.75,1.5,Gross-Gerau,Insects,2025-10-21,BBCH10,/home/nfs/data/nvme_datasets/Pictures_CFSB_leaf_damage/RSFB-Phenotyping_training_set/RSFB-Phenotyping_training_set/RSFB-Phenotyping_training_set_scores.csv,/home/nfs/data/nvme_datasets/Pictures_CFSB_leaf_damage/2025_10_21_RSFB-Phenotyping_GG1_scores.csv,test
20251021_132029.jpg,/home/nfs/data/nvme_datasets/Pictures_CFSB_leaf_damage/RSFB-Phenotyping_training_set/RSFB-Phenotyping_training_set/20251021_132029.jpg,195_R4S_367_English Giant_33_3,English Giant,195,367,33,3,6.0,9.5,7.75,3.5,Gross-Gerau,Insects,2025-10-21,BBCH10,/home/nfs/data/nvme_datasets/Pictures_CFSB_leaf_damage/RSFB-Phenotyping_training_set/RSFB-Phenotyping_training_set/RSFB-Phenotyping_training_set_scores.csv,/home/nfs/data/nvme_datasets/Pictures_CFSB_leaf_damage/2025_10_21_RSFB-Phenotyping_GG1_scores.csv,test
20251021_132110.jpg,/home/nfs/data/nvme_datasets/Pictures_CFSB_leaf_damage/RSFB-Phenotyping_training_set/RSFB-Phenotyping_training_set/20251021_132110.jpg,207_R4S_541_Smaragd_35_3,Smaragd,207,541,35,3,3.0,6.0,4.5,3.0,Gross-Gerau,Insects,2025-10-21,BBCH10,/home/nfs/data/nvme_datasets/Pictures_CFSB_leaf_damage/RSFB-Phenotyping_training_set/RSFB-Phenotyping_training_set/RSFB-Phenotyping_training_set_scores.csv,/home/nfs/data/nvme_datasets/Pictures_CFSB_leaf_damage/2025_10_21_RSFB-Phenotyping_GG1_scores.csv,train
20251021_132117.jpg,/home/nfs/data/nvme_datasets/Pictures_CFSB_leaf_damage/RSFB-Phenotyping_training_set/RSFB-Phenotyping_training_set/20251021_132117.jpg,207_R4S_541_Smaragd_35_3,Smaragd,207,541,35,3,3.0,5.5,4.25,2.5,Gross-Gerau,Insects,2025-10-21,BBCH10,/home/nfs/data/nvme_datasets/Pictures_CFSB_leaf_damage/RSFB-Phenotyping_training_set/RSFB-Phenotyping_training_set/RSFB-Phenotyping_training_set_scores.csv,/home/nfs/data/nvme_datasets/Pictures_CFSB_leaf_damage/2025_10_21_RSFB-Phenotyping_GG1_scores.csv,train
20251021_132124.jpg,/home/nfs/data/nvme_datasets/Pictures_CFSB_leaf_damage/RSFB-Phenotyping_training_set/RSFB-Phenotyping_training_set/20251021_132124.jpg,207_R4S_541_Smaragd_35_3,Smaragd,207,541,35,3,5.0,5.5,5.25,0.5,Gross-Gerau,Insects,2025-10-21,BBCH10,/home/nfs/data/nvme_datasets/Pictures_CFSB_leaf_damage/RSFB-Phenotyping_training_set/RSFB-Phenotyping_training_set/RSFB-Phenotyping_training_set_scores.csv,/home/nfs/data/nvme_datasets/Pictures_CFSB_leaf_damage/2025_10_21_RSFB-Phenotyping_GG1_scores.csv,train
20251021_132147.jpg,/home/nfs/data/nvme_datasets/Pictures_CFSB_leaf_damage/RSFB-Phenotyping_training_set/RSFB-Phenotyping_training_set/20251021_132147.jpg,214_R4S_270_Ceres_36_3,Ceres,214,270,36,3,5.0,8.0,6.5,3.0,Gross-Gerau,Insects,2025-10-21,BBCH10,/home/nfs/data/nvme_datasets/Pictures_CFSB_leaf_damage/RSFB-Phenotyping_training_set/RSFB-Phenotyping_training_set/RSFB-Phenotyping_training_set_scores.csv,/home/nfs/data/nvme_datasets/Pictures_CFSB_leaf_damage/2025_10_21_RSFB-Phenotyping_GG1_scores.csv,train
20251021_132153.jpg,/home/nfs/data/nvme_datasets/Pictures_CFSB_leaf_damage/RSFB-Phenotyping_training_set/RSFB-Phenotyping_training_set/20251021_132153.jpg,214_R4S_270_Ceres_36_3,Ceres,214,270,36,3,7.0,3.5,5.25,3.5,Gross-Gerau,Insects,2025-10-21,BBCH10,/home/nfs/data/nvme_datasets/Pictures_CFSB_leaf_damage/RSFB-Phenotyping_training_set/RSFB-Phenotyping_training_set/RSFB-Phenotyping_training_set_scores.csv,/home/nfs/data/nvme_datasets/Pictures_CFSB_leaf_damage/2025_10_21_RSFB-Phenotyping_GG1_scores.csv,train
20251021_132334.jpg,/home/nfs/data/nvme_datasets/Pictures_CFSB_leaf_damage/RSFB-Phenotyping_training_set/RSFB-Phenotyping_training_set/20251021_132334.jpg,231_R4S_405_L239_39_3,L239,231,405,39,3,5.0,9.0,7.0,4.0,Gross-Gerau,Insects,2025-10-21,BBCH10,/home/nfs/data/nvme_datasets/Pictures_CFSB_leaf_damage/RSFB-Phenotyping_training_set/RSFB-Phenotyping_training_set/RSFB-Phenotyping_training_set_scores.csv,/home/nfs/data/nvme_datasets/Pictures_CFSB_leaf_damage/2025_10_21_RSFB-Phenotyping_GG1_scores.csv,train
20251021_132355.jpg,/home/nfs/data/nvme_datasets/Pictures_CFSB_leaf_damage/RSFB-Phenotyping_training_set/RSFB-Phenotyping_training_set/20251021_132355.jpg,231_R4S_405_L239_39_3,L239,231,405,39,3,10.0,6.5,8.25,3.5,Gross-Gerau,Insects,2025-10-21,BBCH10,/home/nfs/data/nvme_datasets/Pictures_CFSB_leaf_damage/RSFB-Phenotyping_training_set/RSFB-Phenotyping_training_set/RSFB-Phenotyping_training_set_scores.csv,/home/nfs/data/nvme_datasets/Pictures_CFSB_leaf_damage/2025_10_21_RSFB-Phenotyping_GG1_scores.csv,train
20251021_132417.jpg,/home/nfs/data/nvme_datasets/Pictures_CFSB_leaf_damage/RSFB-Phenotyping_training_set/RSFB-Phenotyping_training_set/20251021_132417.jpg,238_R4S_162_Recital_40_3,Recital,238,162,40,3,12.0,7.5,9.75,4.5,Gross-Gerau,Insects,2025-10-21,BBCH10,/home/nfs/data/nvme_datasets/Pictures_CFSB_leaf_damage/RSFB-Phenotyping_training_set/RSFB-Phenotyping_training_set/RSFB-Phenotyping_training_set_scores.csv,/home/nfs/data/nvme_datasets/Pictures_CFSB_leaf_damage/2025_10_21_RSFB-Phenotyping_GG1_scores.csv,train
20251021_132437.jpg,/home/nfs/data/nvme_datasets/Pictures_CFSB_leaf_damage/RSFB-Phenotyping_training_set/RSFB-Phenotyping_training_set/20251021_132437.jpg,243_R4S_515_R31_41_3,R31,243,515,41,3,4.0,7.5,5.75,3.5,Gross-Gerau,Insects,2025-10-21,BBCH10,/home/nfs/data/nvme_datasets/Pictures_CFSB_leaf_damage/RSFB-Phenotyping_training_set/RSFB-Phenotyping_training_set/RSFB-Phenotyping_training_set_scores.csv,/home/nfs/data/nvme_datasets/Pictures_CFSB_leaf_damage/2025_10_21_RSFB-Phenotyping_GG1_scores.csv,train
20251021_132444.jpg,/home/nfs/data/nvme_datasets/Pictures_CFSB_leaf_damage/RSFB-Phenotyping_training_set/RSFB-Phenotyping_training_set/20251021_132444.jpg,243_R4S_515_R31_41_3,R31,243,515,41,3,2.0,1.0,1.5,1.0,Gross-Gerau,Insects,2025-10-21,BBCH10,/home/nfs/data/nvme_datasets/Pictures_CFSB_leaf_damage/RSFB-Phenotyping_training_set/RSFB-Phenotyping_training_set/RSFB-Phenotyping_training_set_scores.csv,/home/nfs/data/nvme_datasets/Pictures_CFSB_leaf_damage/2025_10_21_RSFB-Phenotyping_GG1_scores.csv,train
20251021_132506.jpg,/home/nfs/data/nvme_datasets/Pictures_CFSB_leaf_damage/RSFB-Phenotyping_training_set/RSFB-Phenotyping_training_set/20251021_132506.jpg,250_R4S_299_Liragruen_42_3,Liragruen,250,299,42,3,2.0,3.0,2.5,1.0,Gross-Gerau,Insects,2025-10-21,BBCH10,/home/nfs/data/nvme_datasets/Pictures_CFSB_leaf_damage/RSFB-Phenotyping_training_set/RSFB-Phenotyping_training_set/RSFB-Phenotyping_training_set_scores.csv,/home/nfs/data/nvme_datasets/Pictures_CFSB_leaf_damage/2025_10_21_RSFB-Phenotyping_GG1_scores.csv,train
20251021_132518.jpg,/home/nfs/data/nvme_datasets/Pictures_CFSB_leaf_damage/RSFB-Phenotyping_training_set/RSFB-Phenotyping_training_set/20251021_132518.jpg,250_R4S_299_Liragruen_42_3,Liragruen,250,299,42,3,5.0,5.0,5.0,0.0,Gross-Gerau,Insects,2025-10-21,BBCH10,/home/nfs/data/nvme_datasets/Pictures_CFSB_leaf_damage/RSFB-Phenotyping_training_set/RSFB-Phenotyping_training_set/RSFB-Phenotyping_training_set_scores.csv,/home/nfs/data/nvme_datasets/Pictures_CFSB_leaf_damage/2025_10_21_RSFB-Phenotyping_GG1_scores.csv,train
20251021_132528.jpg,/home/nfs/data/nvme_datasets/Pictures_CFSB_leaf_damage/RSFB-Phenotyping_training_set/RSFB-Phenotyping_training_set/20251021_132528.jpg,250_R4S_299_Liragruen_42_3,Liragruen,250,299,42,3,10.0,13.5,11.75,3.5,Gross-Gerau,Insects,2025-10-21,BBCH10,/home/nfs/data/nvme_datasets/Pictures_CFSB_leaf_damage/RSFB-Phenotyping_training_set/RSFB-Phenotyping_training_set/RSFB-Phenotyping_training_set_scores.csv,/home/nfs/data/nvme_datasets/Pictures_CFSB_leaf_damage/2025_10_21_RSFB-Phenotyping_GG1_scores.csv,train
20251021_132559.jpg,/home/nfs/data/nvme_datasets/Pictures_CFSB_leaf_damage/RSFB-Phenotyping_training_set/RSFB-Phenotyping_training_set/20251021_132559.jpg,255_R4S_226_Lilian_43_3,Lilian,255,226,43,3,15.0,14.0,14.5,1.0,Gross-Gerau,Insects,2025-10-21,BBCH10,/home/nfs/data/nvme_datasets/Pictures_CFSB_leaf_damage/RSFB-Phenotyping_training_set/RSFB-Phenotyping_training_set/RSFB-Phenotyping_training_set_scores.csv,/home/nfs/data/nvme_datasets/Pictures_CFSB_leaf_damage/2025_10_21_RSFB-Phenotyping_GG1_scores.csv,train
20251021_132633.jpg,/home/nfs/data/nvme_datasets/Pictures_CFSB_leaf_damage/RSFB-Phenotyping_training_set/RSFB-Phenotyping_training_set/20251021_132633.jpg,262_R4S_234_Yephir_44_3,Yephir,262,234,44,3,1.0,0.0,0.5,1.0,Gross-Gerau,Insects,2025-10-21,BBCH10,/home/nfs/data/nvme_datasets/Pictures_CFSB_leaf_damage/RSFB-Phenotyping_training_set/RSFB-Phenotyping_training_set/RSFB-Phenotyping_training_set_scores.csv,/home/nfs/data/nvme_datasets/Pictures_CFSB_leaf_damage/2025_10_21_RSFB-Phenotyping_GG1_scores.csv,train
20251021_132705.jpg,/home/nfs/data/nvme_datasets/Pictures_CFSB_leaf_damage/RSFB-Phenotyping_training_set/RSFB-Phenotyping_training_set/20251021_132705.jpg,267_R4S_290_Trebicska_45_3,Trebicska,267,290,45,3,8.0,8.0,8.0,0.0,Gross-Gerau,Insects,2025-10-21,BBCH10,/home/nfs/data/nvme_datasets/Pictures_CFSB_leaf_damage/RSFB-Phenotyping_training_set/RSFB-Phenotyping_training_set/RSFB-Phenotyping_training_set_scores.csv,/home/nfs/data/nvme_datasets/Pictures_CFSB_leaf_damage/2025_10_21_RSFB-Phenotyping_GG1_scores.csv,train
20251021_132724.jpg,/home/nfs/data/nvme_datasets/Pictures_CFSB_leaf_damage/RSFB-Phenotyping_training_set/RSFB-Phenotyping_training_set/20251021_132724.jpg,274_R4S_163_Magnum_46_3,Magnum,274,163,46,3,3.0,5.0,4.0,2.0,Gross-Gerau,Insects,2025-10-21,BBCH10,/home/nfs/data/nvme_datasets/Pictures_CFSB_leaf_damage/RSFB-Phenotyping_training_set/RSFB-Phenotyping_training_set/RSFB-Phenotyping_training_set_scores.csv,/home/nfs/data/nvme_datasets/Pictures_CFSB_leaf_damage/2025_10_21_RSFB-Phenotyping_GG1_scores.csv,train
20251021_132731.jpg,/home/nfs/data/nvme_datasets/Pictures_CFSB_leaf_damage/RSFB-Phenotyping_training_set/RSFB-Phenotyping_training_set/20251021_132731.jpg,274_R4S_163_Magnum_46_3,Magnum,274,163,46,3,8.0,8.0,8.0,0.0,Gross-Gerau,Insects,2025-10-21,BBCH10,/home/nfs/data/nvme_datasets/Pictures_CFSB_leaf_damage/RSFB-Phenotyping_training_set/RSFB-Phenotyping_training_set/RSFB-Phenotyping_training_set_scores.csv,/home/nfs/data/nvme_datasets/Pictures_CFSB_leaf_damage/2025_10_21_RSFB-Phenotyping_GG1_scores.csv,train
20251021_132738.jpg,/home/nfs/data/nvme_datasets/Pictures_CFSB_leaf_damage/RSFB-Phenotyping_training_set/RSFB-Phenotyping_training_set/20251021_132738.jpg,274_R4S_163_Magnum_46_3,Magnum,274,163,46,3,7.0,7.0,7.0,0.0,Gross-Gerau,Insects,2025-10-21,BBCH10,/home/nfs/data/nvme_datasets/Pictures_CFSB_leaf_damage/RSFB-Phenotyping_training_set/RSFB-Phenotyping_training_set/RSFB-Phenotyping_training_set_scores.csv,/home/nfs/data/nvme_datasets/Pictures_CFSB_leaf_damage/2025_10_21_RSFB-Phenotyping_GG1_scores.csv,train
20251021_132808.jpg,/home/nfs/data/nvme_datasets/Pictures_CFSB_leaf_damage/RSFB-Phenotyping_training_set/RSFB-Phenotyping_training_set/20251021_132808.jpg,279_R4S_542_Smaragd_47_3,Smaragd,279,542,47,3,2.0,2.5,2.25,0.5,Gross-Gerau,Insects,2025-10-21,BBCH10,/home/nfs/data/nvme_datasets/Pictures_CFSB_leaf_damage/RSFB-Phenotyping_training_set/RSFB-Phenotyping_training_set/RSFB-Phenotyping_training_set_scores.csv,/home/nfs/data/nvme_datasets/Pictures_CFSB_leaf_damage/2025_10_21_RSFB-Phenotyping_GG1_scores.csv,train
20251021_132821.jpg,/home/nfs/data/nvme_datasets/Pictures_CFSB_leaf_damage/RSFB-Phenotyping_training_set/RSFB-Phenotyping_training_set/20251021_132821.jpg,286_R4S_262_Lord_48_3,Lord,286,262,48,3,7.0,3.5,5.25,3.5,Gross-Gerau,Insects,2025-10-21,BBCH10,/home/nfs/data/nvme_datasets/Pictures_CFSB_leaf_damage/RSFB-Phenotyping_training_set/RSFB-Phenotyping_training_set/RSFB-Phenotyping_training_set_scores.csv,/home/nfs/data/nvme_datasets/Pictures_CFSB_leaf_damage/2025_10_21_RSFB-Phenotyping_GG1_scores.csv,train
20251021_132829.jpg,/home/nfs/data/nvme_datasets/Pictures_CFSB_leaf_damage/RSFB-Phenotyping_training_set/RSFB-Phenotyping_training_set/20251021_132829.jpg,286_R4S_262_Lord_48_3,Lord,286,262,48,3,8.0,12.0,10.0,4.0,Gross-Gerau,Insects,2025-10-21,BBCH10,/home/nfs/data/nvme_datasets/Pictures_CFSB_leaf_damage/RSFB-Phenotyping_training_set/RSFB-Phenotyping_training_set/RSFB-Phenotyping_training_set_scores.csv,/home/nfs/data/nvme_datasets/Pictures_CFSB_leaf_damage/2025_10_21_RSFB-Phenotyping_GG1_scores.csv,train
20251021_132836.jpg,/home/nfs/data/nvme_datasets/Pictures_CFSB_leaf_damage/RSFB-Phenotyping_training_set/RSFB-Phenotyping_training_set/20251021_132836.jpg,286_R4S_262_Lord_48_3,Lord,286,262,48,3,8.0,7.0,7.5,1.0,Gross-Gerau,Insects,2025-10-21,BBCH10,/home/nfs/data/nvme_datasets/Pictures_CFSB_leaf_damage/RSFB-Phenotyping_training_set/RSFB-Phenotyping_training_set/RSFB-Phenotyping_training_set_scores.csv,/home/nfs/data/nvme_datasets/Pictures_CFSB_leaf_damage/2025_10_21_RSFB-Phenotyping_GG1_scores.csv,train
20251021_132849.jpg,/home/nfs/data/nvme_datasets/Pictures_CFSB_leaf_damage/RSFB-Phenotyping_training_set/RSFB-Phenotyping_training_set/20251021_132849.jpg,291_R4S_362_BRAUNER SCHNITTKOHL_49_3,BRAUNER SCHNITTKOHL,291,362,49,3,15.0,16.0,15.5,1.0,Gross-Gerau,Insects,2025-10-21,BBCH10,/home/nfs/data/nvme_datasets/Pictures_CFSB_leaf_damage/RSFB-Phenotyping_training_set/RSFB-Phenotyping_training_set/RSFB-Phenotyping_training_set_scores.csv,/home/nfs/data/nvme_datasets/Pictures_CFSB_leaf_damage/2025_10_21_RSFB-Phenotyping_GG1_scores.csv,train
20251021_133005.jpg,/home/nfs/data/nvme_datasets/Pictures_CFSB_leaf_damage/RSFB-Phenotyping_training_set/RSFB-Phenotyping_training_set/20251021_133005.jpg,303_R4S_301_Parapluie_51_3,Parapluie,303,301,51,3,23.0,26.0,24.5,3.0,Gross-Gerau,Insects,2025-10-21,BBCH10,/home/nfs/data/nvme_datasets/Pictures_CFSB_leaf_damage/RSFB-Phenotyping_training_set/RSFB-Phenotyping_training_set/RSFB-Phenotyping_training_set_scores.csv,/home/nfs/data/nvme_datasets/Pictures_CFSB_leaf_damage/2025_10_21_RSFB-Phenotyping_GG1_scores.csv,train
20251021_133035.jpg,/home/nfs/data/nvme_datasets/Pictures_CFSB_leaf_damage/RSFB-Phenotyping_training_set/RSFB-Phenotyping_training_set/20251021_133035.jpg,310_Smaragd_52_3,Smaragd,310,NA,52,3,15.0,16.5,15.75,1.5,Gross-Gerau,Insects,2025-10-21,BBCH10,/home/nfs/data/nvme_datasets/Pictures_CFSB_leaf_damage/RSFB-Phenotyping_training_set/RSFB-Phenotyping_training_set/RSFB-Phenotyping_training_set_scores.csv,/home/nfs/data/nvme_datasets/Pictures_CFSB_leaf_damage/2025_10_21_RSFB-Phenotyping_GG1_scores.csv,train
20251021_151358.jpg,/home/nfs/data/nvme_datasets/Pictures_CFSB_leaf_damage/RSFB-Phenotyping_training_set/RSFB-Phenotyping_training_set/20251021_151358.jpg,4_Smaragd_1_4,Smaragd,4,NA,1,4,25.0,21.0,23.0,4.0,Gross-Gerau,Insects,2025-10-21,BBCH10,/home/nfs/data/nvme_datasets/Pictures_CFSB_leaf_damage/RSFB-Phenotyping_training_set/RSFB-Phenotyping_training_set/RSFB-Phenotyping_training_set_scores.csv,/home/nfs/data/nvme_datasets/Pictures_CFSB_leaf_damage/2025_10_21_RSFB-Phenotyping_GG1_scores.csv,train
20251021_151403.jpg,/home/nfs/data/nvme_datasets/Pictures_CFSB_leaf_damage/RSFB-Phenotyping_training_set/RSFB-Phenotyping_training_set/20251021_151403.jpg,4_Smaragd_1_4,Smaragd,4,NA,1,4,5.0,5.5,5.25,0.5,Gross-Gerau,Insects,2025-10-21,BBCH10,/home/nfs/data/nvme_datasets/Pictures_CFSB_leaf_damage/RSFB-Phenotyping_training_set/RSFB-Phenotyping_training_set/RSFB-Phenotyping_training_set_scores.csv,/home/nfs/data/nvme_datasets/Pictures_CFSB_leaf_damage/2025_10_21_RSFB-Phenotyping_GG1_scores.csv,train
20251021_151409.jpg,/home/nfs/data/nvme_datasets/Pictures_CFSB_leaf_damage/RSFB-Phenotyping_training_set/RSFB-Phenotyping_training_set/20251021_151409.jpg,4_Smaragd_1_4,Smaragd,4,NA,1,4,7.0,7.5,7.25,0.5,Gross-Gerau,Insects,2025-10-21,BBCH10,/home/nfs/data/nvme_datasets/Pictures_CFSB_leaf_damage/RSFB-Phenotyping_training_set/RSFB-Phenotyping_training_set/RSFB-Phenotyping_training_set_scores.csv,/home/nfs/data/nvme_datasets/Pictures_CFSB_leaf_damage/2025_10_21_RSFB-Phenotyping_GG1_scores.csv,train
20251021_151512.jpg,/home/nfs/data/nvme_datasets/Pictures_CFSB_leaf_damage/RSFB-Phenotyping_training_set/RSFB-Phenotyping_training_set/20251021_151512.jpg,16_R4S_459_S14_3_4,S14,16,459,3,4,9.0,4.0,6.5,5.0,Gross-Gerau,Insects,2025-10-21,BBCH10,/home/nfs/data/nvme_datasets/Pictures_CFSB_leaf_damage/RSFB-Phenotyping_training_set/RSFB-Phenotyping_training_set/RSFB-Phenotyping_training_set_scores.csv,/home/nfs/data/nvme_datasets/Pictures_CFSB_leaf_damage/2025_10_21_RSFB-Phenotyping_GG1_scores.csv,train
20251021_151523.jpg,/home/nfs/data/nvme_datasets/Pictures_CFSB_leaf_damage/RSFB-Phenotyping_training_set/RSFB-Phenotyping_training_set/20251021_151523.jpg,16_R4S_459_S14_3_4,S14,16,459,3,4,3.0,4.5,3.75,1.5,Gross-Gerau,Insects,2025-10-21,BBCH10,/home/nfs/data/nvme_datasets/Pictures_CFSB_leaf_damage/RSFB-Phenotyping_training_set/RSFB-Phenotyping_training_set/RSFB-Phenotyping_training_set_scores.csv,/home/nfs/data/nvme_datasets/Pictures_CFSB_leaf_damage/2025_10_21_RSFB-Phenotyping_GG1_scores.csv,train
20251021_151533.jpg,/home/nfs/data/nvme_datasets/Pictures_CFSB_leaf_damage/RSFB-Phenotyping_training_set/RSFB-Phenotyping_training_set/20251021_151533.jpg,21_R4S_278_Libritta_4_4,Libritta,21,278,4,4,1.0,2.0,1.5,1.0,Gross-Gerau,Insects,2025-10-21,BBCH10,/home/nfs/data/nvme_datasets/Pictures_CFSB_leaf_damage/RSFB-Phenotyping_training_set/RSFB-Phenotyping_training_set/RSFB-Phenotyping_training_set_scores.csv,/home/nfs/data/nvme_datasets/Pictures_CFSB_leaf_damage/2025_10_21_RSFB-Phenotyping_GG1_scores.csv,train
20251021_151540.jpg,/home/nfs/data/nvme_datasets/Pictures_CFSB_leaf_damage/RSFB-Phenotyping_training_set/RSFB-Phenotyping_training_set/20251021_151540.jpg,21_R4S_278_Libritta_4_4,Libritta,21,278,4,4,3.0,4.5,3.75,1.5,Gross-Gerau,Insects,2025-10-21,BBCH10,/home/nfs/data/nvme_datasets/Pictures_CFSB_leaf_damage/RSFB-Phenotyping_training_set/RSFB-Phenotyping_training_set/RSFB-Phenotyping_training_set_scores.csv,/home/nfs/data/nvme_datasets/Pictures_CFSB_leaf_damage/2025_10_21_RSFB-Phenotyping_GG1_scores.csv,train
20251021_151548.jpg,/home/nfs/data/nvme_datasets/Pictures_CFSB_leaf_damage/RSFB-Phenotyping_training_set/RSFB-Phenotyping_training_set/20251021_151548.jpg,21_R4S_278_Libritta_4_4,Libritta,21,278,4,4,2.0,2.5,2.25,0.5,Gross-Gerau,Insects,2025-10-21,BBCH10,/home/nfs/data/nvme_datasets/Pictures_CFSB_leaf_damage/RSFB-Phenotyping_training_set/RSFB-Phenotyping_training_set/RSFB-Phenotyping_training_set_scores.csv,/home/nfs/data/nvme_datasets/Pictures_CFSB_leaf_damage/2025_10_21_RSFB-Phenotyping_GG1_scores.csv,train
20251021_151602.jpg,/home/nfs/data/nvme_datasets/Pictures_CFSB_leaf_damage/RSFB-Phenotyping_training_set/RSFB-Phenotyping_training_set/20251021_151602.jpg,28_R4S_348_Wilhelmsburger_5_4,Wilhelmsburger,28,348,5,4,2.0,3.5,2.75,1.5,Gross-Gerau,Insects,2025-10-21,BBCH10,/home/nfs/data/nvme_datasets/Pictures_CFSB_leaf_damage/RSFB-Phenotyping_training_set/RSFB-Phenotyping_training_set/RSFB-Phenotyping_training_set_scores.csv,/home/nfs/data/nvme_datasets/Pictures_CFSB_leaf_damage/2025_10_21_RSFB-Phenotyping_GG1_scores.csv,train
20251021_151613.jpg,/home/nfs/data/nvme_datasets/Pictures_CFSB_leaf_damage/RSFB-Phenotyping_training_set/RSFB-Phenotyping_training_set/20251021_151613.jpg,28_R4S_348_Wilhelmsburger_5_4,Wilhelmsburger,28,348,5,4,7.0,7.5,7.25,0.5,Gross-Gerau,Insects,2025-10-21,BBCH10,/home/nfs/data/nvme_datasets/Pictures_CFSB_leaf_damage/RSFB-Phenotyping_training_set/RSFB-Phenotyping_training_set/RSFB-Phenotyping_training_set_scores.csv,/home/nfs/data/nvme_datasets/Pictures_CFSB_leaf_damage/2025_10_21_RSFB-Phenotyping_GG1_scores.csv,train
20251021_151621.jpg,/home/nfs/data/nvme_datasets/Pictures_CFSB_leaf_damage/RSFB-Phenotyping_training_set/RSFB-Phenotyping_training_set/20251021_151621.jpg,28_R4S_348_Wilhelmsburger_5_4,Wilhelmsburger,28,348,5,4,18.0,13.5,15.75,4.5,Gross-Gerau,Insects,2025-10-21,BBCH10,/home/nfs/data/nvme_datasets/Pictures_CFSB_leaf_damage/RSFB-Phenotyping_training_set/RSFB-Phenotyping_training_set/RSFB-Phenotyping_training_set_scores.csv,/home/nfs/data/nvme_datasets/Pictures_CFSB_leaf_damage/2025_10_21_RSFB-Phenotyping_GG1_scores.csv,train
20251021_151633.jpg,/home/nfs/data/nvme_datasets/Pictures_CFSB_leaf_damage/RSFB-Phenotyping_training_set/RSFB-Phenotyping_training_set/20251021_151633.jpg,33_R4S_281_Madora_6_4,Madora,33,281,6,4,10.0,6.0,8.0,4.0,Gross-Gerau,Insects,2025-10-21,BBCH10,/home/nfs/data/nvme_datasets/Pictures_CFSB_leaf_damage/RSFB-Phenotyping_training_set/RSFB-Phenotyping_training_set/RSFB-Phenotyping_training_set_scores.csv,/home/nfs/data/nvme_datasets/Pictures_CFSB_leaf_damage/2025_10_21_RSFB-Phenotyping_GG1_scores.csv,train
20251021_151731.jpg,/home/nfs/data/nvme_datasets/Pictures_CFSB_leaf_damage/RSFB-Phenotyping_training_set/RSFB-Phenotyping_training_set/20251021_151731.jpg,45_R4S_531_WINFRED_8_4,WINFRED,45,531,8,4,1.0,5.5,3.25,4.5,Gross-Gerau,Insects,2025-10-21,BBCH10,/home/nfs/data/nvme_datasets/Pictures_CFSB_leaf_damage/RSFB-Phenotyping_training_set/RSFB-Phenotyping_training_set/RSFB-Phenotyping_training_set_scores.csv,/home/nfs/data/nvme_datasets/Pictures_CFSB_leaf_damage/2025_10_21_RSFB-Phenotyping_GG1_scores.csv,train
20251021_151741.jpg,/home/nfs/data/nvme_datasets/Pictures_CFSB_leaf_damage/RSFB-Phenotyping_training_set/RSFB-Phenotyping_training_set/20251021_151741.jpg,45_R4S_531_WINFRED_8_4,WINFRED,45,531,8,4,1.0,2.5,1.75,1.5,Gross-Gerau,Insects,2025-10-21,BBCH10,/home/nfs/data/nvme_datasets/Pictures_CFSB_leaf_damage/RSFB-Phenotyping_training_set/RSFB-Phenotyping_training_set/RSFB-Phenotyping_training_set_scores.csv,/home/nfs/data/nvme_datasets/Pictures_CFSB_leaf_damage/2025_10_21_RSFB-Phenotyping_GG1_scores.csv,train
20251021_151843.jpg,/home/nfs/data/nvme_datasets/Pictures_CFSB_leaf_damage/RSFB-Phenotyping_training_set/RSFB-Phenotyping_training_set/20251021_151843.jpg,57_R4S_380_Sarepta_10_4,Sarepta,57,380,10,4,30.0,26.0,28.0,4.0,Gross-Gerau,Insects,2025-10-21,BBCH10,/home/nfs/data/nvme_datasets/Pictures_CFSB_leaf_damage/RSFB-Phenotyping_training_set/RSFB-Phenotyping_training_set/RSFB-Phenotyping_training_set_scores.csv,/home/nfs/data/nvme_datasets/Pictures_CFSB_leaf_damage/2025_10_21_RSFB-Phenotyping_GG1_scores.csv,train
20251021_151943.jpg,/home/nfs/data/nvme_datasets/Pictures_CFSB_leaf_damage/RSFB-Phenotyping_training_set/RSFB-Phenotyping_training_set/20251021_151943.jpg,69_R4S_504_Express 617_12_4,Express 617,69,504,12,4,1.0,3.5,2.25,2.5,Gross-Gerau,Insects,2025-10-21,BBCH10,/home/nfs/data/nvme_datasets/Pictures_CFSB_leaf_damage/RSFB-Phenotyping_training_set/RSFB-Phenotyping_training_set/RSFB-Phenotyping_training_set_scores.csv,/home/nfs/data/nvme_datasets/Pictures_CFSB_leaf_damage/2025_10_21_RSFB-Phenotyping_GG1_scores.csv,val
20251021_151952.jpg,/home/nfs/data/nvme_datasets/Pictures_CFSB_leaf_damage/RSFB-Phenotyping_training_set/RSFB-Phenotyping_training_set/20251021_151952.jpg,69_R4S_504_Express 617_12_4,Express 617,69,504,12,4,3.0,5.5,4.25,2.5,Gross-Gerau,Insects,2025-10-21,BBCH10,/home/nfs/data/nvme_datasets/Pictures_CFSB_leaf_damage/RSFB-Phenotyping_training_set/RSFB-Phenotyping_training_set/RSFB-Phenotyping_training_set_scores.csv,/home/nfs/data/nvme_datasets/Pictures_CFSB_leaf_damage/2025_10_21_RSFB-Phenotyping_GG1_scores.csv,val
20251021_152015.jpg,/home/nfs/data/nvme_datasets/Pictures_CFSB_leaf_damage/RSFB-Phenotyping_training_set/RSFB-Phenotyping_training_set/20251021_152015.jpg,76_R4S_152_Missouri_13_4,Missouri,76,152,13,4,8.0,6.0,7.0,2.0,Gross-Gerau,Insects,2025-10-21,BBCH10,/home/nfs/data/nvme_datasets/Pictures_CFSB_leaf_damage/RSFB-Phenotyping_training_set/RSFB-Phenotyping_training_set/RSFB-Phenotyping_training_set_scores.csv,/home/nfs/data/nvme_datasets/Pictures_CFSB_leaf_damage/2025_10_21_RSFB-Phenotyping_GG1_scores.csv,train
20251021_152119.jpg,/home/nfs/data/nvme_datasets/Pictures_CFSB_leaf_damage/RSFB-Phenotyping_training_set/RSFB-Phenotyping_training_set/20251021_152119.jpg,88_R4S_172_Aragon_15_4,Aragon,88,172,15,4,8.0,6.5,7.25,1.5,Gross-Gerau,Insects,2025-10-21,BBCH10,/home/nfs/data/nvme_datasets/Pictures_CFSB_leaf_damage/RSFB-Phenotyping_training_set/RSFB-Phenotyping_training_set/RSFB-Phenotyping_training_set_scores.csv,/home/nfs/data/nvme_datasets/Pictures_CFSB_leaf_damage/2025_10_21_RSFB-Phenotyping_GG1_scores.csv,val
20251021_152143.jpg,/home/nfs/data/nvme_datasets/Pictures_CFSB_leaf_damage/RSFB-Phenotyping_training_set/RSFB-Phenotyping_training_set/20251021_152143.jpg,93_R4S_502_LG Aviron_16_4,LG Aviron,93,502,16,4,2.0,1.5,1.75,0.5,Gross-Gerau,Insects,2025-10-21,BBCH10,/home/nfs/data/nvme_datasets/Pictures_CFSB_leaf_damage/RSFB-Phenotyping_training_set/RSFB-Phenotyping_training_set/RSFB-Phenotyping_training_set_scores.csv,/home/nfs/data/nvme_datasets/Pictures_CFSB_leaf_damage/2025_10_21_RSFB-Phenotyping_GG1_scores.csv,train
20251021_152150.jpg,/home/nfs/data/nvme_datasets/Pictures_CFSB_leaf_damage/RSFB-Phenotyping_training_set/RSFB-Phenotyping_training_set/20251021_152150.jpg,93_R4S_502_LG Aviron_16_4,LG Aviron,93,502,16,4,2.0,3.0,2.5,1.0,Gross-Gerau,Insects,2025-10-21,BBCH10,/home/nfs/data/nvme_datasets/Pictures_CFSB_leaf_damage/RSFB-Phenotyping_training_set/RSFB-Phenotyping_training_set/RSFB-Phenotyping_training_set_scores.csv,/home/nfs/data/nvme_datasets/Pictures_CFSB_leaf_damage/2025_10_21_RSFB-Phenotyping_GG1_scores.csv,train
20251021_152227.jpg,/home/nfs/data/nvme_datasets/Pictures_CFSB_leaf_damage/RSFB-Phenotyping_training_set/RSFB-Phenotyping_training_set/20251021_152227.jpg,100_R4S_251_Lisabeth_17_4,Lisabeth,100,251,17,4,10.0,6.0,8.0,4.0,Gross-Gerau,Insects,2025-10-21,BBCH10,/home/nfs/data/nvme_datasets/Pictures_CFSB_leaf_damage/RSFB-Phenotyping_training_set/RSFB-Phenotyping_training_set/RSFB-Phenotyping_training_set_scores.csv,/home/nfs/data/nvme_datasets/Pictures_CFSB_leaf_damage/2025_10_21_RSFB-Phenotyping_GG1_scores.csv,test
20251021_152247.jpg,/home/nfs/data/nvme_datasets/Pictures_CFSB_leaf_damage/RSFB-Phenotyping_training_set/RSFB-Phenotyping_training_set/20251021_152247.jpg,105_R4S_183_Prince_18_4,Prince,105,183,18,4,8.0,5.0,6.5,3.0,Gross-Gerau,Insects,2025-10-21,BBCH10,/home/nfs/data/nvme_datasets/Pictures_CFSB_leaf_damage/RSFB-Phenotyping_training_set/RSFB-Phenotyping_training_set/RSFB-Phenotyping_training_set_scores.csv,/home/nfs/data/nvme_datasets/Pictures_CFSB_leaf_damage/2025_10_21_RSFB-Phenotyping_GG1_scores.csv,train
20251021_152253.jpg,/home/nfs/data/nvme_datasets/Pictures_CFSB_leaf_damage/RSFB-Phenotyping_training_set/RSFB-Phenotyping_training_set/20251021_152253.jpg,105_R4S_183_Prince_18_4,Prince,105,183,18,4,10.0,6.0,8.0,4.0,Gross-Gerau,Insects,2025-10-21,BBCH10,/home/nfs/data/nvme_datasets/Pictures_CFSB_leaf_damage/RSFB-Phenotyping_training_set/RSFB-Phenotyping_training_set/RSFB-Phenotyping_training_set_scores.csv,/home/nfs/data/nvme_datasets/Pictures_CFSB_leaf_damage/2025_10_21_RSFB-Phenotyping_GG1_scores.csv,train
20251021_152348.jpg,/home/nfs/data/nvme_datasets/Pictures_CFSB_leaf_damage/RSFB-Phenotyping_training_set/RSFB-Phenotyping_training_set/20251021_152348.jpg,117_R4S_159_Lipton_20_4,Lipton,117,159,20,4,10.0,9.0,9.5,1.0,Gross-Gerau,Insects,2025-10-21,BBCH10,/home/nfs/data/nvme_datasets/Pictures_CFSB_leaf_damage/RSFB-Phenotyping_training_set/RSFB-Phenotyping_training_set/RSFB-Phenotyping_training_set_scores.csv,/home/nfs/data/nvme_datasets/Pictures_CFSB_leaf_damage/2025_10_21_RSFB-Phenotyping_GG1_scores.csv,val
20251021_152415.jpg,/home/nfs/data/nvme_datasets/Pictures_CFSB_leaf_damage/RSFB-Phenotyping_training_set/RSFB-Phenotyping_training_set/20251021_152415.jpg,117_R4S_159_Lipton_20_4,Lipton,117,159,20,4,5.0,5.0,5.0,0.0,Gross-Gerau,Insects,2025-10-21,BBCH10,/home/nfs/data/nvme_datasets/Pictures_CFSB_leaf_damage/RSFB-Phenotyping_training_set/RSFB-Phenotyping_training_set/RSFB-Phenotyping_training_set_scores.csv,/home/nfs/data/nvme_datasets/Pictures_CFSB_leaf_damage/2025_10_21_RSFB-Phenotyping_GG1_scores.csv,val
20251021_152436.jpg,/home/nfs/data/nvme_datasets/Pictures_CFSB_leaf_damage/RSFB-Phenotyping_training_set/RSFB-Phenotyping_training_set/20251021_152436.jpg,124_R4S_372_CANARD_21_4,CANARD,124,372,21,4,24.0,20.5,22.25,3.5,Gross-Gerau,Insects,2025-10-21,BBCH10,/home/nfs/data/nvme_datasets/Pictures_CFSB_leaf_damage/RSFB-Phenotyping_training_set/RSFB-Phenotyping_training_set/RSFB-Phenotyping_training_set_scores.csv,/home/nfs/data/nvme_datasets/Pictures_CFSB_leaf_damage/2025_10_21_RSFB-Phenotyping_GG1_scores.csv,train
20251021_152452.jpg,/home/nfs/data/nvme_datasets/Pictures_CFSB_leaf_damage/RSFB-Phenotyping_training_set/RSFB-Phenotyping_training_set/20251021_152452.jpg,129_R4S_540_Smaragd_22_4,Smaragd,129,540,22,4,4.0,4.5,4.25,0.5,Gross-Gerau,Insects,2025-10-21,BBCH10,/home/nfs/data/nvme_datasets/Pictures_CFSB_leaf_damage/RSFB-Phenotyping_training_set/RSFB-Phenotyping_training_set/RSFB-Phenotyping_training_set_scores.csv,/home/nfs/data/nvme_datasets/Pictures_CFSB_leaf_damage/2025_10_21_RSFB-Phenotyping_GG1_scores.csv,train
20251021_152505.jpg,/home/nfs/data/nvme_datasets/Pictures_CFSB_leaf_damage/RSFB-Phenotyping_training_set/RSFB-Phenotyping_training_set/20251021_152505.jpg,129_R4S_540_Smaragd_22_4,Smaragd,129,540,22,4,3.0,3.8,3.4,0.7999999999999998,Gross-Gerau,Insects,2025-10-21,BBCH10,/home/nfs/data/nvme_datasets/Pictures_CFSB_leaf_damage/RSFB-Phenotyping_training_set/RSFB-Phenotyping_training_set/RSFB-Phenotyping_training_set_scores.csv,/home/nfs/data/nvme_datasets/Pictures_CFSB_leaf_damage/2025_10_21_RSFB-Phenotyping_GG1_scores.csv,train
20251021_152521.jpg,/home/nfs/data/nvme_datasets/Pictures_CFSB_leaf_damage/RSFB-Phenotyping_training_set/RSFB-Phenotyping_training_set/20251021_152521.jpg,136_R4S_500_LG Atlas_23_4,LG Atlas,136,500,23,4,1.0,2.2,1.6,1.2000000000000002,Gross-Gerau,Insects,2025-10-21,BBCH10,/home/nfs/data/nvme_datasets/Pictures_CFSB_leaf_damage/RSFB-Phenotyping_training_set/RSFB-Phenotyping_training_set/RSFB-Phenotyping_training_set_scores.csv,/home/nfs/data/nvme_datasets/Pictures_CFSB_leaf_damage/2025_10_21_RSFB-Phenotyping_GG1_scores.csv,train
20251021_152528.jpg,/home/nfs/data/nvme_datasets/Pictures_CFSB_leaf_damage/RSFB-Phenotyping_training_set/RSFB-Phenotyping_training_set/20251021_152528.jpg,136_R4S_500_LG Atlas_23_4,LG Atlas,136,500,23,4,2.0,3.5,2.75,1.5,Gross-Gerau,Insects,2025-10-21,BBCH10,/home/nfs/data/nvme_datasets/Pictures_CFSB_leaf_damage/RSFB-Phenotyping_training_set/RSFB-Phenotyping_training_set/RSFB-Phenotyping_training_set_scores.csv,/home/nfs/data/nvme_datasets/Pictures_CFSB_leaf_damage/2025_10_21_RSFB-Phenotyping_GG1_scores.csv,train
20251021_152601.jpg,/home/nfs/data/nvme_datasets/Pictures_CFSB_leaf_damage/RSFB-Phenotyping_training_set/RSFB-Phenotyping_training_set/20251021_152601.jpg,141_R4S_448_K160.1.1_24_4,K160.1.1,141,448,24,4,15.0,16.5,15.75,1.5,Gross-Gerau,Insects,2025-10-21,BBCH10,/home/nfs/data/nvme_datasets/Pictures_CFSB_leaf_damage/RSFB-Phenotyping_training_set/RSFB-Phenotyping_training_set/RSFB-Phenotyping_training_set_scores.csv,/home/nfs/data/nvme_datasets/Pictures_CFSB_leaf_damage/2025_10_21_RSFB-Phenotyping_GG1_scores.csv,train
20251021_152612.jpg,/home/nfs/data/nvme_datasets/Pictures_CFSB_leaf_damage/RSFB-Phenotyping_training_set/RSFB-Phenotyping_training_set/20251021_152612.jpg,141_R4S_448_K160.1.1_24_4,K160.1.1,141,448,24,4,8.0,6.5,7.25,1.5,Gross-Gerau,Insects,2025-10-21,BBCH10,/home/nfs/data/nvme_datasets/Pictures_CFSB_leaf_damage/RSFB-Phenotyping_training_set/RSFB-Phenotyping_training_set/RSFB-Phenotyping_training_set_scores.csv,/home/nfs/data/nvme_datasets/Pictures_CFSB_leaf_damage/2025_10_21_RSFB-Phenotyping_GG1_scores.csv,train
20251021_152708.jpg,/home/nfs/data/nvme_datasets/Pictures_CFSB_leaf_damage/RSFB-Phenotyping_training_set/RSFB-Phenotyping_training_set/20251021_152708.jpg,153_R4S_205_RESZN/H048_26_4,RESZN/H048,153,205,26,4,2.0,5.5,3.75,3.5,Gross-Gerau,Insects,2025-10-21,BBCH10,/home/nfs/data/nvme_datasets/Pictures_CFSB_leaf_damage/RSFB-Phenotyping_training_set/RSFB-Phenotyping_training_set/RSFB-Phenotyping_training_set_scores.csv,/home/nfs/data/nvme_datasets/Pictures_CFSB_leaf_damage/2025_10_21_RSFB-Phenotyping_GG1_scores.csv,test
20251021_152715.jpg,/home/nfs/data/nvme_datasets/Pictures_CFSB_leaf_damage/RSFB-Phenotyping_training_set/RSFB-Phenotyping_training_set/20251021_152715.jpg,153_R4S_205_RESZN/H048_26_4,RESZN/H048,153,205,26,4,4.0,6.0,5.0,2.0,Gross-Gerau,Insects,2025-10-21,BBCH10,/home/nfs/data/nvme_datasets/Pictures_CFSB_leaf_damage/RSFB-Phenotyping_training_set/RSFB-Phenotyping_training_set/RSFB-Phenotyping_training_set_scores.csv,/home/nfs/data/nvme_datasets/Pictures_CFSB_leaf_damage/2025_10_21_RSFB-Phenotyping_GG1_scores.csv,test
20251021_152802.jpg,/home/nfs/data/nvme_datasets/Pictures_CFSB_leaf_damage/RSFB-Phenotyping_training_set/RSFB-Phenotyping_training_set/20251021_152802.jpg,165_R4S_346_Angus_28_4,Angus,165,346,28,4,1.0,4.0,2.5,3.0,Gross-Gerau,Insects,2025-10-21,BBCH10,/home/nfs/data/nvme_datasets/Pictures_CFSB_leaf_damage/RSFB-Phenotyping_training_set/RSFB-Phenotyping_training_set/RSFB-Phenotyping_training_set_scores.csv,/home/nfs/data/nvme_datasets/Pictures_CFSB_leaf_damage/2025_10_21_RSFB-Phenotyping_GG1_scores.csv,train
20251021_152809.jpg,/home/nfs/data/nvme_datasets/Pictures_CFSB_leaf_damage/RSFB-Phenotyping_training_set/RSFB-Phenotyping_training_set/20251021_152809.jpg,165_R4S_346_Angus_28_4,Angus,165,346,28,4,2.0,3.5,2.75,1.5,Gross-Gerau,Insects,2025-10-21,BBCH10,/home/nfs/data/nvme_datasets/Pictures_CFSB_leaf_damage/RSFB-Phenotyping_training_set/RSFB-Phenotyping_training_set/RSFB-Phenotyping_training_set_scores.csv,/home/nfs/data/nvme_datasets/Pictures_CFSB_leaf_damage/2025_10_21_RSFB-Phenotyping_GG1_scores.csv,train
20251021_153001.jpg,/home/nfs/data/nvme_datasets/Pictures_CFSB_leaf_damage/RSFB-Phenotyping_training_set/RSFB-Phenotyping_training_set/20251021_153001.jpg,189_R4S_239_SW Sinatra_32_4,SW Sinatra,189,239,32,4,15.0,13.0,14.0,2.0,Gross-Gerau,Insects,2025-10-21,BBCH10,/home/nfs/data/nvme_datasets/Pictures_CFSB_leaf_damage/RSFB-Phenotyping_training_set/RSFB-Phenotyping_training_set/RSFB-Phenotyping_training_set_scores.csv,/home/nfs/data/nvme_datasets/Pictures_CFSB_leaf_damage/2025_10_21_RSFB-Phenotyping_GG1_scores.csv,test
20251021_153136.jpg,/home/nfs/data/nvme_datasets/Pictures_CFSB_leaf_damage/RSFB-Phenotyping_training_set/RSFB-Phenotyping_training_set/20251021_153136.jpg,208_R4S_418_R64_35_4,R64,208,418,35,4,10.0,7.0,8.5,3.0,Gross-Gerau,Insects,2025-10-21,BBCH10,/home/nfs/data/nvme_datasets/Pictures_CFSB_leaf_damage/RSFB-Phenotyping_training_set/RSFB-Phenotyping_training_set/RSFB-Phenotyping_training_set_scores.csv,/home/nfs/data/nvme_datasets/Pictures_CFSB_leaf_damage/2025_10_21_RSFB-Phenotyping_GG1_scores.csv,test
20251021_153203.jpg,/home/nfs/data/nvme_datasets/Pictures_CFSB_leaf_damage/RSFB-Phenotyping_training_set/RSFB-Phenotyping_training_set/20251021_153203.jpg,213_R4S_237_Loreny_36_4,Loreny,213,237,36,4,1.0,5.0,3.0,4.0,Gross-Gerau,Insects,2025-10-21,BBCH10,/home/nfs/data/nvme_datasets/Pictures_CFSB_leaf_damage/RSFB-Phenotyping_training_set/RSFB-Phenotyping_training_set/RSFB-Phenotyping_training_set_scores.csv,/home/nfs/data/nvme_datasets/Pictures_CFSB_leaf_damage/2025_10_21_RSFB-Phenotyping_GG1_scores.csv,train
20251021_153216.jpg,/home/nfs/data/nvme_datasets/Pictures_CFSB_leaf_damage/RSFB-Phenotyping_training_set/RSFB-Phenotyping_training_set/20251021_153216.jpg,220_R4S_497_R4S_NPY1_37_4,R4S_NPY1,220,497,37,4,2.0,4.5,3.25,2.5,Gross-Gerau,Insects,2025-10-21,BBCH10,/home/nfs/data/nvme_datasets/Pictures_CFSB_leaf_damage/RSFB-Phenotyping_training_set/RSFB-Phenotyping_training_set/RSFB-Phenotyping_training_set_scores.csv,/home/nfs/data/nvme_datasets/Pictures_CFSB_leaf_damage/2025_10_21_RSFB-Phenotyping_GG1_scores.csv,train
20251021_153234.jpg,/home/nfs/data/nvme_datasets/Pictures_CFSB_leaf_damage/RSFB-Phenotyping_training_set/RSFB-Phenotyping_training_set/20251021_153234.jpg,220_R4S_497_R4S_NPY1_37_4,R4S_NPY1,220,497,37,4,2.0,7.0,4.5,5.0,Gross-Gerau,Insects,2025-10-21,BBCH10,/home/nfs/data/nvme_datasets/Pictures_CFSB_leaf_damage/RSFB-Phenotyping_training_set/RSFB-Phenotyping_training_set/RSFB-Phenotyping_training_set_scores.csv,/home/nfs/data/nvme_datasets/Pictures_CFSB_leaf_damage/2025_10_21_RSFB-Phenotyping_GG1_scores.csv,train
20251021_153336.jpg,/home/nfs/data/nvme_datasets/Pictures_CFSB_leaf_damage/RSFB-Phenotyping_training_set/RSFB-Phenotyping_training_set/20251021_153336.jpg,232_R4S_238_Viking_39_4,Viking,232,238,39,4,21.0,16.0,18.5,5.0,Gross-Gerau,Insects,2025-10-21,BBCH10,/home/nfs/data/nvme_datasets/Pictures_CFSB_leaf_damage/RSFB-Phenotyping_training_set/RSFB-Phenotyping_training_set/RSFB-Phenotyping_training_set_scores.csv,/home/nfs/data/nvme_datasets/Pictures_CFSB_leaf_damage/2025_10_21_RSFB-Phenotyping_GG1_scores.csv,train
20251021_153346.jpg,/home/nfs/data/nvme_datasets/Pictures_CFSB_leaf_damage/RSFB-Phenotyping_training_set/RSFB-Phenotyping_training_set/20251021_153346.jpg,237_R4S_334_Sator Oetofte_40_4,Sator Oetofte,237,334,40,4,2.0,5.0,3.5,3.0,Gross-Gerau,Insects,2025-10-21,BBCH10,/home/nfs/data/nvme_datasets/Pictures_CFSB_leaf_damage/RSFB-Phenotyping_training_set/RSFB-Phenotyping_training_set/RSFB-Phenotyping_training_set_scores.csv,/home/nfs/data/nvme_datasets/Pictures_CFSB_leaf_damage/2025_10_21_RSFB-Phenotyping_GG1_scores.csv,train
20251021_153356.jpg,/home/nfs/data/nvme_datasets/Pictures_CFSB_leaf_damage/RSFB-Phenotyping_training_set/RSFB-Phenotyping_training_set/20251021_153356.jpg,237_R4S_334_Sator Oetofte_40_4,Sator Oetofte,237,334,40,4,7.0,8.5,7.75,1.5,Gross-Gerau,Insects,2025-10-21,BBCH10,/home/nfs/data/nvme_datasets/Pictures_CFSB_leaf_damage/RSFB-Phenotyping_training_set/RSFB-Phenotyping_training_set/RSFB-Phenotyping_training_set_scores.csv,/home/nfs/data/nvme_datasets/Pictures_CFSB_leaf_damage/2025_10_21_RSFB-Phenotyping_GG1_scores.csv,train
20251021_153545.jpg,/home/nfs/data/nvme_datasets/Pictures_CFSB_leaf_damage/RSFB-Phenotyping_training_set/RSFB-Phenotyping_training_set/20251021_153545.jpg,261_R4S_227_Wotan_44_4,Wotan,261,227,44,4,5.0,5.0,5.0,0.0,Gross-Gerau,Insects,2025-10-21,BBCH10,/home/nfs/data/nvme_datasets/Pictures_CFSB_leaf_damage/RSFB-Phenotyping_training_set/RSFB-Phenotyping_training_set/RSFB-Phenotyping_training_set_scores.csv,/home/nfs/data/nvme_datasets/Pictures_CFSB_leaf_damage/2025_10_21_RSFB-Phenotyping_GG1_scores.csv,train
20251021_153554.jpg,/home/nfs/data/nvme_datasets/Pictures_CFSB_leaf_damage/RSFB-Phenotyping_training_set/RSFB-Phenotyping_training_set/20251021_153554.jpg,261_R4S_227_Wotan_44_4,Wotan,261,227,44,4,1.0,4.0,2.5,3.0,Gross-Gerau,Insects,2025-10-21,BBCH10,/home/nfs/data/nvme_datasets/Pictures_CFSB_leaf_damage/RSFB-Phenotyping_training_set/RSFB-Phenotyping_training_set/RSFB-Phenotyping_training_set_scores.csv,/home/nfs/data/nvme_datasets/Pictures_CFSB_leaf_damage/2025_10_21_RSFB-Phenotyping_GG1_scores.csv,train
20251021_153602.jpg,/home/nfs/data/nvme_datasets/Pictures_CFSB_leaf_damage/RSFB-Phenotyping_training_set/RSFB-Phenotyping_training_set/20251021_153602.jpg,261_R4S_227_Wotan_44_4,Wotan,261,227,44,4,1.0,3.0,2.0,2.0,Gross-Gerau,Insects,2025-10-21,BBCH10,/home/nfs/data/nvme_datasets/Pictures_CFSB_leaf_damage/RSFB-Phenotyping_training_set/RSFB-Phenotyping_training_set/RSFB-Phenotyping_training_set_scores.csv,/home/nfs/data/nvme_datasets/Pictures_CFSB_leaf_damage/2025_10_21_RSFB-Phenotyping_GG1_scores.csv,train
20251021_153622.jpg,/home/nfs/data/nvme_datasets/Pictures_CFSB_leaf_damage/RSFB-Phenotyping_training_set/RSFB-Phenotyping_training_set/20251021_153622.jpg,268_R4S_264_Allure_45_4,Allure,268,264,45,4,18.0,17.0,17.5,1.0,Gross-Gerau,Insects,2025-10-21,BBCH10,/home/nfs/data/nvme_datasets/Pictures_CFSB_leaf_damage/RSFB-Phenotyping_training_set/RSFB-Phenotyping_training_set/RSFB-Phenotyping_training_set_scores.csv,/home/nfs/data/nvme_datasets/Pictures_CFSB_leaf_damage/2025_10_21_RSFB-Phenotyping_GG1_scores.csv,val
20251021_153843.jpg,/home/nfs/data/nvme_datasets/Pictures_CFSB_leaf_damage/RSFB-Phenotyping_training_set/RSFB-Phenotyping_training_set/20251021_153843.jpg,292_R4S_485_K29_49_4,K29,292,485,49,4,5.0,5.0,5.0,0.0,Gross-Gerau,Insects,2025-10-21,BBCH10,/home/nfs/data/nvme_datasets/Pictures_CFSB_leaf_damage/RSFB-Phenotyping_training_set/RSFB-Phenotyping_training_set/RSFB-Phenotyping_training_set_scores.csv,/home/nfs/data/nvme_datasets/Pictures_CFSB_leaf_damage/2025_10_21_RSFB-Phenotyping_GG1_scores.csv,train
20251021_154000.jpg,/home/nfs/data/nvme_datasets/Pictures_CFSB_leaf_damage/RSFB-Phenotyping_training_set/RSFB-Phenotyping_training_set/20251021_154000.jpg,309_Smaragd_52_4,Smaragd,309,NA,52,4,8.0,11.5,9.75,3.5,Gross-Gerau,Insects,2025-10-21,BBCH10,/home/nfs/data/nvme_datasets/Pictures_CFSB_leaf_damage/RSFB-Phenotyping_training_set/RSFB-Phenotyping_training_set/RSFB-Phenotyping_training_set_scores.csv,/home/nfs/data/nvme_datasets/Pictures_CFSB_leaf_damage/2025_10_21_RSFB-Phenotyping_GG1_scores.csv,val
20251021_154058.jpg,/home/nfs/data/nvme_datasets/Pictures_CFSB_leaf_damage/RSFB-Phenotyping_training_set/RSFB-Phenotyping_training_set/20251021_154058.jpg,308_Smaragd_52_5,Smaragd,308,NA,52,5,1.0,3.5,2.25,2.5,Gross-Gerau,Insects,2025-10-21,BBCH10,/home/nfs/data/nvme_datasets/Pictures_CFSB_leaf_damage/RSFB-Phenotyping_training_set/RSFB-Phenotyping_training_set/RSFB-Phenotyping_training_set_scores.csv,/home/nfs/data/nvme_datasets/Pictures_CFSB_leaf_damage/2025_10_21_RSFB-Phenotyping_GG1_scores.csv,test
20251021_154116.jpg,/home/nfs/data/nvme_datasets/Pictures_CFSB_leaf_damage/RSFB-Phenotyping_training_set/RSFB-Phenotyping_training_set/20251021_154116.jpg,305_R4S_524_Taisetsu_51_5,Taisetsu,305,524,51,5,14.0,11.5,12.75,2.5,Gross-Gerau,Insects,2025-10-21,BBCH10,/home/nfs/data/nvme_datasets/Pictures_CFSB_leaf_damage/RSFB-Phenotyping_training_set/RSFB-Phenotyping_training_set/RSFB-Phenotyping_training_set_scores.csv,/home/nfs/data/nvme_datasets/Pictures_CFSB_leaf_damage/2025_10_21_RSFB-Phenotyping_GG1_scores.csv,test
20251021_154141.jpg,/home/nfs/data/nvme_datasets/Pictures_CFSB_leaf_damage/RSFB-Phenotyping_training_set/RSFB-Phenotyping_training_set/20251021_154141.jpg,296_R4S_393_Gross/Luesewityer_50_5,Gross/Luesewityer,296,393,50,5,30.0,25.5,27.75,4.5,Gross-Gerau,Insects,2025-10-21,BBCH10,/home/nfs/data/nvme_datasets/Pictures_CFSB_leaf_damage/RSFB-Phenotyping_training_set/RSFB-Phenotyping_training_set/RSFB-Phenotyping_training_set_scores.csv,/home/nfs/data/nvme_datasets/Pictures_CFSB_leaf_damage/2025_10_21_RSFB-Phenotyping_GG1_scores.csv,test
20251021_154210.jpg,/home/nfs/data/nvme_datasets/Pictures_CFSB_leaf_damage/RSFB-Phenotyping_training_set/RSFB-Phenotyping_training_set/20251021_154210.jpg,293_R4S_222_HANSEN X GASPARD DH LINE_49_5,HANSEN X GASPARD DH LINE,293,222,49,5,12.0,11.0,11.5,1.0,Gross-Gerau,Insects,2025-10-21,BBCH10,/home/nfs/data/nvme_datasets/Pictures_CFSB_leaf_damage/RSFB-Phenotyping_training_set/RSFB-Phenotyping_training_set/RSFB-Phenotyping_training_set_scores.csv,/home/nfs/data/nvme_datasets/Pictures_CFSB_leaf_damage/2025_10_21_RSFB-Phenotyping_GG1_scores.csv,train
20251021_154223.jpg,/home/nfs/data/nvme_datasets/Pictures_CFSB_leaf_damage/RSFB-Phenotyping_training_set/RSFB-Phenotyping_training_set/20251021_154223.jpg,293_R4S_222_HANSEN X GASPARD DH LINE_49_5,HANSEN X GASPARD DH LINE,293,222,49,5,10.0,12.5,11.25,2.5,Gross-Gerau,Insects,2025-10-21,BBCH10,/home/nfs/data/nvme_datasets/Pictures_CFSB_leaf_damage/RSFB-Phenotyping_training_set/RSFB-Phenotyping_training_set/RSFB-Phenotyping_training_set_scores.csv,/home/nfs/data/nvme_datasets/Pictures_CFSB_leaf_damage/2025_10_21_RSFB-Phenotyping_GG1_scores.csv,train
20251021_154307.jpg,/home/nfs/data/nvme_datasets/Pictures_CFSB_leaf_damage/RSFB-Phenotyping_training_set/RSFB-Phenotyping_training_set/20251021_154307.jpg,281_R4S_202_Mohican_47_5,Mohican,281,202,47,5,5.0,10.0,7.5,5.0,Gross-Gerau,Insects,2025-10-21,BBCH10,/home/nfs/data/nvme_datasets/Pictures_CFSB_leaf_damage/RSFB-Phenotyping_training_set/RSFB-Phenotyping_training_set/RSFB-Phenotyping_training_set_scores.csv,/home/nfs/data/nvme_datasets/Pictures_CFSB_leaf_damage/2025_10_21_RSFB-Phenotyping_GG1_scores.csv,train
20251021_154331.jpg,/home/nfs/data/nvme_datasets/Pictures_CFSB_leaf_damage/RSFB-Phenotyping_training_set/RSFB-Phenotyping_training_set/20251021_154331.jpg,272_R4S_533_WINFRED_46_5,WINFRED,272,533,46,5,1.0,3.5,2.25,2.5,Gross-Gerau,Insects,2025-10-21,BBCH10,/home/nfs/data/nvme_datasets/Pictures_CFSB_leaf_damage/RSFB-Phenotyping_training_set/RSFB-Phenotyping_training_set/RSFB-Phenotyping_training_set_scores.csv,/home/nfs/data/nvme_datasets/Pictures_CFSB_leaf_damage/2025_10_21_RSFB-Phenotyping_GG1_scores.csv,train
20251021_154338.jpg,/home/nfs/data/nvme_datasets/Pictures_CFSB_leaf_damage/RSFB-Phenotyping_training_set/RSFB-Phenotyping_training_set/20251021_154338.jpg,272_R4S_533_WINFRED_46_5,WINFRED,272,533,46,5,1.0,4.0,2.5,3.0,Gross-Gerau,Insects,2025-10-21,BBCH10,/home/nfs/data/nvme_datasets/Pictures_CFSB_leaf_damage/RSFB-Phenotyping_training_set/RSFB-Phenotyping_training_set/RSFB-Phenotyping_training_set_scores.csv,/home/nfs/data/nvme_datasets/Pictures_CFSB_leaf_damage/2025_10_21_RSFB-Phenotyping_GG1_scores.csv,train
20251021_154345.jpg,/home/nfs/data/nvme_datasets/Pictures_CFSB_leaf_damage/RSFB-Phenotyping_training_set/RSFB-Phenotyping_training_set/20251021_154345.jpg,272_R4S_533_WINFRED_46_5,WINFRED,272,533,46,5,1.0,3.0,2.0,2.0,Gross-Gerau,Insects,2025-10-21,BBCH10,/home/nfs/data/nvme_datasets/Pictures_CFSB_leaf_damage/RSFB-Phenotyping_training_set/RSFB-Phenotyping_training_set/RSFB-Phenotyping_training_set_scores.csv,/home/nfs/data/nvme_datasets/Pictures_CFSB_leaf_damage/2025_10_21_RSFB-Phenotyping_GG1_scores.csv,train
20251021_154359.jpg,/home/nfs/data/nvme_datasets/Pictures_CFSB_leaf_damage/RSFB-Phenotyping_training_set/RSFB-Phenotyping_training_set/20251021_154359.jpg,269_R4S_235_Nugget_45_5,Nugget,269,235,45,5,5.0,5.5,5.25,0.5,Gross-Gerau,Insects,2025-10-21,BBCH10,/home/nfs/data/nvme_datasets/Pictures_CFSB_leaf_damage/RSFB-Phenotyping_training_set/RSFB-Phenotyping_training_set/RSFB-Phenotyping_training_set_scores.csv,/home/nfs/data/nvme_datasets/Pictures_CFSB_leaf_damage/2025_10_21_RSFB-Phenotyping_GG1_scores.csv,train
20251021_154406.jpg,/home/nfs/data/nvme_datasets/Pictures_CFSB_leaf_damage/RSFB-Phenotyping_training_set/RSFB-Phenotyping_training_set/20251021_154406.jpg,269_R4S_235_Nugget_45_5,Nugget,269,235,45,5,2.0,2.0,2.0,0.0,Gross-Gerau,Insects,2025-10-21,BBCH10,/home/nfs/data/nvme_datasets/Pictures_CFSB_leaf_damage/RSFB-Phenotyping_training_set/RSFB-Phenotyping_training_set/RSFB-Phenotyping_training_set_scores.csv,/home/nfs/data/nvme_datasets/Pictures_CFSB_leaf_damage/2025_10_21_RSFB-Phenotyping_GG1_scores.csv,train
20251021_154414.jpg,/home/nfs/data/nvme_datasets/Pictures_CFSB_leaf_damage/RSFB-Phenotyping_training_set/RSFB-Phenotyping_training_set/20251021_154414.jpg,269_R4S_235_Nugget_45_5,Nugget,269,235,45,5,1.0,5.5,3.25,4.5,Gross-Gerau,Insects,2025-10-21,BBCH10,/home/nfs/data/nvme_datasets/Pictures_CFSB_leaf_damage/RSFB-Phenotyping_training_set/RSFB-Phenotyping_training_set/RSFB-Phenotyping_training_set_scores.csv,/home/nfs/data/nvme_datasets/Pictures_CFSB_leaf_damage/2025_10_21_RSFB-Phenotyping_GG1_scores.csv,train
20251021_154427.jpg,/home/nfs/data/nvme_datasets/Pictures_CFSB_leaf_damage/RSFB-Phenotyping_training_set/RSFB-Phenotyping_training_set/20251021_154427.jpg,260_R4S_449_G50_44_5,G50,260,449,44,5,4.0,9.0,6.5,5.0,Gross-Gerau,Insects,2025-10-21,BBCH10,/home/nfs/data/nvme_datasets/Pictures_CFSB_leaf_damage/RSFB-Phenotyping_training_set/RSFB-Phenotyping_training_set/RSFB-Phenotyping_training_set_scores.csv,/home/nfs/data/nvme_datasets/Pictures_CFSB_leaf_damage/2025_10_21_RSFB-Phenotyping_GG1_scores.csv,train
20251021_154436.jpg,/home/nfs/data/nvme_datasets/Pictures_CFSB_leaf_damage/RSFB-Phenotyping_training_set/RSFB-Phenotyping_training_set/20251021_154436.jpg,260_R4S_449_G50_44_5,G50,260,449,44,5,2.0,3.0,2.5,1.0,Gross-Gerau,Insects,2025-10-21,BBCH10,/home/nfs/data/nvme_datasets/Pictures_CFSB_leaf_damage/RSFB-Phenotyping_training_set/RSFB-Phenotyping_training_set/RSFB-Phenotyping_training_set_scores.csv,/home/nfs/data/nvme_datasets/Pictures_CFSB_leaf_damage/2025_10_21_RSFB-Phenotyping_GG1_scores.csv,train
20251021_154443.jpg,/home/nfs/data/nvme_datasets/Pictures_CFSB_leaf_damage/RSFB-Phenotyping_training_set/RSFB-Phenotyping_training_set/20251021_154443.jpg,260_R4S_449_G50_44_5,G50,260,449,44,5,3.0,4.5,3.75,1.5,Gross-Gerau,Insects,2025-10-21,BBCH10,/home/nfs/data/nvme_datasets/Pictures_CFSB_leaf_damage/RSFB-Phenotyping_training_set/RSFB-Phenotyping_training_set/RSFB-Phenotyping_training_set_scores.csv,/home/nfs/data/nvme_datasets/Pictures_CFSB_leaf_damage/2025_10_21_RSFB-Phenotyping_GG1_scores.csv,train
20251021_154614.jpg,/home/nfs/data/nvme_datasets/Pictures_CFSB_leaf_damage/RSFB-Phenotyping_training_set/RSFB-Phenotyping_training_set/20251021_154614.jpg,236_R4S_230_Caramba_40_5,Caramba,236,230,40,5,2.0,6.5,4.25,4.5,Gross-Gerau,Insects,2025-10-21,BBCH10,/home/nfs/data/nvme_datasets/Pictures_CFSB_leaf_damage/RSFB-Phenotyping_training_set/RSFB-Phenotyping_training_set/RSFB-Phenotyping_training_set_scores.csv,/home/nfs/data/nvme_datasets/Pictures_CFSB_leaf_damage/2025_10_21_RSFB-Phenotyping_GG1_scores.csv,train
20251021_154628.jpg,/home/nfs/data/nvme_datasets/Pictures_CFSB_leaf_damage/RSFB-Phenotyping_training_set/RSFB-Phenotyping_training_set/20251021_154628.jpg,236_R4S_230_Caramba_40_5,Caramba,236,230,40,5,20.0,20.0,20.0,0.0,Gross-Gerau,Insects,2025-10-21,BBCH10,/home/nfs/data/nvme_datasets/Pictures_CFSB_leaf_damage/RSFB-Phenotyping_training_set/RSFB-Phenotyping_training_set/RSFB-Phenotyping_training_set_scores.csv,/home/nfs/data/nvme_datasets/Pictures_CFSB_leaf_damage/2025_10_21_RSFB-Phenotyping_GG1_scores.csv,train
20251021_154700.jpg,/home/nfs/data/nvme_datasets/Pictures_CFSB_leaf_damage/RSFB-Phenotyping_training_set/RSFB-Phenotyping_training_set/20251021_154700.jpg,233_R4S_551_ALLESANDRO KWS_39_5,ALLESANDRO KWS,233,551,39,5,2.0,2.5,2.25,0.5,Gross-Gerau,Insects,2025-10-21,BBCH10,/home/nfs/data/nvme_datasets/Pictures_CFSB_leaf_damage/RSFB-Phenotyping_training_set/RSFB-Phenotyping_training_set/RSFB-Phenotyping_training_set_scores.csv,/home/nfs/data/nvme_datasets/Pictures_CFSB_leaf_damage/2025_10_21_RSFB-Phenotyping_GG1_scores.csv,val
20251021_154716.jpg,/home/nfs/data/nvme_datasets/Pictures_CFSB_leaf_damage/RSFB-Phenotyping_training_set/RSFB-Phenotyping_training_set/20251021_154716.jpg,224_R4S_245_Roxet_38_5,Roxet,224,245,38,5,4.0,6.5,5.25,2.5,Gross-Gerau,Insects,2025-10-21,BBCH10,/home/nfs/data/nvme_datasets/Pictures_CFSB_leaf_damage/RSFB-Phenotyping_training_set/RSFB-Phenotyping_training_set/RSFB-Phenotyping_training_set_scores.csv,/home/nfs/data/nvme_datasets/Pictures_CFSB_leaf_damage/2025_10_21_RSFB-Phenotyping_GG1_scores.csv,train
20251021_154722.jpg,/home/nfs/data/nvme_datasets/Pictures_CFSB_leaf_damage/RSFB-Phenotyping_training_set/RSFB-Phenotyping_training_set/20251021_154722.jpg,224_R4S_245_Roxet_38_5,Roxet,224,245,38,5,1.0,3.5,2.25,2.5,Gross-Gerau,Insects,2025-10-21,BBCH10,/home/nfs/data/nvme_datasets/Pictures_CFSB_leaf_damage/RSFB-Phenotyping_training_set/RSFB-Phenotyping_training_set/RSFB-Phenotyping_training_set_scores.csv,/home/nfs/data/nvme_datasets/Pictures_CFSB_leaf_damage/2025_10_21_RSFB-Phenotyping_GG1_scores.csv,train
20251021_154753.jpg,/home/nfs/data/nvme_datasets/Pictures_CFSB_leaf_damage/RSFB-Phenotyping_training_set/RSFB-Phenotyping_training_set/20251021_154753.jpg,221_R4S_466_L90_37_5,L90,221,466,37,5,3.0,4.0,3.5,1.0,Gross-Gerau,Insects,2025-10-21,BBCH10,/home/nfs/data/nvme_datasets/Pictures_CFSB_leaf_damage/RSFB-Phenotyping_training_set/RSFB-Phenotyping_training_set/RSFB-Phenotyping_training_set_scores.csv,/home/nfs/data/nvme_datasets/Pictures_CFSB_leaf_damage/2025_10_21_RSFB-Phenotyping_GG1_scores.csv,train
20251021_154954.jpg,/home/nfs/data/nvme_datasets/Pictures_CFSB_leaf_damage/RSFB-Phenotyping_training_set/RSFB-Phenotyping_training_set/20251021_154954.jpg,212_R4S_274_Guelyower Oelquell_36_5,Guelyower Oelquell,212,274,36,5,3.0,2.0,2.5,1.0,Gross-Gerau,Insects,2025-10-21,BBCH10,/home/nfs/data/nvme_datasets/Pictures_CFSB_leaf_damage/RSFB-Phenotyping_training_set/RSFB-Phenotyping_training_set/RSFB-Phenotyping_training_set_scores.csv,/home/nfs/data/nvme_datasets/Pictures_CFSB_leaf_damage/2025_10_21_RSFB-Phenotyping_GG1_scores.csv,train
20251021_155035.jpg,/home/nfs/data/nvme_datasets/Pictures_CFSB_leaf_damage/RSFB-Phenotyping_training_set/RSFB-Phenotyping_training_set/20251021_155035.jpg,209_R4S_219_Lesira_35_5,Lesira,209,219,35,5,3.0,4.0,3.5,1.0,Gross-Gerau,Insects,2025-10-21,BBCH10,/home/nfs/data/nvme_datasets/Pictures_CFSB_leaf_damage/RSFB-Phenotyping_training_set/RSFB-Phenotyping_training_set/RSFB-Phenotyping_training_set_scores.csv,/home/nfs/data/nvme_datasets/Pictures_CFSB_leaf_damage/2025_10_21_RSFB-Phenotyping_GG1_scores.csv,train
20251021_155044.jpg,/home/nfs/data/nvme_datasets/Pictures_CFSB_leaf_damage/RSFB-Phenotyping_training_set/RSFB-Phenotyping_training_set/20251021_155044.jpg,209_R4S_219_Lesira_35_5,Lesira,209,219,35,5,2.0,4.0,3.0,2.0,Gross-Gerau,Insects,2025-10-21,BBCH10,/home/nfs/data/nvme_datasets/Pictures_CFSB_leaf_damage/RSFB-Phenotyping_training_set/RSFB-Phenotyping_training_set/RSFB-Phenotyping_training_set_scores.csv,/home/nfs/data/nvme_datasets/Pictures_CFSB_leaf_damage/2025_10_21_RSFB-Phenotyping_GG1_scores.csv,train
20251021_155111.jpg,/home/nfs/data/nvme_datasets/Pictures_CFSB_leaf_damage/RSFB-Phenotyping_training_set/RSFB-Phenotyping_training_set/20251021_155111.jpg,200_R4S_313_FORTIN FAMILZ_34_5,FORTIN FAMILZ,200,313,34,5,4.0,7.5,5.75,3.5,Gross-Gerau,Insects,2025-10-21,BBCH10,/home/nfs/data/nvme_datasets/Pictures_CFSB_leaf_damage/RSFB-Phenotyping_training_set/RSFB-Phenotyping_training_set/RSFB-Phenotyping_training_set_scores.csv,/home/nfs/data/nvme_datasets/Pictures_CFSB_leaf_damage/2025_10_21_RSFB-Phenotyping_GG1_scores.csv,train
20251021_155130.jpg,/home/nfs/data/nvme_datasets/Pictures_CFSB_leaf_damage/RSFB-Phenotyping_training_set/RSFB-Phenotyping_training_set/20251021_155130.jpg,197_R4S_371_MOANA MOANA RAPE_33_5,MOANA MOANA RAPE,197,371,33,5,2.0,2.5,2.25,0.5,Gross-Gerau,Insects,2025-10-21,BBCH10,/home/nfs/data/nvme_datasets/Pictures_CFSB_leaf_damage/RSFB-Phenotyping_training_set/RSFB-Phenotyping_training_set/RSFB-Phenotyping_training_set_scores.csv,/home/nfs/data/nvme_datasets/Pictures_CFSB_leaf_damage/2025_10_21_RSFB-Phenotyping_GG1_scores.csv,train
20251021_155218.jpg,/home/nfs/data/nvme_datasets/Pictures_CFSB_leaf_damage/RSFB-Phenotyping_training_set/RSFB-Phenotyping_training_set/20251021_155218.jpg,188_R4S_322_Essex Model_32_5,Essex Model,188,322,32,5,1.0,0.0,0.5,1.0,Gross-Gerau,Insects,2025-10-21,BBCH10,/home/nfs/data/nvme_datasets/Pictures_CFSB_leaf_damage/RSFB-Phenotyping_training_set/RSFB-Phenotyping_training_set/RSFB-Phenotyping_training_set_scores.csv,/home/nfs/data/nvme_datasets/Pictures_CFSB_leaf_damage/2025_10_21_RSFB-Phenotyping_GG1_scores.csv,train
20251021_155308.jpg,/home/nfs/data/nvme_datasets/Pictures_CFSB_leaf_damage/RSFB-Phenotyping_training_set/RSFB-Phenotyping_training_set/20251021_155308.jpg,176_R4S_164_Fortis_30_5,Fortis,176,164,30,5,0.0,1.5,0.75,1.5,Gross-Gerau,Insects,2025-10-21,BBCH10,/home/nfs/data/nvme_datasets/Pictures_CFSB_leaf_damage/RSFB-Phenotyping_training_set/RSFB-Phenotyping_training_set/RSFB-Phenotyping_training_set_scores.csv,/home/nfs/data/nvme_datasets/Pictures_CFSB_leaf_damage/2025_10_21_RSFB-Phenotyping_GG1_scores.csv,train
20251021_155331.jpg,/home/nfs/data/nvme_datasets/Pictures_CFSB_leaf_damage/RSFB-Phenotyping_training_set/RSFB-Phenotyping_training_set/20251021_155331.jpg,173_R4S_396_Diamant_29_5,Diamant,173,396,29,5,4.0,8.0,6.0,4.0,Gross-Gerau,Insects,2025-10-21,BBCH10,/home/nfs/data/nvme_datasets/Pictures_CFSB_leaf_damage/RSFB-Phenotyping_training_set/RSFB-Phenotyping_training_set/RSFB-Phenotyping_training_set_scores.csv,/home/nfs/data/nvme_datasets/Pictures_CFSB_leaf_damage/2025_10_21_RSFB-Phenotyping_GG1_scores.csv,train
20251021_155340.jpg,/home/nfs/data/nvme_datasets/Pictures_CFSB_leaf_damage/RSFB-Phenotyping_training_set/RSFB-Phenotyping_training_set/20251021_155340.jpg,173_R4S_396_Diamant_29_5,Diamant,173,396,29,5,3.0,5.0,4.0,2.0,Gross-Gerau,Insects,2025-10-21,BBCH10,/home/nfs/data/nvme_datasets/Pictures_CFSB_leaf_damage/RSFB-Phenotyping_training_set/RSFB-Phenotyping_training_set/RSFB-Phenotyping_training_set_scores.csv,/home/nfs/data/nvme_datasets/Pictures_CFSB_leaf_damage/2025_10_21_RSFB-Phenotyping_GG1_scores.csv,train
20251021_155347.jpg,/home/nfs/data/nvme_datasets/Pictures_CFSB_leaf_damage/RSFB-Phenotyping_training_set/RSFB-Phenotyping_training_set/20251021_155347.jpg,173_R4S_396_Diamant_29_5,Diamant,173,396,29,5,8.0,11.5,9.75,3.5,Gross-Gerau,Insects,2025-10-21,BBCH10,/home/nfs/data/nvme_datasets/Pictures_CFSB_leaf_damage/RSFB-Phenotyping_training_set/RSFB-Phenotyping_training_set/RSFB-Phenotyping_training_set_scores.csv,/home/nfs/data/nvme_datasets/Pictures_CFSB_leaf_damage/2025_10_21_RSFB-Phenotyping_GG1_scores.csv,train
20251021_155359.jpg,/home/nfs/data/nvme_datasets/Pictures_CFSB_leaf_damage/RSFB-Phenotyping_training_set/RSFB-Phenotyping_training_set/20251021_155359.jpg,164_R4S_454_S3_28_5,S3,164,454,28,5,11.0,7.0,9.0,4.0,Gross-Gerau,Insects,2025-10-21,BBCH10,/home/nfs/data/nvme_datasets/Pictures_CFSB_leaf_damage/RSFB-Phenotyping_training_set/RSFB-Phenotyping_training_set/RSFB-Phenotyping_training_set_scores.csv,/home/nfs/data/nvme_datasets/Pictures_CFSB_leaf_damage/2025_10_21_RSFB-Phenotyping_GG1_scores.csv,val
20251021_155407.jpg,/home/nfs/data/nvme_datasets/Pictures_CFSB_leaf_damage/RSFB-Phenotyping_training_set/RSFB-Phenotyping_training_set/20251021_155407.jpg,164_R4S_454_S3_28_5,S3,164,454,28,5,1.0,0.5,0.75,0.5,Gross-Gerau,Insects,2025-10-21,BBCH10,/home/nfs/data/nvme_datasets/Pictures_CFSB_leaf_damage/RSFB-Phenotyping_training_set/RSFB-Phenotyping_training_set/RSFB-Phenotyping_training_set_scores.csv,/home/nfs/data/nvme_datasets/Pictures_CFSB_leaf_damage/2025_10_21_RSFB-Phenotyping_GG1_scores.csv,val
20251021_155431.jpg,/home/nfs/data/nvme_datasets/Pictures_CFSB_leaf_damage/RSFB-Phenotyping_training_set/RSFB-Phenotyping_training_set/20251021_155431.jpg,161_R4S_247_Madrigal_27_5,Madrigal,161,247,27,5,1.0,1.0,1.0,0.0,Gross-Gerau,Insects,2025-10-21,BBCH10,/home/nfs/data/nvme_datasets/Pictures_CFSB_leaf_damage/RSFB-Phenotyping_training_set/RSFB-Phenotyping_training_set/RSFB-Phenotyping_training_set_scores.csv,/home/nfs/data/nvme_datasets/Pictures_CFSB_leaf_damage/2025_10_21_RSFB-Phenotyping_GG1_scores.csv,train
20251021_155437.jpg,/home/nfs/data/nvme_datasets/Pictures_CFSB_leaf_damage/RSFB-Phenotyping_training_set/RSFB-Phenotyping_training_set/20251021_155437.jpg,161_R4S_247_Madrigal_27_5,Madrigal,161,247,27,5,5.0,4.5,4.75,0.5,Gross-Gerau,Insects,2025-10-21,BBCH10,/home/nfs/data/nvme_datasets/Pictures_CFSB_leaf_damage/RSFB-Phenotyping_training_set/RSFB-Phenotyping_training_set/RSFB-Phenotyping_training_set_scores.csv,/home/nfs/data/nvme_datasets/Pictures_CFSB_leaf_damage/2025_10_21_RSFB-Phenotyping_GG1_scores.csv,train
20251021_155444.jpg,/home/nfs/data/nvme_datasets/Pictures_CFSB_leaf_damage/RSFB-Phenotyping_training_set/RSFB-Phenotyping_training_set/20251021_155444.jpg,161_R4S_247_Madrigal_27_5,Madrigal,161,247,27,5,10.0,7.5,8.75,2.5,Gross-Gerau,Insects,2025-10-21,BBCH10,/home/nfs/data/nvme_datasets/Pictures_CFSB_leaf_damage/RSFB-Phenotyping_training_set/RSFB-Phenotyping_training_set/RSFB-Phenotyping_training_set_scores.csv,/home/nfs/data/nvme_datasets/Pictures_CFSB_leaf_damage/2025_10_21_RSFB-Phenotyping_GG1_scores.csv,train
20251021_155505.jpg,/home/nfs/data/nvme_datasets/Pictures_CFSB_leaf_damage/RSFB-Phenotyping_training_set/RSFB-Phenotyping_training_set/20251021_155505.jpg,152_R4S_182_Pollen_26_5,Pollen,152,182,26,5,2.0,5.5,3.75,3.5,Gross-Gerau,Insects,2025-10-21,BBCH10,/home/nfs/data/nvme_datasets/Pictures_CFSB_leaf_damage/RSFB-Phenotyping_training_set/RSFB-Phenotyping_training_set/RSFB-Phenotyping_training_set_scores.csv,/home/nfs/data/nvme_datasets/Pictures_CFSB_leaf_damage/2025_10_21_RSFB-Phenotyping_GG1_scores.csv,train
20251021_155512.jpg,/home/nfs/data/nvme_datasets/Pictures_CFSB_leaf_damage/RSFB-Phenotyping_training_set/RSFB-Phenotyping_training_set/20251021_155512.jpg,152_R4S_182_Pollen_26_5,Pollen,152,182,26,5,8.0,8.0,8.0,0.0,Gross-Gerau,Insects,2025-10-21,BBCH10,/home/nfs/data/nvme_datasets/Pictures_CFSB_leaf_damage/RSFB-Phenotyping_training_set/RSFB-Phenotyping_training_set/RSFB-Phenotyping_training_set_scores.csv,/home/nfs/data/nvme_datasets/Pictures_CFSB_leaf_damage/2025_10_21_RSFB-Phenotyping_GG1_scores.csv,train
20251021_155525.jpg,/home/nfs/data/nvme_datasets/Pictures_CFSB_leaf_damage/RSFB-Phenotyping_training_set/RSFB-Phenotyping_training_set/20251021_155525.jpg,149_R4S_548_ALLESANDRO KWS_25_5,ALLESANDRO KWS,149,548,25,5,1.0,2.0,1.5,1.0,Gross-Gerau,Insects,2025-10-21,BBCH10,/home/nfs/data/nvme_datasets/Pictures_CFSB_leaf_damage/RSFB-Phenotyping_training_set/RSFB-Phenotyping_training_set/RSFB-Phenotyping_training_set_scores.csv,/home/nfs/data/nvme_datasets/Pictures_CFSB_leaf_damage/2025_10_21_RSFB-Phenotyping_GG1_scores.csv,train
20251021_155534.jpg,/home/nfs/data/nvme_datasets/Pictures_CFSB_leaf_damage/RSFB-Phenotyping_training_set/RSFB-Phenotyping_training_set/20251021_155534.jpg,149_R4S_548_ALLESANDRO KWS_25_5,ALLESANDRO KWS,149,548,25,5,18.0,19.5,18.75,1.5,Gross-Gerau,Insects,2025-10-21,BBCH10,/home/nfs/data/nvme_datasets/Pictures_CFSB_leaf_damage/RSFB-Phenotyping_training_set/RSFB-Phenotyping_training_set/RSFB-Phenotyping_training_set_scores.csv,/home/nfs/data/nvme_datasets/Pictures_CFSB_leaf_damage/2025_10_21_RSFB-Phenotyping_GG1_scores.csv,train
20251021_155541.jpg,/home/nfs/data/nvme_datasets/Pictures_CFSB_leaf_damage/RSFB-Phenotyping_training_set/RSFB-Phenotyping_training_set/20251021_155541.jpg,149_R4S_548_ALLESANDRO KWS_25_5,ALLESANDRO KWS,149,548,25,5,14.0,9.0,11.5,5.0,Gross-Gerau,Insects,2025-10-21,BBCH10,/home/nfs/data/nvme_datasets/Pictures_CFSB_leaf_damage/RSFB-Phenotyping_training_set/RSFB-Phenotyping_training_set/RSFB-Phenotyping_training_set_scores.csv,/home/nfs/data/nvme_datasets/Pictures_CFSB_leaf_damage/2025_10_21_RSFB-Phenotyping_GG1_scores.csv,train
20251021_155556.jpg,/home/nfs/data/nvme_datasets/Pictures_CFSB_leaf_damage/RSFB-Phenotyping_training_set/RSFB-Phenotyping_training_set/20251021_155556.jpg,140_R4S_244_NK Bravour_24_5,NK Bravour,140,244,24,5,7.0,11.0,9.0,4.0,Gross-Gerau,Insects,2025-10-21,BBCH10,/home/nfs/data/nvme_datasets/Pictures_CFSB_leaf_damage/RSFB-Phenotyping_training_set/RSFB-Phenotyping_training_set/RSFB-Phenotyping_training_set_scores.csv,/home/nfs/data/nvme_datasets/Pictures_CFSB_leaf_damage/2025_10_21_RSFB-Phenotyping_GG1_scores.csv,train
20251021_155606.jpg,/home/nfs/data/nvme_datasets/Pictures_CFSB_leaf_damage/RSFB-Phenotyping_training_set/RSFB-Phenotyping_training_set/20251021_155606.jpg,140_R4S_244_NK Bravour_24_5,NK Bravour,140,244,24,5,16.0,11.0,13.5,5.0,Gross-Gerau,Insects,2025-10-21,BBCH10,/home/nfs/data/nvme_datasets/Pictures_CFSB_leaf_damage/RSFB-Phenotyping_training_set/RSFB-Phenotyping_training_set/RSFB-Phenotyping_training_set_scores.csv,/home/nfs/data/nvme_datasets/Pictures_CFSB_leaf_damage/2025_10_21_RSFB-Phenotyping_GG1_scores.csv,train
20251021_155624.jpg,/home/nfs/data/nvme_datasets/Pictures_CFSB_leaf_damage/RSFB-Phenotyping_training_set/RSFB-Phenotyping_training_set/20251021_155624.jpg,137_R4S_460_K53_23_5,K53,137,460,23,5,12.0,8.0,10.0,4.0,Gross-Gerau,Insects,2025-10-21,BBCH10,/home/nfs/data/nvme_datasets/Pictures_CFSB_leaf_damage/RSFB-Phenotyping_training_set/RSFB-Phenotyping_training_set/RSFB-Phenotyping_training_set_scores.csv,/home/nfs/data/nvme_datasets/Pictures_CFSB_leaf_damage/2025_10_21_RSFB-Phenotyping_GG1_scores.csv,train
20251021_155632.jpg,/home/nfs/data/nvme_datasets/Pictures_CFSB_leaf_damage/RSFB-Phenotyping_training_set/RSFB-Phenotyping_training_set/20251021_155632.jpg,137_R4S_460_K53_23_5,K53,137,460,23,5,0.0,0.0,0.0,0.0,Gross-Gerau,Insects,2025-10-21,BBCH10,/home/nfs/data/nvme_datasets/Pictures_CFSB_leaf_damage/RSFB-Phenotyping_training_set/RSFB-Phenotyping_training_set/RSFB-Phenotyping_training_set_scores.csv,/home/nfs/data/nvme_datasets/Pictures_CFSB_leaf_damage/2025_10_21_RSFB-Phenotyping_GG1_scores.csv,train
20251021_155643.jpg,/home/nfs/data/nvme_datasets/Pictures_CFSB_leaf_damage/RSFB-Phenotyping_training_set/RSFB-Phenotyping_training_set/20251021_155643.jpg,137_R4S_460_K53_23_5,K53,137,460,23,5,14.0,9.0,11.5,5.0,Gross-Gerau,Insects,2025-10-21,BBCH10,/home/nfs/data/nvme_datasets/Pictures_CFSB_leaf_damage/RSFB-Phenotyping_training_set/RSFB-Phenotyping_training_set/RSFB-Phenotyping_training_set_scores.csv,/home/nfs/data/nvme_datasets/Pictures_CFSB_leaf_damage/2025_10_21_RSFB-Phenotyping_GG1_scores.csv,train
20251021_155659.jpg,/home/nfs/data/nvme_datasets/Pictures_CFSB_leaf_damage/RSFB-Phenotyping_training_set/RSFB-Phenotyping_training_set/20251021_155659.jpg,128_R4S_194_LEMBKES MALCHOWER *LENORA(_22_5,LEMBKES MALCHOWER *LENORA(,128,194,22,5,15.0,10.0,12.5,5.0,Gross-Gerau,Insects,2025-10-21,BBCH10,/home/nfs/data/nvme_datasets/Pictures_CFSB_leaf_damage/RSFB-Phenotyping_training_set/RSFB-Phenotyping_training_set/RSFB-Phenotyping_training_set_scores.csv,/home/nfs/data/nvme_datasets/Pictures_CFSB_leaf_damage/2025_10_21_RSFB-Phenotyping_GG1_scores.csv,train
20251021_155710.jpg,/home/nfs/data/nvme_datasets/Pictures_CFSB_leaf_damage/RSFB-Phenotyping_training_set/RSFB-Phenotyping_training_set/20251021_155710.jpg,128_R4S_194_LEMBKES MALCHOWER *LENORA(_22_5,LEMBKES MALCHOWER *LENORA(,128,194,22,5,20.0,16.5,18.25,3.5,Gross-Gerau,Insects,2025-10-21,BBCH10,/home/nfs/data/nvme_datasets/Pictures_CFSB_leaf_damage/RSFB-Phenotyping_training_set/RSFB-Phenotyping_training_set/RSFB-Phenotyping_training_set_scores.csv,/home/nfs/data/nvme_datasets/Pictures_CFSB_leaf_damage/2025_10_21_RSFB-Phenotyping_GG1_scores.csv,train
20251021_155718.jpg,/home/nfs/data/nvme_datasets/Pictures_CFSB_leaf_damage/RSFB-Phenotyping_training_set/RSFB-Phenotyping_training_set/20251021_155718.jpg,128_R4S_194_LEMBKES MALCHOWER *LENORA(_22_5,LEMBKES MALCHOWER *LENORA(,128,194,22,5,9.0,10.0,9.5,1.0,Gross-Gerau,Insects,2025-10-21,BBCH10,/home/nfs/data/nvme_datasets/Pictures_CFSB_leaf_damage/RSFB-Phenotyping_training_set/RSFB-Phenotyping_training_set/RSFB-Phenotyping_training_set_scores.csv,/home/nfs/data/nvme_datasets/Pictures_CFSB_leaf_damage/2025_10_21_RSFB-Phenotyping_GG1_scores.csv,train
20251021_155730.jpg,/home/nfs/data/nvme_datasets/Pictures_CFSB_leaf_damage/RSFB-Phenotyping_training_set/RSFB-Phenotyping_training_set/20251021_155730.jpg,125_R4S_144_Adder_21_5,Adder,125,144,21,5,8.0,5.0,6.5,3.0,Gross-Gerau,Insects,2025-10-21,BBCH10,/home/nfs/data/nvme_datasets/Pictures_CFSB_leaf_damage/RSFB-Phenotyping_training_set/RSFB-Phenotyping_training_set/RSFB-Phenotyping_training_set_scores.csv,/home/nfs/data/nvme_datasets/Pictures_CFSB_leaf_damage/2025_10_21_RSFB-Phenotyping_GG1_scores.csv,test
20251021_155737.jpg,/home/nfs/data/nvme_datasets/Pictures_CFSB_leaf_damage/RSFB-Phenotyping_training_set/RSFB-Phenotyping_training_set/20251021_155737.jpg,125_R4S_144_Adder_21_5,Adder,125,144,21,5,8.0,3.5,5.75,4.5,Gross-Gerau,Insects,2025-10-21,BBCH10,/home/nfs/data/nvme_datasets/Pictures_CFSB_leaf_damage/RSFB-Phenotyping_training_set/RSFB-Phenotyping_training_set/RSFB-Phenotyping_training_set_scores.csv,/home/nfs/data/nvme_datasets/Pictures_CFSB_leaf_damage/2025_10_21_RSFB-Phenotyping_GG1_scores.csv,test
20251021_155744.jpg,/home/nfs/data/nvme_datasets/Pictures_CFSB_leaf_damage/RSFB-Phenotyping_training_set/RSFB-Phenotyping_training_set/20251021_155744.jpg,125_R4S_144_Adder_21_5,Adder,125,144,21,5,5.0,7.0,6.0,2.0,Gross-Gerau,Insects,2025-10-21,BBCH10,/home/nfs/data/nvme_datasets/Pictures_CFSB_leaf_damage/RSFB-Phenotyping_training_set/RSFB-Phenotyping_training_set/RSFB-Phenotyping_training_set_scores.csv,/home/nfs/data/nvme_datasets/Pictures_CFSB_leaf_damage/2025_10_21_RSFB-Phenotyping_GG1_scores.csv,test
20251021_155758.jpg,/home/nfs/data/nvme_datasets/Pictures_CFSB_leaf_damage/RSFB-Phenotyping_training_set/RSFB-Phenotyping_training_set/20251021_155758.jpg,116_R4S_452_G56_20_5,G56,116,452,20,5,0.0,0.0,0.0,0.0,Gross-Gerau,Insects,2025-10-21,BBCH10,/home/nfs/data/nvme_datasets/Pictures_CFSB_leaf_damage/RSFB-Phenotyping_training_set/RSFB-Phenotyping_training_set/RSFB-Phenotyping_training_set_scores.csv,/home/nfs/data/nvme_datasets/Pictures_CFSB_leaf_damage/2025_10_21_RSFB-Phenotyping_GG1_scores.csv,train
20251021_155811.jpg,/home/nfs/data/nvme_datasets/Pictures_CFSB_leaf_damage/RSFB-Phenotyping_training_set/RSFB-Phenotyping_training_set/20251021_155811.jpg,116_R4S_452_G56_20_5,G56,116,452,20,5,12.0,16.2,14.1,4.199999999999999,Gross-Gerau,Insects,2025-10-21,BBCH10,/home/nfs/data/nvme_datasets/Pictures_CFSB_leaf_damage/RSFB-Phenotyping_training_set/RSFB-Phenotyping_training_set/RSFB-Phenotyping_training_set_scores.csv,/home/nfs/data/nvme_datasets/Pictures_CFSB_leaf_damage/2025_10_21_RSFB-Phenotyping_GG1_scores.csv,train
20251021_155904.jpg,/home/nfs/data/nvme_datasets/Pictures_CFSB_leaf_damage/RSFB-Phenotyping_training_set/RSFB-Phenotyping_training_set/20251021_155904.jpg,104_R4S_364_Silona_18_5,Silona,104,364,18,5,8.0,12.0,10.0,4.0,Gross-Gerau,Insects,2025-10-21,BBCH10,/home/nfs/data/nvme_datasets/Pictures_CFSB_leaf_damage/RSFB-Phenotyping_training_set/RSFB-Phenotyping_training_set/RSFB-Phenotyping_training_set_scores.csv,/home/nfs/data/nvme_datasets/Pictures_CFSB_leaf_damage/2025_10_21_RSFB-Phenotyping_GG1_scores.csv,test
20251021_155923.jpg,/home/nfs/data/nvme_datasets/Pictures_CFSB_leaf_damage/RSFB-Phenotyping_training_set/RSFB-Phenotyping_training_set/20251021_155923.jpg,101_R4S_375_Vinnickij 15&59_17_5,Vinnickij 15&59,101,375,17,5,4.0,5.0,4.5,1.0,Gross-Gerau,Insects,2025-10-21,BBCH10,/home/nfs/data/nvme_datasets/Pictures_CFSB_leaf_damage/RSFB-Phenotyping_training_set/RSFB-Phenotyping_training_set/RSFB-Phenotyping_training_set_scores.csv,/home/nfs/data/nvme_datasets/Pictures_CFSB_leaf_damage/2025_10_21_RSFB-Phenotyping_GG1_scores.csv,val
20251021_155930.jpg,/home/nfs/data/nvme_datasets/Pictures_CFSB_leaf_damage/RSFB-Phenotyping_training_set/RSFB-Phenotyping_training_set/20251021_155930.jpg,101_R4S_375_Vinnickij 15&59_17_5,Vinnickij 15&59,101,375,17,5,4.0,5.5,4.75,1.5,Gross-Gerau,Insects,2025-10-21,BBCH10,/home/nfs/data/nvme_datasets/Pictures_CFSB_leaf_damage/RSFB-Phenotyping_training_set/RSFB-Phenotyping_training_set/RSFB-Phenotyping_training_set_scores.csv,/home/nfs/data/nvme_datasets/Pictures_CFSB_leaf_damage/2025_10_21_RSFB-Phenotyping_GG1_scores.csv,val
20251021_155956.jpg,/home/nfs/data/nvme_datasets/Pictures_CFSB_leaf_damage/RSFB-Phenotyping_training_set/RSFB-Phenotyping_training_set/20251021_155956.jpg,92_R4S_316_BRONYE TOP_16_5,BRONYE TOP,92,316,16,5,12.0,9.0,10.5,3.0,Gross-Gerau,Insects,2025-10-21,BBCH10,/home/nfs/data/nvme_datasets/Pictures_CFSB_leaf_damage/RSFB-Phenotyping_training_set/RSFB-Phenotyping_training_set/RSFB-Phenotyping_training_set_scores.csv,/home/nfs/data/nvme_datasets/Pictures_CFSB_leaf_damage/2025_10_21_RSFB-Phenotyping_GG1_scores.csv,train
20251021_160041.jpg,/home/nfs/data/nvme_datasets/Pictures_CFSB_leaf_damage/RSFB-Phenotyping_training_set/RSFB-Phenotyping_training_set/20251021_160041.jpg,80_R4S_512_R31_14_5,R31,80,512,14,5,15.0,19.0,17.0,4.0,Gross-Gerau,Insects,2025-10-21,BBCH10,/home/nfs/data/nvme_datasets/Pictures_CFSB_leaf_damage/RSFB-Phenotyping_training_set/RSFB-Phenotyping_training_set/RSFB-Phenotyping_training_set_scores.csv,/home/nfs/data/nvme_datasets/Pictures_CFSB_leaf_damage/2025_10_21_RSFB-Phenotyping_GG1_scores.csv,train
20251021_160055.jpg,/home/nfs/data/nvme_datasets/Pictures_CFSB_leaf_damage/RSFB-Phenotyping_training_set/RSFB-Phenotyping_training_set/20251021_160055.jpg,80_R4S_512_R31_14_5,R31,80,512,14,5,18.0,22.5,20.25,4.5,Gross-Gerau,Insects,2025-10-21,BBCH10,/home/nfs/data/nvme_datasets/Pictures_CFSB_leaf_damage/RSFB-Phenotyping_training_set/RSFB-Phenotyping_training_set/RSFB-Phenotyping_training_set_scores.csv,/home/nfs/data/nvme_datasets/Pictures_CFSB_leaf_damage/2025_10_21_RSFB-Phenotyping_GG1_scores.csv,train
20251021_160107.jpg,/home/nfs/data/nvme_datasets/Pictures_CFSB_leaf_damage/RSFB-Phenotyping_training_set/RSFB-Phenotyping_training_set/20251021_160107.jpg,77_R4S_376_Victor_13_5,Victor,77,376,13,5,8.0,8.0,8.0,0.0,Gross-Gerau,Insects,2025-10-21,BBCH10,/home/nfs/data/nvme_datasets/Pictures_CFSB_leaf_damage/RSFB-Phenotyping_training_set/RSFB-Phenotyping_training_set/RSFB-Phenotyping_training_set_scores.csv,/home/nfs/data/nvme_datasets/Pictures_CFSB_leaf_damage/2025_10_21_RSFB-Phenotyping_GG1_scores.csv,test
20251021_160113.jpg,/home/nfs/data/nvme_datasets/Pictures_CFSB_leaf_damage/RSFB-Phenotyping_training_set/RSFB-Phenotyping_training_set/20251021_160113.jpg,77_R4S_376_Victor_13_5,Victor,77,376,13,5,20.0,15.5,17.75,4.5,Gross-Gerau,Insects,2025-10-21,BBCH10,/home/nfs/data/nvme_datasets/Pictures_CFSB_leaf_damage/RSFB-Phenotyping_training_set/RSFB-Phenotyping_training_set/RSFB-Phenotyping_training_set_scores.csv,/home/nfs/data/nvme_datasets/Pictures_CFSB_leaf_damage/2025_10_21_RSFB-Phenotyping_GG1_scores.csv,test
20251021_160133.jpg,/home/nfs/data/nvme_datasets/Pictures_CFSB_leaf_damage/RSFB-Phenotyping_training_set/RSFB-Phenotyping_training_set/20251021_160133.jpg,68_R4S_493_KWS ARIANOS_12_5,KWS ARIANOS,68,493,12,5,2.0,6.0,4.0,4.0,Gross-Gerau,Insects,2025-10-21,BBCH10,/home/nfs/data/nvme_datasets/Pictures_CFSB_leaf_damage/RSFB-Phenotyping_training_set/RSFB-Phenotyping_training_set/RSFB-Phenotyping_training_set_scores.csv,/home/nfs/data/nvme_datasets/Pictures_CFSB_leaf_damage/2025_10_21_RSFB-Phenotyping_GG1_scores.csv,val
20251021_160221.jpg,/home/nfs/data/nvme_datasets/Pictures_CFSB_leaf_damage/RSFB-Phenotyping_training_set/RSFB-Phenotyping_training_set/20251021_160221.jpg,65_R4S_490_R8_11_5,R8,65,490,11,5,5.0,6.0,5.5,1.0,Gross-Gerau,Insects,2025-10-21,BBCH10,/home/nfs/data/nvme_datasets/Pictures_CFSB_leaf_damage/RSFB-Phenotyping_training_set/RSFB-Phenotyping_training_set/RSFB-Phenotyping_training_set_scores.csv,/home/nfs/data/nvme_datasets/Pictures_CFSB_leaf_damage/2025_10_21_RSFB-Phenotyping_GG1_scores.csv,val
20251021_160233.jpg,/home/nfs/data/nvme_datasets/Pictures_CFSB_leaf_damage/RSFB-Phenotyping_training_set/RSFB-Phenotyping_training_set/20251021_160233.jpg,56_R4S_501_LG Avenger_10_5,LG Avenger,56,501,10,5,1.0,2.5,1.75,1.5,Gross-Gerau,Insects,2025-10-21,BBCH10,/home/nfs/data/nvme_datasets/Pictures_CFSB_leaf_damage/RSFB-Phenotyping_training_set/RSFB-Phenotyping_training_set/RSFB-Phenotyping_training_set_scores.csv,/home/nfs/data/nvme_datasets/Pictures_CFSB_leaf_damage/2025_10_21_RSFB-Phenotyping_GG1_scores.csv,train
20251021_160240.jpg,/home/nfs/data/nvme_datasets/Pictures_CFSB_leaf_damage/RSFB-Phenotyping_training_set/RSFB-Phenotyping_training_set/20251021_160240.jpg,56_R4S_501_LG Avenger_10_5,LG Avenger,56,501,10,5,2.0,5.5,3.75,3.5,Gross-Gerau,Insects,2025-10-21,BBCH10,/home/nfs/data/nvme_datasets/Pictures_CFSB_leaf_damage/RSFB-Phenotyping_training_set/RSFB-Phenotyping_training_set/RSFB-Phenotyping_training_set_scores.csv,/home/nfs/data/nvme_datasets/Pictures_CFSB_leaf_damage/2025_10_21_RSFB-Phenotyping_GG1_scores.csv,train
20251021_160328.jpg,/home/nfs/data/nvme_datasets/Pictures_CFSB_leaf_damage/RSFB-Phenotyping_training_set/RSFB-Phenotyping_training_set/20251021_160328.jpg,44_R4S_217_JANETYKIS SCHLESISCHER_8_5,JANETYKIS SCHLESISCHER,44,217,8,5,10.0,5.5,7.75,4.5,Gross-Gerau,Insects,2025-10-21,BBCH10,/home/nfs/data/nvme_datasets/Pictures_CFSB_leaf_damage/RSFB-Phenotyping_training_set/RSFB-Phenotyping_training_set/RSFB-Phenotyping_training_set_scores.csv,/home/nfs/data/nvme_datasets/Pictures_CFSB_leaf_damage/2025_10_21_RSFB-Phenotyping_GG1_scores.csv,train
20251021_160336.jpg,/home/nfs/data/nvme_datasets/Pictures_CFSB_leaf_damage/RSFB-Phenotyping_training_set/RSFB-Phenotyping_training_set/20251021_160336.jpg,44_R4S_217_JANETYKIS SCHLESISCHER_8_5,JANETYKIS SCHLESISCHER,44,217,8,5,7.0,4.0,5.5,3.0,Gross-Gerau,Insects,2025-10-21,BBCH10,/home/nfs/data/nvme_datasets/Pictures_CFSB_leaf_damage/RSFB-Phenotyping_training_set/RSFB-Phenotyping_training_set/RSFB-Phenotyping_training_set_scores.csv,/home/nfs/data/nvme_datasets/Pictures_CFSB_leaf_damage/2025_10_21_RSFB-Phenotyping_GG1_scores.csv,train
20251021_160342.jpg,/home/nfs/data/nvme_datasets/Pictures_CFSB_leaf_damage/RSFB-Phenotyping_training_set/RSFB-Phenotyping_training_set/20251021_160342.jpg,44_R4S_217_JANETYKIS SCHLESISCHER_8_5,JANETYKIS SCHLESISCHER,44,217,8,5,8.0,9.5,8.75,1.5,Gross-Gerau,Insects,2025-10-21,BBCH10,/home/nfs/data/nvme_datasets/Pictures_CFSB_leaf_damage/RSFB-Phenotyping_training_set/RSFB-Phenotyping_training_set/RSFB-Phenotyping_training_set_scores.csv,/home/nfs/data/nvme_datasets/Pictures_CFSB_leaf_damage/2025_10_21_RSFB-Phenotyping_GG1_scores.csv,train
20251021_160412.jpg,/home/nfs/data/nvme_datasets/Pictures_CFSB_leaf_damage/RSFB-Phenotyping_training_set/RSFB-Phenotyping_training_set/20251021_160412.jpg,41_R4S_294_R53_7_5,R53,41,294,7,5,8.0,6.0,7.0,2.0,Gross-Gerau,Insects,2025-10-21,BBCH10,/home/nfs/data/nvme_datasets/Pictures_CFSB_leaf_damage/RSFB-Phenotyping_training_set/RSFB-Phenotyping_training_set/RSFB-Phenotyping_training_set_scores.csv,/home/nfs/data/nvme_datasets/Pictures_CFSB_leaf_damage/2025_10_21_RSFB-Phenotyping_GG1_scores.csv,train
20251021_160424.jpg,/home/nfs/data/nvme_datasets/Pictures_CFSB_leaf_damage/RSFB-Phenotyping_training_set/RSFB-Phenotyping_training_set/20251021_160424.jpg,32_R4S_240_Musette_6_5,Musette,32,240,6,5,3.0,7.0,5.0,4.0,Gross-Gerau,Insects,2025-10-21,BBCH10,/home/nfs/data/nvme_datasets/Pictures_CFSB_leaf_damage/RSFB-Phenotyping_training_set/RSFB-Phenotyping_training_set/RSFB-Phenotyping_training_set_scores.csv,/home/nfs/data/nvme_datasets/Pictures_CFSB_leaf_damage/2025_10_21_RSFB-Phenotyping_GG1_scores.csv,train
20251021_160431.jpg,/home/nfs/data/nvme_datasets/Pictures_CFSB_leaf_damage/RSFB-Phenotyping_training_set/RSFB-Phenotyping_training_set/20251021_160431.jpg,32_R4S_240_Musette_6_5,Musette,32,240,6,5,1.0,4.5,2.75,3.5,Gross-Gerau,Insects,2025-10-21,BBCH10,/home/nfs/data/nvme_datasets/Pictures_CFSB_leaf_damage/RSFB-Phenotyping_training_set/RSFB-Phenotyping_training_set/RSFB-Phenotyping_training_set_scores.csv,/home/nfs/data/nvme_datasets/Pictures_CFSB_leaf_damage/2025_10_21_RSFB-Phenotyping_GG1_scores.csv,train
20251021_160438.jpg,/home/nfs/data/nvme_datasets/Pictures_CFSB_leaf_damage/RSFB-Phenotyping_training_set/RSFB-Phenotyping_training_set/20251021_160438.jpg,32_R4S_240_Musette_6_5,Musette,32,240,6,5,8.0,6.5,7.25,1.5,Gross-Gerau,Insects,2025-10-21,BBCH10,/home/nfs/data/nvme_datasets/Pictures_CFSB_leaf_damage/RSFB-Phenotyping_training_set/RSFB-Phenotyping_training_set/RSFB-Phenotyping_training_set_scores.csv,/home/nfs/data/nvme_datasets/Pictures_CFSB_leaf_damage/2025_10_21_RSFB-Phenotyping_GG1_scores.csv,train
20251021_160523.jpg,/home/nfs/data/nvme_datasets/Pictures_CFSB_leaf_damage/RSFB-Phenotyping_training_set/RSFB-Phenotyping_training_set/20251021_160523.jpg,29_R4S_179_Ascona_5_5,Ascona,29,179,5,5,15.0,12.5,13.75,2.5,Gross-Gerau,Insects,2025-10-21,BBCH10,/home/nfs/data/nvme_datasets/Pictures_CFSB_leaf_damage/RSFB-Phenotyping_training_set/RSFB-Phenotyping_training_set/RSFB-Phenotyping_training_set_scores.csv,/home/nfs/data/nvme_datasets/Pictures_CFSB_leaf_damage/2025_10_21_RSFB-Phenotyping_GG1_scores.csv,train
20251021_160541.jpg,/home/nfs/data/nvme_datasets/Pictures_CFSB_leaf_damage/RSFB-Phenotyping_training_set/RSFB-Phenotyping_training_set/20251021_160541.jpg,20_R4S_199_Maplus_4_5,Maplus,20,199,4,5,2.0,5.5,3.75,3.5,Gross-Gerau,Insects,2025-10-21,BBCH10,/home/nfs/data/nvme_datasets/Pictures_CFSB_leaf_damage/RSFB-Phenotyping_training_set/RSFB-Phenotyping_training_set/RSFB-Phenotyping_training_set_scores.csv,/home/nfs/data/nvme_datasets/Pictures_CFSB_leaf_damage/2025_10_21_RSFB-Phenotyping_GG1_scores.csv,train
20251021_160549.jpg,/home/nfs/data/nvme_datasets/Pictures_CFSB_leaf_damage/RSFB-Phenotyping_training_set/RSFB-Phenotyping_training_set/20251021_160549.jpg,20_R4S_199_Maplus_4_5,Maplus,20,199,4,5,2.0,1.5,1.75,0.5,Gross-Gerau,Insects,2025-10-21,BBCH10,/home/nfs/data/nvme_datasets/Pictures_CFSB_leaf_damage/RSFB-Phenotyping_training_set/RSFB-Phenotyping_training_set/RSFB-Phenotyping_training_set_scores.csv,/home/nfs/data/nvme_datasets/Pictures_CFSB_leaf_damage/2025_10_21_RSFB-Phenotyping_GG1_scores.csv,train
20251021_160559.jpg,/home/nfs/data/nvme_datasets/Pictures_CFSB_leaf_damage/RSFB-Phenotyping_training_set/RSFB-Phenotyping_training_set/20251021_160559.jpg,20_R4S_199_Maplus_4_5,Maplus,20,199,4,5,1.0,3.0,2.0,2.0,Gross-Gerau,Insects,2025-10-21,BBCH10,/home/nfs/data/nvme_datasets/Pictures_CFSB_leaf_damage/RSFB-Phenotyping_training_set/RSFB-Phenotyping_training_set/RSFB-Phenotyping_training_set_scores.csv,/home/nfs/data/nvme_datasets/Pictures_CFSB_leaf_damage/2025_10_21_RSFB-Phenotyping_GG1_scores.csv,train
20251021_160610.jpg,/home/nfs/data/nvme_datasets/Pictures_CFSB_leaf_damage/RSFB-Phenotyping_training_set/RSFB-Phenotyping_training_set/20251021_160610.jpg,17_R4S_395_Dippes_3_5,Dippes,17,395,3,5,8.0,10.0,9.0,2.0,Gross-Gerau,Insects,2025-10-21,BBCH10,/home/nfs/data/nvme_datasets/Pictures_CFSB_leaf_damage/RSFB-Phenotyping_training_set/RSFB-Phenotyping_training_set/RSFB-Phenotyping_training_set_scores.csv,/home/nfs/data/nvme_datasets/Pictures_CFSB_leaf_damage/2025_10_21_RSFB-Phenotyping_GG1_scores.csv,val
20251021_160615.jpg,/home/nfs/data/nvme_datasets/Pictures_CFSB_leaf_damage/RSFB-Phenotyping_training_set/RSFB-Phenotyping_training_set/20251021_160615.jpg,17_R4S_395_Dippes_3_5,Dippes,17,395,3,5,1.0,3.0,2.0,2.0,Gross-Gerau,Insects,2025-10-21,BBCH10,/home/nfs/data/nvme_datasets/Pictures_CFSB_leaf_damage/RSFB-Phenotyping_training_set/RSFB-Phenotyping_training_set/RSFB-Phenotyping_training_set_scores.csv,/home/nfs/data/nvme_datasets/Pictures_CFSB_leaf_damage/2025_10_21_RSFB-Phenotyping_GG1_scores.csv,val
20251021_160621.jpg,/home/nfs/data/nvme_datasets/Pictures_CFSB_leaf_damage/RSFB-Phenotyping_training_set/RSFB-Phenotyping_training_set/20251021_160621.jpg,17_R4S_395_Dippes_3_5,Dippes,17,395,3,5,10.0,8.0,9.0,2.0,Gross-Gerau,Insects,2025-10-21,BBCH10,/home/nfs/data/nvme_datasets/Pictures_CFSB_leaf_damage/RSFB-Phenotyping_training_set/RSFB-Phenotyping_training_set/RSFB-Phenotyping_training_set_scores.csv,/home/nfs/data/nvme_datasets/Pictures_CFSB_leaf_damage/2025_10_21_RSFB-Phenotyping_GG1_scores.csv,val
20251021_160632.jpg,/home/nfs/data/nvme_datasets/Pictures_CFSB_leaf_damage/RSFB-Phenotyping_training_set/RSFB-Phenotyping_training_set/20251021_160632.jpg,8_R4S_184_NK Nemax_2_5,NK Nemax,8,184,2,5,1.0,2.5,1.75,1.5,Gross-Gerau,Insects,2025-10-21,BBCH10,/home/nfs/data/nvme_datasets/Pictures_CFSB_leaf_damage/RSFB-Phenotyping_training_set/RSFB-Phenotyping_training_set/RSFB-Phenotyping_training_set_scores.csv,/home/nfs/data/nvme_datasets/Pictures_CFSB_leaf_damage/2025_10_21_RSFB-Phenotyping_GG1_scores.csv,val
20251021_160640.jpg,/home/nfs/data/nvme_datasets/Pictures_CFSB_leaf_damage/RSFB-Phenotyping_training_set/RSFB-Phenotyping_training_set/20251021_160640.jpg,8_R4S_184_NK Nemax_2_5,NK Nemax,8,184,2,5,1.0,4.5,2.75,3.5,Gross-Gerau,Insects,2025-10-21,BBCH10,/home/nfs/data/nvme_datasets/Pictures_CFSB_leaf_damage/RSFB-Phenotyping_training_set/RSFB-Phenotyping_training_set/RSFB-Phenotyping_training_set_scores.csv,/home/nfs/data/nvme_datasets/Pictures_CFSB_leaf_damage/2025_10_21_RSFB-Phenotyping_GG1_scores.csv,val
20251021_160647.jpg,/home/nfs/data/nvme_datasets/Pictures_CFSB_leaf_damage/RSFB-Phenotyping_training_set/RSFB-Phenotyping_training_set/20251021_160647.jpg,8_R4S_184_NK Nemax_2_5,NK Nemax,8,184,2,5,8.0,4.5,6.25,3.5,Gross-Gerau,Insects,2025-10-21,BBCH10,/home/nfs/data/nvme_datasets/Pictures_CFSB_leaf_damage/RSFB-Phenotyping_training_set/RSFB-Phenotyping_training_set/RSFB-Phenotyping_training_set_scores.csv,/home/nfs/data/nvme_datasets/Pictures_CFSB_leaf_damage/2025_10_21_RSFB-Phenotyping_GG1_scores.csv,val
20251021_160658.jpg,/home/nfs/data/nvme_datasets/Pictures_CFSB_leaf_damage/RSFB-Phenotyping_training_set/RSFB-Phenotyping_training_set/20251021_160658.jpg,5_Smaragd_1_5,Smaragd,5,NA,1,5,1.0,2.0,1.5,1.0,Gross-Gerau,Insects,2025-10-21,BBCH10,/home/nfs/data/nvme_datasets/Pictures_CFSB_leaf_damage/RSFB-Phenotyping_training_set/RSFB-Phenotyping_training_set/RSFB-Phenotyping_training_set_scores.csv,/home/nfs/data/nvme_datasets/Pictures_CFSB_leaf_damage/2025_10_21_RSFB-Phenotyping_GG1_scores.csv,train
20251021_160709.jpg,/home/nfs/data/nvme_datasets/Pictures_CFSB_leaf_damage/RSFB-Phenotyping_training_set/RSFB-Phenotyping_training_set/20251021_160709.jpg,5_Smaragd_1_5,Smaragd,5,NA,1,5,1.0,1.0,1.0,0.0,Gross-Gerau,Insects,2025-10-21,BBCH10,/home/nfs/data/nvme_datasets/Pictures_CFSB_leaf_damage/RSFB-Phenotyping_training_set/RSFB-Phenotyping_training_set/RSFB-Phenotyping_training_set_scores.csv,/home/nfs/data/nvme_datasets/Pictures_CFSB_leaf_damage/2025_10_21_RSFB-Phenotyping_GG1_scores.csv,train
20251021_160732.jpg,/home/nfs/data/nvme_datasets/Pictures_CFSB_leaf_damage/RSFB-Phenotyping_training_set/RSFB-Phenotyping_training_set/20251021_160732.jpg,6_Smaragd_1_6,Smaragd,6,NA,1,6,1.0,1.5,1.25,0.5,Gross-Gerau,Insects,2025-10-21,BBCH10,/home/nfs/data/nvme_datasets/Pictures_CFSB_leaf_damage/RSFB-Phenotyping_training_set/RSFB-Phenotyping_training_set/RSFB-Phenotyping_training_set_scores.csv,/home/nfs/data/nvme_datasets/Pictures_CFSB_leaf_damage/2025_10_21_RSFB-Phenotyping_GG1_scores.csv,train
20251021_160738.jpg,/home/nfs/data/nvme_datasets/Pictures_CFSB_leaf_damage/RSFB-Phenotyping_training_set/RSFB-Phenotyping_training_set/20251021_160738.jpg,6_Smaragd_1_6,Smaragd,6,NA,1,6,2.0,2.5,2.25,0.5,Gross-Gerau,Insects,2025-10-21,BBCH10,/home/nfs/data/nvme_datasets/Pictures_CFSB_leaf_damage/RSFB-Phenotyping_training_set/RSFB-Phenotyping_training_set/RSFB-Phenotyping_training_set_scores.csv,/home/nfs/data/nvme_datasets/Pictures_CFSB_leaf_damage/2025_10_21_RSFB-Phenotyping_GG1_scores.csv,train
20251021_160745.jpg,/home/nfs/data/nvme_datasets/Pictures_CFSB_leaf_damage/RSFB-Phenotyping_training_set/RSFB-Phenotyping_training_set/20251021_160745.jpg,6_Smaragd_1_6,Smaragd,6,NA,1,6,8.0,7.5,7.75,0.5,Gross-Gerau,Insects,2025-10-21,BBCH10,/home/nfs/data/nvme_datasets/Pictures_CFSB_leaf_damage/RSFB-Phenotyping_training_set/RSFB-Phenotyping_training_set/RSFB-Phenotyping_training_set_scores.csv,/home/nfs/data/nvme_datasets/Pictures_CFSB_leaf_damage/2025_10_21_RSFB-Phenotyping_GG1_scores.csv,train
20251021_160754.jpg,/home/nfs/data/nvme_datasets/Pictures_CFSB_leaf_damage/RSFB-Phenotyping_training_set/RSFB-Phenotyping_training_set/20251021_160754.jpg,7_R4S_318_SENSATION NY_2_6,SENSATION NY,7,318,2,6,1.0,4.0,2.5,3.0,Gross-Gerau,Insects,2025-10-21,BBCH10,/home/nfs/data/nvme_datasets/Pictures_CFSB_leaf_damage/RSFB-Phenotyping_training_set/RSFB-Phenotyping_training_set/RSFB-Phenotyping_training_set_scores.csv,/home/nfs/data/nvme_datasets/Pictures_CFSB_leaf_damage/2025_10_21_RSFB-Phenotyping_GG1_scores.csv,val
20251021_160802.jpg,/home/nfs/data/nvme_datasets/Pictures_CFSB_leaf_damage/RSFB-Phenotyping_training_set/RSFB-Phenotyping_training_set/20251021_160802.jpg,7_R4S_318_SENSATION NY_2_6,SENSATION NY,7,318,2,6,1.0,1.5,1.25,0.5,Gross-Gerau,Insects,2025-10-21,BBCH10,/home/nfs/data/nvme_datasets/Pictures_CFSB_leaf_damage/RSFB-Phenotyping_training_set/RSFB-Phenotyping_training_set/RSFB-Phenotyping_training_set_scores.csv,/home/nfs/data/nvme_datasets/Pictures_CFSB_leaf_damage/2025_10_21_RSFB-Phenotyping_GG1_scores.csv,val
20251021_160809.jpg,/home/nfs/data/nvme_datasets/Pictures_CFSB_leaf_damage/RSFB-Phenotyping_training_set/RSFB-Phenotyping_training_set/20251021_160809.jpg,7_R4S_318_SENSATION NY_2_6,SENSATION NY,7,318,2,6,1.0,3.9,2.45,2.9,Gross-Gerau,Insects,2025-10-21,BBCH10,/home/nfs/data/nvme_datasets/Pictures_CFSB_leaf_damage/RSFB-Phenotyping_training_set/RSFB-Phenotyping_training_set/RSFB-Phenotyping_training_set_scores.csv,/home/nfs/data/nvme_datasets/Pictures_CFSB_leaf_damage/2025_10_21_RSFB-Phenotyping_GG1_scores.csv,val
20251021_160823.jpg,/home/nfs/data/nvme_datasets/Pictures_CFSB_leaf_damage/RSFB-Phenotyping_training_set/RSFB-Phenotyping_training_set/20251021_160823.jpg,18_R4S_286_Ramses_3_6,Ramses,18,286,3,6,3.0,1.0,2.0,2.0,Gross-Gerau,Insects,2025-10-21,BBCH10,/home/nfs/data/nvme_datasets/Pictures_CFSB_leaf_damage/RSFB-Phenotyping_training_set/RSFB-Phenotyping_training_set/RSFB-Phenotyping_training_set_scores.csv,/home/nfs/data/nvme_datasets/Pictures_CFSB_leaf_damage/2025_10_21_RSFB-Phenotyping_GG1_scores.csv,train
20251021_160837.jpg,/home/nfs/data/nvme_datasets/Pictures_CFSB_leaf_damage/RSFB-Phenotyping_training_set/RSFB-Phenotyping_training_set/20251021_160837.jpg,18_R4S_286_Ramses_3_6,Ramses,18,286,3,6,1.0,4.0,2.5,3.0,Gross-Gerau,Insects,2025-10-21,BBCH10,/home/nfs/data/nvme_datasets/Pictures_CFSB_leaf_damage/RSFB-Phenotyping_training_set/RSFB-Phenotyping_training_set/RSFB-Phenotyping_training_set_scores.csv,/home/nfs/data/nvme_datasets/Pictures_CFSB_leaf_damage/2025_10_21_RSFB-Phenotyping_GG1_scores.csv,train
20251021_160849.jpg,/home/nfs/data/nvme_datasets/Pictures_CFSB_leaf_damage/RSFB-Phenotyping_training_set/RSFB-Phenotyping_training_set/20251021_160849.jpg,19_R4S_434_J 134_4_6,J 134,19,434,4,6,1.0,3.5,2.25,2.5,Gross-Gerau,Insects,2025-10-21,BBCH10,/home/nfs/data/nvme_datasets/Pictures_CFSB_leaf_damage/RSFB-Phenotyping_training_set/RSFB-Phenotyping_training_set/RSFB-Phenotyping_training_set_scores.csv,/home/nfs/data/nvme_datasets/Pictures_CFSB_leaf_damage/2025_10_21_RSFB-Phenotyping_GG1_scores.csv,train
20251021_160856.jpg,/home/nfs/data/nvme_datasets/Pictures_CFSB_leaf_damage/RSFB-Phenotyping_training_set/RSFB-Phenotyping_training_set/20251021_160856.jpg,19_R4S_434_J 134_4_6,J 134,19,434,4,6,2.0,2.0,2.0,0.0,Gross-Gerau,Insects,2025-10-21,BBCH10,/home/nfs/data/nvme_datasets/Pictures_CFSB_leaf_damage/RSFB-Phenotyping_training_set/RSFB-Phenotyping_training_set/RSFB-Phenotyping_training_set_scores.csv,/home/nfs/data/nvme_datasets/Pictures_CFSB_leaf_damage/2025_10_21_RSFB-Phenotyping_GG1_scores.csv,train
20251021_160903.jpg,/home/nfs/data/nvme_datasets/Pictures_CFSB_leaf_damage/RSFB-Phenotyping_training_set/RSFB-Phenotyping_training_set/20251021_160903.jpg,19_R4S_434_J 134_4_6,J 134,19,434,4,6,12.0,17.0,14.5,5.0,Gross-Gerau,Insects,2025-10-21,BBCH10,/home/nfs/data/nvme_datasets/Pictures_CFSB_leaf_damage/RSFB-Phenotyping_training_set/RSFB-Phenotyping_training_set/RSFB-Phenotyping_training_set_scores.csv,/home/nfs/data/nvme_datasets/Pictures_CFSB_leaf_damage/2025_10_21_RSFB-Phenotyping_GG1_scores.csv,train
20251021_160922.jpg,/home/nfs/data/nvme_datasets/Pictures_CFSB_leaf_damage/RSFB-Phenotyping_training_set/RSFB-Phenotyping_training_set/20251021_160922.jpg,30_R4S_236_Baros_5_6,Baros,30,236,5,6,1.0,2.0,1.5,1.0,Gross-Gerau,Insects,2025-10-21,BBCH10,/home/nfs/data/nvme_datasets/Pictures_CFSB_leaf_damage/RSFB-Phenotyping_training_set/RSFB-Phenotyping_training_set/RSFB-Phenotyping_training_set_scores.csv,/home/nfs/data/nvme_datasets/Pictures_CFSB_leaf_damage/2025_10_21_RSFB-Phenotyping_GG1_scores.csv,train
20251021_160928.jpg,/home/nfs/data/nvme_datasets/Pictures_CFSB_leaf_damage/RSFB-Phenotyping_training_set/RSFB-Phenotyping_training_set/20251021_160928.jpg,30_R4S_236_Baros_5_6,Baros,30,236,5,6,1.0,3.0,2.0,2.0,Gross-Gerau,Insects,2025-10-21,BBCH10,/home/nfs/data/nvme_datasets/Pictures_CFSB_leaf_damage/RSFB-Phenotyping_training_set/RSFB-Phenotyping_training_set/RSFB-Phenotyping_training_set_scores.csv,/home/nfs/data/nvme_datasets/Pictures_CFSB_leaf_damage/2025_10_21_RSFB-Phenotyping_GG1_scores.csv,train
20251021_160943.jpg,/home/nfs/data/nvme_datasets/Pictures_CFSB_leaf_damage/RSFB-Phenotyping_training_set/RSFB-Phenotyping_training_set/20251021_160943.jpg,31_R4S_377_Sonnengold_6_6,Sonnengold,31,377,6,6,6.0,5.5,5.75,0.5,Gross-Gerau,Insects,2025-10-21,BBCH10,/home/nfs/data/nvme_datasets/Pictures_CFSB_leaf_damage/RSFB-Phenotyping_training_set/RSFB-Phenotyping_training_set/RSFB-Phenotyping_training_set_scores.csv,/home/nfs/data/nvme_datasets/Pictures_CFSB_leaf_damage/2025_10_21_RSFB-Phenotyping_GG1_scores.csv,train
20251021_160948.jpg,/home/nfs/data/nvme_datasets/Pictures_CFSB_leaf_damage/RSFB-Phenotyping_training_set/RSFB-Phenotyping_training_set/20251021_160948.jpg,31_R4S_377_Sonnengold_6_6,Sonnengold,31,377,6,6,1.0,1.5,1.25,0.5,Gross-Gerau,Insects,2025-10-21,BBCH10,/home/nfs/data/nvme_datasets/Pictures_CFSB_leaf_damage/RSFB-Phenotyping_training_set/RSFB-Phenotyping_training_set/RSFB-Phenotyping_training_set_scores.csv,/home/nfs/data/nvme_datasets/Pictures_CFSB_leaf_damage/2025_10_21_RSFB-Phenotyping_GG1_scores.csv,train
20251021_160958.jpg,/home/nfs/data/nvme_datasets/Pictures_CFSB_leaf_damage/RSFB-Phenotyping_training_set/RSFB-Phenotyping_training_set/20251021_160958.jpg,42_R4S_170_Kvintett_7_6,Kvintett,42,170,7,6,3.0,4.0,3.5,1.0,Gross-Gerau,Insects,2025-10-21,BBCH10,/home/nfs/data/nvme_datasets/Pictures_CFSB_leaf_damage/RSFB-Phenotyping_training_set/RSFB-Phenotyping_training_set/RSFB-Phenotyping_training_set_scores.csv,/home/nfs/data/nvme_datasets/Pictures_CFSB_leaf_damage/2025_10_21_RSFB-Phenotyping_GG1_scores.csv,train
20251021_161003.jpg,/home/nfs/data/nvme_datasets/Pictures_CFSB_leaf_damage/RSFB-Phenotyping_training_set/RSFB-Phenotyping_training_set/20251021_161003.jpg,42_R4S_170_Kvintett_7_6,Kvintett,42,170,7,6,2.0,4.5,3.25,2.5,Gross-Gerau,Insects,2025-10-21,BBCH10,/home/nfs/data/nvme_datasets/Pictures_CFSB_leaf_damage/RSFB-Phenotyping_training_set/RSFB-Phenotyping_training_set/RSFB-Phenotyping_training_set_scores.csv,/home/nfs/data/nvme_datasets/Pictures_CFSB_leaf_damage/2025_10_21_RSFB-Phenotyping_GG1_scores.csv,train
20251021_161010.jpg,/home/nfs/data/nvme_datasets/Pictures_CFSB_leaf_damage/RSFB-Phenotyping_training_set/RSFB-Phenotyping_training_set/20251021_161010.jpg,42_R4S_170_Kvintett_7_6,Kvintett,42,170,7,6,1.0,2.0,1.5,1.0,Gross-Gerau,Insects,2025-10-21,BBCH10,/home/nfs/data/nvme_datasets/Pictures_CFSB_leaf_damage/RSFB-Phenotyping_training_set/RSFB-Phenotyping_training_set/RSFB-Phenotyping_training_set_scores.csv,/home/nfs/data/nvme_datasets/Pictures_CFSB_leaf_damage/2025_10_21_RSFB-Phenotyping_GG1_scores.csv,train
20251021_161021.jpg,/home/nfs/data/nvme_datasets/Pictures_CFSB_leaf_damage/RSFB-Phenotyping_training_set/RSFB-Phenotyping_training_set/20251021_161021.jpg,43_R4S_326_Tipperarz *Magnificent(_8_6,Tipperarz *Magnificent(,43,326,8,6,1.0,1.5,1.25,0.5,Gross-Gerau,Insects,2025-10-21,BBCH10,/home/nfs/data/nvme_datasets/Pictures_CFSB_leaf_damage/RSFB-Phenotyping_training_set/RSFB-Phenotyping_training_set/RSFB-Phenotyping_training_set_scores.csv,/home/nfs/data/nvme_datasets/Pictures_CFSB_leaf_damage/2025_10_21_RSFB-Phenotyping_GG1_scores.csv,train
20251021_161028.jpg,/home/nfs/data/nvme_datasets/Pictures_CFSB_leaf_damage/RSFB-Phenotyping_training_set/RSFB-Phenotyping_training_set/20251021_161028.jpg,43_R4S_326_Tipperarz *Magnificent(_8_6,Tipperarz *Magnificent(,43,326,8,6,2.0,3.5,2.75,1.5,Gross-Gerau,Insects,2025-10-21,BBCH10,/home/nfs/data/nvme_datasets/Pictures_CFSB_leaf_damage/RSFB-Phenotyping_training_set/RSFB-Phenotyping_training_set/RSFB-Phenotyping_training_set_scores.csv,/home/nfs/data/nvme_datasets/Pictures_CFSB_leaf_damage/2025_10_21_RSFB-Phenotyping_GG1_scores.csv,train
20251021_161035.jpg,/home/nfs/data/nvme_datasets/Pictures_CFSB_leaf_damage/RSFB-Phenotyping_training_set/RSFB-Phenotyping_training_set/20251021_161035.jpg,43_R4S_326_Tipperarz *Magnificent(_8_6,Tipperarz *Magnificent(,43,326,8,6,1.0,1.5,1.25,0.5,Gross-Gerau,Insects,2025-10-21,BBCH10,/home/nfs/data/nvme_datasets/Pictures_CFSB_leaf_damage/RSFB-Phenotyping_training_set/RSFB-Phenotyping_training_set/RSFB-Phenotyping_training_set_scores.csv,/home/nfs/data/nvme_datasets/Pictures_CFSB_leaf_damage/2025_10_21_RSFB-Phenotyping_GG1_scores.csv,train
20251021_161047.jpg,/home/nfs/data/nvme_datasets/Pictures_CFSB_leaf_damage/RSFB-Phenotyping_training_set/RSFB-Phenotyping_training_set/20251021_161047.jpg,54_R4S_543_Smaragd_9_6,Smaragd,54,543,9,6,2.0,6.5,4.25,4.5,Gross-Gerau,Insects,2025-10-21,BBCH10,/home/nfs/data/nvme_datasets/Pictures_CFSB_leaf_damage/RSFB-Phenotyping_training_set/RSFB-Phenotyping_training_set/RSFB-Phenotyping_training_set_scores.csv,/home/nfs/data/nvme_datasets/Pictures_CFSB_leaf_damage/2025_10_21_RSFB-Phenotyping_GG1_scores.csv,train
20251021_161101.jpg,/home/nfs/data/nvme_datasets/Pictures_CFSB_leaf_damage/RSFB-Phenotyping_training_set/RSFB-Phenotyping_training_set/20251021_161101.jpg,54_R4S_543_Smaragd_9_6,Smaragd,54,543,9,6,1.0,3.5,2.25,2.5,Gross-Gerau,Insects,2025-10-21,BBCH10,/home/nfs/data/nvme_datasets/Pictures_CFSB_leaf_damage/RSFB-Phenotyping_training_set/RSFB-Phenotyping_training_set/RSFB-Phenotyping_training_set_scores.csv,/home/nfs/data/nvme_datasets/Pictures_CFSB_leaf_damage/2025_10_21_RSFB-Phenotyping_GG1_scores.csv,train
20251021_161110.jpg,/home/nfs/data/nvme_datasets/Pictures_CFSB_leaf_damage/RSFB-Phenotyping_training_set/RSFB-Phenotyping_training_set/20251021_161110.jpg,55_R4S_440_R59_10_6,R59,55,440,10,6,5.0,3.5,4.25,1.5,Gross-Gerau,Insects,2025-10-21,BBCH10,/home/nfs/data/nvme_datasets/Pictures_CFSB_leaf_damage/RSFB-Phenotyping_training_set/RSFB-Phenotyping_training_set/RSFB-Phenotyping_training_set_scores.csv,/home/nfs/data/nvme_datasets/Pictures_CFSB_leaf_damage/2025_10_21_RSFB-Phenotyping_GG1_scores.csv,train
20251021_161143.jpg,/home/nfs/data/nvme_datasets/Pictures_CFSB_leaf_damage/RSFB-Phenotyping_training_set/RSFB-Phenotyping_training_set/20251021_161143.jpg,66_R4S_336_Wilhelmsburger Reform_11_6,Wilhelmsburger Reform,66,336,11,6,8.0,6.5,7.25,1.5,Gross-Gerau,Insects,2025-10-21,BBCH10,/home/nfs/data/nvme_datasets/Pictures_CFSB_leaf_damage/RSFB-Phenotyping_training_set/RSFB-Phenotyping_training_set/RSFB-Phenotyping_training_set_scores.csv,/home/nfs/data/nvme_datasets/Pictures_CFSB_leaf_damage/2025_10_21_RSFB-Phenotyping_GG1_scores.csv,val
20251021_161150.jpg,/home/nfs/data/nvme_datasets/Pictures_CFSB_leaf_damage/RSFB-Phenotyping_training_set/RSFB-Phenotyping_training_set/20251021_161150.jpg,66_R4S_336_Wilhelmsburger Reform_11_6,Wilhelmsburger Reform,66,336,11,6,1.0,1.0,1.0,0.0,Gross-Gerau,Insects,2025-10-21,BBCH10,/home/nfs/data/nvme_datasets/Pictures_CFSB_leaf_damage/RSFB-Phenotyping_training_set/RSFB-Phenotyping_training_set/RSFB-Phenotyping_training_set_scores.csv,/home/nfs/data/nvme_datasets/Pictures_CFSB_leaf_damage/2025_10_21_RSFB-Phenotyping_GG1_scores.csv,val
20251021_161203.jpg,/home/nfs/data/nvme_datasets/Pictures_CFSB_leaf_damage/RSFB-Phenotyping_training_set/RSFB-Phenotyping_training_set/20251021_161203.jpg,67_R4S_229_Jessica_12_6,Jessica,67,229,12,6,1.0,1.0,1.0,0.0,Gross-Gerau,Insects,2025-10-21,BBCH10,/home/nfs/data/nvme_datasets/Pictures_CFSB_leaf_damage/RSFB-Phenotyping_training_set/RSFB-Phenotyping_training_set/RSFB-Phenotyping_training_set_scores.csv,/home/nfs/data/nvme_datasets/Pictures_CFSB_leaf_damage/2025_10_21_RSFB-Phenotyping_GG1_scores.csv,train
20251021_161211.jpg,/home/nfs/data/nvme_datasets/Pictures_CFSB_leaf_damage/RSFB-Phenotyping_training_set/RSFB-Phenotyping_training_set/20251021_161211.jpg,67_R4S_229_Jessica_12_6,Jessica,67,229,12,6,20.0,18.5,19.25,1.5,Gross-Gerau,Insects,2025-10-21,BBCH10,/home/nfs/data/nvme_datasets/Pictures_CFSB_leaf_damage/RSFB-Phenotyping_training_set/RSFB-Phenotyping_training_set/RSFB-Phenotyping_training_set_scores.csv,/home/nfs/data/nvme_datasets/Pictures_CFSB_leaf_damage/2025_10_21_RSFB-Phenotyping_GG1_scores.csv,train
20251021_161236.jpg,/home/nfs/data/nvme_datasets/Pictures_CFSB_leaf_damage/RSFB-Phenotyping_training_set/RSFB-Phenotyping_training_set/20251021_161236.jpg,78_R4S_205_RESZN/H048_13_6,RESZN/H048,78,205,13,6,7.0,7.0,7.0,0.0,Gross-Gerau,Insects,2025-10-21,BBCH10,/home/nfs/data/nvme_datasets/Pictures_CFSB_leaf_damage/RSFB-Phenotyping_training_set/RSFB-Phenotyping_training_set/RSFB-Phenotyping_training_set_scores.csv,/home/nfs/data/nvme_datasets/Pictures_CFSB_leaf_damage/2025_10_21_RSFB-Phenotyping_GG1_scores.csv,train
20251021_161250.jpg,/home/nfs/data/nvme_datasets/Pictures_CFSB_leaf_damage/RSFB-Phenotyping_training_set/RSFB-Phenotyping_training_set/20251021_161250.jpg,79_R4S_312_TAIWAN_14_6,TAIWAN,79,312,14,6,1.0,5.5,3.25,4.5,Gross-Gerau,Insects,2025-10-21,BBCH10,/home/nfs/data/nvme_datasets/Pictures_CFSB_leaf_damage/RSFB-Phenotyping_training_set/RSFB-Phenotyping_training_set/RSFB-Phenotyping_training_set_scores.csv,/home/nfs/data/nvme_datasets/Pictures_CFSB_leaf_damage/2025_10_21_RSFB-Phenotyping_GG1_scores.csv,train
20251021_161256.jpg,/home/nfs/data/nvme_datasets/Pictures_CFSB_leaf_damage/RSFB-Phenotyping_training_set/RSFB-Phenotyping_training_set/20251021_161256.jpg,79_R4S_312_TAIWAN_14_6,TAIWAN,79,312,14,6,1.0,1.0,1.0,0.0,Gross-Gerau,Insects,2025-10-21,BBCH10,/home/nfs/data/nvme_datasets/Pictures_CFSB_leaf_damage/RSFB-Phenotyping_training_set/RSFB-Phenotyping_training_set/RSFB-Phenotyping_training_set_scores.csv,/home/nfs/data/nvme_datasets/Pictures_CFSB_leaf_damage/2025_10_21_RSFB-Phenotyping_GG1_scores.csv,train
20251021_161301.jpg,/home/nfs/data/nvme_datasets/Pictures_CFSB_leaf_damage/RSFB-Phenotyping_training_set/RSFB-Phenotyping_training_set/20251021_161301.jpg,79_R4S_312_TAIWAN_14_6,TAIWAN,79,312,14,6,2.0,1.0,1.5,1.0,Gross-Gerau,Insects,2025-10-21,BBCH10,/home/nfs/data/nvme_datasets/Pictures_CFSB_leaf_damage/RSFB-Phenotyping_training_set/RSFB-Phenotyping_training_set/RSFB-Phenotyping_training_set_scores.csv,/home/nfs/data/nvme_datasets/Pictures_CFSB_leaf_damage/2025_10_21_RSFB-Phenotyping_GG1_scores.csv,train
20251021_161312.jpg,/home/nfs/data/nvme_datasets/Pictures_CFSB_leaf_damage/RSFB-Phenotyping_training_set/RSFB-Phenotyping_training_set/20251021_161312.jpg,90_R4S_252_Lirajet_15_6,Lirajet,90,252,15,6,1.0,1.5,1.25,0.5,Gross-Gerau,Insects,2025-10-21,BBCH10,/home/nfs/data/nvme_datasets/Pictures_CFSB_leaf_damage/RSFB-Phenotyping_training_set/RSFB-Phenotyping_training_set/RSFB-Phenotyping_training_set_scores.csv,/home/nfs/data/nvme_datasets/Pictures_CFSB_leaf_damage/2025_10_21_RSFB-Phenotyping_GG1_scores.csv,test
20251021_161318.jpg,/home/nfs/data/nvme_datasets/Pictures_CFSB_leaf_damage/RSFB-Phenotyping_training_set/RSFB-Phenotyping_training_set/20251021_161318.jpg,90_R4S_252_Lirajet_15_6,Lirajet,90,252,15,6,5.0,8.5,6.75,3.5,Gross-Gerau,Insects,2025-10-21,BBCH10,/home/nfs/data/nvme_datasets/Pictures_CFSB_leaf_damage/RSFB-Phenotyping_training_set/RSFB-Phenotyping_training_set/RSFB-Phenotyping_training_set_scores.csv,/home/nfs/data/nvme_datasets/Pictures_CFSB_leaf_damage/2025_10_21_RSFB-Phenotyping_GG1_scores.csv,test
20251021_161325.jpg,/home/nfs/data/nvme_datasets/Pictures_CFSB_leaf_damage/RSFB-Phenotyping_training_set/RSFB-Phenotyping_training_set/20251021_161325.jpg,90_R4S_252_Lirajet_15_6,Lirajet,90,252,15,6,1.0,1.0,1.0,0.0,Gross-Gerau,Insects,2025-10-21,BBCH10,/home/nfs/data/nvme_datasets/Pictures_CFSB_leaf_damage/RSFB-Phenotyping_training_set/RSFB-Phenotyping_training_set/RSFB-Phenotyping_training_set_scores.csv,/home/nfs/data/nvme_datasets/Pictures_CFSB_leaf_damage/2025_10_21_RSFB-Phenotyping_GG1_scores.csv,test
20251021_161334.jpg,/home/nfs/data/nvme_datasets/Pictures_CFSB_leaf_damage/RSFB-Phenotyping_training_set/RSFB-Phenotyping_training_set/20251021_161334.jpg,91_R4S_505_Express 617_16_6,Express 617,91,505,16,6,1.0,1.0,1.0,0.0,Gross-Gerau,Insects,2025-10-21,BBCH10,/home/nfs/data/nvme_datasets/Pictures_CFSB_leaf_damage/RSFB-Phenotyping_training_set/RSFB-Phenotyping_training_set/RSFB-Phenotyping_training_set_scores.csv,/home/nfs/data/nvme_datasets/Pictures_CFSB_leaf_damage/2025_10_21_RSFB-Phenotyping_GG1_scores.csv,val
20251021_161342.jpg,/home/nfs/data/nvme_datasets/Pictures_CFSB_leaf_damage/RSFB-Phenotyping_training_set/RSFB-Phenotyping_training_set/20251021_161342.jpg,91_R4S_505_Express 617_16_6,Express 617,91,505,16,6,1.0,2.0,1.5,1.0,Gross-Gerau,Insects,2025-10-21,BBCH10,/home/nfs/data/nvme_datasets/Pictures_CFSB_leaf_damage/RSFB-Phenotyping_training_set/RSFB-Phenotyping_training_set/RSFB-Phenotyping_training_set_scores.csv,/home/nfs/data/nvme_datasets/Pictures_CFSB_leaf_damage/2025_10_21_RSFB-Phenotyping_GG1_scores.csv,val
20251021_161402.jpg,/home/nfs/data/nvme_datasets/Pictures_CFSB_leaf_damage/RSFB-Phenotyping_training_set/RSFB-Phenotyping_training_set/20251021_161402.jpg,102_R4S_324_Scotia_17_6,Scotia,102,324,17,6,5.0,4.0,4.5,1.0,Gross-Gerau,Insects,2025-10-21,BBCH10,/home/nfs/data/nvme_datasets/Pictures_CFSB_leaf_damage/RSFB-Phenotyping_training_set/RSFB-Phenotyping_training_set/RSFB-Phenotyping_training_set_scores.csv,/home/nfs/data/nvme_datasets/Pictures_CFSB_leaf_damage/2025_10_21_RSFB-Phenotyping_GG1_scores.csv,train
20251021_161425.jpg,/home/nfs/data/nvme_datasets/Pictures_CFSB_leaf_damage/RSFB-Phenotyping_training_set/RSFB-Phenotyping_training_set/20251021_161425.jpg,103_R4S_223_BIENVENU DH4_18_6,BIENVENU DH4,103,223,18,6,1.0,5.0,3.0,4.0,Gross-Gerau,Insects,2025-10-21,BBCH10,/home/nfs/data/nvme_datasets/Pictures_CFSB_leaf_damage/RSFB-Phenotyping_training_set/RSFB-Phenotyping_training_set/RSFB-Phenotyping_training_set_scores.csv,/home/nfs/data/nvme_datasets/Pictures_CFSB_leaf_damage/2025_10_21_RSFB-Phenotyping_GG1_scores.csv,train
20251021_161432.jpg,/home/nfs/data/nvme_datasets/Pictures_CFSB_leaf_damage/RSFB-Phenotyping_training_set/RSFB-Phenotyping_training_set/20251021_161432.jpg,103_R4S_223_BIENVENU DH4_18_6,BIENVENU DH4,103,223,18,6,5.0,1.5,3.25,3.5,Gross-Gerau,Insects,2025-10-21,BBCH10,/home/nfs/data/nvme_datasets/Pictures_CFSB_leaf_damage/RSFB-Phenotyping_training_set/RSFB-Phenotyping_training_set/RSFB-Phenotyping_training_set_scores.csv,/home/nfs/data/nvme_datasets/Pictures_CFSB_leaf_damage/2025_10_21_RSFB-Phenotyping_GG1_scores.csv,train
20251021_161443.jpg,/home/nfs/data/nvme_datasets/Pictures_CFSB_leaf_damage/RSFB-Phenotyping_training_set/RSFB-Phenotyping_training_set/20251021_161443.jpg,103_R4S_223_BIENVENU DH4_18_6,BIENVENU DH4,103,223,18,6,2.0,4.0,3.0,2.0,Gross-Gerau,Insects,2025-10-21,BBCH10,/home/nfs/data/nvme_datasets/Pictures_CFSB_leaf_damage/RSFB-Phenotyping_training_set/RSFB-Phenotyping_training_set/RSFB-Phenotyping_training_set_scores.csv,/home/nfs/data/nvme_datasets/Pictures_CFSB_leaf_damage/2025_10_21_RSFB-Phenotyping_GG1_scores.csv,train
20251021_161504.jpg,/home/nfs/data/nvme_datasets/Pictures_CFSB_leaf_damage/RSFB-Phenotyping_training_set/RSFB-Phenotyping_training_set/20251021_161504.jpg,114_R4S_424_R18_19_6,R18,114,424,19,6,3.0,2.0,2.5,1.0,Gross-Gerau,Insects,2025-10-21,BBCH10,/home/nfs/data/nvme_datasets/Pictures_CFSB_leaf_damage/RSFB-Phenotyping_training_set/RSFB-Phenotyping_training_set/RSFB-Phenotyping_training_set_scores.csv,/home/nfs/data/nvme_datasets/Pictures_CFSB_leaf_damage/2025_10_21_RSFB-Phenotyping_GG1_scores.csv,train
20251021_161511.jpg,/home/nfs/data/nvme_datasets/Pictures_CFSB_leaf_damage/RSFB-Phenotyping_training_set/RSFB-Phenotyping_training_set/20251021_161511.jpg,114_R4S_424_R18_19_6,R18,114,424,19,6,1.0,1.0,1.0,0.0,Gross-Gerau,Insects,2025-10-21,BBCH10,/home/nfs/data/nvme_datasets/Pictures_CFSB_leaf_damage/RSFB-Phenotyping_training_set/RSFB-Phenotyping_training_set/RSFB-Phenotyping_training_set_scores.csv,/home/nfs/data/nvme_datasets/Pictures_CFSB_leaf_damage/2025_10_21_RSFB-Phenotyping_GG1_scores.csv,train
20251021_161525.jpg,/home/nfs/data/nvme_datasets/Pictures_CFSB_leaf_damage/RSFB-Phenotyping_training_set/RSFB-Phenotyping_training_set/20251021_161525.jpg,115_R4S_514_R31_20_6,R31,115,514,20,6,5.0,4.5,4.75,0.5,Gross-Gerau,Insects,2025-10-21,BBCH10,/home/nfs/data/nvme_datasets/Pictures_CFSB_leaf_damage/RSFB-Phenotyping_training_set/RSFB-Phenotyping_training_set/RSFB-Phenotyping_training_set_scores.csv,/home/nfs/data/nvme_datasets/Pictures_CFSB_leaf_damage/2025_10_21_RSFB-Phenotyping_GG1_scores.csv,train
20251021_161609.jpg,/home/nfs/data/nvme_datasets/Pictures_CFSB_leaf_damage/RSFB-Phenotyping_training_set/RSFB-Phenotyping_training_set/20251021_161609.jpg,126_R4S_283_Mztnickij_21_6,Mztnickij,126,283,21,6,15.0,15.5,15.25,0.5,Gross-Gerau,Insects,2025-10-21,BBCH10,/home/nfs/data/nvme_datasets/Pictures_CFSB_leaf_damage/RSFB-Phenotyping_training_set/RSFB-Phenotyping_training_set/RSFB-Phenotyping_training_set_scores.csv,/home/nfs/data/nvme_datasets/Pictures_CFSB_leaf_damage/2025_10_21_RSFB-Phenotyping_GG1_scores.csv,train
20251021_161615.jpg,/home/nfs/data/nvme_datasets/Pictures_CFSB_leaf_damage/RSFB-Phenotyping_training_set/RSFB-Phenotyping_training_set/20251021_161615.jpg,126_R4S_283_Mztnickij_21_6,Mztnickij,126,283,21,6,22.0,17.5,19.75,4.5,Gross-Gerau,Insects,2025-10-21,BBCH10,/home/nfs/data/nvme_datasets/Pictures_CFSB_leaf_damage/RSFB-Phenotyping_training_set/RSFB-Phenotyping_training_set/RSFB-Phenotyping_training_set_scores.csv,/home/nfs/data/nvme_datasets/Pictures_CFSB_leaf_damage/2025_10_21_RSFB-Phenotyping_GG1_scores.csv,train
20251021_161705.jpg,/home/nfs/data/nvme_datasets/Pictures_CFSB_leaf_damage/RSFB-Phenotyping_training_set/RSFB-Phenotyping_training_set/20251021_161705.jpg,138_R4S_277_Krapphauser_23_6,Krapphauser,138,277,23,6,15.0,19.0,17.0,4.0,Gross-Gerau,Insects,2025-10-21,BBCH10,/home/nfs/data/nvme_datasets/Pictures_CFSB_leaf_damage/RSFB-Phenotyping_training_set/RSFB-Phenotyping_training_set/RSFB-Phenotyping_training_set_scores.csv,/home/nfs/data/nvme_datasets/Pictures_CFSB_leaf_damage/2025_10_21_RSFB-Phenotyping_GG1_scores.csv,val
20251021_161731.jpg,/home/nfs/data/nvme_datasets/Pictures_CFSB_leaf_damage/RSFB-Phenotyping_training_set/RSFB-Phenotyping_training_set/20251021_161731.jpg,139_R4S_378_Sobotkowski_24_6,Sobotkowski,139,378,24,6,8.0,4.5,6.25,3.5,Gross-Gerau,Insects,2025-10-21,BBCH10,/home/nfs/data/nvme_datasets/Pictures_CFSB_leaf_damage/RSFB-Phenotyping_training_set/RSFB-Phenotyping_training_set/RSFB-Phenotyping_training_set_scores.csv,/home/nfs/data/nvme_datasets/Pictures_CFSB_leaf_damage/2025_10_21_RSFB-Phenotyping_GG1_scores.csv,train
20251021_161803.jpg,/home/nfs/data/nvme_datasets/Pictures_CFSB_leaf_damage/RSFB-Phenotyping_training_set/RSFB-Phenotyping_training_set/20251021_161803.jpg,150_R4S_444_1012/98_25_6,1012/98,150,444,25,6,5.0,6.9,5.95,1.9000000000000004,Gross-Gerau,Insects,2025-10-21,BBCH10,/home/nfs/data/nvme_datasets/Pictures_CFSB_leaf_damage/RSFB-Phenotyping_training_set/RSFB-Phenotyping_training_set/RSFB-Phenotyping_training_set_scores.csv,/home/nfs/data/nvme_datasets/Pictures_CFSB_leaf_damage/2025_10_21_RSFB-Phenotyping_GG1_scores.csv,train
20251021_161816.jpg,/home/nfs/data/nvme_datasets/Pictures_CFSB_leaf_damage/RSFB-Phenotyping_training_set/RSFB-Phenotyping_training_set/20251021_161816.jpg,150_R4S_444_1012/98_25_6,1012/98,150,444,25,6,2.0,3.0,2.5,1.0,Gross-Gerau,Insects,2025-10-21,BBCH10,/home/nfs/data/nvme_datasets/Pictures_CFSB_leaf_damage/RSFB-Phenotyping_training_set/RSFB-Phenotyping_training_set/RSFB-Phenotyping_training_set_scores.csv,/home/nfs/data/nvme_datasets/Pictures_CFSB_leaf_damage/2025_10_21_RSFB-Phenotyping_GG1_scores.csv,train
20251021_161826.jpg,/home/nfs/data/nvme_datasets/Pictures_CFSB_leaf_damage/RSFB-Phenotyping_training_set/RSFB-Phenotyping_training_set/20251021_161826.jpg,151_R4S_145_Milena_26_6,Milena,151,145,26,6,4.0,5.5,4.75,1.5,Gross-Gerau,Insects,2025-10-21,BBCH10,/home/nfs/data/nvme_datasets/Pictures_CFSB_leaf_damage/RSFB-Phenotyping_training_set/RSFB-Phenotyping_training_set/RSFB-Phenotyping_training_set_scores.csv,/home/nfs/data/nvme_datasets/Pictures_CFSB_leaf_damage/2025_10_21_RSFB-Phenotyping_GG1_scores.csv,train
20251021_161831.jpg,/home/nfs/data/nvme_datasets/Pictures_CFSB_leaf_damage/RSFB-Phenotyping_training_set/RSFB-Phenotyping_training_set/20251021_161831.jpg,151_R4S_145_Milena_26_6,Milena,151,145,26,6,5.0,5.5,5.25,0.5,Gross-Gerau,Insects,2025-10-21,BBCH10,/home/nfs/data/nvme_datasets/Pictures_CFSB_leaf_damage/RSFB-Phenotyping_training_set/RSFB-Phenotyping_training_set/RSFB-Phenotyping_training_set_scores.csv,/home/nfs/data/nvme_datasets/Pictures_CFSB_leaf_damage/2025_10_21_RSFB-Phenotyping_GG1_scores.csv,train
20251021_161924.jpg,/home/nfs/data/nvme_datasets/Pictures_CFSB_leaf_damage/RSFB-Phenotyping_training_set/RSFB-Phenotyping_training_set/20251021_161924.jpg,163_R4S_525_Taisetsu_28_6,Taisetsu,163,525,28,6,5.0,2.0,3.5,3.0,Gross-Gerau,Insects,2025-10-21,BBCH10,/home/nfs/data/nvme_datasets/Pictures_CFSB_leaf_damage/RSFB-Phenotyping_training_set/RSFB-Phenotyping_training_set/RSFB-Phenotyping_training_set_scores.csv,/home/nfs/data/nvme_datasets/Pictures_CFSB_leaf_damage/2025_10_21_RSFB-Phenotyping_GG1_scores.csv,train
20251021_161951.jpg,/home/nfs/data/nvme_datasets/Pictures_CFSB_leaf_damage/RSFB-Phenotyping_training_set/RSFB-Phenotyping_training_set/20251021_161951.jpg,174_R4S_200_Darmor_29_6,Darmor,174,200,29,6,2.0,4.0,3.0,2.0,Gross-Gerau,Insects,2025-10-21,BBCH10,/home/nfs/data/nvme_datasets/Pictures_CFSB_leaf_damage/RSFB-Phenotyping_training_set/RSFB-Phenotyping_training_set/RSFB-Phenotyping_training_set_scores.csv,/home/nfs/data/nvme_datasets/Pictures_CFSB_leaf_damage/2025_10_21_RSFB-Phenotyping_GG1_scores.csv,test
20251021_161958.jpg,/home/nfs/data/nvme_datasets/Pictures_CFSB_leaf_damage/RSFB-Phenotyping_training_set/RSFB-Phenotyping_training_set/20251021_161958.jpg,174_R4S_200_Darmor_29_6,Darmor,174,200,29,6,2.0,1.5,1.75,0.5,Gross-Gerau,Insects,2025-10-21,BBCH10,/home/nfs/data/nvme_datasets/Pictures_CFSB_leaf_damage/RSFB-Phenotyping_training_set/RSFB-Phenotyping_training_set/RSFB-Phenotyping_training_set_scores.csv,/home/nfs/data/nvme_datasets/Pictures_CFSB_leaf_damage/2025_10_21_RSFB-Phenotyping_GG1_scores.csv,test
20251021_162004.jpg,/home/nfs/data/nvme_datasets/Pictures_CFSB_leaf_damage/RSFB-Phenotyping_training_set/RSFB-Phenotyping_training_set/20251021_162004.jpg,174_R4S_200_Darmor_29_6,Darmor,174,200,29,6,5.0,1.5,3.25,3.5,Gross-Gerau,Insects,2025-10-21,BBCH10,/home/nfs/data/nvme_datasets/Pictures_CFSB_leaf_damage/RSFB-Phenotyping_training_set/RSFB-Phenotyping_training_set/RSFB-Phenotyping_training_set_scores.csv,/home/nfs/data/nvme_datasets/Pictures_CFSB_leaf_damage/2025_10_21_RSFB-Phenotyping_GG1_scores.csv,test
20251021_162013.jpg,/home/nfs/data/nvme_datasets/Pictures_CFSB_leaf_damage/RSFB-Phenotyping_training_set/RSFB-Phenotyping_training_set/20251021_162013.jpg,175_R4S_148_Rodeo_30_6,Rodeo,175,148,30,6,1.0,1.0,1.0,0.0,Gross-Gerau,Insects,2025-10-21,BBCH10,/home/nfs/data/nvme_datasets/Pictures_CFSB_leaf_damage/RSFB-Phenotyping_training_set/RSFB-Phenotyping_training_set/RSFB-Phenotyping_training_set_scores.csv,/home/nfs/data/nvme_datasets/Pictures_CFSB_leaf_damage/2025_10_21_RSFB-Phenotyping_GG1_scores.csv,train
20251021_162027.jpg,/home/nfs/data/nvme_datasets/Pictures_CFSB_leaf_damage/RSFB-Phenotyping_training_set/RSFB-Phenotyping_training_set/20251021_162027.jpg,175_R4S_148_Rodeo_30_6,Rodeo,175,148,30,6,3.0,7.1,5.05,4.1,Gross-Gerau,Insects,2025-10-21,BBCH10,/home/nfs/data/nvme_datasets/Pictures_CFSB_leaf_damage/RSFB-Phenotyping_training_set/RSFB-Phenotyping_training_set/RSFB-Phenotyping_training_set_scores.csv,/home/nfs/data/nvme_datasets/Pictures_CFSB_leaf_damage/2025_10_21_RSFB-Phenotyping_GG1_scores.csv,train
20251021_162049.jpg,/home/nfs/data/nvme_datasets/Pictures_CFSB_leaf_damage/RSFB-Phenotyping_training_set/RSFB-Phenotyping_training_set/20251021_162049.jpg,186_R4S_397_Brink_31_6,Brink,186,397,31,6,2.0,3.0,2.5,1.0,Gross-Gerau,Insects,2025-10-21,BBCH10,/home/nfs/data/nvme_datasets/Pictures_CFSB_leaf_damage/RSFB-Phenotyping_training_set/RSFB-Phenotyping_training_set/RSFB-Phenotyping_training_set_scores.csv,/home/nfs/data/nvme_datasets/Pictures_CFSB_leaf_damage/2025_10_21_RSFB-Phenotyping_GG1_scores.csv,train
20251021_162057.jpg,/home/nfs/data/nvme_datasets/Pictures_CFSB_leaf_damage/RSFB-Phenotyping_training_set/RSFB-Phenotyping_training_set/20251021_162057.jpg,186_R4S_397_Brink_31_6,Brink,186,397,31,6,3.0,6.0,4.5,3.0,Gross-Gerau,Insects,2025-10-21,BBCH10,/home/nfs/data/nvme_datasets/Pictures_CFSB_leaf_damage/RSFB-Phenotyping_training_set/RSFB-Phenotyping_training_set/RSFB-Phenotyping_training_set_scores.csv,/home/nfs/data/nvme_datasets/Pictures_CFSB_leaf_damage/2025_10_21_RSFB-Phenotyping_GG1_scores.csv,train
20251021_162121.jpg,/home/nfs/data/nvme_datasets/Pictures_CFSB_leaf_damage/RSFB-Phenotyping_training_set/RSFB-Phenotyping_training_set/20251021_162121.jpg,187_R4S_492_FELICIANO KWS_32_6,FELICIANO KWS,187,492,32,6,1.0,5.0,3.0,4.0,Gross-Gerau,Insects,2025-10-21,BBCH10,/home/nfs/data/nvme_datasets/Pictures_CFSB_leaf_damage/RSFB-Phenotyping_training_set/RSFB-Phenotyping_training_set/RSFB-Phenotyping_training_set_scores.csv,/home/nfs/data/nvme_datasets/Pictures_CFSB_leaf_damage/2025_10_21_RSFB-Phenotyping_GG1_scores.csv,test
20251021_162132.jpg,/home/nfs/data/nvme_datasets/Pictures_CFSB_leaf_damage/RSFB-Phenotyping_training_set/RSFB-Phenotyping_training_set/20251021_162132.jpg,198_R4S_496_DSV3_33_6,DSV3,198,496,33,6,12.0,17.0,14.5,5.0,Gross-Gerau,Insects,2025-10-21,BBCH10,/home/nfs/data/nvme_datasets/Pictures_CFSB_leaf_damage/RSFB-Phenotyping_training_set/RSFB-Phenotyping_training_set/RSFB-Phenotyping_training_set_scores.csv,/home/nfs/data/nvme_datasets/Pictures_CFSB_leaf_damage/2025_10_21_RSFB-Phenotyping_GG1_scores.csv,test
20251021_162139.jpg,/home/nfs/data/nvme_datasets/Pictures_CFSB_leaf_damage/RSFB-Phenotyping_training_set/RSFB-Phenotyping_training_set/20251021_162139.jpg,198_R4S_496_DSV3_33_6,DSV3,198,496,33,6,1.0,1.0,1.0,0.0,Gross-Gerau,Insects,2025-10-21,BBCH10,/home/nfs/data/nvme_datasets/Pictures_CFSB_leaf_damage/RSFB-Phenotyping_training_set/RSFB-Phenotyping_training_set/RSFB-Phenotyping_training_set_scores.csv,/home/nfs/data/nvme_datasets/Pictures_CFSB_leaf_damage/2025_10_21_RSFB-Phenotyping_GG1_scores.csv,test
20251021_162146.jpg,/home/nfs/data/nvme_datasets/Pictures_CFSB_leaf_damage/RSFB-Phenotyping_training_set/RSFB-Phenotyping_training_set/20251021_162146.jpg,198_R4S_496_DSV3_33_6,DSV3,198,496,33,6,1.0,6.0,3.5,5.0,Gross-Gerau,Insects,2025-10-21,BBCH10,/home/nfs/data/nvme_datasets/Pictures_CFSB_leaf_damage/RSFB-Phenotyping_training_set/RSFB-Phenotyping_training_set/RSFB-Phenotyping_training_set_scores.csv,/home/nfs/data/nvme_datasets/Pictures_CFSB_leaf_damage/2025_10_21_RSFB-Phenotyping_GG1_scores.csv,test
20251021_162156.jpg,/home/nfs/data/nvme_datasets/Pictures_CFSB_leaf_damage/RSFB-Phenotyping_training_set/RSFB-Phenotyping_training_set/20251021_162156.jpg,199_R4S_388_Liporta_34_6,Liporta,199,388,34,6,1.0,1.5,1.25,0.5,Gross-Gerau,Insects,2025-10-21,BBCH10,/home/nfs/data/nvme_datasets/Pictures_CFSB_leaf_damage/RSFB-Phenotyping_training_set/RSFB-Phenotyping_training_set/RSFB-Phenotyping_training_set_scores.csv,/home/nfs/data/nvme_datasets/Pictures_CFSB_leaf_damage/2025_10_21_RSFB-Phenotyping_GG1_scores.csv,train
20251021_162202.jpg,/home/nfs/data/nvme_datasets/Pictures_CFSB_leaf_damage/RSFB-Phenotyping_training_set/RSFB-Phenotyping_training_set/20251021_162202.jpg,199_R4S_388_Liporta_34_6,Liporta,199,388,34,6,2.0,2.0,2.0,0.0,Gross-Gerau,Insects,2025-10-21,BBCH10,/home/nfs/data/nvme_datasets/Pictures_CFSB_leaf_damage/RSFB-Phenotyping_training_set/RSFB-Phenotyping_training_set/RSFB-Phenotyping_training_set_scores.csv,/home/nfs/data/nvme_datasets/Pictures_CFSB_leaf_damage/2025_10_21_RSFB-Phenotyping_GG1_scores.csv,train
20251021_162210.jpg,/home/nfs/data/nvme_datasets/Pictures_CFSB_leaf_damage/RSFB-Phenotyping_training_set/RSFB-Phenotyping_training_set/20251021_162210.jpg,199_R4S_388_Liporta_34_6,Liporta,199,388,34,6,1.0,2.5,1.75,1.5,Gross-Gerau,Insects,2025-10-21,BBCH10,/home/nfs/data/nvme_datasets/Pictures_CFSB_leaf_damage/RSFB-Phenotyping_training_set/RSFB-Phenotyping_training_set/RSFB-Phenotyping_training_set_scores.csv,/home/nfs/data/nvme_datasets/Pictures_CFSB_leaf_damage/2025_10_21_RSFB-Phenotyping_GG1_scores.csv,train
20251021_162246.jpg,/home/nfs/data/nvme_datasets/Pictures_CFSB_leaf_damage/RSFB-Phenotyping_training_set/RSFB-Phenotyping_training_set/20251021_162246.jpg,210_R4S_422_G89_35_6,G89,210,422,35,6,15.0,14.0,14.5,1.0,Gross-Gerau,Insects,2025-10-21,BBCH10,/home/nfs/data/nvme_datasets/Pictures_CFSB_leaf_damage/RSFB-Phenotyping_training_set/RSFB-Phenotyping_training_set/RSFB-Phenotyping_training_set_scores.csv,/home/nfs/data/nvme_datasets/Pictures_CFSB_leaf_damage/2025_10_21_RSFB-Phenotyping_GG1_scores.csv,val
20251021_162301.jpg,/home/nfs/data/nvme_datasets/Pictures_CFSB_leaf_damage/RSFB-Phenotyping_training_set/RSFB-Phenotyping_training_set/20251021_162301.jpg,211_R4S_359_SIBERISCHE BOERENKOOL_36_6,SIBERISCHE BOERENKOOL,211,359,36,6,1.0,2.0,1.5,1.0,Gross-Gerau,Insects,2025-10-21,BBCH10,/home/nfs/data/nvme_datasets/Pictures_CFSB_leaf_damage/RSFB-Phenotyping_training_set/RSFB-Phenotyping_training_set/RSFB-Phenotyping_training_set_scores.csv,/home/nfs/data/nvme_datasets/Pictures_CFSB_leaf_damage/2025_10_21_RSFB-Phenotyping_GG1_scores.csv,train
20251021_162313.jpg,/home/nfs/data/nvme_datasets/Pictures_CFSB_leaf_damage/RSFB-Phenotyping_training_set/RSFB-Phenotyping_training_set/20251021_162313.jpg,211_R4S_359_SIBERISCHE BOERENKOOL_36_6,SIBERISCHE BOERENKOOL,211,359,36,6,1.0,2.5,1.75,1.5,Gross-Gerau,Insects,2025-10-21,BBCH10,/home/nfs/data/nvme_datasets/Pictures_CFSB_leaf_damage/RSFB-Phenotyping_training_set/RSFB-Phenotyping_training_set/RSFB-Phenotyping_training_set_scores.csv,/home/nfs/data/nvme_datasets/Pictures_CFSB_leaf_damage/2025_10_21_RSFB-Phenotyping_GG1_scores.csv,train
20251021_162321.jpg,/home/nfs/data/nvme_datasets/Pictures_CFSB_leaf_damage/RSFB-Phenotyping_training_set/RSFB-Phenotyping_training_set/20251021_162321.jpg,211_R4S_359_SIBERISCHE BOERENKOOL_36_6,SIBERISCHE BOERENKOOL,211,359,36,6,2.0,1.4,1.7,0.6000000000000001,Gross-Gerau,Insects,2025-10-21,BBCH10,/home/nfs/data/nvme_datasets/Pictures_CFSB_leaf_damage/RSFB-Phenotyping_training_set/RSFB-Phenotyping_training_set/RSFB-Phenotyping_training_set_scores.csv,/home/nfs/data/nvme_datasets/Pictures_CFSB_leaf_damage/2025_10_21_RSFB-Phenotyping_GG1_scores.csv,train
20251021_162332.jpg,/home/nfs/data/nvme_datasets/Pictures_CFSB_leaf_damage/RSFB-Phenotyping_training_set/RSFB-Phenotyping_training_set/20251021_162332.jpg,222_R4S_293_K26/96_37_6,K26/96,222,293,37,6,8.0,9.0,8.5,1.0,Gross-Gerau,Insects,2025-10-21,BBCH10,/home/nfs/data/nvme_datasets/Pictures_CFSB_leaf_damage/RSFB-Phenotyping_training_set/RSFB-Phenotyping_training_set/RSFB-Phenotyping_training_set_scores.csv,/home/nfs/data/nvme_datasets/Pictures_CFSB_leaf_damage/2025_10_21_RSFB-Phenotyping_GG1_scores.csv,train
20251021_162346.jpg,/home/nfs/data/nvme_datasets/Pictures_CFSB_leaf_damage/RSFB-Phenotyping_training_set/RSFB-Phenotyping_training_set/20251021_162346.jpg,222_R4S_293_K26/96_37_6,K26/96,222,293,37,6,2.0,3.5,2.75,1.5,Gross-Gerau,Insects,2025-10-21,BBCH10,/home/nfs/data/nvme_datasets/Pictures_CFSB_leaf_damage/RSFB-Phenotyping_training_set/RSFB-Phenotyping_training_set/RSFB-Phenotyping_training_set_scores.csv,/home/nfs/data/nvme_datasets/Pictures_CFSB_leaf_damage/2025_10_21_RSFB-Phenotyping_GG1_scores.csv,train
20251021_162400.jpg,/home/nfs/data/nvme_datasets/Pictures_CFSB_leaf_damage/RSFB-Phenotyping_training_set/RSFB-Phenotyping_training_set/20251021_162400.jpg,223_RAS_320_Best of All_38_6,RAS_320_Best of All,223,NA,38,6,1.0,0.5,0.75,0.5,Gross-Gerau,Insects,2025-10-21,BBCH10,/home/nfs/data/nvme_datasets/Pictures_CFSB_leaf_damage/RSFB-Phenotyping_training_set/RSFB-Phenotyping_training_set/RSFB-Phenotyping_training_set_scores.csv,/home/nfs/data/nvme_datasets/Pictures_CFSB_leaf_damage/2025_10_21_RSFB-Phenotyping_GG1_scores.csv,train
20251021_162409.jpg,/home/nfs/data/nvme_datasets/Pictures_CFSB_leaf_damage/RSFB-Phenotyping_training_set/RSFB-Phenotyping_training_set/20251021_162409.jpg,223_RAS_320_Best of All_38_6,RAS_320_Best of All,223,NA,38,6,1.0,3.8,2.4,2.8,Gross-Gerau,Insects,2025-10-21,BBCH10,/home/nfs/data/nvme_datasets/Pictures_CFSB_leaf_damage/RSFB-Phenotyping_training_set/RSFB-Phenotyping_training_set/RSFB-Phenotyping_training_set_scores.csv,/home/nfs/data/nvme_datasets/Pictures_CFSB_leaf_damage/2025_10_21_RSFB-Phenotyping_GG1_scores.csv,train
20251021_162416.jpg,/home/nfs/data/nvme_datasets/Pictures_CFSB_leaf_damage/RSFB-Phenotyping_training_set/RSFB-Phenotyping_training_set/20251021_162416.jpg,223_RAS_320_Best of All_38_6,RAS_320_Best of All,223,NA,38,6,1.0,0.5,0.75,0.5,Gross-Gerau,Insects,2025-10-21,BBCH10,/home/nfs/data/nvme_datasets/Pictures_CFSB_leaf_damage/RSFB-Phenotyping_training_set/RSFB-Phenotyping_training_set/RSFB-Phenotyping_training_set_scores.csv,/home/nfs/data/nvme_datasets/Pictures_CFSB_leaf_damage/2025_10_21_RSFB-Phenotyping_GG1_scores.csv,train
20251021_162428.jpg,/home/nfs/data/nvme_datasets/Pictures_CFSB_leaf_damage/RSFB-Phenotyping_training_set/RSFB-Phenotyping_training_set/20251021_162428.jpg,234_R4S_447_K306_39_6,K306,234,447,39,6,1.0,3.0,2.0,2.0,Gross-Gerau,Insects,2025-10-21,BBCH10,/home/nfs/data/nvme_datasets/Pictures_CFSB_leaf_damage/RSFB-Phenotyping_training_set/RSFB-Phenotyping_training_set/RSFB-Phenotyping_training_set_scores.csv,/home/nfs/data/nvme_datasets/Pictures_CFSB_leaf_damage/2025_10_21_RSFB-Phenotyping_GG1_scores.csv,test
20251021_162459.jpg,/home/nfs/data/nvme_datasets/Pictures_CFSB_leaf_damage/RSFB-Phenotyping_training_set/RSFB-Phenotyping_training_set/20251021_162459.jpg,235_R4S_193_LICROWN X EXPRESS DH LINE_40_6,LICROWN X EXPRESS DH LINE,235,193,40,6,1.0,2.0,1.5,1.0,Gross-Gerau,Insects,2025-10-21,BBCH10,/home/nfs/data/nvme_datasets/Pictures_CFSB_leaf_damage/RSFB-Phenotyping_training_set/RSFB-Phenotyping_training_set/RSFB-Phenotyping_training_set_scores.csv,/home/nfs/data/nvme_datasets/Pictures_CFSB_leaf_damage/2025_10_21_RSFB-Phenotyping_GG1_scores.csv,train
20251021_162506.jpg,/home/nfs/data/nvme_datasets/Pictures_CFSB_leaf_damage/RSFB-Phenotyping_training_set/RSFB-Phenotyping_training_set/20251021_162506.jpg,235_R4S_193_LICROWN X EXPRESS DH LINE_40_6,LICROWN X EXPRESS DH LINE,235,193,40,6,3.0,7.0,5.0,4.0,Gross-Gerau,Insects,2025-10-21,BBCH10,/home/nfs/data/nvme_datasets/Pictures_CFSB_leaf_damage/RSFB-Phenotyping_training_set/RSFB-Phenotyping_training_set/RSFB-Phenotyping_training_set_scores.csv,/home/nfs/data/nvme_datasets/Pictures_CFSB_leaf_damage/2025_10_21_RSFB-Phenotyping_GG1_scores.csv,train
20251021_162601.jpg,/home/nfs/data/nvme_datasets/Pictures_CFSB_leaf_damage/RSFB-Phenotyping_training_set/RSFB-Phenotyping_training_set/20251021_162601.jpg,247_R4S_456_S17_42_6,S17,247,456,42,6,1.0,5.0,3.0,4.0,Gross-Gerau,Insects,2025-10-21,BBCH10,/home/nfs/data/nvme_datasets/Pictures_CFSB_leaf_damage/RSFB-Phenotyping_training_set/RSFB-Phenotyping_training_set/RSFB-Phenotyping_training_set_scores.csv,/home/nfs/data/nvme_datasets/Pictures_CFSB_leaf_damage/2025_10_21_RSFB-Phenotyping_GG1_scores.csv,val
20251021_162630.jpg,/home/nfs/data/nvme_datasets/Pictures_CFSB_leaf_damage/RSFB-Phenotyping_training_set/RSFB-Phenotyping_training_set/20251021_162630.jpg,258_R4S_516_R31_43_6,R31,258,516,43,6,15.0,19.5,17.25,4.5,Gross-Gerau,Insects,2025-10-21,BBCH10,/home/nfs/data/nvme_datasets/Pictures_CFSB_leaf_damage/RSFB-Phenotyping_training_set/RSFB-Phenotyping_training_set/RSFB-Phenotyping_training_set_scores.csv,/home/nfs/data/nvme_datasets/Pictures_CFSB_leaf_damage/2025_10_21_RSFB-Phenotyping_GG1_scores.csv,val
20251021_162638.jpg,/home/nfs/data/nvme_datasets/Pictures_CFSB_leaf_damage/RSFB-Phenotyping_training_set/RSFB-Phenotyping_training_set/20251021_162638.jpg,258_R4S_516_R31_43_6,R31,258,516,43,6,1.0,3.0,2.0,2.0,Gross-Gerau,Insects,2025-10-21,BBCH10,/home/nfs/data/nvme_datasets/Pictures_CFSB_leaf_damage/RSFB-Phenotyping_training_set/RSFB-Phenotyping_training_set/RSFB-Phenotyping_training_set_scores.csv,/home/nfs/data/nvme_datasets/Pictures_CFSB_leaf_damage/2025_10_21_RSFB-Phenotyping_GG1_scores.csv,val
20251021_162646.jpg,/home/nfs/data/nvme_datasets/Pictures_CFSB_leaf_damage/RSFB-Phenotyping_training_set/RSFB-Phenotyping_training_set/20251021_162646.jpg,258_R4S_516_R31_43_6,R31,258,516,43,6,12.0,15.0,13.5,3.0,Gross-Gerau,Insects,2025-10-21,BBCH10,/home/nfs/data/nvme_datasets/Pictures_CFSB_leaf_damage/RSFB-Phenotyping_training_set/RSFB-Phenotyping_training_set/RSFB-Phenotyping_training_set_scores.csv,/home/nfs/data/nvme_datasets/Pictures_CFSB_leaf_damage/2025_10_21_RSFB-Phenotyping_GG1_scores.csv,val
20251021_162707.jpg,/home/nfs/data/nvme_datasets/Pictures_CFSB_leaf_damage/RSFB-Phenotyping_training_set/RSFB-Phenotyping_training_set/20251021_162707.jpg,259_R4S_383_Moldavia_44_6,Moldavia,259,383,44,6,15.0,13.0,14.0,2.0,Gross-Gerau,Insects,2025-10-21,BBCH10,/home/nfs/data/nvme_datasets/Pictures_CFSB_leaf_damage/RSFB-Phenotyping_training_set/RSFB-Phenotyping_training_set/RSFB-Phenotyping_training_set_scores.csv,/home/nfs/data/nvme_datasets/Pictures_CFSB_leaf_damage/2025_10_21_RSFB-Phenotyping_GG1_scores.csv,train
20251021_162717.jpg,/home/nfs/data/nvme_datasets/Pictures_CFSB_leaf_damage/RSFB-Phenotyping_training_set/RSFB-Phenotyping_training_set/20251021_162717.jpg,259_R4S_383_Moldavia_44_6,Moldavia,259,383,44,6,18.0,20.5,19.25,2.5,Gross-Gerau,Insects,2025-10-21,BBCH10,/home/nfs/data/nvme_datasets/Pictures_CFSB_leaf_damage/RSFB-Phenotyping_training_set/RSFB-Phenotyping_training_set/RSFB-Phenotyping_training_set_scores.csv,/home/nfs/data/nvme_datasets/Pictures_CFSB_leaf_damage/2025_10_21_RSFB-Phenotyping_GG1_scores.csv,train
20251021_162732.jpg,/home/nfs/data/nvme_datasets/Pictures_CFSB_leaf_damage/RSFB-Phenotyping_training_set/RSFB-Phenotyping_training_set/20251021_162732.jpg,270_R4S_232_Beluga_45_6,Beluga,270,232,45,6,1.0,4.5,2.75,3.5,Gross-Gerau,Insects,2025-10-21,BBCH10,/home/nfs/data/nvme_datasets/Pictures_CFSB_leaf_damage/RSFB-Phenotyping_training_set/RSFB-Phenotyping_training_set/RSFB-Phenotyping_training_set_scores.csv,/home/nfs/data/nvme_datasets/Pictures_CFSB_leaf_damage/2025_10_21_RSFB-Phenotyping_GG1_scores.csv,train
20251021_162800.jpg,/home/nfs/data/nvme_datasets/Pictures_CFSB_leaf_damage/RSFB-Phenotyping_training_set/RSFB-Phenotyping_training_set/20251021_162800.jpg,271_R4S_171_Falstaff_46_6,Falstaff,271,171,46,6,2.0,5.5,3.75,3.5,Gross-Gerau,Insects,2025-10-21,BBCH10,/home/nfs/data/nvme_datasets/Pictures_CFSB_leaf_damage/RSFB-Phenotyping_training_set/RSFB-Phenotyping_training_set/RSFB-Phenotyping_training_set_scores.csv,/home/nfs/data/nvme_datasets/Pictures_CFSB_leaf_damage/2025_10_21_RSFB-Phenotyping_GG1_scores.csv,train
20251021_162807.jpg,/home/nfs/data/nvme_datasets/Pictures_CFSB_leaf_damage/RSFB-Phenotyping_training_set/RSFB-Phenotyping_training_set/20251021_162807.jpg,271_R4S_171_Falstaff_46_6,Falstaff,271,171,46,6,3.0,8.0,5.5,5.0,Gross-Gerau,Insects,2025-10-21,BBCH10,/home/nfs/data/nvme_datasets/Pictures_CFSB_leaf_damage/RSFB-Phenotyping_training_set/RSFB-Phenotyping_training_set/RSFB-Phenotyping_training_set_scores.csv,/home/nfs/data/nvme_datasets/Pictures_CFSB_leaf_damage/2025_10_21_RSFB-Phenotyping_GG1_scores.csv,train
20251021_162816.jpg,/home/nfs/data/nvme_datasets/Pictures_CFSB_leaf_damage/RSFB-Phenotyping_training_set/RSFB-Phenotyping_training_set/20251021_162816.jpg,271_R4S_171_Falstaff_46_6,Falstaff,271,171,46,6,1.0,2.5,1.75,1.5,Gross-Gerau,Insects,2025-10-21,BBCH10,/home/nfs/data/nvme_datasets/Pictures_CFSB_leaf_damage/RSFB-Phenotyping_training_set/RSFB-Phenotyping_training_set/RSFB-Phenotyping_training_set_scores.csv,/home/nfs/data/nvme_datasets/Pictures_CFSB_leaf_damage/2025_10_21_RSFB-Phenotyping_GG1_scores.csv,train
20251021_162836.jpg,/home/nfs/data/nvme_datasets/Pictures_CFSB_leaf_damage/RSFB-Phenotyping_training_set/RSFB-Phenotyping_training_set/20251021_162836.jpg,282_R4S_332_Hollandse Gele Roodkop_47_6,Hollandse Gele Roodkop,282,332,47,6,20.0,19.0,19.5,1.0,Gross-Gerau,Insects,2025-10-21,BBCH10,/home/nfs/data/nvme_datasets/Pictures_CFSB_leaf_damage/RSFB-Phenotyping_training_set/RSFB-Phenotyping_training_set/RSFB-Phenotyping_training_set_scores.csv,/home/nfs/data/nvme_datasets/Pictures_CFSB_leaf_damage/2025_10_21_RSFB-Phenotyping_GG1_scores.csv,train
20251021_162845.jpg,/home/nfs/data/nvme_datasets/Pictures_CFSB_leaf_damage/RSFB-Phenotyping_training_set/RSFB-Phenotyping_training_set/20251021_162845.jpg,282_R4S_332_Hollandse Gele Roodkop_47_6,Hollandse Gele Roodkop,282,332,47,6,1.0,1.0,1.0,0.0,Gross-Gerau,Insects,2025-10-21,BBCH10,/home/nfs/data/nvme_datasets/Pictures_CFSB_leaf_damage/RSFB-Phenotyping_training_set/RSFB-Phenotyping_training_set/RSFB-Phenotyping_training_set_scores.csv,/home/nfs/data/nvme_datasets/Pictures_CFSB_leaf_damage/2025_10_21_RSFB-Phenotyping_GG1_scores.csv,train
20251021_162856.jpg,/home/nfs/data/nvme_datasets/Pictures_CFSB_leaf_damage/RSFB-Phenotyping_training_set/RSFB-Phenotyping_training_set/20251021_162856.jpg,283_R4S_429_L122_48_6,L122,283,429,48,6,7.0,11.0,9.0,4.0,Gross-Gerau,Insects,2025-10-21,BBCH10,/home/nfs/data/nvme_datasets/Pictures_CFSB_leaf_damage/RSFB-Phenotyping_training_set/RSFB-Phenotyping_training_set/RSFB-Phenotyping_training_set_scores.csv,/home/nfs/data/nvme_datasets/Pictures_CFSB_leaf_damage/2025_10_21_RSFB-Phenotyping_GG1_scores.csv,test
20251021_162906.jpg,/home/nfs/data/nvme_datasets/Pictures_CFSB_leaf_damage/RSFB-Phenotyping_training_set/RSFB-Phenotyping_training_set/20251021_162906.jpg,283_R4S_429_L122_48_6,L122,283,429,48,6,5.0,3.5,4.25,1.5,Gross-Gerau,Insects,2025-10-21,BBCH10,/home/nfs/data/nvme_datasets/Pictures_CFSB_leaf_damage/RSFB-Phenotyping_training_set/RSFB-Phenotyping_training_set/RSFB-Phenotyping_training_set_scores.csv,/home/nfs/data/nvme_datasets/Pictures_CFSB_leaf_damage/2025_10_21_RSFB-Phenotyping_GG1_scores.csv,test
20251021_162912.jpg,/home/nfs/data/nvme_datasets/Pictures_CFSB_leaf_damage/RSFB-Phenotyping_training_set/RSFB-Phenotyping_training_set/20251021_162912.jpg,283_R4S_429_L122_48_6,L122,283,429,48,6,4.0,7.5,5.75,3.5,Gross-Gerau,Insects,2025-10-21,BBCH10,/home/nfs/data/nvme_datasets/Pictures_CFSB_leaf_damage/RSFB-Phenotyping_training_set/RSFB-Phenotyping_training_set/RSFB-Phenotyping_training_set_scores.csv,/home/nfs/data/nvme_datasets/Pictures_CFSB_leaf_damage/2025_10_21_RSFB-Phenotyping_GG1_scores.csv,test
20251021_162946.jpg,/home/nfs/data/nvme_datasets/Pictures_CFSB_leaf_damage/RSFB-Phenotyping_training_set/RSFB-Phenotyping_training_set/20251021_162946.jpg,294_R4S_228_Orlando_49_6,Orlando,294,228,49,6,1.0,2.0,1.5,1.0,Gross-Gerau,Insects,2025-10-21,BBCH10,/home/nfs/data/nvme_datasets/Pictures_CFSB_leaf_damage/RSFB-Phenotyping_training_set/RSFB-Phenotyping_training_set/RSFB-Phenotyping_training_set_scores.csv,/home/nfs/data/nvme_datasets/Pictures_CFSB_leaf_damage/2025_10_21_RSFB-Phenotyping_GG1_scores.csv,val
20251021_162958.jpg,/home/nfs/data/nvme_datasets/Pictures_CFSB_leaf_damage/RSFB-Phenotyping_training_set/RSFB-Phenotyping_training_set/20251021_162958.jpg,295_R4S_272_Doral_50_6,Doral,295,272,50,6,12.0,11.5,11.75,0.5,Gross-Gerau,Insects,2025-10-21,BBCH10,/home/nfs/data/nvme_datasets/Pictures_CFSB_leaf_damage/RSFB-Phenotyping_training_set/RSFB-Phenotyping_training_set/RSFB-Phenotyping_training_set_scores.csv,/home/nfs/data/nvme_datasets/Pictures_CFSB_leaf_damage/2025_10_21_RSFB-Phenotyping_GG1_scores.csv,test
20251021_163014.jpg,/home/nfs/data/nvme_datasets/Pictures_CFSB_leaf_damage/RSFB-Phenotyping_training_set/RSFB-Phenotyping_training_set/20251021_163014.jpg,295_R4S_272_Doral_50_6,Doral,295,272,50,6,18.0,19.5,18.75,1.5,Gross-Gerau,Insects,2025-10-21,BBCH10,/home/nfs/data/nvme_datasets/Pictures_CFSB_leaf_damage/RSFB-Phenotyping_training_set/RSFB-Phenotyping_training_set/RSFB-Phenotyping_training_set_scores.csv,/home/nfs/data/nvme_datasets/Pictures_CFSB_leaf_damage/2025_10_21_RSFB-Phenotyping_GG1_scores.csv,test
20251021_163031.jpg,/home/nfs/data/nvme_datasets/Pictures_CFSB_leaf_damage/RSFB-Phenotyping_training_set/RSFB-Phenotyping_training_set/20251021_163031.jpg,306_R4S_180_Duell_51_6,Duell,306,180,51,6,35.0,34.5,34.75,0.5,Gross-Gerau,Insects,2025-10-21,BBCH10,/home/nfs/data/nvme_datasets/Pictures_CFSB_leaf_damage/RSFB-Phenotyping_training_set/RSFB-Phenotyping_training_set/RSFB-Phenotyping_training_set_scores.csv,/home/nfs/data/nvme_datasets/Pictures_CFSB_leaf_damage/2025_10_21_RSFB-Phenotyping_GG1_scores.csv,train
20251021_163044.jpg,/home/nfs/data/nvme_datasets/Pictures_CFSB_leaf_damage/RSFB-Phenotyping_training_set/RSFB-Phenotyping_training_set/20251021_163044.jpg,306_R4S_180_Duell_51_6,Duell,306,180,51,6,3.0,5.0,4.0,2.0,Gross-Gerau,Insects,2025-10-21,BBCH10,/home/nfs/data/nvme_datasets/Pictures_CFSB_leaf_damage/RSFB-Phenotyping_training_set/RSFB-Phenotyping_training_set/RSFB-Phenotyping_training_set_scores.csv,/home/nfs/data/nvme_datasets/Pictures_CFSB_leaf_damage/2025_10_21_RSFB-Phenotyping_GG1_scores.csv,train
20251021_163055.jpg,/home/nfs/data/nvme_datasets/Pictures_CFSB_leaf_damage/RSFB-Phenotyping_training_set/RSFB-Phenotyping_training_set/20251021_163055.jpg,307_Smaragd_52_6,Smaragd,307,NA,52,6,2.0,2.0,2.0,0.0,Gross-Gerau,Insects,2025-10-21,BBCH10,/home/nfs/data/nvme_datasets/Pictures_CFSB_leaf_damage/RSFB-Phenotyping_training_set/RSFB-Phenotyping_training_set/RSFB-Phenotyping_training_set_scores.csv,/home/nfs/data/nvme_datasets/Pictures_CFSB_leaf_damage/2025_10_21_RSFB-Phenotyping_GG1_scores.csv,train
20251021_163103.jpg,/home/nfs/data/nvme_datasets/Pictures_CFSB_leaf_damage/RSFB-Phenotyping_training_set/RSFB-Phenotyping_training_set/20251021_163103.jpg,307_Smaragd_52_6,Smaragd,307,NA,52,6,3.0,6.0,4.5,3.0,Gross-Gerau,Insects,2025-10-21,BBCH10,/home/nfs/data/nvme_datasets/Pictures_CFSB_leaf_damage/RSFB-Phenotyping_training_set/RSFB-Phenotyping_training_set/RSFB-Phenotyping_training_set_scores.csv,/home/nfs/data/nvme_datasets/Pictures_CFSB_leaf_damage/2025_10_21_RSFB-Phenotyping_GG1_scores.csv,train
