Folder,filename,QR-Code,Plotnr,R4Snr,Genotyp,row,col,Score_JLU,Score_GAU,diff,source_csv,Score,mean_score,disagreement,is_high_quality,extracted_date,extracted_bbch,image_path,file_exists,plot_group
2025_10_21_RSFB-Phenotyping_GG1_JLU,20251021_120858.jpg,1_Smaragd_1_1,1.0,,Smaragd,1.0,1.0,10.0,10.5,0.5,2025_10_21_RSFB-Phenotyping_GG1_scores.csv,,10.25,0.5,True,,Unknown,../dataset/Pictures_CFSB_leaf_damage/2025_10_21_RSFB-Phenotyping_GG1_JLU/2025_10_21_RSFB-Phenotyping_GG1_JLU/20251021_120858.jpg,True,1_Smaragd_1_1
2025_10_21_RSFB-Phenotyping_GG1_JLU,20251021_120905.jpg,1_Smaragd_1_1,1.0,,Smaragd,1.0,1.0,13.0,16.5,3.5,2025_10_21_RSFB-Phenotyping_GG1_scores.csv,,14.75,3.5,True,,Unknown,../dataset/Pictures_CFSB_leaf_damage/2025_10_21_RSFB-Phenotyping_GG1_JLU/2025_10_21_RSFB-Phenotyping_GG1_JLU/20251021_120905.jpg,True,1_Smaragd_1_1
2025_10_21_RSFB-Phenotyping_GG1_JLU,20251021_120912.jpg,1_Smaragd_1_1,1.0,,Smaragd,1.0,1.0,9.0,6.5,2.5,2025_10_21_RSFB-Phenotyping_GG1_scores.csv,,7.75,2.5,True,,Unknown,../dataset/Pictures_CFSB_leaf_damage/2025_10_21_RSFB-Phenotyping_GG1_JLU/2025_10_21_RSFB-Phenotyping_GG1_JLU/20251021_120912.jpg,True,1_Smaragd_1_1
2025_10_21_RSFB-Phenotyping_GG1_JLU,20251021_120926.jpg,12_R4S_470_A4C34_2_1,12.0,470.0,A4C34,2.0,1.0,23.0,19.5,3.5,2025_10_21_RSFB-Phenotyping_GG1_scores.csv,,21.25,3.5,True,,Unknown,../dataset/Pictures_CFSB_leaf_damage/2025_10_21_RSFB-Phenotyping_GG1_JLU/2025_10_21_RSFB-Phenotyping_GG1_JLU/20251021_120926.jpg,True,12_R4S_470_A4C34_2_1
2025_10_21_RSFB-Phenotyping_GG1_JLU,20251021_120933.jpg,12_R4S_470_A4C34_2_1,12.0,470.0,A4C34,2.0,1.0,20.0,21.5,1.5,2025_10_21_RSFB-Phenotyping_GG1_scores.csv,,20.75,1.5,True,,Unknown,../dataset/Pictures_CFSB_leaf_damage/2025_10_21_RSFB-Phenotyping_GG1_JLU/2025_10_21_RSFB-Phenotyping_GG1_JLU/20251021_120933.jpg,True,12_R4S_470_A4C34_2_1
2025_10_21_RSFB-Phenotyping_GG1_JLU,20251021_120939.jpg,12_R4S_470_A4C34_2_1,12.0,470.0,A4C34,2.0,1.0,20.0,20.5,0.5,2025_10_21_RSFB-Phenotyping_GG1_scores.csv,,20.25,0.5,True,,Unknown,../dataset/Pictures_CFSB_leaf_damage/2025_10_21_RSFB-Phenotyping_GG1_JLU/2025_10_21_RSFB-Phenotyping_GG1_JLU/20251021_120939.jpg,True,12_R4S_470_A4C34_2_1
2025_10_21_RSFB-Phenotyping_GG1_JLU,20251021_121011.jpg,13_R4S_212_Askari_3_1,13.0,212.0,Askari,3.0,1.0,16.0,14.0,2.0,2025_10_21_RSFB-Phenotyping_GG1_scores.csv,,15.0,2.0,True,,Unknown,../dataset/Pictures_CFSB_leaf_damage/2025_10_21_RSFB-Phenotyping_GG1_JLU/2025_10_21_RSFB-Phenotyping_GG1_JLU/20251021_121011.jpg,True,13_R4S_212_Askari_3_1
2025_10_21_RSFB-Phenotyping_GG1_JLU,20251021_121034.jpg,13_R4S_212_Askari_3_1,13.0,212.0,Askari,3.0,1.0,19.0,16.0,3.0,2025_10_21_RSFB-Phenotyping_GG1_scores.csv,,17.5,3.0,True,,Unknown,../dataset/Pictures_CFSB_leaf_damage/2025_10_21_RSFB-Phenotyping_GG1_JLU/2025_10_21_RSFB-Phenotyping_GG1_JLU/20251021_121034.jpg,True,13_R4S_212_Askari_3_1
2025_10_21_RSFB-Phenotyping_GG1_JLU,20251021_121047.jpg,24_R4S_291_Wolynski_4_1,24.0,291.0,Wolynski,4.0,1.0,20.0,20.5,0.5,2025_10_21_RSFB-Phenotyping_GG1_scores.csv,,20.25,0.5,True,,Unknown,../dataset/Pictures_CFSB_leaf_damage/2025_10_21_RSFB-Phenotyping_GG1_JLU/2025_10_21_RSFB-Phenotyping_GG1_JLU/20251021_121047.jpg,True,24_R4S_291_Wolynski_4_1
2025_10_21_RSFB-Phenotyping_GG1_JLU,20251021_121053.jpg,24_R4S_291_Wolynski_4_1,24.0,291.0,Wolynski,4.0,1.0,21.0,26.5,5.5,2025_10_21_RSFB-Phenotyping_GG1_scores.csv,,23.75,5.5,False,,Unknown,../dataset/Pictures_CFSB_leaf_damage/2025_10_21_RSFB-Phenotyping_GG1_JLU/2025_10_21_RSFB-Phenotyping_GG1_JLU/20251021_121053.jpg,True,24_R4S_291_Wolynski_4_1
2025_10_21_RSFB-Phenotyping_GG1_JLU,20251021_121100.jpg,24_R4S_291_Wolynski_4_1,24.0,291.0,Wolynski,4.0,1.0,20.0,19.0,1.0,2025_10_21_RSFB-Phenotyping_GG1_scores.csv,,19.5,1.0,True,,Unknown,../dataset/Pictures_CFSB_leaf_damage/2025_10_21_RSFB-Phenotyping_GG1_JLU/2025_10_21_RSFB-Phenotyping_GG1_JLU/20251021_121100.jpg,True,24_R4S_291_Wolynski_4_1
2025_10_21_RSFB-Phenotyping_GG1_JLU,20251021_121113.jpg,25_R4S_387_Lirafit_5_1,25.0,387.0,Lirafit,5.0,1.0,2.0,10.0,8.0,2025_10_21_RSFB-Phenotyping_GG1_scores.csv,,6.0,8.0,False,,Unknown,../dataset/Pictures_CFSB_leaf_damage/2025_10_21_RSFB-Phenotyping_GG1_JLU/2025_10_21_RSFB-Phenotyping_GG1_JLU/20251021_121113.jpg,True,25_R4S_387_Lirafit_5_1
2025_10_21_RSFB-Phenotyping_GG1_JLU,20251021_121120.jpg,25_R4S_387_Lirafit_5_1,25.0,387.0,Lirafit,5.0,1.0,9.0,14.0,5.0,2025_10_21_RSFB-Phenotyping_GG1_scores.csv,,11.5,5.0,False,,Unknown,../dataset/Pictures_CFSB_leaf_damage/2025_10_21_RSFB-Phenotyping_GG1_JLU/2025_10_21_RSFB-Phenotyping_GG1_JLU/20251021_121120.jpg,True,25_R4S_387_Lirafit_5_1
2025_10_21_RSFB-Phenotyping_GG1_JLU,20251021_121126.jpg,25_R4S_387_Lirafit_5_1,25.0,387.0,Lirafit,5.0,1.0,2.0,14.5,12.5,2025_10_21_RSFB-Phenotyping_GG1_scores.csv,,8.25,12.5,False,,Unknown,../dataset/Pictures_CFSB_leaf_damage/2025_10_21_RSFB-Phenotyping_GG1_JLU/2025_10_21_RSFB-Phenotyping_GG1_JLU/20251021_121126.jpg,True,25_R4S_387_Lirafit_5_1
2025_10_21_RSFB-Phenotyping_GG1_JLU,20251021_121142.jpg,36_R4S_433_SEM_6_1,36.0,433.0,SEM,6.0,1.0,6.0,21.0,15.0,2025_10_21_RSFB-Phenotyping_GG1_scores.csv,,13.5,15.0,False,,Unknown,../dataset/Pictures_CFSB_leaf_damage/2025_10_21_RSFB-Phenotyping_GG1_JLU/2025_10_21_RSFB-Phenotyping_GG1_JLU/20251021_121142.jpg,True,36_R4S_433_SEM_6_1
2025_10_21_RSFB-Phenotyping_GG1_JLU,20251021_121149.jpg,36_R4S_433_SEM_6_1,36.0,433.0,SEM,6.0,1.0,14.0,18.0,4.0,2025_10_21_RSFB-Phenotyping_GG1_scores.csv,,16.0,4.0,True,,Unknown,../dataset/Pictures_CFSB_leaf_damage/2025_10_21_RSFB-Phenotyping_GG1_JLU/2025_10_21_RSFB-Phenotyping_GG1_JLU/20251021_121149.jpg,True,36_R4S_433_SEM_6_1
2025_10_21_RSFB-Phenotyping_GG1_JLU,20251021_121203.jpg,36_R4S_433_SEM_6_1,36.0,433.0,SEM,6.0,1.0,24.0,20.5,3.5,2025_10_21_RSFB-Phenotyping_GG1_scores.csv,,22.25,3.5,True,,Unknown,../dataset/Pictures_CFSB_leaf_damage/2025_10_21_RSFB-Phenotyping_GG1_JLU/2025_10_21_RSFB-Phenotyping_GG1_JLU/20251021_121203.jpg,True,36_R4S_433_SEM_6_1
2025_10_21_RSFB-Phenotyping_GG1_JLU,20251021_121218.jpg,37_R4S_521_Taisetsu_7_1,37.0,521.0,Taisetsu,7.0,1.0,17.0,13.5,3.5,2025_10_21_RSFB-Phenotyping_GG1_scores.csv,,15.25,3.5,True,,Unknown,../dataset/Pictures_CFSB_leaf_damage/2025_10_21_RSFB-Phenotyping_GG1_JLU/2025_10_21_RSFB-Phenotyping_GG1_JLU/20251021_121218.jpg,True,37_R4S_521_Taisetsu_7_1
2025_10_21_RSFB-Phenotyping_GG1_JLU,20251021_121225.jpg,37_R4S_521_Taisetsu_7_1,37.0,521.0,Taisetsu,7.0,1.0,16.0,20.5,4.5,2025_10_21_RSFB-Phenotyping_GG1_scores.csv,,18.25,4.5,True,,Unknown,../dataset/Pictures_CFSB_leaf_damage/2025_10_21_RSFB-Phenotyping_GG1_JLU/2025_10_21_RSFB-Phenotyping_GG1_JLU/20251021_121225.jpg,True,37_R4S_521_Taisetsu_7_1
2025_10_21_RSFB-Phenotyping_GG1_JLU,20251021_121233.jpg,37_R4S_521_Taisetsu_7_1,37.0,521.0,Taisetsu,7.0,1.0,19.0,35.5,16.5,2025_10_21_RSFB-Phenotyping_GG1_scores.csv,,27.25,16.5,False,,Unknown,../dataset/Pictures_CFSB_leaf_damage/2025_10_21_RSFB-Phenotyping_GG1_JLU/2025_10_21_RSFB-Phenotyping_GG1_JLU/20251021_121233.jpg,True,37_R4S_521_Taisetsu_7_1
2025_10_21_RSFB-Phenotyping_GG1_JLU,20251021_121246.jpg,48_R4S_406_S30_8_1,48.0,406.0,S30,8.0,1.0,7.0,13.5,6.5,2025_10_21_RSFB-Phenotyping_GG1_scores.csv,,10.25,6.5,False,,Unknown,../dataset/Pictures_CFSB_leaf_damage/2025_10_21_RSFB-Phenotyping_GG1_JLU/2025_10_21_RSFB-Phenotyping_GG1_JLU/20251021_121246.jpg,True,48_R4S_406_S30_8_1
2025_10_21_RSFB-Phenotyping_GG1_JLU,20251021_121253.jpg,48_R4S_406_S30_8_1,48.0,406.0,S30,8.0,1.0,8.0,9.0,1.0,2025_10_21_RSFB-Phenotyping_GG1_scores.csv,,8.5,1.0,True,,Unknown,../dataset/Pictures_CFSB_leaf_damage/2025_10_21_RSFB-Phenotyping_GG1_JLU/2025_10_21_RSFB-Phenotyping_GG1_JLU/20251021_121253.jpg,True,48_R4S_406_S30_8_1
2025_10_21_RSFB-Phenotyping_GG1_JLU,20251021_121301.jpg,48_R4S_406_S30_8_1,48.0,406.0,S30,8.0,1.0,1.0,8.0,7.0,2025_10_21_RSFB-Phenotyping_GG1_scores.csv,,4.5,7.0,False,,Unknown,../dataset/Pictures_CFSB_leaf_damage/2025_10_21_RSFB-Phenotyping_GG1_JLU/2025_10_21_RSFB-Phenotyping_GG1_JLU/20251021_121301.jpg,True,48_R4S_406_S30_8_1
2025_10_21_RSFB-Phenotyping_GG1_JLU,20251021_121314.jpg,49_R4S_427_J 154_9_1,49.0,427.0,J 154,9.0,1.0,2.0,7.5,5.5,2025_10_21_RSFB-Phenotyping_GG1_scores.csv,,4.75,5.5,False,,Unknown,../dataset/Pictures_CFSB_leaf_damage/2025_10_21_RSFB-Phenotyping_GG1_JLU/2025_10_21_RSFB-Phenotyping_GG1_JLU/20251021_121314.jpg,True,49_R4S_427_J 154_9_1
2025_10_21_RSFB-Phenotyping_GG1_JLU,20251021_121320.jpg,49_R4S_427_J 154_9_1,49.0,427.0,J 154,9.0,1.0,13.0,14.0,1.0,2025_10_21_RSFB-Phenotyping_GG1_scores.csv,,13.5,1.0,True,,Unknown,../dataset/Pictures_CFSB_leaf_damage/2025_10_21_RSFB-Phenotyping_GG1_JLU/2025_10_21_RSFB-Phenotyping_GG1_JLU/20251021_121320.jpg,True,49_R4S_427_J 154_9_1
2025_10_21_RSFB-Phenotyping_GG1_JLU,20251021_121327.jpg,49_R4S_427_J 154_9_1,49.0,427.0,J 154,9.0,1.0,9.0,10.5,1.5,2025_10_21_RSFB-Phenotyping_GG1_scores.csv,,9.75,1.5,True,,Unknown,../dataset/Pictures_CFSB_leaf_damage/2025_10_21_RSFB-Phenotyping_GG1_JLU/2025_10_21_RSFB-Phenotyping_GG1_JLU/20251021_121327.jpg,True,49_R4S_427_J 154_9_1
2025_10_21_RSFB-Phenotyping_GG1_JLU,20251021_121345.jpg,60_R4S_209_Falcon_10_1,60.0,209.0,Falcon,10.0,1.0,15.0,11.0,4.0,2025_10_21_RSFB-Phenotyping_GG1_scores.csv,,13.0,4.0,True,,Unknown,../dataset/Pictures_CFSB_leaf_damage/2025_10_21_RSFB-Phenotyping_GG1_JLU/2025_10_21_RSFB-Phenotyping_GG1_JLU/20251021_121345.jpg,True,60_R4S_209_Falcon_10_1
2025_10_21_RSFB-Phenotyping_GG1_JLU,20251021_121353.jpg,60_R4S_209_Falcon_10_1,60.0,209.0,Falcon,10.0,1.0,7.0,19.5,12.5,2025_10_21_RSFB-Phenotyping_GG1_scores.csv,,13.25,12.5,False,,Unknown,../dataset/Pictures_CFSB_leaf_damage/2025_10_21_RSFB-Phenotyping_GG1_JLU/2025_10_21_RSFB-Phenotyping_GG1_JLU/20251021_121353.jpg,True,60_R4S_209_Falcon_10_1
2025_10_21_RSFB-Phenotyping_GG1_JLU,20251021_121402.jpg,60_R4S_209_Falcon_10_1,60.0,209.0,Falcon,10.0,1.0,18.0,29.5,11.5,2025_10_21_RSFB-Phenotyping_GG1_scores.csv,,23.75,11.5,False,,Unknown,../dataset/Pictures_CFSB_leaf_damage/2025_10_21_RSFB-Phenotyping_GG1_JLU/2025_10_21_RSFB-Phenotyping_GG1_JLU/20251021_121402.jpg,True,60_R4S_209_Falcon_10_1
2025_10_21_RSFB-Phenotyping_GG1_JLU,20251021_121417.jpg,61_R4S_442_INL 2_11_1,61.0,442.0,INL 2,11.0,1.0,50.0,25.0,25.0,2025_10_21_RSFB-Phenotyping_GG1_scores.csv,,37.5,25.0,False,,Unknown,../dataset/Pictures_CFSB_leaf_damage/2025_10_21_RSFB-Phenotyping_GG1_JLU/2025_10_21_RSFB-Phenotyping_GG1_JLU/20251021_121417.jpg,True,61_R4S_442_INL 2_11_1
2025_10_21_RSFB-Phenotyping_GG1_JLU,20251021_121425.jpg,61_R4S_442_INL 2_11_1,61.0,442.0,INL 2,11.0,1.0,35.0,29.0,6.0,2025_10_21_RSFB-Phenotyping_GG1_scores.csv,,32.0,6.0,False,,Unknown,../dataset/Pictures_CFSB_leaf_damage/2025_10_21_RSFB-Phenotyping_GG1_JLU/2025_10_21_RSFB-Phenotyping_GG1_JLU/20251021_121425.jpg,True,61_R4S_442_INL 2_11_1
2025_10_21_RSFB-Phenotyping_GG1_JLU,20251021_121432.jpg,61_R4S_442_INL 2_11_1,61.0,442.0,INL 2,11.0,1.0,17.0,17.0,0.0,2025_10_21_RSFB-Phenotyping_GG1_scores.csv,,17.0,0.0,True,,Unknown,../dataset/Pictures_CFSB_leaf_damage/2025_10_21_RSFB-Phenotyping_GG1_JLU/2025_10_21_RSFB-Phenotyping_GG1_JLU/20251021_121432.jpg,True,61_R4S_442_INL 2_11_1
2025_10_21_RSFB-Phenotyping_GG1_JLU,20251021_121449.jpg,72_R4S_386_Major_12_1,72.0,386.0,Major,12.0,1.0,9.0,10.0,1.0,2025_10_21_RSFB-Phenotyping_GG1_scores.csv,,9.5,1.0,True,,Unknown,../dataset/Pictures_CFSB_leaf_damage/2025_10_21_RSFB-Phenotyping_GG1_JLU/2025_10_21_RSFB-Phenotyping_GG1_JLU/20251021_121449.jpg,True,72_R4S_386_Major_12_1
2025_10_21_RSFB-Phenotyping_GG1_JLU,20251021_121457.jpg,72_R4S_386_Major_12_1,72.0,386.0,Major,12.0,1.0,12.0,11.0,1.0,2025_10_21_RSFB-Phenotyping_GG1_scores.csv,,11.5,1.0,True,,Unknown,../dataset/Pictures_CFSB_leaf_damage/2025_10_21_RSFB-Phenotyping_GG1_JLU/2025_10_21_RSFB-Phenotyping_GG1_JLU/20251021_121457.jpg,True,72_R4S_386_Major_12_1
2025_10_21_RSFB-Phenotyping_GG1_JLU,20251021_121504.jpg,72_R4S_386_Major_12_1,72.0,386.0,Major,12.0,1.0,10.0,11.0,1.0,2025_10_21_RSFB-Phenotyping_GG1_scores.csv,,10.5,1.0,True,,Unknown,../dataset/Pictures_CFSB_leaf_damage/2025_10_21_RSFB-Phenotyping_GG1_JLU/2025_10_21_RSFB-Phenotyping_GG1_JLU/20251021_121504.jpg,True,72_R4S_386_Major_12_1
2025_10_21_RSFB-Phenotyping_GG1_JLU,20251021_121517.jpg,73_R4S_437_S2_13_1,73.0,437.0,S2,13.0,1.0,9.0,17.5,8.5,2025_10_21_RSFB-Phenotyping_GG1_scores.csv,,13.25,8.5,False,,Unknown,../dataset/Pictures_CFSB_leaf_damage/2025_10_21_RSFB-Phenotyping_GG1_JLU/2025_10_21_RSFB-Phenotyping_GG1_JLU/20251021_121517.jpg,True,73_R4S_437_S2_13_1
2025_10_21_RSFB-Phenotyping_GG1_JLU,20251021_121525.jpg,73_R4S_437_S2_13_1,73.0,437.0,S2,13.0,1.0,12.0,12.5,0.5,2025_10_21_RSFB-Phenotyping_GG1_scores.csv,,12.25,0.5,True,,Unknown,../dataset/Pictures_CFSB_leaf_damage/2025_10_21_RSFB-Phenotyping_GG1_JLU/2025_10_21_RSFB-Phenotyping_GG1_JLU/20251021_121525.jpg,True,73_R4S_437_S2_13_1
2025_10_21_RSFB-Phenotyping_GG1_JLU,20251021_121533.jpg,73_R4S_437_S2_13_1,73.0,437.0,S2,13.0,1.0,50.0,18.5,31.5,2025_10_21_RSFB-Phenotyping_GG1_scores.csv,,34.25,31.5,False,,Unknown,../dataset/Pictures_CFSB_leaf_damage/2025_10_21_RSFB-Phenotyping_GG1_JLU/2025_10_21_RSFB-Phenotyping_GG1_JLU/20251021_121533.jpg,True,73_R4S_437_S2_13_1
2025_10_21_RSFB-Phenotyping_GG1_JLU,20251021_121545.jpg,84_R4S_177_SLM 0512_14_1,84.0,177.0,SLM 0512,14.0,1.0,30.0,15.5,14.5,2025_10_21_RSFB-Phenotyping_GG1_scores.csv,,22.75,14.5,False,,Unknown,../dataset/Pictures_CFSB_leaf_damage/2025_10_21_RSFB-Phenotyping_GG1_JLU/2025_10_21_RSFB-Phenotyping_GG1_JLU/20251021_121545.jpg,True,84_R4S_177_SLM 0512_14_1
2025_10_21_RSFB-Phenotyping_GG1_JLU,20251021_121556.jpg,84_R4S_177_SLM 0512_14_1,84.0,177.0,SLM 0512,14.0,1.0,30.0,16.0,14.0,2025_10_21_RSFB-Phenotyping_GG1_scores.csv,,23.0,14.0,False,,Unknown,../dataset/Pictures_CFSB_leaf_damage/2025_10_21_RSFB-Phenotyping_GG1_JLU/2025_10_21_RSFB-Phenotyping_GG1_JLU/20251021_121556.jpg,True,84_R4S_177_SLM 0512_14_1
2025_10_21_RSFB-Phenotyping_GG1_JLU,20251021_121605.jpg,84_R4S_177_SLM 0512_14_1,84.0,177.0,SLM 0512,14.0,1.0,25.0,13.0,12.0,2025_10_21_RSFB-Phenotyping_GG1_scores.csv,,19.0,12.0,False,,Unknown,../dataset/Pictures_CFSB_leaf_damage/2025_10_21_RSFB-Phenotyping_GG1_JLU/2025_10_21_RSFB-Phenotyping_GG1_JLU/20251021_121605.jpg,True,84_R4S_177_SLM 0512_14_1
2025_10_21_RSFB-Phenotyping_GG1_JLU,20251021_121618.jpg,85_R4S_408_DH5 Oase x Nugget  PBZ061 von NPY_15_1,85.0,408.0,DH5 Oase x Nugget  PBZ061 von NPY,15.0,1.0,23.0,23.5,0.5,2025_10_21_RSFB-Phenotyping_GG1_scores.csv,,23.25,0.5,True,,Unknown,../dataset/Pictures_CFSB_leaf_damage/2025_10_21_RSFB-Phenotyping_GG1_JLU/2025_10_21_RSFB-Phenotyping_GG1_JLU/20251021_121618.jpg,True,85_R4S_408_DH5 Oase x Nugget  PBZ061 von NPY_15_1
2025_10_21_RSFB-Phenotyping_GG1_JLU,20251021_121624.jpg,85_R4S_408_DH5 Oase x Nugget  PBZ061 von NPY_15_1,85.0,408.0,DH5 Oase x Nugget  PBZ061 von NPY,15.0,1.0,10.0,9.5,0.5,2025_10_21_RSFB-Phenotyping_GG1_scores.csv,,9.75,0.5,True,,Unknown,../dataset/Pictures_CFSB_leaf_damage/2025_10_21_RSFB-Phenotyping_GG1_JLU/2025_10_21_RSFB-Phenotyping_GG1_JLU/20251021_121624.jpg,True,85_R4S_408_DH5 Oase x Nugget  PBZ061 von NPY_15_1
2025_10_21_RSFB-Phenotyping_GG1_JLU,20251021_121633.jpg,85_R4S_408_DH5 Oase x Nugget  PBZ061 von NPY_15_1,85.0,408.0,DH5 Oase x Nugget  PBZ061 von NPY,15.0,1.0,5.0,1.5,3.5,2025_10_21_RSFB-Phenotyping_GG1_scores.csv,,3.25,3.5,True,,Unknown,../dataset/Pictures_CFSB_leaf_damage/2025_10_21_RSFB-Phenotyping_GG1_JLU/2025_10_21_RSFB-Phenotyping_GG1_JLU/20251021_121633.jpg,True,85_R4S_408_DH5 Oase x Nugget  PBZ061 von NPY_15_1
2025_10_21_RSFB-Phenotyping_GG1_JLU,20251021_121647.jpg,96_R4S_389_Librador_16_1,96.0,389.0,Librador,16.0,1.0,1.0,1.0,0.0,2025_10_21_RSFB-Phenotyping_GG1_scores.csv,,1.0,0.0,True,,Unknown,../dataset/Pictures_CFSB_leaf_damage/2025_10_21_RSFB-Phenotyping_GG1_JLU/2025_10_21_RSFB-Phenotyping_GG1_JLU/20251021_121647.jpg,True,96_R4S_389_Librador_16_1
2025_10_21_RSFB-Phenotyping_GG1_JLU,20251021_121655.jpg,96_R4S_389_Librador_16_1,96.0,389.0,Librador,16.0,1.0,20.0,19.5,0.5,2025_10_21_RSFB-Phenotyping_GG1_scores.csv,,19.75,0.5,True,,Unknown,../dataset/Pictures_CFSB_leaf_damage/2025_10_21_RSFB-Phenotyping_GG1_JLU/2025_10_21_RSFB-Phenotyping_GG1_JLU/20251021_121655.jpg,True,96_R4S_389_Librador_16_1
2025_10_21_RSFB-Phenotyping_GG1_JLU,20251021_121704.jpg,96_R4S_389_Librador_16_1,96.0,389.0,Librador,16.0,1.0,2.0,2.0,0.0,2025_10_21_RSFB-Phenotyping_GG1_scores.csv,,2.0,0.0,True,,Unknown,../dataset/Pictures_CFSB_leaf_damage/2025_10_21_RSFB-Phenotyping_GG1_JLU/2025_10_21_RSFB-Phenotyping_GG1_JLU/20251021_121704.jpg,True,96_R4S_389_Librador_16_1
2025_10_21_RSFB-Phenotyping_GG1_JLU,20251021_121721.jpg,97_R4S_265_Pirola_17_1,97.0,265.0,Pirola,17.0,1.0,50.0,26.5,23.5,2025_10_21_RSFB-Phenotyping_GG1_scores.csv,,38.25,23.5,False,,Unknown,../dataset/Pictures_CFSB_leaf_damage/2025_10_21_RSFB-Phenotyping_GG1_JLU/2025_10_21_RSFB-Phenotyping_GG1_JLU/20251021_121721.jpg,True,97_R4S_265_Pirola_17_1
2025_10_21_RSFB-Phenotyping_GG1_JLU,20251021_121727.jpg,97_R4S_265_Pirola_17_1,97.0,265.0,Pirola,17.0,1.0,40.0,21.0,19.0,2025_10_21_RSFB-Phenotyping_GG1_scores.csv,,30.5,19.0,False,,Unknown,../dataset/Pictures_CFSB_leaf_damage/2025_10_21_RSFB-Phenotyping_GG1_JLU/2025_10_21_RSFB-Phenotyping_GG1_JLU/20251021_121727.jpg,True,97_R4S_265_Pirola_17_1
2025_10_21_RSFB-Phenotyping_GG1_JLU,20251021_121737.jpg,97_R4S_265_Pirola_17_1,97.0,265.0,Pirola,17.0,1.0,35.0,24.5,10.5,2025_10_21_RSFB-Phenotyping_GG1_scores.csv,,29.75,10.5,False,,Unknown,../dataset/Pictures_CFSB_leaf_damage/2025_10_21_RSFB-Phenotyping_GG1_JLU/2025_10_21_RSFB-Phenotyping_GG1_JLU/20251021_121737.jpg,True,97_R4S_265_Pirola_17_1
2025_10_21_RSFB-Phenotyping_GG1_JLU,20251021_121755.jpg,108_R4S_242_SWGospel_18_1,108.0,242.0,SWGospel,18.0,1.0,15.0,5.0,10.0,2025_10_21_RSFB-Phenotyping_GG1_scores.csv,,10.0,10.0,False,,Unknown,../dataset/Pictures_CFSB_leaf_damage/2025_10_21_RSFB-Phenotyping_GG1_JLU/2025_10_21_RSFB-Phenotyping_GG1_JLU/20251021_121755.jpg,True,108_R4S_242_SWGospel_18_1
2025_10_21_RSFB-Phenotyping_GG1_JLU,20251021_121804.jpg,108_R4S_242_SWGospel_18_1,108.0,242.0,SWGospel,18.0,1.0,15.0,10.5,4.5,2025_10_21_RSFB-Phenotyping_GG1_scores.csv,,12.75,4.5,True,,Unknown,../dataset/Pictures_CFSB_leaf_damage/2025_10_21_RSFB-Phenotyping_GG1_JLU/2025_10_21_RSFB-Phenotyping_GG1_JLU/20251021_121804.jpg,True,108_R4S_242_SWGospel_18_1
2025_10_21_RSFB-Phenotyping_GG1_JLU,20251021_121810.jpg,108_R4S_242_SWGospel_18_1,108.0,242.0,SWGospel,18.0,1.0,10.0,9.0,1.0,2025_10_21_RSFB-Phenotyping_GG1_scores.csv,,9.5,1.0,True,,Unknown,../dataset/Pictures_CFSB_leaf_damage/2025_10_21_RSFB-Phenotyping_GG1_JLU/2025_10_21_RSFB-Phenotyping_GG1_JLU/20251021_121810.jpg,True,108_R4S_242_SWGospel_18_1
2025_10_21_RSFB-Phenotyping_GG1_JLU,20251021_121827.jpg,109_R4S_187_AMBER X COMMANCHE DH LINE_19_1,109.0,187.0,AMBER X COMMANCHE DH LINE,19.0,1.0,1.0,2.5,1.5,2025_10_21_RSFB-Phenotyping_GG1_scores.csv,,1.75,1.5,True,,Unknown,../dataset/Pictures_CFSB_leaf_damage/2025_10_21_RSFB-Phenotyping_GG1_JLU/2025_10_21_RSFB-Phenotyping_GG1_JLU/20251021_121827.jpg,True,109_R4S_187_AMBER X COMMANCHE DH LINE_19_1
2025_10_21_RSFB-Phenotyping_GG1_JLU,20251021_121834.jpg,109_R4S_187_AMBER X COMMANCHE DH LINE_19_1,109.0,187.0,AMBER X COMMANCHE DH LINE,19.0,1.0,5.0,15.0,10.0,2025_10_21_RSFB-Phenotyping_GG1_scores.csv,,10.0,10.0,False,,Unknown,../dataset/Pictures_CFSB_leaf_damage/2025_10_21_RSFB-Phenotyping_GG1_JLU/2025_10_21_RSFB-Phenotyping_GG1_JLU/20251021_121834.jpg,True,109_R4S_187_AMBER X COMMANCHE DH LINE_19_1
2025_10_21_RSFB-Phenotyping_GG1_JLU,20251021_121843.jpg,109_R4S_187_AMBER X COMMANCHE DH LINE_19_1,109.0,187.0,AMBER X COMMANCHE DH LINE,19.0,1.0,4.0,12.0,8.0,2025_10_21_RSFB-Phenotyping_GG1_scores.csv,,8.0,8.0,False,,Unknown,../dataset/Pictures_CFSB_leaf_damage/2025_10_21_RSFB-Phenotyping_GG1_JLU/2025_10_21_RSFB-Phenotyping_GG1_JLU/20251021_121843.jpg,True,109_R4S_187_AMBER X COMMANCHE DH LINE_19_1
2025_10_21_RSFB-Phenotyping_GG1_JLU,20251021_121858.jpg,120_R4S_158_Lipid_20_1,120.0,158.0,Lipid,20.0,1.0,45.0,43.0,2.0,2025_10_21_RSFB-Phenotyping_GG1_scores.csv,,44.0,2.0,True,,Unknown,../dataset/Pictures_CFSB_leaf_damage/2025_10_21_RSFB-Phenotyping_GG1_JLU/2025_10_21_RSFB-Phenotyping_GG1_JLU/20251021_121858.jpg,True,120_R4S_158_Lipid_20_1
2025_10_21_RSFB-Phenotyping_GG1_JLU,20251021_121915.jpg,120_R4S_158_Lipid_20_1,120.0,158.0,Lipid,20.0,1.0,,,,2025_10_21_RSFB-Phenotyping_GG1_scores.csv,,,,False,,Unknown,../dataset/Pictures_CFSB_leaf_damage/2025_10_21_RSFB-Phenotyping_GG1_JLU/2025_10_21_RSFB-Phenotyping_GG1_JLU/20251021_121915.jpg,True,120_R4S_158_Lipid_20_1
2025_10_21_RSFB-Phenotyping_GG1_JLU,20251021_121921.jpg,120_R4S_158_Lipid_20_1,120.0,158.0,Lipid,20.0,1.0,40.0,7.5,32.5,2025_10_21_RSFB-Phenotyping_GG1_scores.csv,,23.75,32.5,False,,Unknown,../dataset/Pictures_CFSB_leaf_damage/2025_10_21_RSFB-Phenotyping_GG1_JLU/2025_10_21_RSFB-Phenotyping_GG1_JLU/20251021_121921.jpg,True,120_R4S_158_Lipid_20_1
2025_10_21_RSFB-Phenotyping_GG1_JLU,20251021_121943.jpg,121_R4S_147_Picasso_21_1,121.0,147.0,Picasso,21.0,1.0,30.0,18.0,12.0,2025_10_21_RSFB-Phenotyping_GG1_scores.csv,,24.0,12.0,False,,Unknown,../dataset/Pictures_CFSB_leaf_damage/2025_10_21_RSFB-Phenotyping_GG1_JLU/2025_10_21_RSFB-Phenotyping_GG1_JLU/20251021_121943.jpg,True,121_R4S_147_Picasso_21_1
2025_10_21_RSFB-Phenotyping_GG1_JLU,20251021_121951.jpg,121_R4S_147_Picasso_21_1,121.0,147.0,Picasso,21.0,1.0,20.0,13.5,6.5,2025_10_21_RSFB-Phenotyping_GG1_scores.csv,,16.75,6.5,False,,Unknown,../dataset/Pictures_CFSB_leaf_damage/2025_10_21_RSFB-Phenotyping_GG1_JLU/2025_10_21_RSFB-Phenotyping_GG1_JLU/20251021_121951.jpg,True,121_R4S_147_Picasso_21_1
2025_10_21_RSFB-Phenotyping_GG1_JLU,20251021_121959.jpg,121_R4S_147_Picasso_21_1,121.0,147.0,Picasso,21.0,1.0,1.0,2.0,1.0,2025_10_21_RSFB-Phenotyping_GG1_scores.csv,,1.5,1.0,True,,Unknown,../dataset/Pictures_CFSB_leaf_damage/2025_10_21_RSFB-Phenotyping_GG1_JLU/2025_10_21_RSFB-Phenotyping_GG1_JLU/20251021_121959.jpg,True,121_R4S_147_Picasso_21_1
2025_10_21_RSFB-Phenotyping_GG1_JLU,20251021_122013.jpg,132_R4S_266_Alaska_22_1,132.0,266.0,Alaska,22.0,1.0,5.0,14.0,9.0,2025_10_21_RSFB-Phenotyping_GG1_scores.csv,,9.5,9.0,False,,Unknown,../dataset/Pictures_CFSB_leaf_damage/2025_10_21_RSFB-Phenotyping_GG1_JLU/2025_10_21_RSFB-Phenotyping_GG1_JLU/20251021_122013.jpg,True,132_R4S_266_Alaska_22_1
2025_10_21_RSFB-Phenotyping_GG1_JLU,20251021_122022.jpg,132_R4S_266_Alaska_22_1,132.0,266.0,Alaska,22.0,1.0,15.0,21.0,6.0,2025_10_21_RSFB-Phenotyping_GG1_scores.csv,,18.0,6.0,False,,Unknown,../dataset/Pictures_CFSB_leaf_damage/2025_10_21_RSFB-Phenotyping_GG1_JLU/2025_10_21_RSFB-Phenotyping_GG1_JLU/20251021_122022.jpg,True,132_R4S_266_Alaska_22_1
2025_10_21_RSFB-Phenotyping_GG1_JLU,20251021_122032.jpg,132_R4S_266_Alaska_22_1,132.0,266.0,Alaska,22.0,1.0,40.0,30.5,9.5,2025_10_21_RSFB-Phenotyping_GG1_scores.csv,,35.25,9.5,False,,Unknown,../dataset/Pictures_CFSB_leaf_damage/2025_10_21_RSFB-Phenotyping_GG1_JLU/2025_10_21_RSFB-Phenotyping_GG1_JLU/20251021_122032.jpg,True,132_R4S_266_Alaska_22_1
2025_10_21_RSFB-Phenotyping_GG1_JLU,20251021_122046.jpg,133_R4S_224_APEX/93_5 X GINZOU_3 DH LINE_23_1,133.0,224.0,APEX/93_5 X GINZOU_3 DH LINE,23.0,1.0,2.0,7.9,5.9,2025_10_21_RSFB-Phenotyping_GG1_scores.csv,,4.95,5.9,False,,Unknown,../dataset/Pictures_CFSB_leaf_damage/2025_10_21_RSFB-Phenotyping_GG1_JLU/2025_10_21_RSFB-Phenotyping_GG1_JLU/20251021_122046.jpg,True,133_R4S_224_APEX/93_5 X GINZOU_3 DH LINE_23_1
2025_10_21_RSFB-Phenotyping_GG1_JLU,20251021_122055.jpg,133_R4S_224_APEX/93_5 X GINZOU_3 DH LINE_23_1,133.0,224.0,APEX/93_5 X GINZOU_3 DH LINE,23.0,1.0,35.0,15.5,19.5,2025_10_21_RSFB-Phenotyping_GG1_scores.csv,,25.25,19.5,False,,Unknown,../dataset/Pictures_CFSB_leaf_damage/2025_10_21_RSFB-Phenotyping_GG1_JLU/2025_10_21_RSFB-Phenotyping_GG1_JLU/20251021_122055.jpg,True,133_R4S_224_APEX/93_5 X GINZOU_3 DH LINE_23_1
2025_10_21_RSFB-Phenotyping_GG1_JLU,20251021_122101.jpg,133_R4S_224_APEX/93_5 X GINZOU_3 DH LINE_23_1,133.0,224.0,APEX/93_5 X GINZOU_3 DH LINE,23.0,1.0,30.0,22.5,7.5,2025_10_21_RSFB-Phenotyping_GG1_scores.csv,,26.25,7.5,False,,Unknown,../dataset/Pictures_CFSB_leaf_damage/2025_10_21_RSFB-Phenotyping_GG1_JLU/2025_10_21_RSFB-Phenotyping_GG1_JLU/20251021_122101.jpg,True,133_R4S_224_APEX/93_5 X GINZOU_3 DH LINE_23_1
2025_10_21_RSFB-Phenotyping_GG1_JLU,20251021_122117.jpg,144_R4S_379_Skryesyowicki_24_1,144.0,379.0,Skryesyowicki,24.0,1.0,18.0,18.0,0.0,2025_10_21_RSFB-Phenotyping_GG1_scores.csv,,18.0,0.0,True,,Unknown,../dataset/Pictures_CFSB_leaf_damage/2025_10_21_RSFB-Phenotyping_GG1_JLU/2025_10_21_RSFB-Phenotyping_GG1_JLU/20251021_122117.jpg,True,144_R4S_379_Skryesyowicki_24_1
2025_10_21_RSFB-Phenotyping_GG1_JLU,20251021_122126.jpg,144_R4S_379_Skryesyowicki_24_1,144.0,379.0,Skryesyowicki,24.0,1.0,30.0,21.0,9.0,2025_10_21_RSFB-Phenotyping_GG1_scores.csv,,25.5,9.0,False,,Unknown,../dataset/Pictures_CFSB_leaf_damage/2025_10_21_RSFB-Phenotyping_GG1_JLU/2025_10_21_RSFB-Phenotyping_GG1_JLU/20251021_122126.jpg,True,144_R4S_379_Skryesyowicki_24_1
2025_10_21_RSFB-Phenotyping_GG1_JLU,20251021_122135.jpg,144_R4S_379_Skryesyowicki_24_1,144.0,379.0,Skryesyowicki,24.0,1.0,20.0,22.5,2.5,2025_10_21_RSFB-Phenotyping_GG1_scores.csv,,21.25,2.5,True,,Unknown,../dataset/Pictures_CFSB_leaf_damage/2025_10_21_RSFB-Phenotyping_GG1_JLU/2025_10_21_RSFB-Phenotyping_GG1_JLU/20251021_122135.jpg,True,144_R4S_379_Skryesyowicki_24_1
2025_10_21_RSFB-Phenotyping_GG1_JLU,20251021_122148.jpg,145_R4S_549_ALLESANDRO KWS_25_1,145.0,549.0,ALLESANDRO KWS,25.0,1.0,40.0,14.5,25.5,2025_10_21_RSFB-Phenotyping_GG1_scores.csv,,27.25,25.5,False,,Unknown,../dataset/Pictures_CFSB_leaf_damage/2025_10_21_RSFB-Phenotyping_GG1_JLU/2025_10_21_RSFB-Phenotyping_GG1_JLU/20251021_122148.jpg,True,145_R4S_549_ALLESANDRO KWS_25_1
2025_10_21_RSFB-Phenotyping_GG1_JLU,20251021_122158.jpg,145_R4S_549_ALLESANDRO KWS_25_1,145.0,549.0,ALLESANDRO KWS,25.0,1.0,25.0,13.5,11.5,2025_10_21_RSFB-Phenotyping_GG1_scores.csv,,19.25,11.5,False,,Unknown,../dataset/Pictures_CFSB_leaf_damage/2025_10_21_RSFB-Phenotyping_GG1_JLU/2025_10_21_RSFB-Phenotyping_GG1_JLU/20251021_122158.jpg,True,145_R4S_549_ALLESANDRO KWS_25_1
2025_10_21_RSFB-Phenotyping_GG1_JLU,20251021_122206.jpg,145_R4S_549_ALLESANDRO KWS_25_1,145.0,549.0,ALLESANDRO KWS,25.0,1.0,33.0,6.5,26.5,2025_10_21_RSFB-Phenotyping_GG1_scores.csv,,19.75,26.5,False,,Unknown,../dataset/Pictures_CFSB_leaf_damage/2025_10_21_RSFB-Phenotyping_GG1_JLU/2025_10_21_RSFB-Phenotyping_GG1_JLU/20251021_122206.jpg,True,145_R4S_549_ALLESANDRO KWS_25_1
2025_10_21_RSFB-Phenotyping_GG1_JLU,20251021_122220.jpg,156_R4S_344_Conqueror Bronye Green Top_26_1,156.0,344.0,Conqueror Bronye Green Top,26.0,1.0,35.0,20.5,14.5,2025_10_21_RSFB-Phenotyping_GG1_scores.csv,,27.75,14.5,False,,Unknown,../dataset/Pictures_CFSB_leaf_damage/2025_10_21_RSFB-Phenotyping_GG1_JLU/2025_10_21_RSFB-Phenotyping_GG1_JLU/20251021_122220.jpg,True,156_R4S_344_Conqueror Bronye Green Top_26_1
2025_10_21_RSFB-Phenotyping_GG1_JLU,20251021_122227.jpg,156_R4S_344_Conqueror Bronye Green Top_26_1,156.0,344.0,Conqueror Bronye Green Top,26.0,1.0,3.0,5.0,2.0,2025_10_21_RSFB-Phenotyping_GG1_scores.csv,,4.0,2.0,True,,Unknown,../dataset/Pictures_CFSB_leaf_damage/2025_10_21_RSFB-Phenotyping_GG1_JLU/2025_10_21_RSFB-Phenotyping_GG1_JLU/20251021_122227.jpg,True,156_R4S_344_Conqueror Bronye Green Top_26_1
2025_10_21_RSFB-Phenotyping_GG1_JLU,20251021_122242.jpg,156_R4S_344_Conqueror Bronye Green Top_26_1,156.0,344.0,Conqueror Bronye Green Top,26.0,1.0,30.0,27.0,3.0,2025_10_21_RSFB-Phenotyping_GG1_scores.csv,,28.5,3.0,True,,Unknown,../dataset/Pictures_CFSB_leaf_damage/2025_10_21_RSFB-Phenotyping_GG1_JLU/2025_10_21_RSFB-Phenotyping_GG1_JLU/20251021_122242.jpg,True,156_R4S_344_Conqueror Bronye Green Top_26_1
2025_10_21_RSFB-Phenotyping_GG1_JLU,20251021_122314.jpg,157_R4S_225_Barrel_27_1,157.0,225.0,Barrel,27.0,1.0,3.0,4.0,1.0,2025_10_21_RSFB-Phenotyping_GG1_scores.csv,,3.5,1.0,True,,Unknown,../dataset/Pictures_CFSB_leaf_damage/2025_10_21_RSFB-Phenotyping_GG1_JLU/2025_10_21_RSFB-Phenotyping_GG1_JLU/20251021_122314.jpg,True,157_R4S_225_Barrel_27_1
2025_10_21_RSFB-Phenotyping_GG1_JLU,20251021_122322.jpg,157_R4S_225_Barrel_27_1,157.0,225.0,Barrel,27.0,1.0,1.0,4.5,3.5,2025_10_21_RSFB-Phenotyping_GG1_scores.csv,,2.75,3.5,True,,Unknown,../dataset/Pictures_CFSB_leaf_damage/2025_10_21_RSFB-Phenotyping_GG1_JLU/2025_10_21_RSFB-Phenotyping_GG1_JLU/20251021_122322.jpg,True,157_R4S_225_Barrel_27_1
2025_10_21_RSFB-Phenotyping_GG1_JLU,20251021_122330.jpg,157_R4S_225_Barrel_27_1,157.0,225.0,Barrel,27.0,1.0,2.0,16.0,14.0,2025_10_21_RSFB-Phenotyping_GG1_scores.csv,,9.0,14.0,False,,Unknown,../dataset/Pictures_CFSB_leaf_damage/2025_10_21_RSFB-Phenotyping_GG1_JLU/2025_10_21_RSFB-Phenotyping_GG1_JLU/20251021_122330.jpg,True,157_R4S_225_Barrel_27_1
2025_10_21_RSFB-Phenotyping_GG1_JLU,20251021_122344.jpg,168_R4S_342_Peerless *Acme(_28_1,168.0,342.0,Peerless *Acme(,28.0,1.0,5.0,18.0,13.0,2025_10_21_RSFB-Phenotyping_GG1_scores.csv,,11.5,13.0,False,,Unknown,../dataset/Pictures_CFSB_leaf_damage/2025_10_21_RSFB-Phenotyping_GG1_JLU/2025_10_21_RSFB-Phenotyping_GG1_JLU/20251021_122344.jpg,True,168_R4S_342_Peerless *Acme(_28_1
2025_10_21_RSFB-Phenotyping_GG1_JLU,20251021_122353.jpg,168_R4S_342_Peerless *Acme(_28_1,168.0,342.0,Peerless *Acme(,28.0,1.0,10.0,11.0,1.0,2025_10_21_RSFB-Phenotyping_GG1_scores.csv,,10.5,1.0,True,,Unknown,../dataset/Pictures_CFSB_leaf_damage/2025_10_21_RSFB-Phenotyping_GG1_JLU/2025_10_21_RSFB-Phenotyping_GG1_JLU/20251021_122353.jpg,True,168_R4S_342_Peerless *Acme(_28_1
2025_10_21_RSFB-Phenotyping_GG1_JLU,20251021_122402.jpg,168_R4S_342_Peerless *Acme(_28_1,168.0,342.0,Peerless *Acme(,28.0,1.0,15.0,7.0,8.0,2025_10_21_RSFB-Phenotyping_GG1_scores.csv,,11.0,8.0,False,,Unknown,../dataset/Pictures_CFSB_leaf_damage/2025_10_21_RSFB-Phenotyping_GG1_JLU/2025_10_21_RSFB-Phenotyping_GG1_JLU/20251021_122402.jpg,True,168_R4S_342_Peerless *Acme(_28_1
2025_10_21_RSFB-Phenotyping_GG1_JLU,20251021_122415.jpg,169_R4S_149_Rapid_29_1,169.0,149.0,Rapid,29.0,1.0,40.0,16.5,23.5,2025_10_21_RSFB-Phenotyping_GG1_scores.csv,,28.25,23.5,False,,Unknown,../dataset/Pictures_CFSB_leaf_damage/2025_10_21_RSFB-Phenotyping_GG1_JLU/2025_10_21_RSFB-Phenotyping_GG1_JLU/20251021_122415.jpg,True,169_R4S_149_Rapid_29_1
2025_10_21_RSFB-Phenotyping_GG1_JLU,20251021_122423.jpg,169_R4S_149_Rapid_29_1,169.0,149.0,Rapid,29.0,1.0,1.0,2.5,1.5,2025_10_21_RSFB-Phenotyping_GG1_scores.csv,,1.75,1.5,True,,Unknown,../dataset/Pictures_CFSB_leaf_damage/2025_10_21_RSFB-Phenotyping_GG1_JLU/2025_10_21_RSFB-Phenotyping_GG1_JLU/20251021_122423.jpg,True,169_R4S_149_Rapid_29_1
2025_10_21_RSFB-Phenotyping_GG1_JLU,20251021_122432.jpg,169_R4S_149_Rapid_29_1,169.0,149.0,Rapid,29.0,1.0,50.0,15.5,34.5,2025_10_21_RSFB-Phenotyping_GG1_scores.csv,,32.75,34.5,False,,Unknown,../dataset/Pictures_CFSB_leaf_damage/2025_10_21_RSFB-Phenotyping_GG1_JLU/2025_10_21_RSFB-Phenotyping_GG1_JLU/20251021_122432.jpg,True,169_R4S_149_Rapid_29_1
2025_10_21_RSFB-Phenotyping_GG1_JLU,20251021_122445.jpg,180_R4S_221_MADRIGAL x RECITAL DH LINE_30_1,180.0,221.0,MADRIGAL x RECITAL DH LINE,30.0,1.0,28.0,29.5,1.5,2025_10_21_RSFB-Phenotyping_GG1_scores.csv,,28.75,1.5,True,,Unknown,../dataset/Pictures_CFSB_leaf_damage/2025_10_21_RSFB-Phenotyping_GG1_JLU/2025_10_21_RSFB-Phenotyping_GG1_JLU/20251021_122445.jpg,True,180_R4S_221_MADRIGAL x RECITAL DH LINE_30_1
2025_10_21_RSFB-Phenotyping_GG1_JLU,20251021_122452.jpg,180_R4S_221_MADRIGAL x RECITAL DH LINE_30_1,180.0,221.0,MADRIGAL x RECITAL DH LINE,30.0,1.0,10.0,5.5,4.5,2025_10_21_RSFB-Phenotyping_GG1_scores.csv,,7.75,4.5,True,,Unknown,../dataset/Pictures_CFSB_leaf_damage/2025_10_21_RSFB-Phenotyping_GG1_JLU/2025_10_21_RSFB-Phenotyping_GG1_JLU/20251021_122452.jpg,True,180_R4S_221_MADRIGAL x RECITAL DH LINE_30_1
2025_10_21_RSFB-Phenotyping_GG1_JLU,20251021_122502.jpg,180_R4S_221_MADRIGAL x RECITAL DH LINE_30_1,180.0,221.0,MADRIGAL x RECITAL DH LINE,30.0,1.0,15.0,15.0,0.0,2025_10_21_RSFB-Phenotyping_GG1_scores.csv,,15.0,0.0,True,,Unknown,../dataset/Pictures_CFSB_leaf_damage/2025_10_21_RSFB-Phenotyping_GG1_JLU/2025_10_21_RSFB-Phenotyping_GG1_JLU/20251021_122502.jpg,True,180_R4S_221_MADRIGAL x RECITAL DH LINE_30_1
2025_10_21_RSFB-Phenotyping_GG1_JLU,20251021_122516.jpg,181_R4S_296_EMERALD_31_1,181.0,296.0,EMERALD,31.0,1.0,25.0,25.0,0.0,2025_10_21_RSFB-Phenotyping_GG1_scores.csv,,25.0,0.0,True,,Unknown,../dataset/Pictures_CFSB_leaf_damage/2025_10_21_RSFB-Phenotyping_GG1_JLU/2025_10_21_RSFB-Phenotyping_GG1_JLU/20251021_122516.jpg,True,181_R4S_296_EMERALD_31_1
2025_10_21_RSFB-Phenotyping_GG1_JLU,20251021_122523.jpg,181_R4S_296_EMERALD_31_1,181.0,296.0,EMERALD,31.0,1.0,15.0,15.5,0.5,2025_10_21_RSFB-Phenotyping_GG1_scores.csv,,15.25,0.5,True,,Unknown,../dataset/Pictures_CFSB_leaf_damage/2025_10_21_RSFB-Phenotyping_GG1_JLU/2025_10_21_RSFB-Phenotyping_GG1_JLU/20251021_122523.jpg,True,181_R4S_296_EMERALD_31_1
2025_10_21_RSFB-Phenotyping_GG1_JLU,20251021_122531.jpg,181_R4S_296_EMERALD_31_1,181.0,296.0,EMERALD,31.0,1.0,1.0,1.0,0.0,2025_10_21_RSFB-Phenotyping_GG1_scores.csv,,1.0,0.0,True,,Unknown,../dataset/Pictures_CFSB_leaf_damage/2025_10_21_RSFB-Phenotyping_GG1_JLU/2025_10_21_RSFB-Phenotyping_GG1_JLU/20251021_122531.jpg,True,181_R4S_296_EMERALD_31_1
2025_10_21_RSFB-Phenotyping_GG1_JLU,20251021_122550.jpg,192_R4S_181_Express 617_32_1,192.0,181.0,Express 617,32.0,1.0,7.0,22.0,15.0,2025_10_21_RSFB-Phenotyping_GG1_scores.csv,,14.5,15.0,False,,Unknown,../dataset/Pictures_CFSB_leaf_damage/2025_10_21_RSFB-Phenotyping_GG1_JLU/2025_10_21_RSFB-Phenotyping_GG1_JLU/20251021_122550.jpg,True,192_R4S_181_Express 617_32_1
2025_10_21_RSFB-Phenotyping_GG1_JLU,20251021_122557.jpg,192_R4S_181_Express 617_32_1,192.0,181.0,Express 617,32.0,1.0,2.0,10.0,8.0,2025_10_21_RSFB-Phenotyping_GG1_scores.csv,,6.0,8.0,False,,Unknown,../dataset/Pictures_CFSB_leaf_damage/2025_10_21_RSFB-Phenotyping_GG1_JLU/2025_10_21_RSFB-Phenotyping_GG1_JLU/20251021_122557.jpg,True,192_R4S_181_Express 617_32_1
2025_10_21_RSFB-Phenotyping_GG1_JLU,20251021_122605.jpg,192_R4S_181_Express 617_32_1,192.0,181.0,Express 617,32.0,1.0,1.0,14.0,13.0,2025_10_21_RSFB-Phenotyping_GG1_scores.csv,,7.5,13.0,False,,Unknown,../dataset/Pictures_CFSB_leaf_damage/2025_10_21_RSFB-Phenotyping_GG1_JLU/2025_10_21_RSFB-Phenotyping_GG1_JLU/20251021_122605.jpg,True,192_R4S_181_Express 617_32_1
2025_10_21_RSFB-Phenotyping_GG1_JLU,20251021_122620.jpg,193_R4S_532_WINFRED_33_1,193.0,532.0,WINFRED,33.0,1.0,23.0,12.0,11.0,2025_10_21_RSFB-Phenotyping_GG1_scores.csv,,17.5,11.0,False,,Unknown,../dataset/Pictures_CFSB_leaf_damage/2025_10_21_RSFB-Phenotyping_GG1_JLU/2025_10_21_RSFB-Phenotyping_GG1_JLU/20251021_122620.jpg,True,193_R4S_532_WINFRED_33_1
2025_10_21_RSFB-Phenotyping_GG1_JLU,20251021_122628.jpg,193_R4S_532_WINFRED_33_1,193.0,532.0,WINFRED,33.0,1.0,12.0,15.5,3.5,2025_10_21_RSFB-Phenotyping_GG1_scores.csv,,13.75,3.5,True,,Unknown,../dataset/Pictures_CFSB_leaf_damage/2025_10_21_RSFB-Phenotyping_GG1_JLU/2025_10_21_RSFB-Phenotyping_GG1_JLU/20251021_122628.jpg,True,193_R4S_532_WINFRED_33_1
2025_10_21_RSFB-Phenotyping_GG1_JLU,20251021_122637.jpg,193_R4S_532_WINFRED_33_1,193.0,532.0,WINFRED,33.0,1.0,1.0,3.0,2.0,2025_10_21_RSFB-Phenotyping_GG1_scores.csv,,2.0,2.0,True,,Unknown,../dataset/Pictures_CFSB_leaf_damage/2025_10_21_RSFB-Phenotyping_GG1_JLU/2025_10_21_RSFB-Phenotyping_GG1_JLU/20251021_122637.jpg,True,193_R4S_532_WINFRED_33_1
2025_10_21_RSFB-Phenotyping_GG1_JLU,20251021_122655.jpg,204_R4S_327_Zork_34_1,204.0,327.0,Zork,34.0,1.0,5.0,10.0,5.0,2025_10_21_RSFB-Phenotyping_GG1_scores.csv,,7.5,5.0,False,,Unknown,../dataset/Pictures_CFSB_leaf_damage/2025_10_21_RSFB-Phenotyping_GG1_JLU/2025_10_21_RSFB-Phenotyping_GG1_JLU/20251021_122655.jpg,True,204_R4S_327_Zork_34_1
2025_10_21_RSFB-Phenotyping_GG1_JLU,20251021_122701.jpg,204_R4S_327_Zork_34_1,204.0,327.0,Zork,34.0,1.0,3.0,4.0,1.0,2025_10_21_RSFB-Phenotyping_GG1_scores.csv,,3.5,1.0,True,,Unknown,../dataset/Pictures_CFSB_leaf_damage/2025_10_21_RSFB-Phenotyping_GG1_JLU/2025_10_21_RSFB-Phenotyping_GG1_JLU/20251021_122701.jpg,True,204_R4S_327_Zork_34_1
2025_10_21_RSFB-Phenotyping_GG1_JLU,20251021_122709.jpg,204_R4S_327_Zork_34_1,204.0,327.0,Zork,34.0,1.0,2.0,9.5,7.5,2025_10_21_RSFB-Phenotyping_GG1_scores.csv,,5.75,7.5,False,,Unknown,../dataset/Pictures_CFSB_leaf_damage/2025_10_21_RSFB-Phenotyping_GG1_JLU/2025_10_21_RSFB-Phenotyping_GG1_JLU/20251021_122709.jpg,True,204_R4S_327_Zork_34_1
2025_10_21_RSFB-Phenotyping_GG1_JLU,20251021_122722.jpg,205_R4S_358_PI271452_35_1,205.0,358.0,PI271452,35.0,1.0,2.0,11.5,9.5,2025_10_21_RSFB-Phenotyping_GG1_scores.csv,,6.75,9.5,False,,Unknown,../dataset/Pictures_CFSB_leaf_damage/2025_10_21_RSFB-Phenotyping_GG1_JLU/2025_10_21_RSFB-Phenotyping_GG1_JLU/20251021_122722.jpg,True,205_R4S_358_PI271452_35_1
2025_10_21_RSFB-Phenotyping_GG1_JLU,20251021_122732.jpg,205_R4S_358_PI271452_35_1,205.0,358.0,PI271452,35.0,1.0,25.0,17.0,8.0,2025_10_21_RSFB-Phenotyping_GG1_scores.csv,,21.0,8.0,False,,Unknown,../dataset/Pictures_CFSB_leaf_damage/2025_10_21_RSFB-Phenotyping_GG1_JLU/2025_10_21_RSFB-Phenotyping_GG1_JLU/20251021_122732.jpg,True,205_R4S_358_PI271452_35_1
2025_10_21_RSFB-Phenotyping_GG1_JLU,20251021_122739.jpg,205_R4S_358_PI271452_35_1,205.0,358.0,PI271452,35.0,1.0,15.0,13.5,1.5,2025_10_21_RSFB-Phenotyping_GG1_scores.csv,,14.25,1.5,True,,Unknown,../dataset/Pictures_CFSB_leaf_damage/2025_10_21_RSFB-Phenotyping_GG1_JLU/2025_10_21_RSFB-Phenotyping_GG1_JLU/20251021_122739.jpg,True,205_R4S_358_PI271452_35_1
2025_10_21_RSFB-Phenotyping_GG1_JLU,20251021_122752.jpg,216_R4S_366_Nunsdale_36_1,216.0,366.0,Nunsdale,36.0,1.0,20.0,13.5,6.5,2025_10_21_RSFB-Phenotyping_GG1_scores.csv,,16.75,6.5,False,,Unknown,../dataset/Pictures_CFSB_leaf_damage/2025_10_21_RSFB-Phenotyping_GG1_JLU/2025_10_21_RSFB-Phenotyping_GG1_JLU/20251021_122752.jpg,True,216_R4S_366_Nunsdale_36_1
2025_10_21_RSFB-Phenotyping_GG1_JLU,20251021_122800.jpg,216_R4S_366_Nunsdale_36_1,216.0,366.0,Nunsdale,36.0,1.0,12.0,7.0,5.0,2025_10_21_RSFB-Phenotyping_GG1_scores.csv,,9.5,5.0,False,,Unknown,../dataset/Pictures_CFSB_leaf_damage/2025_10_21_RSFB-Phenotyping_GG1_JLU/2025_10_21_RSFB-Phenotyping_GG1_JLU/20251021_122800.jpg,True,216_R4S_366_Nunsdale_36_1
2025_10_21_RSFB-Phenotyping_GG1_JLU,20251021_122808.jpg,216_R4S_366_Nunsdale_36_1,216.0,366.0,Nunsdale,36.0,1.0,25.0,17.5,7.5,2025_10_21_RSFB-Phenotyping_GG1_scores.csv,,21.25,7.5,False,,Unknown,../dataset/Pictures_CFSB_leaf_damage/2025_10_21_RSFB-Phenotyping_GG1_JLU/2025_10_21_RSFB-Phenotyping_GG1_JLU/20251021_122808.jpg,True,216_R4S_366_Nunsdale_36_1
2025_10_21_RSFB-Phenotyping_GG1_JLU,20251021_122823.jpg,217_R4S_552_ALLESANDRO KWS_37_1,217.0,552.0,ALLESANDRO KWS,37.0,1.0,15.0,7.0,8.0,2025_10_21_RSFB-Phenotyping_GG1_scores.csv,,11.0,8.0,False,,Unknown,../dataset/Pictures_CFSB_leaf_damage/2025_10_21_RSFB-Phenotyping_GG1_JLU/2025_10_21_RSFB-Phenotyping_GG1_JLU/20251021_122823.jpg,True,217_R4S_552_ALLESANDRO KWS_37_1
2025_10_21_RSFB-Phenotyping_GG1_JLU,20251021_122836.jpg,217_R4S_552_ALLESANDRO KWS_37_1,217.0,552.0,ALLESANDRO KWS,37.0,1.0,40.0,14.0,26.0,2025_10_21_RSFB-Phenotyping_GG1_scores.csv,,27.0,26.0,False,,Unknown,../dataset/Pictures_CFSB_leaf_damage/2025_10_21_RSFB-Phenotyping_GG1_JLU/2025_10_21_RSFB-Phenotyping_GG1_JLU/20251021_122836.jpg,True,217_R4S_552_ALLESANDRO KWS_37_1
2025_10_21_RSFB-Phenotyping_GG1_JLU,20251021_122843.jpg,217_R4S_552_ALLESANDRO KWS_37_1,217.0,552.0,ALLESANDRO KWS,37.0,1.0,12.0,12.5,0.5,2025_10_21_RSFB-Phenotyping_GG1_scores.csv,,12.25,0.5,True,,Unknown,../dataset/Pictures_CFSB_leaf_damage/2025_10_21_RSFB-Phenotyping_GG1_JLU/2025_10_21_RSFB-Phenotyping_GG1_JLU/20251021_122843.jpg,True,217_R4S_552_ALLESANDRO KWS_37_1
2025_10_21_RSFB-Phenotyping_GG1_JLU,20251021_122853.jpg,228_R4S_269_Baltia_38_1,228.0,269.0,Baltia,38.0,1.0,10.0,8.5,1.5,2025_10_21_RSFB-Phenotyping_GG1_scores.csv,,9.25,1.5,True,,Unknown,../dataset/Pictures_CFSB_leaf_damage/2025_10_21_RSFB-Phenotyping_GG1_JLU/2025_10_21_RSFB-Phenotyping_GG1_JLU/20251021_122853.jpg,True,228_R4S_269_Baltia_38_1
2025_10_21_RSFB-Phenotyping_GG1_JLU,20251021_122900.jpg,228_R4S_269_Baltia_38_1,228.0,269.0,Baltia,38.0,1.0,40.0,13.5,26.5,2025_10_21_RSFB-Phenotyping_GG1_scores.csv,,26.75,26.5,False,,Unknown,../dataset/Pictures_CFSB_leaf_damage/2025_10_21_RSFB-Phenotyping_GG1_JLU/2025_10_21_RSFB-Phenotyping_GG1_JLU/20251021_122900.jpg,True,228_R4S_269_Baltia_38_1
2025_10_21_RSFB-Phenotyping_GG1_JLU,20251021_122908.jpg,228_R4S_269_Baltia_38_1,228.0,269.0,Baltia,38.0,1.0,35.0,11.5,23.5,2025_10_21_RSFB-Phenotyping_GG1_scores.csv,,23.25,23.5,False,,Unknown,../dataset/Pictures_CFSB_leaf_damage/2025_10_21_RSFB-Phenotyping_GG1_JLU/2025_10_21_RSFB-Phenotyping_GG1_JLU/20251021_122908.jpg,True,228_R4S_269_Baltia_38_1
2025_10_21_RSFB-Phenotyping_GG1_JLU,20251021_122920.jpg,229_R4S_216_OLIMPIADE_39_1,229.0,216.0,OLIMPIADE,39.0,1.0,45.0,13.0,32.0,2025_10_21_RSFB-Phenotyping_GG1_scores.csv,,29.0,32.0,False,,Unknown,../dataset/Pictures_CFSB_leaf_damage/2025_10_21_RSFB-Phenotyping_GG1_JLU/2025_10_21_RSFB-Phenotyping_GG1_JLU/20251021_122920.jpg,True,229_R4S_216_OLIMPIADE_39_1
2025_10_21_RSFB-Phenotyping_GG1_JLU,20251021_122927.jpg,229_R4S_216_OLIMPIADE_39_1,229.0,216.0,OLIMPIADE,39.0,1.0,40.0,6.5,33.5,2025_10_21_RSFB-Phenotyping_GG1_scores.csv,,23.25,33.5,False,,Unknown,../dataset/Pictures_CFSB_leaf_damage/2025_10_21_RSFB-Phenotyping_GG1_JLU/2025_10_21_RSFB-Phenotyping_GG1_JLU/20251021_122927.jpg,True,229_R4S_216_OLIMPIADE_39_1
2025_10_21_RSFB-Phenotyping_GG1_JLU,20251021_122934.jpg,229_R4S_216_OLIMPIADE_39_1,229.0,216.0,OLIMPIADE,39.0,1.0,35.0,11.0,24.0,2025_10_21_RSFB-Phenotyping_GG1_scores.csv,,23.0,24.0,False,,Unknown,../dataset/Pictures_CFSB_leaf_damage/2025_10_21_RSFB-Phenotyping_GG1_JLU/2025_10_21_RSFB-Phenotyping_GG1_JLU/20251021_122934.jpg,True,229_R4S_216_OLIMPIADE_39_1
2025_10_21_RSFB-Phenotyping_GG1_JLU,20251021_122944.jpg,240_R4S_233_LSF 0519_40_1,240.0,233.0,LSF 0519,40.0,1.0,45.0,26.5,18.5,2025_10_21_RSFB-Phenotyping_GG1_scores.csv,,35.75,18.5,False,,Unknown,../dataset/Pictures_CFSB_leaf_damage/2025_10_21_RSFB-Phenotyping_GG1_JLU/2025_10_21_RSFB-Phenotyping_GG1_JLU/20251021_122944.jpg,True,240_R4S_233_LSF 0519_40_1
2025_10_21_RSFB-Phenotyping_GG1_JLU,20251021_122951.jpg,240_R4S_233_LSF 0519_40_1,240.0,233.0,LSF 0519,40.0,1.0,35.0,14.5,20.5,2025_10_21_RSFB-Phenotyping_GG1_scores.csv,,24.75,20.5,False,,Unknown,../dataset/Pictures_CFSB_leaf_damage/2025_10_21_RSFB-Phenotyping_GG1_JLU/2025_10_21_RSFB-Phenotyping_GG1_JLU/20251021_122951.jpg,True,240_R4S_233_LSF 0519_40_1
2025_10_21_RSFB-Phenotyping_GG1_JLU,20251021_123000.jpg,240_R4S_233_LSF 0519_40_1,240.0,233.0,LSF 0519,40.0,1.0,35.0,13.5,21.5,2025_10_21_RSFB-Phenotyping_GG1_scores.csv,,24.25,21.5,False,,Unknown,../dataset/Pictures_CFSB_leaf_damage/2025_10_21_RSFB-Phenotyping_GG1_JLU/2025_10_21_RSFB-Phenotyping_GG1_JLU/20251021_123000.jpg,True,240_R4S_233_LSF 0519_40_1
2025_10_21_RSFB-Phenotyping_GG1_JLU,20251021_123012.jpg,241_R4S_195_NORIN_41_1,241.0,195.0,NORIN,41.0,1.0,45.0,15.5,29.5,2025_10_21_RSFB-Phenotyping_GG1_scores.csv,,30.25,29.5,False,,Unknown,../dataset/Pictures_CFSB_leaf_damage/2025_10_21_RSFB-Phenotyping_GG1_JLU/2025_10_21_RSFB-Phenotyping_GG1_JLU/20251021_123012.jpg,True,241_R4S_195_NORIN_41_1
2025_10_21_RSFB-Phenotyping_GG1_JLU,20251021_123020.jpg,241_R4S_195_NORIN_41_1,241.0,195.0,NORIN,41.0,1.0,40.0,13.0,27.0,2025_10_21_RSFB-Phenotyping_GG1_scores.csv,,26.5,27.0,False,,Unknown,../dataset/Pictures_CFSB_leaf_damage/2025_10_21_RSFB-Phenotyping_GG1_JLU/2025_10_21_RSFB-Phenotyping_GG1_JLU/20251021_123020.jpg,True,241_R4S_195_NORIN_41_1
2025_10_21_RSFB-Phenotyping_GG1_JLU,20251021_123032.jpg,241_R4S_195_NORIN_41_1,241.0,195.0,NORIN,41.0,1.0,35.0,11.0,24.0,2025_10_21_RSFB-Phenotyping_GG1_scores.csv,,23.0,24.0,False,,Unknown,../dataset/Pictures_CFSB_leaf_damage/2025_10_21_RSFB-Phenotyping_GG1_JLU/2025_10_21_RSFB-Phenotyping_GG1_JLU/20251021_123032.jpg,True,241_R4S_195_NORIN_41_1
2025_10_21_RSFB-Phenotyping_GG1_JLU,20251021_123050.jpg,252_R4S_471_H61_42_1,252.0,471.0,H61,42.0,1.0,4.0,3.0,1.0,2025_10_21_RSFB-Phenotyping_GG1_scores.csv,,3.5,1.0,True,,Unknown,../dataset/Pictures_CFSB_leaf_damage/2025_10_21_RSFB-Phenotyping_GG1_JLU/2025_10_21_RSFB-Phenotyping_GG1_JLU/20251021_123050.jpg,True,252_R4S_471_H61_42_1
2025_10_21_RSFB-Phenotyping_GG1_JLU,20251021_123058.jpg,252_R4S_471_H61_42_1,252.0,471.0,H61,42.0,1.0,10.0,6.5,3.5,2025_10_21_RSFB-Phenotyping_GG1_scores.csv,,8.25,3.5,True,,Unknown,../dataset/Pictures_CFSB_leaf_damage/2025_10_21_RSFB-Phenotyping_GG1_JLU/2025_10_21_RSFB-Phenotyping_GG1_JLU/20251021_123058.jpg,True,252_R4S_471_H61_42_1
2025_10_21_RSFB-Phenotyping_GG1_JLU,20251021_123107.jpg,252_R4S_471_H61_42_1,252.0,471.0,H61,42.0,1.0,10.0,2.0,8.0,2025_10_21_RSFB-Phenotyping_GG1_scores.csv,,6.0,8.0,False,,Unknown,../dataset/Pictures_CFSB_leaf_damage/2025_10_21_RSFB-Phenotyping_GG1_JLU/2025_10_21_RSFB-Phenotyping_GG1_JLU/20251021_123107.jpg,True,252_R4S_471_H61_42_1
2025_10_21_RSFB-Phenotyping_GG1_JLU,20251021_123123.jpg,253_R4S_288_Slovenska Krajova_43_1,253.0,288.0,Slovenska Krajova,43.0,1.0,10.0,6.0,4.0,2025_10_21_RSFB-Phenotyping_GG1_scores.csv,,8.0,4.0,True,,Unknown,../dataset/Pictures_CFSB_leaf_damage/2025_10_21_RSFB-Phenotyping_GG1_JLU/2025_10_21_RSFB-Phenotyping_GG1_JLU/20251021_123123.jpg,True,253_R4S_288_Slovenska Krajova_43_1
2025_10_21_RSFB-Phenotyping_GG1_JLU,20251021_123137.jpg,253_R4S_288_Slovenska Krajova_43_1,253.0,288.0,Slovenska Krajova,43.0,1.0,20.0,11.5,8.5,2025_10_21_RSFB-Phenotyping_GG1_scores.csv,,15.75,8.5,False,,Unknown,../dataset/Pictures_CFSB_leaf_damage/2025_10_21_RSFB-Phenotyping_GG1_JLU/2025_10_21_RSFB-Phenotyping_GG1_JLU/20251021_123137.jpg,True,253_R4S_288_Slovenska Krajova_43_1
2025_10_21_RSFB-Phenotyping_GG1_JLU,20251021_123149.jpg,253_R4S_288_Slovenska Krajova_43_1,253.0,288.0,Slovenska Krajova,43.0,1.0,35.0,22.5,12.5,2025_10_21_RSFB-Phenotyping_GG1_scores.csv,,28.75,12.5,False,,Unknown,../dataset/Pictures_CFSB_leaf_damage/2025_10_21_RSFB-Phenotyping_GG1_JLU/2025_10_21_RSFB-Phenotyping_GG1_JLU/20251021_123149.jpg,True,253_R4S_288_Slovenska Krajova_43_1
2025_10_21_RSFB-Phenotyping_GG1_JLU,20251021_123202.jpg,264_R4S_305_COUVE NABICA_44_1,264.0,305.0,COUVE NABICA,44.0,1.0,5.0,12.0,7.0,2025_10_21_RSFB-Phenotyping_GG1_scores.csv,,8.5,7.0,False,,Unknown,../dataset/Pictures_CFSB_leaf_damage/2025_10_21_RSFB-Phenotyping_GG1_JLU/2025_10_21_RSFB-Phenotyping_GG1_JLU/20251021_123202.jpg,True,264_R4S_305_COUVE NABICA_44_1
2025_10_21_RSFB-Phenotyping_GG1_JLU,20251021_123208.jpg,264_R4S_305_COUVE NABICA_44_1,264.0,305.0,COUVE NABICA,44.0,1.0,15.0,8.0,7.0,2025_10_21_RSFB-Phenotyping_GG1_scores.csv,,11.5,7.0,False,,Unknown,../dataset/Pictures_CFSB_leaf_damage/2025_10_21_RSFB-Phenotyping_GG1_JLU/2025_10_21_RSFB-Phenotyping_GG1_JLU/20251021_123208.jpg,True,264_R4S_305_COUVE NABICA_44_1
2025_10_21_RSFB-Phenotyping_GG1_JLU,20251021_123220.jpg,264_R4S_305_COUVE NABICA_44_1,264.0,305.0,COUVE NABICA,44.0,1.0,5.0,9.0,4.0,2025_10_21_RSFB-Phenotyping_GG1_scores.csv,,7.0,4.0,True,,Unknown,../dataset/Pictures_CFSB_leaf_damage/2025_10_21_RSFB-Phenotyping_GG1_JLU/2025_10_21_RSFB-Phenotyping_GG1_JLU/20251021_123220.jpg,True,264_R4S_305_COUVE NABICA_44_1
2025_10_21_RSFB-Phenotyping_GG1_JLU,20251021_123237.jpg,265_R4S_189_CAPRICORN DH1_45_1,265.0,189.0,CAPRICORN DH1,45.0,1.0,15.0,15.5,0.5,2025_10_21_RSFB-Phenotyping_GG1_scores.csv,,15.25,0.5,True,,Unknown,../dataset/Pictures_CFSB_leaf_damage/2025_10_21_RSFB-Phenotyping_GG1_JLU/2025_10_21_RSFB-Phenotyping_GG1_JLU/20251021_123237.jpg,True,265_R4S_189_CAPRICORN DH1_45_1
2025_10_21_RSFB-Phenotyping_GG1_JLU,20251021_123245.jpg,265_R4S_189_CAPRICORN DH1_45_1,265.0,189.0,CAPRICORN DH1,45.0,1.0,30.0,12.0,18.0,2025_10_21_RSFB-Phenotyping_GG1_scores.csv,,21.0,18.0,False,,Unknown,../dataset/Pictures_CFSB_leaf_damage/2025_10_21_RSFB-Phenotyping_GG1_JLU/2025_10_21_RSFB-Phenotyping_GG1_JLU/20251021_123245.jpg,True,265_R4S_189_CAPRICORN DH1_45_1
2025_10_21_RSFB-Phenotyping_GG1_JLU,20251021_123254.jpg,265_R4S_189_CAPRICORN DH1_45_1,265.0,189.0,CAPRICORN DH1,45.0,1.0,30.0,18.0,12.0,2025_10_21_RSFB-Phenotyping_GG1_scores.csv,,24.0,12.0,False,,Unknown,../dataset/Pictures_CFSB_leaf_damage/2025_10_21_RSFB-Phenotyping_GG1_JLU/2025_10_21_RSFB-Phenotyping_GG1_JLU/20251021_123254.jpg,True,265_R4S_189_CAPRICORN DH1_45_1
2025_10_21_RSFB-Phenotyping_GG1_JLU,20251021_123304.jpg,276_R4S_385_Markus_46_1,276.0,385.0,Markus,46.0,1.0,35.0,13.5,21.5,2025_10_21_RSFB-Phenotyping_GG1_scores.csv,,24.25,21.5,False,,Unknown,../dataset/Pictures_CFSB_leaf_damage/2025_10_21_RSFB-Phenotyping_GG1_JLU/2025_10_21_RSFB-Phenotyping_GG1_JLU/20251021_123304.jpg,True,276_R4S_385_Markus_46_1
2025_10_21_RSFB-Phenotyping_GG1_JLU,20251021_123312.jpg,276_R4S_385_Markus_46_1,276.0,385.0,Markus,46.0,1.0,50.0,20.5,29.5,2025_10_21_RSFB-Phenotyping_GG1_scores.csv,,35.25,29.5,False,,Unknown,../dataset/Pictures_CFSB_leaf_damage/2025_10_21_RSFB-Phenotyping_GG1_JLU/2025_10_21_RSFB-Phenotyping_GG1_JLU/20251021_123312.jpg,True,276_R4S_385_Markus_46_1
2025_10_21_RSFB-Phenotyping_GG1_JLU,20251021_123320.jpg,276_R4S_385_Markus_46_1,276.0,385.0,Markus,46.0,1.0,45.0,17.5,27.5,2025_10_21_RSFB-Phenotyping_GG1_scores.csv,,31.25,27.5,False,,Unknown,../dataset/Pictures_CFSB_leaf_damage/2025_10_21_RSFB-Phenotyping_GG1_JLU/2025_10_21_RSFB-Phenotyping_GG1_JLU/20251021_123320.jpg,True,276_R4S_385_Markus_46_1
2025_10_21_RSFB-Phenotyping_GG1_JLU,20251021_123332.jpg,277_R4S_280_Lirakotta_47_1,277.0,280.0,Lirakotta,47.0,1.0,45.0,11.0,34.0,2025_10_21_RSFB-Phenotyping_GG1_scores.csv,,28.0,34.0,False,,Unknown,../dataset/Pictures_CFSB_leaf_damage/2025_10_21_RSFB-Phenotyping_GG1_JLU/2025_10_21_RSFB-Phenotyping_GG1_JLU/20251021_123332.jpg,True,277_R4S_280_Lirakotta_47_1
2025_10_21_RSFB-Phenotyping_GG1_JLU,20251021_123343.jpg,277_R4S_280_Lirakotta_47_1,277.0,280.0,Lirakotta,47.0,1.0,40.0,9.0,31.0,2025_10_21_RSFB-Phenotyping_GG1_scores.csv,,24.5,31.0,False,,Unknown,../dataset/Pictures_CFSB_leaf_damage/2025_10_21_RSFB-Phenotyping_GG1_JLU/2025_10_21_RSFB-Phenotyping_GG1_JLU/20251021_123343.jpg,True,277_R4S_280_Lirakotta_47_1
2025_10_21_RSFB-Phenotyping_GG1_JLU,20251021_123353.jpg,277_R4S_280_Lirakotta_47_1,277.0,280.0,Lirakotta,47.0,1.0,40.0,15.0,25.0,2025_10_21_RSFB-Phenotyping_GG1_scores.csv,,27.5,25.0,False,,Unknown,../dataset/Pictures_CFSB_leaf_damage/2025_10_21_RSFB-Phenotyping_GG1_JLU/2025_10_21_RSFB-Phenotyping_GG1_JLU/20251021_123353.jpg,True,277_R4S_280_Lirakotta_47_1
2025_10_21_RSFB-Phenotyping_GG1_JLU,20251021_123407.jpg,No label 1,,,,,,15.0,7.5,7.5,2025_10_21_RSFB-Phenotyping_GG1_scores.csv,,11.25,7.5,False,,Unknown,../dataset/Pictures_CFSB_leaf_damage/2025_10_21_RSFB-Phenotyping_GG1_JLU/2025_10_21_RSFB-Phenotyping_GG1_JLU/20251021_123407.jpg,True,No label 1
2025_10_21_RSFB-Phenotyping_GG1_JLU,20251021_123413.jpg,No label 2,,,,,,20.0,5.5,14.5,2025_10_21_RSFB-Phenotyping_GG1_scores.csv,,12.75,14.5,False,,Unknown,../dataset/Pictures_CFSB_leaf_damage/2025_10_21_RSFB-Phenotyping_GG1_JLU/2025_10_21_RSFB-Phenotyping_GG1_JLU/20251021_123413.jpg,True,No label 2
2025_10_21_RSFB-Phenotyping_GG1_JLU,20251021_123420.jpg,No label 3,,,,,,35.0,9.0,26.0,2025_10_21_RSFB-Phenotyping_GG1_scores.csv,,22.0,26.0,False,,Unknown,../dataset/Pictures_CFSB_leaf_damage/2025_10_21_RSFB-Phenotyping_GG1_JLU/2025_10_21_RSFB-Phenotyping_GG1_JLU/20251021_123420.jpg,True,No label 3
2025_10_21_RSFB-Phenotyping_GG1_JLU,20251021_123434.jpg,289_R4S_154_Cooper_49_1,289.0,154.0,Cooper,49.0,1.0,15.0,4.0,11.0,2025_10_21_RSFB-Phenotyping_GG1_scores.csv,,9.5,11.0,False,,Unknown,../dataset/Pictures_CFSB_leaf_damage/2025_10_21_RSFB-Phenotyping_GG1_JLU/2025_10_21_RSFB-Phenotyping_GG1_JLU/20251021_123434.jpg,True,289_R4S_154_Cooper_49_1
2025_10_21_RSFB-Phenotyping_GG1_JLU,20251021_123441.jpg,289_R4S_154_Cooper_49_1,289.0,154.0,Cooper,49.0,1.0,35.0,14.5,20.5,2025_10_21_RSFB-Phenotyping_GG1_scores.csv,,24.75,20.5,False,,Unknown,../dataset/Pictures_CFSB_leaf_damage/2025_10_21_RSFB-Phenotyping_GG1_JLU/2025_10_21_RSFB-Phenotyping_GG1_JLU/20251021_123441.jpg,True,289_R4S_154_Cooper_49_1
2025_10_21_RSFB-Phenotyping_GG1_JLU,20251021_123448.jpg,289_R4S_154_Cooper_49_1,289.0,154.0,Cooper,49.0,1.0,10.0,8.5,1.5,2025_10_21_RSFB-Phenotyping_GG1_scores.csv,,9.25,1.5,True,,Unknown,../dataset/Pictures_CFSB_leaf_damage/2025_10_21_RSFB-Phenotyping_GG1_JLU/2025_10_21_RSFB-Phenotyping_GG1_JLU/20251021_123448.jpg,True,289_R4S_154_Cooper_49_1
2025_10_21_RSFB-Phenotyping_GG1_JLU,20251021_123500.jpg,300_R4S_218_SHANNON x WINNER DH LINE_50_1,300.0,218.0,SHANNON x WINNER DH LINE,50.0,1.0,5.0,9.0,4.0,2025_10_21_RSFB-Phenotyping_GG1_scores.csv,,7.0,4.0,True,,Unknown,../dataset/Pictures_CFSB_leaf_damage/2025_10_21_RSFB-Phenotyping_GG1_JLU/2025_10_21_RSFB-Phenotyping_GG1_JLU/20251021_123500.jpg,True,300_R4S_218_SHANNON x WINNER DH LINE_50_1
2025_10_21_RSFB-Phenotyping_GG1_JLU,20251021_123507.jpg,300_R4S_218_SHANNON x WINNER DH LINE_50_1,300.0,218.0,SHANNON x WINNER DH LINE,50.0,1.0,35.0,7.0,28.0,2025_10_21_RSFB-Phenotyping_GG1_scores.csv,,21.0,28.0,False,,Unknown,../dataset/Pictures_CFSB_leaf_damage/2025_10_21_RSFB-Phenotyping_GG1_JLU/2025_10_21_RSFB-Phenotyping_GG1_JLU/20251021_123507.jpg,True,300_R4S_218_SHANNON x WINNER DH LINE_50_1
2025_10_21_RSFB-Phenotyping_GG1_JLU,20251021_123519.jpg,300_R4S_218_SHANNON x WINNER DH LINE_50_1,300.0,218.0,SHANNON x WINNER DH LINE,50.0,1.0,20.0,18.0,2.0,2025_10_21_RSFB-Phenotyping_GG1_scores.csv,,19.0,2.0,True,,Unknown,../dataset/Pictures_CFSB_leaf_damage/2025_10_21_RSFB-Phenotyping_GG1_JLU/2025_10_21_RSFB-Phenotyping_GG1_JLU/20251021_123519.jpg,True,300_R4S_218_SHANNON x WINNER DH LINE_50_1
2025_10_21_RSFB-Phenotyping_GG1_JLU,20251021_123535.jpg,301_R4S_275_Hokkai 3/Go_51_1,301.0,275.0,Hokkai 3/Go,51.0,1.0,15.0,11.5,3.5,2025_10_21_RSFB-Phenotyping_GG1_scores.csv,,13.25,3.5,True,,Unknown,../dataset/Pictures_CFSB_leaf_damage/2025_10_21_RSFB-Phenotyping_GG1_JLU/2025_10_21_RSFB-Phenotyping_GG1_JLU/20251021_123535.jpg,True,301_R4S_275_Hokkai 3/Go_51_1
2025_10_21_RSFB-Phenotyping_GG1_JLU,20251021_123547.jpg,301_R4S_275_Hokkai 3/Go_51_1,301.0,275.0,Hokkai 3/Go,51.0,1.0,20.0,8.0,12.0,2025_10_21_RSFB-Phenotyping_GG1_scores.csv,,14.0,12.0,False,,Unknown,../dataset/Pictures_CFSB_leaf_damage/2025_10_21_RSFB-Phenotyping_GG1_JLU/2025_10_21_RSFB-Phenotyping_GG1_JLU/20251021_123547.jpg,True,301_R4S_275_Hokkai 3/Go_51_1
2025_10_21_RSFB-Phenotyping_GG1_JLU,20251021_123556.jpg,301_R4S_275_Hokkai 3/Go_51_1,301.0,275.0,Hokkai 3/Go,51.0,1.0,25.0,11.0,14.0,2025_10_21_RSFB-Phenotyping_GG1_scores.csv,,18.0,14.0,False,,Unknown,../dataset/Pictures_CFSB_leaf_damage/2025_10_21_RSFB-Phenotyping_GG1_JLU/2025_10_21_RSFB-Phenotyping_GG1_JLU/20251021_123556.jpg,True,301_R4S_275_Hokkai 3/Go_51_1
2025_10_21_RSFB-Phenotyping_GG1_JLU,20251021_123607.jpg,312_Smaragd_52_1,312.0,,Smaragd,52.0,1.0,35.0,14.0,21.0,2025_10_21_RSFB-Phenotyping_GG1_scores.csv,,24.5,21.0,False,,Unknown,../dataset/Pictures_CFSB_leaf_damage/2025_10_21_RSFB-Phenotyping_GG1_JLU/2025_10_21_RSFB-Phenotyping_GG1_JLU/20251021_123607.jpg,True,312_Smaragd_52_1
2025_10_21_RSFB-Phenotyping_GG1_JLU,20251021_123617.jpg,312_Smaragd_52_1,312.0,,Smaragd,52.0,1.0,30.0,2.5,27.5,2025_10_21_RSFB-Phenotyping_GG1_scores.csv,,16.25,27.5,False,,Unknown,../dataset/Pictures_CFSB_leaf_damage/2025_10_21_RSFB-Phenotyping_GG1_JLU/2025_10_21_RSFB-Phenotyping_GG1_JLU/20251021_123617.jpg,True,312_Smaragd_52_1
2025_10_21_RSFB-Phenotyping_GG1_JLU,20251021_123625.jpg,312_Smaragd_52_1,312.0,,Smaragd,52.0,1.0,4.0,4.5,0.5,2025_10_21_RSFB-Phenotyping_GG1_scores.csv,,4.25,0.5,True,,Unknown,../dataset/Pictures_CFSB_leaf_damage/2025_10_21_RSFB-Phenotyping_GG1_JLU/2025_10_21_RSFB-Phenotyping_GG1_JLU/20251021_123625.jpg,True,312_Smaragd_52_1
2025_10_21_RSFB-Phenotyping_GG1_JLU,20251021_123657.jpg,311_Smaragd_52_2,311.0,,Smaragd,52.0,2.0,5.0,3.5,1.5,2025_10_21_RSFB-Phenotyping_GG1_scores.csv,,4.25,1.5,True,,Unknown,../dataset/Pictures_CFSB_leaf_damage/2025_10_21_RSFB-Phenotyping_GG1_JLU/2025_10_21_RSFB-Phenotyping_GG1_JLU/20251021_123657.jpg,True,311_Smaragd_52_2
2025_10_21_RSFB-Phenotyping_GG1_JLU,20251021_123702.jpg,311_Smaragd_52_2,311.0,,Smaragd,52.0,2.0,4.0,5.5,1.5,2025_10_21_RSFB-Phenotyping_GG1_scores.csv,,4.75,1.5,True,,Unknown,../dataset/Pictures_CFSB_leaf_damage/2025_10_21_RSFB-Phenotyping_GG1_JLU/2025_10_21_RSFB-Phenotyping_GG1_JLU/20251021_123702.jpg,True,311_Smaragd_52_2
2025_10_21_RSFB-Phenotyping_GG1_JLU,20251021_123710.jpg,311_Smaragd_52_2,311.0,,Smaragd,52.0,2.0,3.0,1.5,1.5,2025_10_21_RSFB-Phenotyping_GG1_scores.csv,,2.25,1.5,True,,Unknown,../dataset/Pictures_CFSB_leaf_damage/2025_10_21_RSFB-Phenotyping_GG1_JLU/2025_10_21_RSFB-Phenotyping_GG1_JLU/20251021_123710.jpg,True,311_Smaragd_52_2
2025_10_21_RSFB-Phenotyping_GG1_JLU,20251021_123724.jpg,302_R4S_382_Norde_51_2,302.0,382.0,Norde,51.0,2.0,30.0,12.0,18.0,2025_10_21_RSFB-Phenotyping_GG1_scores.csv,,21.0,18.0,False,,Unknown,../dataset/Pictures_CFSB_leaf_damage/2025_10_21_RSFB-Phenotyping_GG1_JLU/2025_10_21_RSFB-Phenotyping_GG1_JLU/20251021_123724.jpg,True,302_R4S_382_Norde_51_2
2025_10_21_RSFB-Phenotyping_GG1_JLU,20251021_123732.jpg,302_R4S_382_Norde_51_2,302.0,382.0,Norde,51.0,2.0,20.0,13.5,6.5,2025_10_21_RSFB-Phenotyping_GG1_scores.csv,,16.75,6.5,False,,Unknown,../dataset/Pictures_CFSB_leaf_damage/2025_10_21_RSFB-Phenotyping_GG1_JLU/2025_10_21_RSFB-Phenotyping_GG1_JLU/20251021_123732.jpg,True,302_R4S_382_Norde_51_2
2025_10_21_RSFB-Phenotyping_GG1_JLU,20251021_123740.jpg,302_R4S_382_Norde_51_2,302.0,382.0,Norde,51.0,2.0,20.0,9.0,11.0,2025_10_21_RSFB-Phenotyping_GG1_scores.csv,,14.5,11.0,False,,Unknown,../dataset/Pictures_CFSB_leaf_damage/2025_10_21_RSFB-Phenotyping_GG1_JLU/2025_10_21_RSFB-Phenotyping_GG1_JLU/20251021_123740.jpg,True,302_R4S_382_Norde_51_2
2025_10_21_RSFB-Phenotyping_GG1_JLU,20251021_123754.jpg,299_R4S_143_Robust_50_2,299.0,143.0,Robust,50.0,2.0,20.0,8.5,11.5,2025_10_21_RSFB-Phenotyping_GG1_scores.csv,,14.25,11.5,False,,Unknown,../dataset/Pictures_CFSB_leaf_damage/2025_10_21_RSFB-Phenotyping_GG1_JLU/2025_10_21_RSFB-Phenotyping_GG1_JLU/20251021_123754.jpg,True,299_R4S_143_Robust_50_2
2025_10_21_RSFB-Phenotyping_GG1_JLU,20251021_123800.jpg,299_R4S_143_Robust_50_2,299.0,143.0,Robust,50.0,2.0,15.0,6.0,9.0,2025_10_21_RSFB-Phenotyping_GG1_scores.csv,,10.5,9.0,False,,Unknown,../dataset/Pictures_CFSB_leaf_damage/2025_10_21_RSFB-Phenotyping_GG1_JLU/2025_10_21_RSFB-Phenotyping_GG1_JLU/20251021_123800.jpg,True,299_R4S_143_Robust_50_2
2025_10_21_RSFB-Phenotyping_GG1_JLU,20251021_123809.jpg,299_R4S_143_Robust_50_2,299.0,143.0,Robust,50.0,2.0,5.0,4.5,0.5,2025_10_21_RSFB-Phenotyping_GG1_scores.csv,,4.75,0.5,True,,Unknown,../dataset/Pictures_CFSB_leaf_damage/2025_10_21_RSFB-Phenotyping_GG1_JLU/2025_10_21_RSFB-Phenotyping_GG1_JLU/20251021_123809.jpg,True,299_R4S_143_Robust_50_2
2025_10_21_RSFB-Phenotyping_GG1_JLU,20251021_123822.jpg,290_R4S_211_Lirabon_49_2,290.0,211.0,Lirabon,49.0,2.0,5.0,4.0,1.0,2025_10_21_RSFB-Phenotyping_GG1_scores.csv,,4.5,1.0,True,,Unknown,../dataset/Pictures_CFSB_leaf_damage/2025_10_21_RSFB-Phenotyping_GG1_JLU/2025_10_21_RSFB-Phenotyping_GG1_JLU/20251021_123822.jpg,True,290_R4S_211_Lirabon_49_2
2025_10_21_RSFB-Phenotyping_GG1_JLU,20251021_123831.jpg,290_R4S_211_Lirabon_49_2,290.0,211.0,Lirabon,49.0,2.0,3.0,4.5,1.5,2025_10_21_RSFB-Phenotyping_GG1_scores.csv,,3.75,1.5,True,,Unknown,../dataset/Pictures_CFSB_leaf_damage/2025_10_21_RSFB-Phenotyping_GG1_JLU/2025_10_21_RSFB-Phenotyping_GG1_JLU/20251021_123831.jpg,True,290_R4S_211_Lirabon_49_2
2025_10_21_RSFB-Phenotyping_GG1_JLU,20251021_123838.jpg,290_R4S_211_Lirabon_49_2,290.0,211.0,Lirabon,49.0,2.0,5.0,4.5,0.5,2025_10_21_RSFB-Phenotyping_GG1_scores.csv,,4.75,0.5,True,,Unknown,../dataset/Pictures_CFSB_leaf_damage/2025_10_21_RSFB-Phenotyping_GG1_JLU/2025_10_21_RSFB-Phenotyping_GG1_JLU/20251021_123838.jpg,True,290_R4S_211_Lirabon_49_2
2025_10_21_RSFB-Phenotyping_GG1_JLU,20251021_123851.jpg,287_R4S_161_OASE_48_2,287.0,161.0,OASE,48.0,2.0,5.0,9.0,4.0,2025_10_21_RSFB-Phenotyping_GG1_scores.csv,,7.0,4.0,True,,Unknown,../dataset/Pictures_CFSB_leaf_damage/2025_10_21_RSFB-Phenotyping_GG1_JLU/2025_10_21_RSFB-Phenotyping_GG1_JLU/20251021_123851.jpg,True,287_R4S_161_OASE_48_2
2025_10_21_RSFB-Phenotyping_GG1_JLU,20251021_123858.jpg,287_R4S_161_OASE_48_2,287.0,161.0,OASE,48.0,2.0,15.0,12.0,3.0,2025_10_21_RSFB-Phenotyping_GG1_scores.csv,,13.5,3.0,True,,Unknown,../dataset/Pictures_CFSB_leaf_damage/2025_10_21_RSFB-Phenotyping_GG1_JLU/2025_10_21_RSFB-Phenotyping_GG1_JLU/20251021_123858.jpg,True,287_R4S_161_OASE_48_2
2025_10_21_RSFB-Phenotyping_GG1_JLU,20251021_123905.jpg,287_R4S_161_OASE_48_2,287.0,161.0,OASE,48.0,2.0,35.0,18.0,17.0,2025_10_21_RSFB-Phenotyping_GG1_scores.csv,,26.5,17.0,False,,Unknown,../dataset/Pictures_CFSB_leaf_damage/2025_10_21_RSFB-Phenotyping_GG1_JLU/2025_10_21_RSFB-Phenotyping_GG1_JLU/20251021_123905.jpg,True,287_R4S_161_OASE_48_2
2025_10_21_RSFB-Phenotyping_GG1_JLU,20251021_123915.jpg,278_R4S_394_Erra_47_2,278.0,394.0,Erra,47.0,2.0,15.0,13.5,1.5,2025_10_21_RSFB-Phenotyping_GG1_scores.csv,,14.25,1.5,True,,Unknown,../dataset/Pictures_CFSB_leaf_damage/2025_10_21_RSFB-Phenotyping_GG1_JLU/2025_10_21_RSFB-Phenotyping_GG1_JLU/20251021_123915.jpg,True,278_R4S_394_Erra_47_2
2025_10_21_RSFB-Phenotyping_GG1_JLU,20251021_123923.jpg,278_R4S_394_Erra_47_2,278.0,394.0,Erra,47.0,2.0,25.0,10.5,14.5,2025_10_21_RSFB-Phenotyping_GG1_scores.csv,,17.75,14.5,False,,Unknown,../dataset/Pictures_CFSB_leaf_damage/2025_10_21_RSFB-Phenotyping_GG1_JLU/2025_10_21_RSFB-Phenotyping_GG1_JLU/20251021_123923.jpg,True,278_R4S_394_Erra_47_2
2025_10_21_RSFB-Phenotyping_GG1_JLU,20251021_123930.jpg,278_R4S_394_Erra_47_2,278.0,394.0,Erra,47.0,2.0,18.0,12.0,6.0,2025_10_21_RSFB-Phenotyping_GG1_scores.csv,,15.0,6.0,False,,Unknown,../dataset/Pictures_CFSB_leaf_damage/2025_10_21_RSFB-Phenotyping_GG1_JLU/2025_10_21_RSFB-Phenotyping_GG1_JLU/20251021_123930.jpg,True,278_R4S_394_Erra_47_2
2025_10_21_RSFB-Phenotyping_GG1_JLU,20251021_123941.jpg,275_R4S_308_ABUKUMA NATANE_46_2,275.0,308.0,ABUKUMA NATANE,46.0,2.0,25.0,16.0,9.0,2025_10_21_RSFB-Phenotyping_GG1_scores.csv,,20.5,9.0,False,,Unknown,../dataset/Pictures_CFSB_leaf_damage/2025_10_21_RSFB-Phenotyping_GG1_JLU/2025_10_21_RSFB-Phenotyping_GG1_JLU/20251021_123941.jpg,True,275_R4S_308_ABUKUMA NATANE_46_2
2025_10_21_RSFB-Phenotyping_GG1_JLU,20251021_123951.jpg,275_R4S_308_ABUKUMA NATANE_46_2,275.0,308.0,ABUKUMA NATANE,46.0,2.0,23.0,14.5,8.5,2025_10_21_RSFB-Phenotyping_GG1_scores.csv,,18.75,8.5,False,,Unknown,../dataset/Pictures_CFSB_leaf_damage/2025_10_21_RSFB-Phenotyping_GG1_JLU/2025_10_21_RSFB-Phenotyping_GG1_JLU/20251021_123951.jpg,True,275_R4S_308_ABUKUMA NATANE_46_2
2025_10_21_RSFB-Phenotyping_GG1_JLU,20251021_123959.jpg,275_R4S_308_ABUKUMA NATANE_46_2,275.0,308.0,ABUKUMA NATANE,46.0,2.0,19.0,10.5,8.5,2025_10_21_RSFB-Phenotyping_GG1_scores.csv,,14.75,8.5,False,,Unknown,../dataset/Pictures_CFSB_leaf_damage/2025_10_21_RSFB-Phenotyping_GG1_JLU/2025_10_21_RSFB-Phenotyping_GG1_JLU/20251021_123959.jpg,True,275_R4S_308_ABUKUMA NATANE_46_2
2025_10_21_RSFB-Phenotyping_GG1_JLU,20251021_124016.jpg,266_R4S_335_Dalo Trifolium_45_2,266.0,335.0,Dalo Trifolium,45.0,2.0,14.0,5.5,8.5,2025_10_21_RSFB-Phenotyping_GG1_scores.csv,,9.75,8.5,False,,Unknown,../dataset/Pictures_CFSB_leaf_damage/2025_10_21_RSFB-Phenotyping_GG1_JLU/2025_10_21_RSFB-Phenotyping_GG1_JLU/20251021_124016.jpg,True,266_R4S_335_Dalo Trifolium_45_2
2025_10_21_RSFB-Phenotyping_GG1_JLU,20251021_124023.jpg,266_R4S_335_Dalo Trifolium_45_2,266.0,335.0,Dalo Trifolium,45.0,2.0,2.0,3.5,1.5,2025_10_21_RSFB-Phenotyping_GG1_scores.csv,,2.75,1.5,True,,Unknown,../dataset/Pictures_CFSB_leaf_damage/2025_10_21_RSFB-Phenotyping_GG1_JLU/2025_10_21_RSFB-Phenotyping_GG1_JLU/20251021_124023.jpg,True,266_R4S_335_Dalo Trifolium_45_2
2025_10_21_RSFB-Phenotyping_GG1_JLU,20251021_124030.jpg,266_R4S_335_Dalo Trifolium_45_2,266.0,335.0,Dalo Trifolium,45.0,2.0,2.0,1.0,1.0,2025_10_21_RSFB-Phenotyping_GG1_scores.csv,,1.5,1.0,True,,Unknown,../dataset/Pictures_CFSB_leaf_damage/2025_10_21_RSFB-Phenotyping_GG1_JLU/2025_10_21_RSFB-Phenotyping_GG1_JLU/20251021_124030.jpg,True,266_R4S_335_Dalo Trifolium_45_2
2025_10_21_RSFB-Phenotyping_GG1_JLU,20251021_124048.jpg,263_R4S_255_Atlantic_44_2,263.0,255.0,Atlantic,44.0,2.0,3.0,7.5,4.5,2025_10_21_RSFB-Phenotyping_GG1_scores.csv,,5.25,4.5,True,,Unknown,../dataset/Pictures_CFSB_leaf_damage/2025_10_21_RSFB-Phenotyping_GG1_JLU/2025_10_21_RSFB-Phenotyping_GG1_JLU/20251021_124048.jpg,True,263_R4S_255_Atlantic_44_2
2025_10_21_RSFB-Phenotyping_GG1_JLU,20251021_124056.jpg,263_R4S_255_Atlantic_44_2,263.0,255.0,Atlantic,44.0,2.0,7.0,9.0,2.0,2025_10_21_RSFB-Phenotyping_GG1_scores.csv,,8.0,2.0,True,,Unknown,../dataset/Pictures_CFSB_leaf_damage/2025_10_21_RSFB-Phenotyping_GG1_JLU/2025_10_21_RSFB-Phenotyping_GG1_JLU/20251021_124056.jpg,True,263_R4S_255_Atlantic_44_2
2025_10_21_RSFB-Phenotyping_GG1_JLU,20251021_124112.jpg,263_R4S_255_Atlantic_44_2,263.0,255.0,Atlantic,44.0,2.0,8.0,13.0,5.0,2025_10_21_RSFB-Phenotyping_GG1_scores.csv,,10.5,5.0,False,,Unknown,../dataset/Pictures_CFSB_leaf_damage/2025_10_21_RSFB-Phenotyping_GG1_JLU/2025_10_21_RSFB-Phenotyping_GG1_JLU/20251021_124112.jpg,True,263_R4S_255_Atlantic_44_2
2025_10_21_RSFB-Phenotyping_GG1_JLU,20251021_124125.jpg,254_R4S_550_ALLESANDRO KWS_43_2,254.0,550.0,ALLESANDRO KWS,43.0,2.0,20.0,9.0,11.0,2025_10_21_RSFB-Phenotyping_GG1_scores.csv,,14.5,11.0,False,,Unknown,../dataset/Pictures_CFSB_leaf_damage/2025_10_21_RSFB-Phenotyping_GG1_JLU/2025_10_21_RSFB-Phenotyping_GG1_JLU/20251021_124125.jpg,True,254_R4S_550_ALLESANDRO KWS_43_2
2025_10_21_RSFB-Phenotyping_GG1_JLU,20251021_124134.jpg,254_R4S_550_ALLESANDRO KWS_43_2,254.0,550.0,ALLESANDRO KWS,43.0,2.0,6.0,8.5,2.5,2025_10_21_RSFB-Phenotyping_GG1_scores.csv,,7.25,2.5,True,,Unknown,../dataset/Pictures_CFSB_leaf_damage/2025_10_21_RSFB-Phenotyping_GG1_JLU/2025_10_21_RSFB-Phenotyping_GG1_JLU/20251021_124134.jpg,True,254_R4S_550_ALLESANDRO KWS_43_2
2025_10_21_RSFB-Phenotyping_GG1_JLU,20251021_124142.jpg,254_R4S_550_ALLESANDRO KWS_43_2,254.0,550.0,ALLESANDRO KWS,43.0,2.0,2.0,2.0,0.0,2025_10_21_RSFB-Phenotyping_GG1_scores.csv,,2.0,0.0,True,,Unknown,../dataset/Pictures_CFSB_leaf_damage/2025_10_21_RSFB-Phenotyping_GG1_JLU/2025_10_21_RSFB-Phenotyping_GG1_JLU/20251021_124142.jpg,True,254_R4S_550_ALLESANDRO KWS_43_2
2025_10_21_RSFB-Phenotyping_GG1_JLU,20251021_124154.jpg,251_R4S_259_Escort_42_2,251.0,259.0,Escort,42.0,2.0,10.0,13.0,3.0,2025_10_21_RSFB-Phenotyping_GG1_scores.csv,,11.5,3.0,True,,Unknown,../dataset/Pictures_CFSB_leaf_damage/2025_10_21_RSFB-Phenotyping_GG1_JLU/2025_10_21_RSFB-Phenotyping_GG1_JLU/20251021_124154.jpg,True,251_R4S_259_Escort_42_2
2025_10_21_RSFB-Phenotyping_GG1_JLU,20251021_124201.jpg,251_R4S_259_Escort_42_2,251.0,259.0,Escort,42.0,2.0,3.0,6.0,3.0,2025_10_21_RSFB-Phenotyping_GG1_scores.csv,,4.5,3.0,True,,Unknown,../dataset/Pictures_CFSB_leaf_damage/2025_10_21_RSFB-Phenotyping_GG1_JLU/2025_10_21_RSFB-Phenotyping_GG1_JLU/20251021_124201.jpg,True,251_R4S_259_Escort_42_2
2025_10_21_RSFB-Phenotyping_GG1_JLU,20251021_124207.jpg,251_R4S_259_Escort_42_2,251.0,259.0,Escort,42.0,2.0,4.0,17.0,13.0,2025_10_21_RSFB-Phenotyping_GG1_scores.csv,,10.5,13.0,False,,Unknown,../dataset/Pictures_CFSB_leaf_damage/2025_10_21_RSFB-Phenotyping_GG1_JLU/2025_10_21_RSFB-Phenotyping_GG1_JLU/20251021_124207.jpg,True,251_R4S_259_Escort_42_2
2025_10_21_RSFB-Phenotyping_GG1_JLU,20251021_124220.jpg,242_R4S_273_Edita_41_2,242.0,273.0,Edita,41.0,2.0,30.0,16.5,13.5,2025_10_21_RSFB-Phenotyping_GG1_scores.csv,,23.25,13.5,False,,Unknown,../dataset/Pictures_CFSB_leaf_damage/2025_10_21_RSFB-Phenotyping_GG1_JLU/2025_10_21_RSFB-Phenotyping_GG1_JLU/20251021_124220.jpg,True,242_R4S_273_Edita_41_2
2025_10_21_RSFB-Phenotyping_GG1_JLU,20251021_124226.jpg,242_R4S_273_Edita_41_2,242.0,273.0,Edita,41.0,2.0,25.0,15.0,10.0,2025_10_21_RSFB-Phenotyping_GG1_scores.csv,,20.0,10.0,False,,Unknown,../dataset/Pictures_CFSB_leaf_damage/2025_10_21_RSFB-Phenotyping_GG1_JLU/2025_10_21_RSFB-Phenotyping_GG1_JLU/20251021_124226.jpg,True,242_R4S_273_Edita_41_2
2025_10_21_RSFB-Phenotyping_GG1_JLU,20251021_124232.jpg,242_R4S_273_Edita_41_2,242.0,273.0,Edita,41.0,2.0,26.0,11.5,14.5,2025_10_21_RSFB-Phenotyping_GG1_scores.csv,,18.75,14.5,False,,Unknown,../dataset/Pictures_CFSB_leaf_damage/2025_10_21_RSFB-Phenotyping_GG1_JLU/2025_10_21_RSFB-Phenotyping_GG1_JLU/20251021_124232.jpg,True,242_R4S_273_Edita_41_2
2025_10_21_RSFB-Phenotyping_GG1_JLU,20251021_124242.jpg,239_R4S_215_SHANG/ZOU_40_2,239.0,215.0,SHANG/ZOU,40.0,2.0,23.0,9.0,14.0,2025_10_21_RSFB-Phenotyping_GG1_scores.csv,,16.0,14.0,False,,Unknown,../dataset/Pictures_CFSB_leaf_damage/2025_10_21_RSFB-Phenotyping_GG1_JLU/2025_10_21_RSFB-Phenotyping_GG1_JLU/20251021_124242.jpg,True,239_R4S_215_SHANG/ZOU_40_2
2025_10_21_RSFB-Phenotyping_GG1_JLU,20251021_124249.jpg,239_R4S_215_SHANG/ZOU_40_2,239.0,215.0,SHANG/ZOU,40.0,2.0,40.0,17.0,23.0,2025_10_21_RSFB-Phenotyping_GG1_scores.csv,,28.5,23.0,False,,Unknown,../dataset/Pictures_CFSB_leaf_damage/2025_10_21_RSFB-Phenotyping_GG1_JLU/2025_10_21_RSFB-Phenotyping_GG1_JLU/20251021_124249.jpg,True,239_R4S_215_SHANG/ZOU_40_2
2025_10_21_RSFB-Phenotyping_GG1_JLU,20251021_124257.jpg,239_R4S_215_SHANG/ZOU_40_2,239.0,215.0,SHANG/ZOU,40.0,2.0,37.0,13.5,23.5,2025_10_21_RSFB-Phenotyping_GG1_scores.csv,,25.25,23.5,False,,Unknown,../dataset/Pictures_CFSB_leaf_damage/2025_10_21_RSFB-Phenotyping_GG1_JLU/2025_10_21_RSFB-Phenotyping_GG1_JLU/20251021_124257.jpg,True,239_R4S_215_SHANG/ZOU_40_2
2025_10_21_RSFB-Phenotyping_GG1_JLU,20251021_124309.jpg,230_R4S_341_Purple Top_39_2,230.0,341.0,Purple Top,39.0,2.0,8.0,8.5,0.5,2025_10_21_RSFB-Phenotyping_GG1_scores.csv,,8.25,0.5,True,,Unknown,../dataset/Pictures_CFSB_leaf_damage/2025_10_21_RSFB-Phenotyping_GG1_JLU/2025_10_21_RSFB-Phenotyping_GG1_JLU/20251021_124309.jpg,True,230_R4S_341_Purple Top_39_2
2025_10_21_RSFB-Phenotyping_GG1_JLU,20251021_124319.jpg,230_R4S_341_Purple Top_39_2,230.0,341.0,Purple Top,39.0,2.0,30.0,19.5,10.5,2025_10_21_RSFB-Phenotyping_GG1_scores.csv,,24.75,10.5,False,,Unknown,../dataset/Pictures_CFSB_leaf_damage/2025_10_21_RSFB-Phenotyping_GG1_JLU/2025_10_21_RSFB-Phenotyping_GG1_JLU/20251021_124319.jpg,True,230_R4S_341_Purple Top_39_2
2025_10_21_RSFB-Phenotyping_GG1_JLU,20251021_124326.jpg,230_R4S_341_Purple Top_39_2,230.0,341.0,Purple Top,39.0,2.0,35.0,6.5,28.5,2025_10_21_RSFB-Phenotyping_GG1_scores.csv,,20.75,28.5,False,,Unknown,../dataset/Pictures_CFSB_leaf_damage/2025_10_21_RSFB-Phenotyping_GG1_JLU/2025_10_21_RSFB-Phenotyping_GG1_JLU/20251021_124326.jpg,True,230_R4S_341_Purple Top_39_2
2025_10_21_RSFB-Phenotyping_GG1_JLU,20251021_124339.jpg,227_R4S_506_Express 617_38_2,227.0,506.0,Express 617,38.0,2.0,35.0,15.5,19.5,2025_10_21_RSFB-Phenotyping_GG1_scores.csv,,25.25,19.5,False,,Unknown,../dataset/Pictures_CFSB_leaf_damage/2025_10_21_RSFB-Phenotyping_GG1_JLU/2025_10_21_RSFB-Phenotyping_GG1_JLU/20251021_124339.jpg,True,227_R4S_506_Express 617_38_2
2025_10_21_RSFB-Phenotyping_GG1_JLU,20251021_124347.jpg,227_R4S_506_Express 617_38_2,227.0,506.0,Express 617,38.0,2.0,2.0,4.5,2.5,2025_10_21_RSFB-Phenotyping_GG1_scores.csv,,3.25,2.5,True,,Unknown,../dataset/Pictures_CFSB_leaf_damage/2025_10_21_RSFB-Phenotyping_GG1_JLU/2025_10_21_RSFB-Phenotyping_GG1_JLU/20251021_124347.jpg,True,227_R4S_506_Express 617_38_2
2025_10_21_RSFB-Phenotyping_GG1_JLU,20251021_124358.jpg,227_R4S_506_Express 617_38_2,227.0,506.0,Express 617,38.0,2.0,3.0,11.0,8.0,2025_10_21_RSFB-Phenotyping_GG1_scores.csv,,7.0,8.0,False,,Unknown,../dataset/Pictures_CFSB_leaf_damage/2025_10_21_RSFB-Phenotyping_GG1_JLU/2025_10_21_RSFB-Phenotyping_GG1_JLU/20251021_124358.jpg,True,227_R4S_506_Express 617_38_2
2025_10_21_RSFB-Phenotyping_GG1_JLU,20251021_124410.jpg,218_R4S_498_R4S_NPY2_37_2,218.0,498.0,R4S_NPY2,37.0,2.0,3.0,13.5,10.5,2025_10_21_RSFB-Phenotyping_GG1_scores.csv,,8.25,10.5,False,,Unknown,../dataset/Pictures_CFSB_leaf_damage/2025_10_21_RSFB-Phenotyping_GG1_JLU/2025_10_21_RSFB-Phenotyping_GG1_JLU/20251021_124410.jpg,True,218_R4S_498_R4S_NPY2_37_2
2025_10_21_RSFB-Phenotyping_GG1_JLU,20251021_124417.jpg,218_R4S_498_R4S_NPY2_37_2,218.0,498.0,R4S_NPY2,37.0,2.0,2.0,2.5,0.5,2025_10_21_RSFB-Phenotyping_GG1_scores.csv,,2.25,0.5,True,,Unknown,../dataset/Pictures_CFSB_leaf_damage/2025_10_21_RSFB-Phenotyping_GG1_JLU/2025_10_21_RSFB-Phenotyping_GG1_JLU/20251021_124417.jpg,True,218_R4S_498_R4S_NPY2_37_2
2025_10_21_RSFB-Phenotyping_GG1_JLU,20251021_124424.jpg,218_R4S_498_R4S_NPY2_37_2,218.0,498.0,R4S_NPY2,37.0,2.0,3.0,17.5,14.5,2025_10_21_RSFB-Phenotyping_GG1_scores.csv,,10.25,14.5,False,,Unknown,../dataset/Pictures_CFSB_leaf_damage/2025_10_21_RSFB-Phenotyping_GG1_JLU/2025_10_21_RSFB-Phenotyping_GG1_JLU/20251021_124424.jpg,True,218_R4S_498_R4S_NPY2_37_2
2025_10_21_RSFB-Phenotyping_GG1_JLU,20251021_124436.jpg,215_R4S_458_FS94.3_36_2,215.0,458.0,FS94.3,36.0,2.0,5.0,21.5,16.5,2025_10_21_RSFB-Phenotyping_GG1_scores.csv,,13.25,16.5,False,,Unknown,../dataset/Pictures_CFSB_leaf_damage/2025_10_21_RSFB-Phenotyping_GG1_JLU/2025_10_21_RSFB-Phenotyping_GG1_JLU/20251021_124436.jpg,True,215_R4S_458_FS94.3_36_2
2025_10_21_RSFB-Phenotyping_GG1_JLU,20251021_124443.jpg,215_R4S_458_FS94.3_36_2,215.0,458.0,FS94.3,36.0,2.0,4.0,8.0,4.0,2025_10_21_RSFB-Phenotyping_GG1_scores.csv,,6.0,4.0,True,,Unknown,../dataset/Pictures_CFSB_leaf_damage/2025_10_21_RSFB-Phenotyping_GG1_JLU/2025_10_21_RSFB-Phenotyping_GG1_JLU/20251021_124443.jpg,True,215_R4S_458_FS94.3_36_2
2025_10_21_RSFB-Phenotyping_GG1_JLU,20251021_124449.jpg,215_R4S_458_FS94.3_36_2,215.0,458.0,FS94.3,36.0,2.0,40.0,28.5,11.5,2025_10_21_RSFB-Phenotyping_GG1_scores.csv,,34.25,11.5,False,,Unknown,../dataset/Pictures_CFSB_leaf_damage/2025_10_21_RSFB-Phenotyping_GG1_JLU/2025_10_21_RSFB-Phenotyping_GG1_JLU/20251021_124449.jpg,True,215_R4S_458_FS94.3_36_2
2025_10_21_RSFB-Phenotyping_GG1_JLU,20251021_124500.jpg,206_R4S_489_S16_35_2,206.0,489.0,S16,35.0,2.0,5.0,12.0,7.0,2025_10_21_RSFB-Phenotyping_GG1_scores.csv,,8.5,7.0,False,,Unknown,../dataset/Pictures_CFSB_leaf_damage/2025_10_21_RSFB-Phenotyping_GG1_JLU/2025_10_21_RSFB-Phenotyping_GG1_JLU/20251021_124500.jpg,True,206_R4S_489_S16_35_2
2025_10_21_RSFB-Phenotyping_GG1_JLU,20251021_124506.jpg,206_R4S_489_S16_35_2,206.0,489.0,S16,35.0,2.0,8.0,10.0,2.0,2025_10_21_RSFB-Phenotyping_GG1_scores.csv,,9.0,2.0,True,,Unknown,../dataset/Pictures_CFSB_leaf_damage/2025_10_21_RSFB-Phenotyping_GG1_JLU/2025_10_21_RSFB-Phenotyping_GG1_JLU/20251021_124506.jpg,True,206_R4S_489_S16_35_2
2025_10_21_RSFB-Phenotyping_GG1_JLU,20251021_124514.jpg,206_R4S_489_S16_35_2,206.0,489.0,S16,35.0,2.0,5.0,6.0,1.0,2025_10_21_RSFB-Phenotyping_GG1_scores.csv,,5.5,1.0,True,,Unknown,../dataset/Pictures_CFSB_leaf_damage/2025_10_21_RSFB-Phenotyping_GG1_JLU/2025_10_21_RSFB-Phenotyping_GG1_JLU/20251021_124514.jpg,True,206_R4S_489_S16_35_2
2025_10_21_RSFB-Phenotyping_GG1_JLU,20251021_124525.jpg,203_R4S_438_R99_34_2,203.0,438.0,R99,34.0,2.0,35.0,19.5,15.5,2025_10_21_RSFB-Phenotyping_GG1_scores.csv,,27.25,15.5,False,,Unknown,../dataset/Pictures_CFSB_leaf_damage/2025_10_21_RSFB-Phenotyping_GG1_JLU/2025_10_21_RSFB-Phenotyping_GG1_JLU/20251021_124525.jpg,True,203_R4S_438_R99_34_2
2025_10_21_RSFB-Phenotyping_GG1_JLU,20251021_124533.jpg,203_R4S_438_R99_34_2,203.0,438.0,R99,34.0,2.0,35.0,27.5,7.5,2025_10_21_RSFB-Phenotyping_GG1_scores.csv,,31.25,7.5,False,,Unknown,../dataset/Pictures_CFSB_leaf_damage/2025_10_21_RSFB-Phenotyping_GG1_JLU/2025_10_21_RSFB-Phenotyping_GG1_JLU/20251021_124533.jpg,True,203_R4S_438_R99_34_2
2025_10_21_RSFB-Phenotyping_GG1_JLU,20251021_124545.jpg,203_R4S_438_R99_34_2,203.0,438.0,R99,34.0,2.0,12.0,14.0,2.0,2025_10_21_RSFB-Phenotyping_GG1_scores.csv,,13.0,2.0,True,,Unknown,../dataset/Pictures_CFSB_leaf_damage/2025_10_21_RSFB-Phenotyping_GG1_JLU/2025_10_21_RSFB-Phenotyping_GG1_JLU/20251021_124545.jpg,True,203_R4S_438_R99_34_2
2025_10_21_RSFB-Phenotyping_GG1_JLU,20251021_124556.jpg,194_R4S_428_S35_33_2,194.0,428.0,S35,33.0,2.0,10.0,7.5,2.5,2025_10_21_RSFB-Phenotyping_GG1_scores.csv,,8.75,2.5,True,,Unknown,../dataset/Pictures_CFSB_leaf_damage/2025_10_21_RSFB-Phenotyping_GG1_JLU/2025_10_21_RSFB-Phenotyping_GG1_JLU/20251021_124556.jpg,True,194_R4S_428_S35_33_2
2025_10_21_RSFB-Phenotyping_GG1_JLU,20251021_124605.jpg,194_R4S_428_S35_33_2,194.0,428.0,S35,33.0,2.0,30.0,25.0,5.0,2025_10_21_RSFB-Phenotyping_GG1_scores.csv,,27.5,5.0,False,,Unknown,../dataset/Pictures_CFSB_leaf_damage/2025_10_21_RSFB-Phenotyping_GG1_JLU/2025_10_21_RSFB-Phenotyping_GG1_JLU/20251021_124605.jpg,True,194_R4S_428_S35_33_2
2025_10_21_RSFB-Phenotyping_GG1_JLU,20251021_124615.jpg,194_R4S_428_S35_33_2,194.0,428.0,S35,33.0,2.0,5.0,11.5,6.5,2025_10_21_RSFB-Phenotyping_GG1_scores.csv,,8.25,6.5,False,,Unknown,../dataset/Pictures_CFSB_leaf_damage/2025_10_21_RSFB-Phenotyping_GG1_JLU/2025_10_21_RSFB-Phenotyping_GG1_JLU/20251021_124615.jpg,True,194_R4S_428_S35_33_2
2025_10_21_RSFB-Phenotyping_GG1_JLU,20251021_124615.jpg,194_R4S_428_S35_33_2,194.0,428.0,S35,33.0,2.0,5.0,17.0,12.0,2025_10_21_RSFB-Phenotyping_GG1_scores.csv,,11.0,12.0,False,,Unknown,../dataset/Pictures_CFSB_leaf_damage/2025_10_21_RSFB-Phenotyping_GG1_JLU/2025_10_21_RSFB-Phenotyping_GG1_JLU/20251021_124615.jpg,True,194_R4S_428_S35_33_2
2025_10_21_RSFB-Phenotyping_GG1_JLU,20251021_124640.jpg,191_R4S_499_R4S_NPY3_32_2,191.0,499.0,R4S_NPY3,32.0,2.0,20.0,23.0,3.0,2025_10_21_RSFB-Phenotyping_GG1_scores.csv,,21.5,3.0,True,,Unknown,../dataset/Pictures_CFSB_leaf_damage/2025_10_21_RSFB-Phenotyping_GG1_JLU/2025_10_21_RSFB-Phenotyping_GG1_JLU/20251021_124640.jpg,True,191_R4S_499_R4S_NPY3_32_2
2025_10_21_RSFB-Phenotyping_GG1_JLU,20251021_124648.jpg,191_R4S_499_R4S_NPY3_32_2,191.0,499.0,R4S_NPY3,32.0,2.0,18.0,10.5,7.5,2025_10_21_RSFB-Phenotyping_GG1_scores.csv,,14.25,7.5,False,,Unknown,../dataset/Pictures_CFSB_leaf_damage/2025_10_21_RSFB-Phenotyping_GG1_JLU/2025_10_21_RSFB-Phenotyping_GG1_JLU/20251021_124648.jpg,True,191_R4S_499_R4S_NPY3_32_2
2025_10_21_RSFB-Phenotyping_GG1_JLU,20251021_124700.jpg,182_R4S_268_Anja_31_2,182.0,268.0,Anja,31.0,2.0,15.0,16.0,1.0,2025_10_21_RSFB-Phenotyping_GG1_scores.csv,,15.5,1.0,True,,Unknown,../dataset/Pictures_CFSB_leaf_damage/2025_10_21_RSFB-Phenotyping_GG1_JLU/2025_10_21_RSFB-Phenotyping_GG1_JLU/20251021_124700.jpg,True,182_R4S_268_Anja_31_2
2025_10_21_RSFB-Phenotyping_GG1_JLU,20251021_124711.jpg,182_R4S_268_Anja_31_2,182.0,268.0,Anja,31.0,2.0,7.0,18.0,11.0,2025_10_21_RSFB-Phenotyping_GG1_scores.csv,,12.5,11.0,False,,Unknown,../dataset/Pictures_CFSB_leaf_damage/2025_10_21_RSFB-Phenotyping_GG1_JLU/2025_10_21_RSFB-Phenotyping_GG1_JLU/20251021_124711.jpg,True,182_R4S_268_Anja_31_2
2025_10_21_RSFB-Phenotyping_GG1_JLU,20251021_124718.jpg,182_R4S_268_Anja_31_2,182.0,268.0,Anja,31.0,2.0,45.0,41.5,3.5,2025_10_21_RSFB-Phenotyping_GG1_scores.csv,,43.25,3.5,True,,Unknown,../dataset/Pictures_CFSB_leaf_damage/2025_10_21_RSFB-Phenotyping_GG1_JLU/2025_10_21_RSFB-Phenotyping_GG1_JLU/20251021_124718.jpg,True,182_R4S_268_Anja_31_2
2025_10_21_RSFB-Phenotyping_GG1_JLU,20251021_124730.jpg,179_R4S_263_Agalon_30_2,179.0,263.0,Agalon,30.0,2.0,4.0,10.5,6.5,2025_10_21_RSFB-Phenotyping_GG1_scores.csv,,7.25,6.5,False,,Unknown,../dataset/Pictures_CFSB_leaf_damage/2025_10_21_RSFB-Phenotyping_GG1_JLU/2025_10_21_RSFB-Phenotyping_GG1_JLU/20251021_124730.jpg,True,179_R4S_263_Agalon_30_2
2025_10_21_RSFB-Phenotyping_GG1_JLU,20251021_124741.jpg,179_R4S_263_Agalon_30_2,179.0,263.0,Agalon,30.0,2.0,12.0,15.0,3.0,2025_10_21_RSFB-Phenotyping_GG1_scores.csv,,13.5,3.0,True,,Unknown,../dataset/Pictures_CFSB_leaf_damage/2025_10_21_RSFB-Phenotyping_GG1_JLU/2025_10_21_RSFB-Phenotyping_GG1_JLU/20251021_124741.jpg,True,179_R4S_263_Agalon_30_2
2025_10_21_RSFB-Phenotyping_GG1_JLU,20251021_124749.jpg,179_R4S_263_Agalon_30_2,179.0,263.0,Agalon,30.0,2.0,2.0,5.0,3.0,2025_10_21_RSFB-Phenotyping_GG1_scores.csv,,3.5,3.0,True,,Unknown,../dataset/Pictures_CFSB_leaf_damage/2025_10_21_RSFB-Phenotyping_GG1_JLU/2025_10_21_RSFB-Phenotyping_GG1_JLU/20251021_124749.jpg,True,179_R4S_263_Agalon_30_2
2025_10_21_RSFB-Phenotyping_GG1_JLU,20251021_124802.jpg,170_R4S_285_Quedlinburger Platyfester_29_2,170.0,285.0,Quedlinburger Platyfester,29.0,2.0,35.0,19.5,15.5,2025_10_21_RSFB-Phenotyping_GG1_scores.csv,,27.25,15.5,False,,Unknown,../dataset/Pictures_CFSB_leaf_damage/2025_10_21_RSFB-Phenotyping_GG1_JLU/2025_10_21_RSFB-Phenotyping_GG1_JLU/20251021_124802.jpg,True,170_R4S_285_Quedlinburger Platyfester_29_2
2025_10_21_RSFB-Phenotyping_GG1_JLU,20251021_124809.jpg,170_R4S_285_Quedlinburger Platyfester_29_2,170.0,285.0,Quedlinburger Platyfester,29.0,2.0,30.0,14.5,15.5,2025_10_21_RSFB-Phenotyping_GG1_scores.csv,,22.25,15.5,False,,Unknown,../dataset/Pictures_CFSB_leaf_damage/2025_10_21_RSFB-Phenotyping_GG1_JLU/2025_10_21_RSFB-Phenotyping_GG1_JLU/20251021_124809.jpg,True,170_R4S_285_Quedlinburger Platyfester_29_2
2025_10_21_RSFB-Phenotyping_GG1_JLU,20251021_124819.jpg,170_R4S_285_Quedlinburger Platyfester_29_2,170.0,285.0,Quedlinburger Platyfester,29.0,2.0,30.0,21.5,8.5,2025_10_21_RSFB-Phenotyping_GG1_scores.csv,,25.75,8.5,False,,Unknown,../dataset/Pictures_CFSB_leaf_damage/2025_10_21_RSFB-Phenotyping_GG1_JLU/2025_10_21_RSFB-Phenotyping_GG1_JLU/20251021_124819.jpg,True,170_R4S_285_Quedlinburger Platyfester_29_2
2025_10_21_RSFB-Phenotyping_GG1_JLU,20251021_124833.jpg,167_R4S_157_BRISTOL_28_2,167.0,157.0,BRISTOL,28.0,2.0,30.0,8.0,22.0,2025_10_21_RSFB-Phenotyping_GG1_scores.csv,,19.0,22.0,False,,Unknown,../dataset/Pictures_CFSB_leaf_damage/2025_10_21_RSFB-Phenotyping_GG1_JLU/2025_10_21_RSFB-Phenotyping_GG1_JLU/20251021_124833.jpg,True,167_R4S_157_BRISTOL_28_2
2025_10_21_RSFB-Phenotyping_GG1_JLU,20251021_124843.jpg,167_R4S_157_BRISTOL_28_2,167.0,157.0,BRISTOL,28.0,2.0,5.0,4.0,1.0,2025_10_21_RSFB-Phenotyping_GG1_scores.csv,,4.5,1.0,True,,Unknown,../dataset/Pictures_CFSB_leaf_damage/2025_10_21_RSFB-Phenotyping_GG1_JLU/2025_10_21_RSFB-Phenotyping_GG1_JLU/20251021_124843.jpg,True,167_R4S_157_BRISTOL_28_2
2025_10_21_RSFB-Phenotyping_GG1_JLU,20251021_124852.jpg,167_R4S_157_BRISTOL_28_2,167.0,157.0,BRISTOL,28.0,2.0,2.0,4.5,2.5,2025_10_21_RSFB-Phenotyping_GG1_scores.csv,,3.25,2.5,True,,Unknown,../dataset/Pictures_CFSB_leaf_damage/2025_10_21_RSFB-Phenotyping_GG1_JLU/2025_10_21_RSFB-Phenotyping_GG1_JLU/20251021_124852.jpg,True,167_R4S_157_BRISTOL_28_2
2025_10_21_RSFB-Phenotyping_GG1_JLU,20251021_124906.jpg,158_R4S_231_Campari_27_2,158.0,231.0,Campari,27.0,2.0,2.0,4.0,2.0,2025_10_21_RSFB-Phenotyping_GG1_scores.csv,,3.0,2.0,True,,Unknown,../dataset/Pictures_CFSB_leaf_damage/2025_10_21_RSFB-Phenotyping_GG1_JLU/2025_10_21_RSFB-Phenotyping_GG1_JLU/20251021_124906.jpg,True,158_R4S_231_Campari_27_2
2025_10_21_RSFB-Phenotyping_GG1_JLU,20251021_124913.jpg,158_R4S_231_Campari_27_2,158.0,231.0,Campari,27.0,2.0,4.0,2.5,1.5,2025_10_21_RSFB-Phenotyping_GG1_scores.csv,,3.25,1.5,True,,Unknown,../dataset/Pictures_CFSB_leaf_damage/2025_10_21_RSFB-Phenotyping_GG1_JLU/2025_10_21_RSFB-Phenotyping_GG1_JLU/20251021_124913.jpg,True,158_R4S_231_Campari_27_2
2025_10_21_RSFB-Phenotyping_GG1_JLU,20251021_124920.jpg,158_R4S_231_Campari_27_2,158.0,231.0,Campari,27.0,2.0,3.0,5.0,2.0,2025_10_21_RSFB-Phenotyping_GG1_scores.csv,,4.0,2.0,True,,Unknown,../dataset/Pictures_CFSB_leaf_damage/2025_10_21_RSFB-Phenotyping_GG1_JLU/2025_10_21_RSFB-Phenotyping_GG1_JLU/20251021_124920.jpg,True,158_R4S_231_Campari_27_2
2025_10_21_RSFB-Phenotyping_GG1_JLU,20251021_124932.jpg,155_R4S_190_RAFAL DH1_26_2,155.0,190.0,RAFAL DH1,26.0,2.0,20.0,20.0,0.0,2025_10_21_RSFB-Phenotyping_GG1_scores.csv,,20.0,0.0,True,,Unknown,../dataset/Pictures_CFSB_leaf_damage/2025_10_21_RSFB-Phenotyping_GG1_JLU/2025_10_21_RSFB-Phenotyping_GG1_JLU/20251021_124932.jpg,True,155_R4S_190_RAFAL DH1_26_2
2025_10_21_RSFB-Phenotyping_GG1_JLU,20251021_124940.jpg,155_R4S_190_RAFAL DH1_26_2,155.0,190.0,RAFAL DH1,26.0,2.0,12.0,7.5,4.5,2025_10_21_RSFB-Phenotyping_GG1_scores.csv,,9.75,4.5,True,,Unknown,../dataset/Pictures_CFSB_leaf_damage/2025_10_21_RSFB-Phenotyping_GG1_JLU/2025_10_21_RSFB-Phenotyping_GG1_JLU/20251021_124940.jpg,True,155_R4S_190_RAFAL DH1_26_2
2025_10_21_RSFB-Phenotyping_GG1_JLU,20251021_124947.jpg,155_R4S_190_RAFAL DH1_26_2,155.0,190.0,RAFAL DH1,26.0,2.0,23.0,18.5,4.5,2025_10_21_RSFB-Phenotyping_GG1_scores.csv,,20.75,4.5,True,,Unknown,../dataset/Pictures_CFSB_leaf_damage/2025_10_21_RSFB-Phenotyping_GG1_JLU/2025_10_21_RSFB-Phenotyping_GG1_JLU/20251021_124947.jpg,True,155_R4S_190_RAFAL DH1_26_2
2025_10_21_RSFB-Phenotyping_GG1_JLU,20251021_125003.jpg,146_R4S_243_Sansibar_25_2,146.0,243.0,Sansibar,25.0,2.0,1.0,4.3,3.3,2025_10_21_RSFB-Phenotyping_GG1_scores.csv,,2.65,3.3,True,,Unknown,../dataset/Pictures_CFSB_leaf_damage/2025_10_21_RSFB-Phenotyping_GG1_JLU/2025_10_21_RSFB-Phenotyping_GG1_JLU/20251021_125003.jpg,True,146_R4S_243_Sansibar_25_2
2025_10_21_RSFB-Phenotyping_GG1_JLU,20251021_125011.jpg,146_R4S_243_Sansibar_25_2,146.0,243.0,Sansibar,25.0,2.0,2.0,5.6,3.6,2025_10_21_RSFB-Phenotyping_GG1_scores.csv,,3.8,3.5999999999999996,True,,Unknown,../dataset/Pictures_CFSB_leaf_damage/2025_10_21_RSFB-Phenotyping_GG1_JLU/2025_10_21_RSFB-Phenotyping_GG1_JLU/20251021_125011.jpg,True,146_R4S_243_Sansibar_25_2
2025_10_21_RSFB-Phenotyping_GG1_JLU,20251021_125018.jpg,146_R4S_243_Sansibar_25_2,146.0,243.0,Sansibar,25.0,2.0,8.0,13.5,5.5,2025_10_21_RSFB-Phenotyping_GG1_scores.csv,,10.75,5.5,False,,Unknown,../dataset/Pictures_CFSB_leaf_damage/2025_10_21_RSFB-Phenotyping_GG1_JLU/2025_10_21_RSFB-Phenotyping_GG1_JLU/20251021_125018.jpg,True,146_R4S_243_Sansibar_25_2
2025_10_21_RSFB-Phenotyping_GG1_JLU,20251021_125035.jpg,143_R4S_289_Start_24_2,143.0,289.0,Start,24.0,2.0,3.0,7.5,4.5,2025_10_21_RSFB-Phenotyping_GG1_scores.csv,,5.25,4.5,True,,Unknown,../dataset/Pictures_CFSB_leaf_damage/2025_10_21_RSFB-Phenotyping_GG1_JLU/2025_10_21_RSFB-Phenotyping_GG1_JLU/20251021_125035.jpg,True,143_R4S_289_Start_24_2
2025_10_21_RSFB-Phenotyping_GG1_JLU,20251021_125047.jpg,143_R4S_289_Start_24_2,143.0,289.0,Start,24.0,2.0,3.0,6.5,3.5,2025_10_21_RSFB-Phenotyping_GG1_scores.csv,,4.75,3.5,True,,Unknown,../dataset/Pictures_CFSB_leaf_damage/2025_10_21_RSFB-Phenotyping_GG1_JLU/2025_10_21_RSFB-Phenotyping_GG1_JLU/20251021_125047.jpg,True,143_R4S_289_Start_24_2
2025_10_21_RSFB-Phenotyping_GG1_JLU,20251021_125053.jpg,143_R4S_289_Start_24_2,143.0,289.0,Start,24.0,2.0,8.0,16.5,8.5,2025_10_21_RSFB-Phenotyping_GG1_scores.csv,,12.25,8.5,False,,Unknown,../dataset/Pictures_CFSB_leaf_damage/2025_10_21_RSFB-Phenotyping_GG1_JLU/2025_10_21_RSFB-Phenotyping_GG1_JLU/20251021_125053.jpg,True,143_R4S_289_Start_24_2
2025_10_21_RSFB-Phenotyping_GG1_JLU,20251021_125119.jpg,134_R4S_345_Bangholm PT_23_2,134.0,345.0,Bangholm PT,23.0,2.0,1.0,0.0,1.0,2025_10_21_RSFB-Phenotyping_GG1_scores.csv,,0.5,1.0,True,,Unknown,../dataset/Pictures_CFSB_leaf_damage/2025_10_21_RSFB-Phenotyping_GG1_JLU/2025_10_21_RSFB-Phenotyping_GG1_JLU/20251021_125119.jpg,True,134_R4S_345_Bangholm PT_23_2
2025_10_21_RSFB-Phenotyping_GG1_JLU,20251021_125125.jpg,134_R4S_345_Bangholm PT_23_2,134.0,345.0,Bangholm PT,23.0,2.0,2.0,1.1,0.9,2025_10_21_RSFB-Phenotyping_GG1_scores.csv,,1.55,0.8999999999999999,True,,Unknown,../dataset/Pictures_CFSB_leaf_damage/2025_10_21_RSFB-Phenotyping_GG1_JLU/2025_10_21_RSFB-Phenotyping_GG1_JLU/20251021_125125.jpg,True,134_R4S_345_Bangholm PT_23_2
2025_10_21_RSFB-Phenotyping_GG1_JLU,20251021_125129.jpg,134_R4S_345_Bangholm PT_23_2,134.0,345.0,Bangholm PT,23.0,2.0,1.0,0.8,0.2,2025_10_21_RSFB-Phenotyping_GG1_scores.csv,,0.9,0.19999999999999996,True,,Unknown,../dataset/Pictures_CFSB_leaf_damage/2025_10_21_RSFB-Phenotyping_GG1_JLU/2025_10_21_RSFB-Phenotyping_GG1_JLU/20251021_125129.jpg,True,134_R4S_345_Bangholm PT_23_2
2025_10_21_RSFB-Phenotyping_GG1_JLU,20251021_125141.jpg,131_R4S_373_25629/3_22_2,131.0,373.0,25629/3,22.0,2.0,4.0,5.0,1.0,2025_10_21_RSFB-Phenotyping_GG1_scores.csv,,4.5,1.0,True,,Unknown,../dataset/Pictures_CFSB_leaf_damage/2025_10_21_RSFB-Phenotyping_GG1_JLU/2025_10_21_RSFB-Phenotyping_GG1_JLU/20251021_125141.jpg,True,131_R4S_373_25629/3_22_2
2025_10_21_RSFB-Phenotyping_GG1_JLU,20251021_125148.jpg,131_R4S_373_25629/3_22_2,131.0,373.0,25629/3,22.0,2.0,1.0,3.0,2.0,2025_10_21_RSFB-Phenotyping_GG1_scores.csv,,2.0,2.0,True,,Unknown,../dataset/Pictures_CFSB_leaf_damage/2025_10_21_RSFB-Phenotyping_GG1_JLU/2025_10_21_RSFB-Phenotyping_GG1_JLU/20251021_125148.jpg,True,131_R4S_373_25629/3_22_2
2025_10_21_RSFB-Phenotyping_GG1_JLU,20251021_125155.jpg,131_R4S_373_25629/3_22_2,131.0,373.0,25629/3,22.0,2.0,30.0,11.0,19.0,2025_10_21_RSFB-Phenotyping_GG1_scores.csv,,20.5,19.0,False,,Unknown,../dataset/Pictures_CFSB_leaf_damage/2025_10_21_RSFB-Phenotyping_GG1_JLU/2025_10_21_RSFB-Phenotyping_GG1_JLU/20251021_125155.jpg,True,131_R4S_373_25629/3_22_2
2025_10_21_RSFB-Phenotyping_GG1_JLU,20251021_125208.jpg,122_R4S_246_Laser_21_2,122.0,246.0,Laser,21.0,2.0,2.0,2.5,0.5,2025_10_21_RSFB-Phenotyping_GG1_scores.csv,,2.25,0.5,True,,Unknown,../dataset/Pictures_CFSB_leaf_damage/2025_10_21_RSFB-Phenotyping_GG1_JLU/2025_10_21_RSFB-Phenotyping_GG1_JLU/20251021_125208.jpg,True,122_R4S_246_Laser_21_2
2025_10_21_RSFB-Phenotyping_GG1_JLU,20251021_125215.jpg,122_R4S_246_Laser_21_2,122.0,246.0,Laser,21.0,2.0,25.0,30.0,5.0,2025_10_21_RSFB-Phenotyping_GG1_scores.csv,,27.5,5.0,False,,Unknown,../dataset/Pictures_CFSB_leaf_damage/2025_10_21_RSFB-Phenotyping_GG1_JLU/2025_10_21_RSFB-Phenotyping_GG1_JLU/20251021_125215.jpg,True,122_R4S_246_Laser_21_2
2025_10_21_RSFB-Phenotyping_GG1_JLU,20251021_125222.jpg,122_R4S_246_Laser_21_2,122.0,246.0,Laser,21.0,2.0,4.0,22.0,18.0,2025_10_21_RSFB-Phenotyping_GG1_scores.csv,,13.0,18.0,False,,Unknown,../dataset/Pictures_CFSB_leaf_damage/2025_10_21_RSFB-Phenotyping_GG1_JLU/2025_10_21_RSFB-Phenotyping_GG1_JLU/20251021_125222.jpg,True,122_R4S_246_Laser_21_2
2025_10_21_RSFB-Phenotyping_GG1_JLU,20251021_125236.jpg,119_R4S_391_Jantar_20_2,119.0,391.0,Jantar,20.0,2.0,0.0,0.0,0.0,2025_10_21_RSFB-Phenotyping_GG1_scores.csv,,0.0,0.0,True,,Unknown,../dataset/Pictures_CFSB_leaf_damage/2025_10_21_RSFB-Phenotyping_GG1_JLU/2025_10_21_RSFB-Phenotyping_GG1_JLU/20251021_125236.jpg,True,119_R4S_391_Jantar_20_2
2025_10_21_RSFB-Phenotyping_GG1_JLU,20251021_125244.jpg,119_R4S_391_Jantar_20_2,119.0,391.0,Jantar,20.0,2.0,40.0,18.0,22.0,2025_10_21_RSFB-Phenotyping_GG1_scores.csv,,29.0,22.0,False,,Unknown,../dataset/Pictures_CFSB_leaf_damage/2025_10_21_RSFB-Phenotyping_GG1_JLU/2025_10_21_RSFB-Phenotyping_GG1_JLU/20251021_125244.jpg,True,119_R4S_391_Jantar_20_2
2025_10_21_RSFB-Phenotyping_GG1_JLU,20251021_125248.jpg,119_R4S_391_Jantar_20_2,119.0,391.0,Jantar,20.0,2.0,2.0,4.0,2.0,2025_10_21_RSFB-Phenotyping_GG1_scores.csv,,3.0,2.0,True,,Unknown,../dataset/Pictures_CFSB_leaf_damage/2025_10_21_RSFB-Phenotyping_GG1_JLU/2025_10_21_RSFB-Phenotyping_GG1_JLU/20251021_125248.jpg,True,119_R4S_391_Jantar_20_2
2025_10_21_RSFB-Phenotyping_GG1_JLU,20251021_125302.jpg,110_R4S_522_Taisetsu_19_2,110.0,522.0,Taisetsu,19.0,2.0,18.0,14.0,4.0,2025_10_21_RSFB-Phenotyping_GG1_scores.csv,,16.0,4.0,True,,Unknown,../dataset/Pictures_CFSB_leaf_damage/2025_10_21_RSFB-Phenotyping_GG1_JLU/2025_10_21_RSFB-Phenotyping_GG1_JLU/20251021_125302.jpg,True,110_R4S_522_Taisetsu_19_2
2025_10_21_RSFB-Phenotyping_GG1_JLU,20251021_125309.jpg,110_R4S_522_Taisetsu_19_2,110.0,522.0,Taisetsu,19.0,2.0,15.0,17.0,2.0,2025_10_21_RSFB-Phenotyping_GG1_scores.csv,,16.0,2.0,True,,Unknown,../dataset/Pictures_CFSB_leaf_damage/2025_10_21_RSFB-Phenotyping_GG1_JLU/2025_10_21_RSFB-Phenotyping_GG1_JLU/20251021_125309.jpg,True,110_R4S_522_Taisetsu_19_2
2025_10_21_RSFB-Phenotyping_GG1_JLU,20251021_125317.jpg,110_R4S_522_Taisetsu_19_2,110.0,522.0,Taisetsu,19.0,2.0,20.0,20.0,0.0,2025_10_21_RSFB-Phenotyping_GG1_scores.csv,,20.0,0.0,True,,Unknown,../dataset/Pictures_CFSB_leaf_damage/2025_10_21_RSFB-Phenotyping_GG1_JLU/2025_10_21_RSFB-Phenotyping_GG1_JLU/20251021_125317.jpg,True,110_R4S_522_Taisetsu_19_2
2025_10_21_RSFB-Phenotyping_GG1_JLU,20251021_125332.jpg,107_R4S_451_S5_18_2,107.0,451.0,S5,18.0,2.0,8.0,20.0,12.0,2025_10_21_RSFB-Phenotyping_GG1_scores.csv,,14.0,12.0,False,,Unknown,../dataset/Pictures_CFSB_leaf_damage/2025_10_21_RSFB-Phenotyping_GG1_JLU/2025_10_21_RSFB-Phenotyping_GG1_JLU/20251021_125332.jpg,True,107_R4S_451_S5_18_2
2025_10_21_RSFB-Phenotyping_GG1_JLU,20251021_125339.jpg,107_R4S_451_S5_18_2,107.0,451.0,S5,18.0,2.0,28.0,21.0,7.0,2025_10_21_RSFB-Phenotyping_GG1_scores.csv,,24.5,7.0,False,,Unknown,../dataset/Pictures_CFSB_leaf_damage/2025_10_21_RSFB-Phenotyping_GG1_JLU/2025_10_21_RSFB-Phenotyping_GG1_JLU/20251021_125339.jpg,True,107_R4S_451_S5_18_2
2025_10_21_RSFB-Phenotyping_GG1_JLU,20251021_125346.jpg,107_R4S_451_S5_18_2,107.0,451.0,S5,18.0,2.0,7.0,7.0,0.0,2025_10_21_RSFB-Phenotyping_GG1_scores.csv,,7.0,0.0,True,,Unknown,../dataset/Pictures_CFSB_leaf_damage/2025_10_21_RSFB-Phenotyping_GG1_JLU/2025_10_21_RSFB-Phenotyping_GG1_JLU/20251021_125346.jpg,True,107_R4S_451_S5_18_2
2025_10_21_RSFB-Phenotyping_GG1_JLU,20251021_125358.jpg,98_R4S_417_H355_17_2,98.0,417.0,H355,17.0,2.0,15.0,17.0,2.0,2025_10_21_RSFB-Phenotyping_GG1_scores.csv,,16.0,2.0,True,,Unknown,../dataset/Pictures_CFSB_leaf_damage/2025_10_21_RSFB-Phenotyping_GG1_JLU/2025_10_21_RSFB-Phenotyping_GG1_JLU/20251021_125358.jpg,True,98_R4S_417_H355_17_2
2025_10_21_RSFB-Phenotyping_GG1_JLU,20251021_125405.jpg,98_R4S_417_H355_17_2,98.0,417.0,H355,17.0,2.0,20.0,19.0,1.0,2025_10_21_RSFB-Phenotyping_GG1_scores.csv,,19.5,1.0,True,,Unknown,../dataset/Pictures_CFSB_leaf_damage/2025_10_21_RSFB-Phenotyping_GG1_JLU/2025_10_21_RSFB-Phenotyping_GG1_JLU/20251021_125405.jpg,True,98_R4S_417_H355_17_2
2025_10_21_RSFB-Phenotyping_GG1_JLU,20251021_125412.jpg,98_R4S_417_H355_17_2,98.0,417.0,H355,17.0,2.0,23.0,14.5,8.5,2025_10_21_RSFB-Phenotyping_GG1_scores.csv,,18.75,8.5,False,,Unknown,../dataset/Pictures_CFSB_leaf_damage/2025_10_21_RSFB-Phenotyping_GG1_JLU/2025_10_21_RSFB-Phenotyping_GG1_JLU/20251021_125412.jpg,True,98_R4S_417_H355_17_2
2025_10_21_RSFB-Phenotyping_GG1_JLU,20251021_125423.jpg,95_R4S_279_Liglorz_16_2,95.0,279.0,Liglorz,16.0,2.0,20.0,13.0,7.0,2025_10_21_RSFB-Phenotyping_GG1_scores.csv,,16.5,7.0,False,,Unknown,../dataset/Pictures_CFSB_leaf_damage/2025_10_21_RSFB-Phenotyping_GG1_JLU/2025_10_21_RSFB-Phenotyping_GG1_JLU/20251021_125423.jpg,True,95_R4S_279_Liglorz_16_2
2025_10_21_RSFB-Phenotyping_GG1_JLU,20251021_125431.jpg,95_R4S_279_Liglorz_16_2,95.0,279.0,Liglorz,16.0,2.0,13.0,3.0,10.0,2025_10_21_RSFB-Phenotyping_GG1_scores.csv,,8.0,10.0,False,,Unknown,../dataset/Pictures_CFSB_leaf_damage/2025_10_21_RSFB-Phenotyping_GG1_JLU/2025_10_21_RSFB-Phenotyping_GG1_JLU/20251021_125431.jpg,True,95_R4S_279_Liglorz_16_2
2025_10_21_RSFB-Phenotyping_GG1_JLU,20251021_125439.jpg,95_R4S_279_Liglorz_16_2,95.0,279.0,Liglorz,16.0,2.0,13.0,6.5,6.5,2025_10_21_RSFB-Phenotyping_GG1_scores.csv,,9.75,6.5,False,,Unknown,../dataset/Pictures_CFSB_leaf_damage/2025_10_21_RSFB-Phenotyping_GG1_JLU/2025_10_21_RSFB-Phenotyping_GG1_JLU/20251021_125439.jpg,True,95_R4S_279_Liglorz_16_2
2025_10_21_RSFB-Phenotyping_GG1_JLU,20251021_125515.jpg,86_R4S_343_Drummonds Purple Top_15_2,86.0,343.0,Drummonds Purple Top,15.0,2.0,8.0,5.5,2.5,2025_10_21_RSFB-Phenotyping_GG1_scores.csv,,6.75,2.5,True,,Unknown,../dataset/Pictures_CFSB_leaf_damage/2025_10_21_RSFB-Phenotyping_GG1_JLU/2025_10_21_RSFB-Phenotyping_GG1_JLU/20251021_125515.jpg,True,86_R4S_343_Drummonds Purple Top_15_2
2025_10_21_RSFB-Phenotyping_GG1_JLU,20251021_125523.jpg,86_R4S_343_Drummonds Purple Top_15_2,86.0,343.0,Drummonds Purple Top,15.0,2.0,7.0,11.0,4.0,2025_10_21_RSFB-Phenotyping_GG1_scores.csv,,9.0,4.0,True,,Unknown,../dataset/Pictures_CFSB_leaf_damage/2025_10_21_RSFB-Phenotyping_GG1_JLU/2025_10_21_RSFB-Phenotyping_GG1_JLU/20251021_125523.jpg,True,86_R4S_343_Drummonds Purple Top_15_2
2025_10_21_RSFB-Phenotyping_GG1_JLU,20251021_125531.jpg,86_R4S_343_Drummonds Purple Top_15_2,86.0,343.0,Drummonds Purple Top,15.0,2.0,15.0,7.5,7.5,2025_10_21_RSFB-Phenotyping_GG1_scores.csv,,11.25,7.5,False,,Unknown,../dataset/Pictures_CFSB_leaf_damage/2025_10_21_RSFB-Phenotyping_GG1_JLU/2025_10_21_RSFB-Phenotyping_GG1_JLU/20251021_125531.jpg,True,86_R4S_343_Drummonds Purple Top_15_2
2025_10_21_RSFB-Phenotyping_GG1_JLU,20251021_125545.jpg,83_R4S_166_NK Fair_14_2,83.0,166.0,NK Fair,14.0,2.0,5.0,5.5,0.5,2025_10_21_RSFB-Phenotyping_GG1_scores.csv,,5.25,0.5,True,,Unknown,../dataset/Pictures_CFSB_leaf_damage/2025_10_21_RSFB-Phenotyping_GG1_JLU/2025_10_21_RSFB-Phenotyping_GG1_JLU/20251021_125545.jpg,True,83_R4S_166_NK Fair_14_2
2025_10_21_RSFB-Phenotyping_GG1_JLU,20251021_125552.jpg,83_R4S_166_NK Fair_14_2,83.0,166.0,NK Fair,14.0,2.0,18.0,18.0,0.0,2025_10_21_RSFB-Phenotyping_GG1_scores.csv,,18.0,0.0,True,,Unknown,../dataset/Pictures_CFSB_leaf_damage/2025_10_21_RSFB-Phenotyping_GG1_JLU/2025_10_21_RSFB-Phenotyping_GG1_JLU/20251021_125552.jpg,True,83_R4S_166_NK Fair_14_2
2025_10_21_RSFB-Phenotyping_GG1_JLU,20251021_125600.jpg,83_R4S_166_NK Fair_14_2,83.0,166.0,NK Fair,14.0,2.0,3.0,6.5,3.5,2025_10_21_RSFB-Phenotyping_GG1_scores.csv,,4.75,3.5,True,,Unknown,../dataset/Pictures_CFSB_leaf_damage/2025_10_21_RSFB-Phenotyping_GG1_JLU/2025_10_21_RSFB-Phenotyping_GG1_JLU/20251021_125600.jpg,True,83_R4S_166_NK Fair_14_2
2025_10_21_RSFB-Phenotyping_GG1_JLU,20251021_125635.jpg,74_R4S_197_Samourai_13_2,74.0,197.0,Samourai,13.0,2.0,0.0,0.0,0.0,2025_10_21_RSFB-Phenotyping_GG1_scores.csv,,0.0,0.0,True,,Unknown,../dataset/Pictures_CFSB_leaf_damage/2025_10_21_RSFB-Phenotyping_GG1_JLU/2025_10_21_RSFB-Phenotyping_GG1_JLU/20251021_125635.jpg,True,74_R4S_197_Samourai_13_2
2025_10_21_RSFB-Phenotyping_GG1_JLU,20251021_125641.jpg,74_R4S_197_Samourai_13_2,74.0,197.0,Samourai,13.0,2.0,,,,2025_10_21_RSFB-Phenotyping_GG1_scores.csv,,,,False,,Unknown,../dataset/Pictures_CFSB_leaf_damage/2025_10_21_RSFB-Phenotyping_GG1_JLU/2025_10_21_RSFB-Phenotyping_GG1_JLU/20251021_125641.jpg,True,74_R4S_197_Samourai_13_2
2025_10_21_RSFB-Phenotyping_GG1_JLU,20251021_125656.jpg,74_R4S_197_Samourai_13_2,74.0,197.0,Samourai,13.0,2.0,1.0,5.0,4.0,2025_10_21_RSFB-Phenotyping_GG1_scores.csv,,3.0,4.0,True,,Unknown,../dataset/Pictures_CFSB_leaf_damage/2025_10_21_RSFB-Phenotyping_GG1_JLU/2025_10_21_RSFB-Phenotyping_GG1_JLU/20251021_125656.jpg,True,74_R4S_197_Samourai_13_2
2025_10_21_RSFB-Phenotyping_GG1_JLU,20251021_125708.jpg,71_R4S_169_Tenor_12_2,71.0,169.0,Tenor,12.0,2.0,30.0,12.5,17.5,2025_10_21_RSFB-Phenotyping_GG1_scores.csv,,21.25,17.5,False,,Unknown,../dataset/Pictures_CFSB_leaf_damage/2025_10_21_RSFB-Phenotyping_GG1_JLU/2025_10_21_RSFB-Phenotyping_GG1_JLU/20251021_125708.jpg,True,71_R4S_169_Tenor_12_2
2025_10_21_RSFB-Phenotyping_GG1_JLU,20251021_125714.jpg,71_R4S_169_Tenor_12_2,71.0,169.0,Tenor,12.0,2.0,2.0,1.0,1.0,2025_10_21_RSFB-Phenotyping_GG1_scores.csv,,1.5,1.0,True,,Unknown,../dataset/Pictures_CFSB_leaf_damage/2025_10_21_RSFB-Phenotyping_GG1_JLU/2025_10_21_RSFB-Phenotyping_GG1_JLU/20251021_125714.jpg,True,71_R4S_169_Tenor_12_2
2025_10_21_RSFB-Phenotyping_GG1_JLU,20251021_125721.jpg,71_R4S_169_Tenor_12_2,71.0,169.0,Tenor,12.0,2.0,4.0,5.0,1.0,2025_10_21_RSFB-Phenotyping_GG1_scores.csv,,4.5,1.0,True,,Unknown,../dataset/Pictures_CFSB_leaf_damage/2025_10_21_RSFB-Phenotyping_GG1_JLU/2025_10_21_RSFB-Phenotyping_GG1_JLU/20251021_125721.jpg,True,71_R4S_169_Tenor_12_2
2025_10_21_RSFB-Phenotyping_GG1_JLU,20251021_125737.jpg,62_R4S_539_Smaragd_11_2,62.0,539.0,Smaragd,11.0,2.0,2.0,5.5,3.5,2025_10_21_RSFB-Phenotyping_GG1_scores.csv,,3.75,3.5,True,,Unknown,../dataset/Pictures_CFSB_leaf_damage/2025_10_21_RSFB-Phenotyping_GG1_JLU/2025_10_21_RSFB-Phenotyping_GG1_JLU/20251021_125737.jpg,True,62_R4S_539_Smaragd_11_2
2025_10_21_RSFB-Phenotyping_GG1_JLU,20251021_125744.jpg,62_R4S_539_Smaragd_11_2,62.0,539.0,Smaragd,11.0,2.0,1.0,3.0,2.0,2025_10_21_RSFB-Phenotyping_GG1_scores.csv,,2.0,2.0,True,,Unknown,../dataset/Pictures_CFSB_leaf_damage/2025_10_21_RSFB-Phenotyping_GG1_JLU/2025_10_21_RSFB-Phenotyping_GG1_JLU/20251021_125744.jpg,True,62_R4S_539_Smaragd_11_2
2025_10_21_RSFB-Phenotyping_GG1_JLU,20251021_125752.jpg,62_R4S_539_Smaragd_11_2,62.0,539.0,Smaragd,11.0,2.0,5.0,8.5,3.5,2025_10_21_RSFB-Phenotyping_GG1_scores.csv,,6.75,3.5,True,,Unknown,../dataset/Pictures_CFSB_leaf_damage/2025_10_21_RSFB-Phenotyping_GG1_JLU/2025_10_21_RSFB-Phenotyping_GG1_JLU/20251021_125752.jpg,True,62_R4S_539_Smaragd_11_2
2025_10_21_RSFB-Phenotyping_GG1_JLU,20251021_125804.jpg,59_R4S_329_Rotabaggeue_10_2,59.0,329.0,Rotabaggeue,10.0,2.0,2.0,6.5,4.5,2025_10_21_RSFB-Phenotyping_GG1_scores.csv,,4.25,4.5,True,,Unknown,../dataset/Pictures_CFSB_leaf_damage/2025_10_21_RSFB-Phenotyping_GG1_JLU/2025_10_21_RSFB-Phenotyping_GG1_JLU/20251021_125804.jpg,True,59_R4S_329_Rotabaggeue_10_2
2025_10_21_RSFB-Phenotyping_GG1_JLU,20251021_125811.jpg,59_R4S_329_Rotabaggeue_10_2,59.0,329.0,Rotabaggeue,10.0,2.0,4.0,8.5,4.5,2025_10_21_RSFB-Phenotyping_GG1_scores.csv,,6.25,4.5,True,,Unknown,../dataset/Pictures_CFSB_leaf_damage/2025_10_21_RSFB-Phenotyping_GG1_JLU/2025_10_21_RSFB-Phenotyping_GG1_JLU/20251021_125811.jpg,True,59_R4S_329_Rotabaggeue_10_2
2025_10_21_RSFB-Phenotyping_GG1_JLU,20251021_125818.jpg,59_R4S_329_Rotabaggeue_10_2,59.0,329.0,Rotabaggeue,10.0,2.0,2.0,8.0,6.0,2025_10_21_RSFB-Phenotyping_GG1_scores.csv,,5.0,6.0,False,,Unknown,../dataset/Pictures_CFSB_leaf_damage/2025_10_21_RSFB-Phenotyping_GG1_JLU/2025_10_21_RSFB-Phenotyping_GG1_JLU/20251021_125818.jpg,True,59_R4S_329_Rotabaggeue_10_2
2025_10_21_RSFB-Phenotyping_GG1_JLU,20251021_125833.jpg,50_R4S_204_Leopard_9_2,50.0,204.0,Leopard,9.0,2.0,5.0,7.0,2.0,2025_10_21_RSFB-Phenotyping_GG1_scores.csv,,6.0,2.0,True,,Unknown,../dataset/Pictures_CFSB_leaf_damage/2025_10_21_RSFB-Phenotyping_GG1_JLU/2025_10_21_RSFB-Phenotyping_GG1_JLU/20251021_125833.jpg,True,50_R4S_204_Leopard_9_2
2025_10_21_RSFB-Phenotyping_GG1_JLU,20251021_125839.jpg,50_R4S_204_Leopard_9_2,50.0,204.0,Leopard,9.0,2.0,15.0,6.5,8.5,2025_10_21_RSFB-Phenotyping_GG1_scores.csv,,10.75,8.5,False,,Unknown,../dataset/Pictures_CFSB_leaf_damage/2025_10_21_RSFB-Phenotyping_GG1_JLU/2025_10_21_RSFB-Phenotyping_GG1_JLU/20251021_125839.jpg,True,50_R4S_204_Leopard_9_2
2025_10_21_RSFB-Phenotyping_GG1_JLU,20251021_125847.jpg,50_R4S_204_Leopard_9_2,50.0,204.0,Leopard,9.0,2.0,1.0,3.5,2.5,2025_10_21_RSFB-Phenotyping_GG1_scores.csv,,2.25,2.5,True,,Unknown,../dataset/Pictures_CFSB_leaf_damage/2025_10_21_RSFB-Phenotyping_GG1_JLU/2025_10_21_RSFB-Phenotyping_GG1_JLU/20251021_125847.jpg,True,50_R4S_204_Leopard_9_2
2025_10_21_RSFB-Phenotyping_GG1_JLU,20251021_125901.jpg,47_R4S_203_Flip_8_2,47.0,203.0,Flip,8.0,2.0,2.0,10.0,8.0,2025_10_21_RSFB-Phenotyping_GG1_scores.csv,,6.0,8.0,False,,Unknown,../dataset/Pictures_CFSB_leaf_damage/2025_10_21_RSFB-Phenotyping_GG1_JLU/2025_10_21_RSFB-Phenotyping_GG1_JLU/20251021_125901.jpg,True,47_R4S_203_Flip_8_2
2025_10_21_RSFB-Phenotyping_GG1_JLU,20251021_125907.jpg,47_R4S_203_Flip_8_2,47.0,203.0,Flip,8.0,2.0,18.0,16.5,1.5,2025_10_21_RSFB-Phenotyping_GG1_scores.csv,,17.25,1.5,True,,Unknown,../dataset/Pictures_CFSB_leaf_damage/2025_10_21_RSFB-Phenotyping_GG1_JLU/2025_10_21_RSFB-Phenotyping_GG1_JLU/20251021_125907.jpg,True,47_R4S_203_Flip_8_2
2025_10_21_RSFB-Phenotyping_GG1_JLU,20251021_125915.jpg,47_R4S_203_Flip_8_2,47.0,203.0,Flip,8.0,2.0,27.0,21.5,5.5,2025_10_21_RSFB-Phenotyping_GG1_scores.csv,,24.25,5.5,False,,Unknown,../dataset/Pictures_CFSB_leaf_damage/2025_10_21_RSFB-Phenotyping_GG1_JLU/2025_10_21_RSFB-Phenotyping_GG1_JLU/20251021_125915.jpg,True,47_R4S_203_Flip_8_2
2025_10_21_RSFB-Phenotyping_GG1_JLU,20251021_125928.jpg,38_R4S_292_V8_7_2,38.0,292.0,V8,7.0,2.0,30.0,14.0,16.0,2025_10_21_RSFB-Phenotyping_GG1_scores.csv,,22.0,16.0,False,,Unknown,../dataset/Pictures_CFSB_leaf_damage/2025_10_21_RSFB-Phenotyping_GG1_JLU/2025_10_21_RSFB-Phenotyping_GG1_JLU/20251021_125928.jpg,True,38_R4S_292_V8_7_2
2025_10_21_RSFB-Phenotyping_GG1_JLU,20251021_125936.jpg,38_R4S_292_V8_7_2,38.0,292.0,V8,7.0,2.0,10.0,15.5,5.5,2025_10_21_RSFB-Phenotyping_GG1_scores.csv,,12.75,5.5,False,,Unknown,../dataset/Pictures_CFSB_leaf_damage/2025_10_21_RSFB-Phenotyping_GG1_JLU/2025_10_21_RSFB-Phenotyping_GG1_JLU/20251021_125936.jpg,True,38_R4S_292_V8_7_2
2025_10_21_RSFB-Phenotyping_GG1_JLU,20251021_125949.jpg,38_R4S_292_V8_7_2,38.0,292.0,V8,7.0,2.0,8.0,12.0,4.0,2025_10_21_RSFB-Phenotyping_GG1_scores.csv,,10.0,4.0,True,,Unknown,../dataset/Pictures_CFSB_leaf_damage/2025_10_21_RSFB-Phenotyping_GG1_JLU/2025_10_21_RSFB-Phenotyping_GG1_JLU/20251021_125949.jpg,True,38_R4S_292_V8_7_2
2025_10_21_RSFB-Phenotyping_GG1_JLU,20251021_130000.jpg,35_R4S_151_Ontario_6_2,35.0,151.0,Ontario,6.0,2.0,0.0,0.0,0.0,2025_10_21_RSFB-Phenotyping_GG1_scores.csv,,0.0,0.0,True,,Unknown,../dataset/Pictures_CFSB_leaf_damage/2025_10_21_RSFB-Phenotyping_GG1_JLU/2025_10_21_RSFB-Phenotyping_GG1_JLU/20251021_130000.jpg,True,35_R4S_151_Ontario_6_2
2025_10_21_RSFB-Phenotyping_GG1_JLU,20251021_130007.jpg,35_R4S_151_Ontario_6_2,35.0,151.0,Ontario,6.0,2.0,5.0,7.5,2.5,2025_10_21_RSFB-Phenotyping_GG1_scores.csv,,6.25,2.5,True,,Unknown,../dataset/Pictures_CFSB_leaf_damage/2025_10_21_RSFB-Phenotyping_GG1_JLU/2025_10_21_RSFB-Phenotyping_GG1_JLU/20251021_130007.jpg,True,35_R4S_151_Ontario_6_2
2025_10_21_RSFB-Phenotyping_GG1_JLU,20251021_130013.jpg,35_R4S_151_Ontario_6_2,35.0,151.0,Ontario,6.0,2.0,0.0,27.5,27.5,2025_10_21_RSFB-Phenotyping_GG1_scores.csv,,13.75,27.5,False,,Unknown,../dataset/Pictures_CFSB_leaf_damage/2025_10_21_RSFB-Phenotyping_GG1_JLU/2025_10_21_RSFB-Phenotyping_GG1_JLU/20251021_130013.jpg,True,35_R4S_151_Ontario_6_2
2025_10_21_RSFB-Phenotyping_GG1_JLU,20251021_130029.jpg,26_R4S_494_DSV1_5_2,26.0,494.0,DSV1,5.0,2.0,2.0,7.0,5.0,2025_10_21_RSFB-Phenotyping_GG1_scores.csv,,4.5,5.0,False,,Unknown,../dataset/Pictures_CFSB_leaf_damage/2025_10_21_RSFB-Phenotyping_GG1_JLU/2025_10_21_RSFB-Phenotyping_GG1_JLU/20251021_130029.jpg,True,26_R4S_494_DSV1_5_2
2025_10_21_RSFB-Phenotyping_GG1_JLU,20251021_130039.jpg,26_R4S_494_DSV1_5_2,26.0,494.0,DSV1,5.0,2.0,30.0,22.5,7.5,2025_10_21_RSFB-Phenotyping_GG1_scores.csv,,26.25,7.5,False,,Unknown,../dataset/Pictures_CFSB_leaf_damage/2025_10_21_RSFB-Phenotyping_GG1_JLU/2025_10_21_RSFB-Phenotyping_GG1_JLU/20251021_130039.jpg,True,26_R4S_494_DSV1_5_2
2025_10_21_RSFB-Phenotyping_GG1_JLU,20251021_130045.jpg,26_R4S_494_DSV1_5_2,26.0,494.0,DSV1,5.0,2.0,15.0,9.0,6.0,2025_10_21_RSFB-Phenotyping_GG1_scores.csv,,12.0,6.0,False,,Unknown,../dataset/Pictures_CFSB_leaf_damage/2025_10_21_RSFB-Phenotyping_GG1_JLU/2025_10_21_RSFB-Phenotyping_GG1_JLU/20251021_130045.jpg,True,26_R4S_494_DSV1_5_2
2025_10_21_RSFB-Phenotyping_GG1_JLU,20251021_130058.jpg,23_R4S_156_Vivol_4_2,23.0,156.0,Vivol,4.0,2.0,30.0,15.0,15.0,2025_10_21_RSFB-Phenotyping_GG1_scores.csv,,22.5,15.0,False,,Unknown,../dataset/Pictures_CFSB_leaf_damage/2025_10_21_RSFB-Phenotyping_GG1_JLU/2025_10_21_RSFB-Phenotyping_GG1_JLU/20251021_130058.jpg,True,23_R4S_156_Vivol_4_2
2025_10_21_RSFB-Phenotyping_GG1_JLU,20251021_130104.jpg,23_R4S_156_Vivol_4_2,23.0,156.0,Vivol,4.0,2.0,30.0,7.0,23.0,2025_10_21_RSFB-Phenotyping_GG1_scores.csv,,18.5,23.0,False,,Unknown,../dataset/Pictures_CFSB_leaf_damage/2025_10_21_RSFB-Phenotyping_GG1_JLU/2025_10_21_RSFB-Phenotyping_GG1_JLU/20251021_130104.jpg,True,23_R4S_156_Vivol_4_2
2025_10_21_RSFB-Phenotyping_GG1_JLU,20251021_130115.jpg,23_R4S_156_Vivol_4_2,23.0,156.0,Vivol,4.0,2.0,10.0,7.0,3.0,2025_10_21_RSFB-Phenotyping_GG1_scores.csv,,8.5,3.0,True,,Unknown,../dataset/Pictures_CFSB_leaf_damage/2025_10_21_RSFB-Phenotyping_GG1_JLU/2025_10_21_RSFB-Phenotyping_GG1_JLU/20251021_130115.jpg,True,23_R4S_156_Vivol_4_2
2025_10_21_RSFB-Phenotyping_GG1_JLU,20251021_130128.jpg,14_R4S_331_Magres Pajberg_3_2,14.0,331.0,Magres Pajberg,3.0,2.0,10.0,4.5,5.5,2025_10_21_RSFB-Phenotyping_GG1_scores.csv,,7.25,5.5,False,,Unknown,../dataset/Pictures_CFSB_leaf_damage/2025_10_21_RSFB-Phenotyping_GG1_JLU/2025_10_21_RSFB-Phenotyping_GG1_JLU/20251021_130128.jpg,True,14_R4S_331_Magres Pajberg_3_2
2025_10_21_RSFB-Phenotyping_GG1_JLU,20251021_130135.jpg,14_R4S_331_Magres Pajberg_3_2,14.0,331.0,Magres Pajberg,3.0,2.0,40.0,21.5,18.5,2025_10_21_RSFB-Phenotyping_GG1_scores.csv,,30.75,18.5,False,,Unknown,../dataset/Pictures_CFSB_leaf_damage/2025_10_21_RSFB-Phenotyping_GG1_JLU/2025_10_21_RSFB-Phenotyping_GG1_JLU/20251021_130135.jpg,True,14_R4S_331_Magres Pajberg_3_2
2025_10_21_RSFB-Phenotyping_GG1_JLU,20251021_130142.jpg,14_R4S_331_Magres Pajberg_3_2,14.0,331.0,Magres Pajberg,3.0,2.0,45.0,24.0,21.0,2025_10_21_RSFB-Phenotyping_GG1_scores.csv,,34.5,21.0,False,,Unknown,../dataset/Pictures_CFSB_leaf_damage/2025_10_21_RSFB-Phenotyping_GG1_JLU/2025_10_21_RSFB-Phenotyping_GG1_JLU/20251021_130142.jpg,True,14_R4S_331_Magres Pajberg_3_2
2025_10_21_RSFB-Phenotyping_GG1_JLU,20251021_130153.jpg,11_R4S_443_J 104_2_2,11.0,443.0,J 104,2.0,2.0,12.0,7.0,5.0,2025_10_21_RSFB-Phenotyping_GG1_scores.csv,,9.5,5.0,False,,Unknown,../dataset/Pictures_CFSB_leaf_damage/2025_10_21_RSFB-Phenotyping_GG1_JLU/2025_10_21_RSFB-Phenotyping_GG1_JLU/20251021_130153.jpg,True,11_R4S_443_J 104_2_2
2025_10_21_RSFB-Phenotyping_GG1_JLU,20251021_130200.jpg,11_R4S_443_J 104_2_2,11.0,443.0,J 104,2.0,2.0,20.0,8.5,11.5,2025_10_21_RSFB-Phenotyping_GG1_scores.csv,,14.25,11.5,False,,Unknown,../dataset/Pictures_CFSB_leaf_damage/2025_10_21_RSFB-Phenotyping_GG1_JLU/2025_10_21_RSFB-Phenotyping_GG1_JLU/20251021_130200.jpg,True,11_R4S_443_J 104_2_2
2025_10_21_RSFB-Phenotyping_GG1_JLU,20251021_130209.jpg,11_R4S_443_J 104_2_2,11.0,443.0,J 104,2.0,2.0,15.0,7.5,7.5,2025_10_21_RSFB-Phenotyping_GG1_scores.csv,,11.25,7.5,False,,Unknown,../dataset/Pictures_CFSB_leaf_damage/2025_10_21_RSFB-Phenotyping_GG1_JLU/2025_10_21_RSFB-Phenotyping_GG1_JLU/20251021_130209.jpg,True,11_R4S_443_J 104_2_2
2025_10_21_RSFB-Phenotyping_GG1_JLU,20251021_130223.jpg,2_Smaragd_1_2,2.0,,Smaragd,1.0,2.0,3.0,3.0,0.0,2025_10_21_RSFB-Phenotyping_GG1_scores.csv,,3.0,0.0,True,,Unknown,../dataset/Pictures_CFSB_leaf_damage/2025_10_21_RSFB-Phenotyping_GG1_JLU/2025_10_21_RSFB-Phenotyping_GG1_JLU/20251021_130223.jpg,True,2_Smaragd_1_2
2025_10_21_RSFB-Phenotyping_GG1_JLU,20251021_130231.jpg,2_Smaragd_1_2,2.0,,Smaragd,1.0,2.0,2.0,5.5,3.5,2025_10_21_RSFB-Phenotyping_GG1_scores.csv,,3.75,3.5,True,,Unknown,../dataset/Pictures_CFSB_leaf_damage/2025_10_21_RSFB-Phenotyping_GG1_JLU/2025_10_21_RSFB-Phenotyping_GG1_JLU/20251021_130231.jpg,True,2_Smaragd_1_2
2025_10_21_RSFB-Phenotyping_GG1_JLU,20251021_130236.jpg,2_Smaragd_1_2,2.0,,Smaragd,1.0,2.0,25.0,13.0,12.0,2025_10_21_RSFB-Phenotyping_GG1_scores.csv,,19.0,12.0,False,,Unknown,../dataset/Pictures_CFSB_leaf_damage/2025_10_21_RSFB-Phenotyping_GG1_JLU/2025_10_21_RSFB-Phenotyping_GG1_JLU/20251021_130236.jpg,True,2_Smaragd_1_2
2025_10_21_RSFB-Phenotyping_GG1_JLU,20251021_130310.jpg,3_Smaragd_1_3,3.0,,Smaragd,1.0,3.0,2.0,5.5,3.5,2025_10_21_RSFB-Phenotyping_GG1_scores.csv,,3.75,3.5,True,,Unknown,../dataset/Pictures_CFSB_leaf_damage/2025_10_21_RSFB-Phenotyping_GG1_JLU/2025_10_21_RSFB-Phenotyping_GG1_JLU/20251021_130310.jpg,True,3_Smaragd_1_3
2025_10_21_RSFB-Phenotyping_GG1_JLU,20251021_130316.jpg,3_Smaragd_1_3,3.0,,Smaragd,1.0,3.0,3.0,5.0,2.0,2025_10_21_RSFB-Phenotyping_GG1_scores.csv,,4.0,2.0,True,,Unknown,../dataset/Pictures_CFSB_leaf_damage/2025_10_21_RSFB-Phenotyping_GG1_JLU/2025_10_21_RSFB-Phenotyping_GG1_JLU/20251021_130316.jpg,True,3_Smaragd_1_3
2025_10_21_RSFB-Phenotyping_GG1_JLU,20251021_130325.jpg,3_Smaragd_1_3,3.0,,Smaragd,1.0,3.0,38.0,9.5,28.5,2025_10_21_RSFB-Phenotyping_GG1_scores.csv,,23.75,28.5,False,,Unknown,../dataset/Pictures_CFSB_leaf_damage/2025_10_21_RSFB-Phenotyping_GG1_JLU/2025_10_21_RSFB-Phenotyping_GG1_JLU/20251021_130325.jpg,True,3_Smaragd_1_3
2025_10_21_RSFB-Phenotyping_GG1_JLU,20251021_130338.jpg,10_R4S_325_Tankard Bronye Top_2_3,10.0,325.0,Tankard Bronye Top,2.0,3.0,15.0,14.5,0.5,2025_10_21_RSFB-Phenotyping_GG1_scores.csv,,14.75,0.5,True,,Unknown,../dataset/Pictures_CFSB_leaf_damage/2025_10_21_RSFB-Phenotyping_GG1_JLU/2025_10_21_RSFB-Phenotyping_GG1_JLU/20251021_130338.jpg,True,10_R4S_325_Tankard Bronye Top_2_3
2025_10_21_RSFB-Phenotyping_GG1_JLU,20251021_130346.jpg,10_R4S_325_Tankard Bronye Top_2_3,10.0,325.0,Tankard Bronye Top,2.0,3.0,15.0,5.0,10.0,2025_10_21_RSFB-Phenotyping_GG1_scores.csv,,10.0,10.0,False,,Unknown,../dataset/Pictures_CFSB_leaf_damage/2025_10_21_RSFB-Phenotyping_GG1_JLU/2025_10_21_RSFB-Phenotyping_GG1_JLU/20251021_130346.jpg,True,10_R4S_325_Tankard Bronye Top_2_3
2025_10_21_RSFB-Phenotyping_GG1_JLU,20251021_130354.jpg,10_R4S_325_Tankard Bronye Top_2_3,10.0,325.0,Tankard Bronye Top,2.0,3.0,40.0,7.0,33.0,2025_10_21_RSFB-Phenotyping_GG1_scores.csv,,23.5,33.0,False,,Unknown,../dataset/Pictures_CFSB_leaf_damage/2025_10_21_RSFB-Phenotyping_GG1_JLU/2025_10_21_RSFB-Phenotyping_GG1_JLU/20251021_130354.jpg,True,10_R4S_325_Tankard Bronye Top_2_3
2025_10_21_RSFB-Phenotyping_GG1_JLU,20251021_130410.jpg,15_R4S_150_Montego_3_3,15.0,150.0,Montego,3.0,3.0,2.0,2.0,0.0,2025_10_21_RSFB-Phenotyping_GG1_scores.csv,,2.0,0.0,True,,Unknown,../dataset/Pictures_CFSB_leaf_damage/2025_10_21_RSFB-Phenotyping_GG1_JLU/2025_10_21_RSFB-Phenotyping_GG1_JLU/20251021_130410.jpg,True,15_R4S_150_Montego_3_3
2025_10_21_RSFB-Phenotyping_GG1_JLU,20251021_130423.jpg,15_R4S_150_Montego_3_3,15.0,150.0,Montego,3.0,3.0,5.0,14.5,9.5,2025_10_21_RSFB-Phenotyping_GG1_scores.csv,,9.75,9.5,False,,Unknown,../dataset/Pictures_CFSB_leaf_damage/2025_10_21_RSFB-Phenotyping_GG1_JLU/2025_10_21_RSFB-Phenotyping_GG1_JLU/20251021_130423.jpg,True,15_R4S_150_Montego_3_3
2025_10_21_RSFB-Phenotyping_GG1_JLU,20251021_130430.jpg,15_R4S_150_Montego_3_3,15.0,150.0,Montego,3.0,3.0,45.0,16.5,28.5,2025_10_21_RSFB-Phenotyping_GG1_scores.csv,,30.75,28.5,False,,Unknown,../dataset/Pictures_CFSB_leaf_damage/2025_10_21_RSFB-Phenotyping_GG1_JLU/2025_10_21_RSFB-Phenotyping_GG1_JLU/20251021_130430.jpg,True,15_R4S_150_Montego_3_3
2025_10_21_RSFB-Phenotyping_GG1_JLU,20251021_130440.jpg,22_R4S_271_Coriander_4_3,22.0,271.0,Coriander,4.0,3.0,40.0,12.5,27.5,2025_10_21_RSFB-Phenotyping_GG1_scores.csv,,26.25,27.5,False,,Unknown,../dataset/Pictures_CFSB_leaf_damage/2025_10_21_RSFB-Phenotyping_GG1_JLU/2025_10_21_RSFB-Phenotyping_GG1_JLU/20251021_130440.jpg,True,22_R4S_271_Coriander_4_3
2025_10_21_RSFB-Phenotyping_GG1_JLU,20251021_130452.jpg,22_R4S_271_Coriander_4_3,22.0,271.0,Coriander,4.0,3.0,42.0,13.5,28.5,2025_10_21_RSFB-Phenotyping_GG1_scores.csv,,27.75,28.5,False,,Unknown,../dataset/Pictures_CFSB_leaf_damage/2025_10_21_RSFB-Phenotyping_GG1_JLU/2025_10_21_RSFB-Phenotyping_GG1_JLU/20251021_130452.jpg,True,22_R4S_271_Coriander_4_3
2025_10_21_RSFB-Phenotyping_GG1_JLU,20251021_130500.jpg,22_R4S_271_Coriander_4_3,22.0,271.0,Coriander,4.0,3.0,5.0,5.5,0.5,2025_10_21_RSFB-Phenotyping_GG1_scores.csv,,5.25,0.5,True,,Unknown,../dataset/Pictures_CFSB_leaf_damage/2025_10_21_RSFB-Phenotyping_GG1_JLU/2025_10_21_RSFB-Phenotyping_GG1_JLU/20251021_130500.jpg,True,22_R4S_271_Coriander_4_3
2025_10_21_RSFB-Phenotyping_GG1_JLU,20251021_130515.jpg,27_R4S_530_WINFRED_5_3,27.0,530.0,WINFRED,5.0,3.0,15.0,16.5,1.5,2025_10_21_RSFB-Phenotyping_GG1_scores.csv,,15.75,1.5,True,,Unknown,../dataset/Pictures_CFSB_leaf_damage/2025_10_21_RSFB-Phenotyping_GG1_JLU/2025_10_21_RSFB-Phenotyping_GG1_JLU/20251021_130515.jpg,True,27_R4S_530_WINFRED_5_3
2025_10_21_RSFB-Phenotyping_GG1_JLU,20251021_130529.jpg,27_R4S_530_WINFRED_5_3,27.0,530.0,WINFRED,5.0,3.0,2.0,7.5,5.5,2025_10_21_RSFB-Phenotyping_GG1_scores.csv,,4.75,5.5,False,,Unknown,../dataset/Pictures_CFSB_leaf_damage/2025_10_21_RSFB-Phenotyping_GG1_JLU/2025_10_21_RSFB-Phenotyping_GG1_JLU/20251021_130529.jpg,True,27_R4S_530_WINFRED_5_3
2025_10_21_RSFB-Phenotyping_GG1_JLU,20251021_130536.jpg,27_R4S_530_WINFRED_5_3,27.0,530.0,WINFRED,5.0,3.0,1.0,2.5,1.5,2025_10_21_RSFB-Phenotyping_GG1_scores.csv,,1.75,1.5,True,,Unknown,../dataset/Pictures_CFSB_leaf_damage/2025_10_21_RSFB-Phenotyping_GG1_JLU/2025_10_21_RSFB-Phenotyping_GG1_JLU/20251021_130536.jpg,True,27_R4S_530_WINFRED_5_3
2025_10_21_RSFB-Phenotyping_GG1_JLU,20251021_130547.jpg,34_R4S_287_Skyiverskij_6_3,34.0,287.0,Skyiverskij,6.0,3.0,30.0,11.0,19.0,2025_10_21_RSFB-Phenotyping_GG1_scores.csv,,20.5,19.0,False,,Unknown,../dataset/Pictures_CFSB_leaf_damage/2025_10_21_RSFB-Phenotyping_GG1_JLU/2025_10_21_RSFB-Phenotyping_GG1_JLU/20251021_130547.jpg,True,34_R4S_287_Skyiverskij_6_3
2025_10_21_RSFB-Phenotyping_GG1_JLU,20251021_130553.jpg,34_R4S_287_Skyiverskij_6_3,34.0,287.0,Skyiverskij,6.0,3.0,18.0,8.5,9.5,2025_10_21_RSFB-Phenotyping_GG1_scores.csv,,13.25,9.5,False,,Unknown,../dataset/Pictures_CFSB_leaf_damage/2025_10_21_RSFB-Phenotyping_GG1_JLU/2025_10_21_RSFB-Phenotyping_GG1_JLU/20251021_130553.jpg,True,34_R4S_287_Skyiverskij_6_3
2025_10_21_RSFB-Phenotyping_GG1_JLU,20251021_130600.jpg,34_R4S_287_Skyiverskij_6_3,34.0,287.0,Skyiverskij,6.0,3.0,16.0,7.0,9.0,2025_10_21_RSFB-Phenotyping_GG1_scores.csv,,11.5,9.0,False,,Unknown,../dataset/Pictures_CFSB_leaf_damage/2025_10_21_RSFB-Phenotyping_GG1_JLU/2025_10_21_RSFB-Phenotyping_GG1_JLU/20251021_130600.jpg,True,34_R4S_287_Skyiverskij_6_3
2025_10_21_RSFB-Phenotyping_GG1_JLU,20251021_130613.jpg,39_R4S_168_Verona_7_3,39.0,168.0,Verona,7.0,3.0,30.0,7.5,22.5,2025_10_21_RSFB-Phenotyping_GG1_scores.csv,,18.75,22.5,False,,Unknown,../dataset/Pictures_CFSB_leaf_damage/2025_10_21_RSFB-Phenotyping_GG1_JLU/2025_10_21_RSFB-Phenotyping_GG1_JLU/20251021_130613.jpg,True,39_R4S_168_Verona_7_3
2025_10_21_RSFB-Phenotyping_GG1_JLU,20251021_130619.jpg,39_R4S_168_Verona_7_3,39.0,168.0,Verona,7.0,3.0,35.0,13.5,21.5,2025_10_21_RSFB-Phenotyping_GG1_scores.csv,,24.25,21.5,False,,Unknown,../dataset/Pictures_CFSB_leaf_damage/2025_10_21_RSFB-Phenotyping_GG1_JLU/2025_10_21_RSFB-Phenotyping_GG1_JLU/20251021_130619.jpg,True,39_R4S_168_Verona_7_3
2025_10_21_RSFB-Phenotyping_GG1_JLU,20251021_130624.jpg,39_R4S_168_Verona_7_3,39.0,168.0,Verona,7.0,3.0,35.0,14.5,20.5,2025_10_21_RSFB-Phenotyping_GG1_scores.csv,,24.75,20.5,False,,Unknown,../dataset/Pictures_CFSB_leaf_damage/2025_10_21_RSFB-Phenotyping_GG1_JLU/2025_10_21_RSFB-Phenotyping_GG1_JLU/20251021_130624.jpg,True,39_R4S_168_Verona_7_3
2025_10_21_RSFB-Phenotyping_GG1_JLU,20251021_130635.jpg,46_R4S_478_H357_8_3,46.0,478.0,H357,8.0,3.0,30.0,13.0,17.0,2025_10_21_RSFB-Phenotyping_GG1_scores.csv,,21.5,17.0,False,,Unknown,../dataset/Pictures_CFSB_leaf_damage/2025_10_21_RSFB-Phenotyping_GG1_JLU/2025_10_21_RSFB-Phenotyping_GG1_JLU/20251021_130635.jpg,True,46_R4S_478_H357_8_3
2025_10_21_RSFB-Phenotyping_GG1_JLU,20251021_130642.jpg,46_R4S_478_H357_8_3,46.0,478.0,H357,8.0,3.0,10.0,6.5,3.5,2025_10_21_RSFB-Phenotyping_GG1_scores.csv,,8.25,3.5,True,,Unknown,../dataset/Pictures_CFSB_leaf_damage/2025_10_21_RSFB-Phenotyping_GG1_JLU/2025_10_21_RSFB-Phenotyping_GG1_JLU/20251021_130642.jpg,True,46_R4S_478_H357_8_3
2025_10_21_RSFB-Phenotyping_GG1_JLU,20251021_130649.jpg,46_R4S_478_H357_8_3,46.0,478.0,H357,8.0,3.0,48.0,14.5,33.5,2025_10_21_RSFB-Phenotyping_GG1_scores.csv,,31.25,33.5,False,,Unknown,../dataset/Pictures_CFSB_leaf_damage/2025_10_21_RSFB-Phenotyping_GG1_JLU/2025_10_21_RSFB-Phenotyping_GG1_JLU/20251021_130649.jpg,True,46_R4S_478_H357_8_3
2025_10_21_RSFB-Phenotyping_GG1_JLU,20251021_130704.jpg,51_R4S_319_Altasweet_9_3,51.0,319.0,Altasweet,9.0,3.0,2.0,5.0,3.0,2025_10_21_RSFB-Phenotyping_GG1_scores.csv,,3.5,3.0,True,,Unknown,../dataset/Pictures_CFSB_leaf_damage/2025_10_21_RSFB-Phenotyping_GG1_JLU/2025_10_21_RSFB-Phenotyping_GG1_JLU/20251021_130704.jpg,True,51_R4S_319_Altasweet_9_3
2025_10_21_RSFB-Phenotyping_GG1_JLU,20251021_130711.jpg,51_R4S_319_Altasweet_9_3,51.0,319.0,Altasweet,9.0,3.0,40.0,14.5,25.5,2025_10_21_RSFB-Phenotyping_GG1_scores.csv,,27.25,25.5,False,,Unknown,../dataset/Pictures_CFSB_leaf_damage/2025_10_21_RSFB-Phenotyping_GG1_JLU/2025_10_21_RSFB-Phenotyping_GG1_JLU/20251021_130711.jpg,True,51_R4S_319_Altasweet_9_3
2025_10_21_RSFB-Phenotyping_GG1_JLU,20251021_130717.jpg,51_R4S_319_Altasweet_9_3,51.0,319.0,Altasweet,9.0,3.0,5.0,6.0,1.0,2025_10_21_RSFB-Phenotyping_GG1_scores.csv,,5.5,1.0,True,,Unknown,../dataset/Pictures_CFSB_leaf_damage/2025_10_21_RSFB-Phenotyping_GG1_JLU/2025_10_21_RSFB-Phenotyping_GG1_JLU/20251021_130717.jpg,True,51_R4S_319_Altasweet_9_3
2025_10_21_RSFB-Phenotyping_GG1_JLU,20251021_130737.jpg,58_R4S_207_Phil_10_3,58.0,207.0,Phil,10.0,3.0,13.0,2.0,11.0,2025_10_21_RSFB-Phenotyping_GG1_scores.csv,,7.5,11.0,False,,Unknown,../dataset/Pictures_CFSB_leaf_damage/2025_10_21_RSFB-Phenotyping_GG1_JLU/2025_10_21_RSFB-Phenotyping_GG1_JLU/20251021_130737.jpg,True,58_R4S_207_Phil_10_3
2025_10_21_RSFB-Phenotyping_GG1_JLU,20251021_130744.jpg,58_R4S_207_Phil_10_3,58.0,207.0,Phil,10.0,3.0,1.0,1.5,0.5,2025_10_21_RSFB-Phenotyping_GG1_scores.csv,,1.25,0.5,True,,Unknown,../dataset/Pictures_CFSB_leaf_damage/2025_10_21_RSFB-Phenotyping_GG1_JLU/2025_10_21_RSFB-Phenotyping_GG1_JLU/20251021_130744.jpg,True,58_R4S_207_Phil_10_3
2025_10_21_RSFB-Phenotyping_GG1_JLU,20251021_130752.jpg,58_R4S_207_Phil_10_3,58.0,207.0,Phil,10.0,3.0,6.0,11.0,5.0,2025_10_21_RSFB-Phenotyping_GG1_scores.csv,,8.5,5.0,False,,Unknown,../dataset/Pictures_CFSB_leaf_damage/2025_10_21_RSFB-Phenotyping_GG1_JLU/2025_10_21_RSFB-Phenotyping_GG1_JLU/20251021_130752.jpg,True,58_R4S_207_Phil_10_3
2025_10_21_RSFB-Phenotyping_GG1_JLU,20251021_130805.jpg,63_R4S_300_Michinaku natane_11_3,63.0,300.0,Michinaku natane,11.0,3.0,1.0,2.5,1.5,2025_10_21_RSFB-Phenotyping_GG1_scores.csv,,1.75,1.5,True,,Unknown,../dataset/Pictures_CFSB_leaf_damage/2025_10_21_RSFB-Phenotyping_GG1_JLU/2025_10_21_RSFB-Phenotyping_GG1_JLU/20251021_130805.jpg,True,63_R4S_300_Michinaku natane_11_3
2025_10_21_RSFB-Phenotyping_GG1_JLU,20251021_130812.jpg,63_R4S_300_Michinaku natane_11_3,63.0,300.0,Michinaku natane,11.0,3.0,3.0,5.6,2.6,2025_10_21_RSFB-Phenotyping_GG1_scores.csv,,4.3,2.5999999999999996,True,,Unknown,../dataset/Pictures_CFSB_leaf_damage/2025_10_21_RSFB-Phenotyping_GG1_JLU/2025_10_21_RSFB-Phenotyping_GG1_JLU/20251021_130812.jpg,True,63_R4S_300_Michinaku natane_11_3
2025_10_21_RSFB-Phenotyping_GG1_JLU,20251021_130818.jpg,63_R4S_300_Michinaku natane_11_3,63.0,300.0,Michinaku natane,11.0,3.0,1.0,6.0,5.0,2025_10_21_RSFB-Phenotyping_GG1_scores.csv,,3.5,5.0,False,,Unknown,../dataset/Pictures_CFSB_leaf_damage/2025_10_21_RSFB-Phenotyping_GG1_JLU/2025_10_21_RSFB-Phenotyping_GG1_JLU/20251021_130818.jpg,True,63_R4S_300_Michinaku natane_11_3
2025_10_21_RSFB-Phenotyping_GG1_JLU,20251021_130832.jpg,70_R4S_173_Aurum_12_3,70.0,173.0,Aurum,12.0,3.0,20.0,15.0,5.0,2025_10_21_RSFB-Phenotyping_GG1_scores.csv,,17.5,5.0,False,,Unknown,../dataset/Pictures_CFSB_leaf_damage/2025_10_21_RSFB-Phenotyping_GG1_JLU/2025_10_21_RSFB-Phenotyping_GG1_JLU/20251021_130832.jpg,True,70_R4S_173_Aurum_12_3
2025_10_21_RSFB-Phenotyping_GG1_JLU,20251021_130839.jpg,70_R4S_173_Aurum_12_3,70.0,173.0,Aurum,12.0,3.0,8.0,7.0,1.0,2025_10_21_RSFB-Phenotyping_GG1_scores.csv,,7.5,1.0,True,,Unknown,../dataset/Pictures_CFSB_leaf_damage/2025_10_21_RSFB-Phenotyping_GG1_JLU/2025_10_21_RSFB-Phenotyping_GG1_JLU/20251021_130839.jpg,True,70_R4S_173_Aurum_12_3
2025_10_21_RSFB-Phenotyping_GG1_JLU,20251021_130845.jpg,70_R4S_173_Aurum_12_3,70.0,173.0,Aurum,12.0,3.0,1.0,1.5,0.5,2025_10_21_RSFB-Phenotyping_GG1_scores.csv,,1.25,0.5,True,,Unknown,../dataset/Pictures_CFSB_leaf_damage/2025_10_21_RSFB-Phenotyping_GG1_JLU/2025_10_21_RSFB-Phenotyping_GG1_JLU/20251021_130845.jpg,True,70_R4S_173_Aurum_12_3
2025_10_21_RSFB-Phenotyping_GG1_JLU,20251021_130908.jpg,75_R4S_487_S13_13_3,75.0,487.0,S13,13.0,3.0,35.0,7.0,28.0,2025_10_21_RSFB-Phenotyping_GG1_scores.csv,,21.0,28.0,False,,Unknown,../dataset/Pictures_CFSB_leaf_damage/2025_10_21_RSFB-Phenotyping_GG1_JLU/2025_10_21_RSFB-Phenotyping_GG1_JLU/20251021_130908.jpg,True,75_R4S_487_S13_13_3
2025_10_21_RSFB-Phenotyping_GG1_JLU,20251021_130913.jpg,75_R4S_487_S13_13_3,75.0,487.0,S13,13.0,3.0,1.0,4.0,3.0,2025_10_21_RSFB-Phenotyping_GG1_scores.csv,,2.5,3.0,True,,Unknown,../dataset/Pictures_CFSB_leaf_damage/2025_10_21_RSFB-Phenotyping_GG1_JLU/2025_10_21_RSFB-Phenotyping_GG1_JLU/20251021_130913.jpg,True,75_R4S_487_S13_13_3
2025_10_21_RSFB-Phenotyping_GG1_JLU,20251021_130920.jpg,75_R4S_487_S13_13_3,75.0,487.0,S13,13.0,3.0,15.0,10.0,5.0,2025_10_21_RSFB-Phenotyping_GG1_scores.csv,,12.5,5.0,False,,Unknown,../dataset/Pictures_CFSB_leaf_damage/2025_10_21_RSFB-Phenotyping_GG1_JLU/2025_10_21_RSFB-Phenotyping_GG1_JLU/20251021_130920.jpg,True,75_R4S_487_S13_13_3
2025_10_21_RSFB-Phenotyping_GG1_JLU,20251021_130935.jpg,82_R4S_355_RAPID CZCLING RAPE *CrGC5(_14_3,82.0,355.0,RAPID CZCLING RAPE *CrGC5(,14.0,3.0,5.0,6.0,1.0,2025_10_21_RSFB-Phenotyping_GG1_scores.csv,,5.5,1.0,True,,Unknown,../dataset/Pictures_CFSB_leaf_damage/2025_10_21_RSFB-Phenotyping_GG1_JLU/2025_10_21_RSFB-Phenotyping_GG1_JLU/20251021_130935.jpg,True,82_R4S_355_RAPID CZCLING RAPE *CrGC5(_14_3
2025_10_21_RSFB-Phenotyping_GG1_JLU,20251021_130942.jpg,82_R4S_355_RAPID CZCLING RAPE *CrGC5(_14_3,82.0,355.0,RAPID CZCLING RAPE *CrGC5(,14.0,3.0,8.0,11.0,3.0,2025_10_21_RSFB-Phenotyping_GG1_scores.csv,,9.5,3.0,True,,Unknown,../dataset/Pictures_CFSB_leaf_damage/2025_10_21_RSFB-Phenotyping_GG1_JLU/2025_10_21_RSFB-Phenotyping_GG1_JLU/20251021_130942.jpg,True,82_R4S_355_RAPID CZCLING RAPE *CrGC5(_14_3
2025_10_21_RSFB-Phenotyping_GG1_JLU,20251021_130950.jpg,82_R4S_355_RAPID CZCLING RAPE *CrGC5(_14_3,82.0,355.0,RAPID CZCLING RAPE *CrGC5(,14.0,3.0,2.0,3.0,1.0,2025_10_21_RSFB-Phenotyping_GG1_scores.csv,,2.5,1.0,True,,Unknown,../dataset/Pictures_CFSB_leaf_damage/2025_10_21_RSFB-Phenotyping_GG1_JLU/2025_10_21_RSFB-Phenotyping_GG1_JLU/20251021_130950.jpg,True,82_R4S_355_RAPID CZCLING RAPE *CrGC5(_14_3
2025_10_21_RSFB-Phenotyping_GG1_JLU,20251021_131002.jpg,87_R4S_256_Ladoga_15_3,87.0,256.0,Ladoga,15.0,3.0,3.0,4.5,1.5,2025_10_21_RSFB-Phenotyping_GG1_scores.csv,,3.75,1.5,True,,Unknown,../dataset/Pictures_CFSB_leaf_damage/2025_10_21_RSFB-Phenotyping_GG1_JLU/2025_10_21_RSFB-Phenotyping_GG1_JLU/20251021_131002.jpg,True,87_R4S_256_Ladoga_15_3
2025_10_21_RSFB-Phenotyping_GG1_JLU,20251021_131011.jpg,87_R4S_256_Ladoga_15_3,87.0,256.0,Ladoga,15.0,3.0,2.0,1.0,1.0,2025_10_21_RSFB-Phenotyping_GG1_scores.csv,,1.5,1.0,True,,Unknown,../dataset/Pictures_CFSB_leaf_damage/2025_10_21_RSFB-Phenotyping_GG1_JLU/2025_10_21_RSFB-Phenotyping_GG1_JLU/20251021_131011.jpg,True,87_R4S_256_Ladoga_15_3
2025_10_21_RSFB-Phenotyping_GG1_JLU,20251021_131019.jpg,87_R4S_256_Ladoga_15_3,87.0,256.0,Ladoga,15.0,3.0,8.0,6.5,1.5,2025_10_21_RSFB-Phenotyping_GG1_scores.csv,,7.25,1.5,True,,Unknown,../dataset/Pictures_CFSB_leaf_damage/2025_10_21_RSFB-Phenotyping_GG1_JLU/2025_10_21_RSFB-Phenotyping_GG1_JLU/20251021_131019.jpg,True,87_R4S_256_Ladoga_15_3
2025_10_21_RSFB-Phenotyping_GG1_JLU,20251021_131030.jpg,94_R4S_513_R31_16_3,94.0,513.0,R31,16.0,3.0,4.0,6.0,2.0,2025_10_21_RSFB-Phenotyping_GG1_scores.csv,,5.0,2.0,True,,Unknown,../dataset/Pictures_CFSB_leaf_damage/2025_10_21_RSFB-Phenotyping_GG1_JLU/2025_10_21_RSFB-Phenotyping_GG1_JLU/20251021_131030.jpg,True,94_R4S_513_R31_16_3
2025_10_21_RSFB-Phenotyping_GG1_JLU,20251021_131038.jpg,94_R4S_513_R31_16_3,94.0,513.0,R31,16.0,3.0,7.0,4.0,3.0,2025_10_21_RSFB-Phenotyping_GG1_scores.csv,,5.5,3.0,True,,Unknown,../dataset/Pictures_CFSB_leaf_damage/2025_10_21_RSFB-Phenotyping_GG1_JLU/2025_10_21_RSFB-Phenotyping_GG1_JLU/20251021_131038.jpg,True,94_R4S_513_R31_16_3
2025_10_21_RSFB-Phenotyping_GG1_JLU,20251021_131046.jpg,94_R4S_513_R31_16_3,94.0,513.0,R31,16.0,3.0,28.0,15.0,13.0,2025_10_21_RSFB-Phenotyping_GG1_scores.csv,,21.5,13.0,False,,Unknown,../dataset/Pictures_CFSB_leaf_damage/2025_10_21_RSFB-Phenotyping_GG1_JLU/2025_10_21_RSFB-Phenotyping_GG1_JLU/20251021_131046.jpg,True,94_R4S_513_R31_16_3
2025_10_21_RSFB-Phenotyping_GG1_JLU,20251021_131126.jpg,99_R4S_317_PIKE_17_3,99.0,317.0,PIKE,17.0,3.0,20.0,12.5,7.5,2025_10_21_RSFB-Phenotyping_GG1_scores.csv,,16.25,7.5,False,,Unknown,../dataset/Pictures_CFSB_leaf_damage/2025_10_21_RSFB-Phenotyping_GG1_JLU/2025_10_21_RSFB-Phenotyping_GG1_JLU/20251021_131126.jpg,True,99_R4S_317_PIKE_17_3
2025_10_21_RSFB-Phenotyping_GG1_JLU,20251021_131138.jpg,99_R4S_317_PIKE_17_3,99.0,317.0,PIKE,17.0,3.0,3.0,3.0,0.0,2025_10_21_RSFB-Phenotyping_GG1_scores.csv,,3.0,0.0,True,,Unknown,../dataset/Pictures_CFSB_leaf_damage/2025_10_21_RSFB-Phenotyping_GG1_JLU/2025_10_21_RSFB-Phenotyping_GG1_JLU/20251021_131138.jpg,True,99_R4S_317_PIKE_17_3
2025_10_21_RSFB-Phenotyping_GG1_JLU,20251021_131146.jpg,99_R4S_317_PIKE_17_3,99.0,317.0,PIKE,17.0,3.0,5.0,5.0,0.0,2025_10_21_RSFB-Phenotyping_GG1_scores.csv,,5.0,0.0,True,,Unknown,../dataset/Pictures_CFSB_leaf_damage/2025_10_21_RSFB-Phenotyping_GG1_JLU/2025_10_21_RSFB-Phenotyping_GG1_JLU/20251021_131146.jpg,True,99_R4S_317_PIKE_17_3
2025_10_21_RSFB-Phenotyping_GG1_JLU,20251021_131201.jpg,106_R4S_483_OLL 1_18_3,106.0,483.0,OLL 1,18.0,3.0,40.0,25.0,15.0,2025_10_21_RSFB-Phenotyping_GG1_scores.csv,,32.5,15.0,False,,Unknown,../dataset/Pictures_CFSB_leaf_damage/2025_10_21_RSFB-Phenotyping_GG1_JLU/2025_10_21_RSFB-Phenotyping_GG1_JLU/20251021_131201.jpg,True,106_R4S_483_OLL 1_18_3
2025_10_21_RSFB-Phenotyping_GG1_JLU,20251021_131209.jpg,106_R4S_483_OLL 1_18_3,106.0,483.0,OLL 1,18.0,3.0,7.0,4.0,3.0,2025_10_21_RSFB-Phenotyping_GG1_scores.csv,,5.5,3.0,True,,Unknown,../dataset/Pictures_CFSB_leaf_damage/2025_10_21_RSFB-Phenotyping_GG1_JLU/2025_10_21_RSFB-Phenotyping_GG1_JLU/20251021_131209.jpg,True,106_R4S_483_OLL 1_18_3
2025_10_21_RSFB-Phenotyping_GG1_JLU,20251021_131217.jpg,106_R4S_483_OLL 1_18_3,106.0,483.0,OLL 1,18.0,3.0,2.0,3.0,1.0,2025_10_21_RSFB-Phenotyping_GG1_scores.csv,,2.5,1.0,True,,Unknown,../dataset/Pictures_CFSB_leaf_damage/2025_10_21_RSFB-Phenotyping_GG1_JLU/2025_10_21_RSFB-Phenotyping_GG1_JLU/20251021_131217.jpg,True,106_R4S_483_OLL 1_18_3
2025_10_21_RSFB-Phenotyping_GG1_JLU,20251021_131230.jpg,111_R4S_213_Akela_19_3,111.0,213.0,Akela,19.0,3.0,40.0,8.0,32.0,2025_10_21_RSFB-Phenotyping_GG1_scores.csv,,24.0,32.0,False,,Unknown,../dataset/Pictures_CFSB_leaf_damage/2025_10_21_RSFB-Phenotyping_GG1_JLU/2025_10_21_RSFB-Phenotyping_GG1_JLU/20251021_131230.jpg,True,111_R4S_213_Akela_19_3
2025_10_21_RSFB-Phenotyping_GG1_JLU,20251021_131239.jpg,111_R4S_213_Akela_19_3,111.0,213.0,Akela,19.0,3.0,25.0,15.5,9.5,2025_10_21_RSFB-Phenotyping_GG1_scores.csv,,20.25,9.5,False,,Unknown,../dataset/Pictures_CFSB_leaf_damage/2025_10_21_RSFB-Phenotyping_GG1_JLU/2025_10_21_RSFB-Phenotyping_GG1_JLU/20251021_131239.jpg,True,111_R4S_213_Akela_19_3
2025_10_21_RSFB-Phenotyping_GG1_JLU,20251021_131247.jpg,111_R4S_213_Akela_19_3,111.0,213.0,Akela,19.0,3.0,35.0,17.0,18.0,2025_10_21_RSFB-Phenotyping_GG1_scores.csv,,26.0,18.0,False,,Unknown,../dataset/Pictures_CFSB_leaf_damage/2025_10_21_RSFB-Phenotyping_GG1_JLU/2025_10_21_RSFB-Phenotyping_GG1_JLU/20251021_131247.jpg,True,111_R4S_213_Akela_19_3
2025_10_21_RSFB-Phenotyping_GG1_JLU,20251021_131259.jpg,118_R4S_267_Alesi_20_3,118.0,267.0,Alesi,20.0,3.0,3.0,23.8,20.8,2025_10_21_RSFB-Phenotyping_GG1_scores.csv,,13.4,20.8,False,,Unknown,../dataset/Pictures_CFSB_leaf_damage/2025_10_21_RSFB-Phenotyping_GG1_JLU/2025_10_21_RSFB-Phenotyping_GG1_JLU/20251021_131259.jpg,True,118_R4S_267_Alesi_20_3
2025_10_21_RSFB-Phenotyping_GG1_JLU,20251021_131308.jpg,118_R4S_267_Alesi_20_3,118.0,267.0,Alesi,20.0,3.0,,,,2025_10_21_RSFB-Phenotyping_GG1_scores.csv,,,,False,,Unknown,../dataset/Pictures_CFSB_leaf_damage/2025_10_21_RSFB-Phenotyping_GG1_JLU/2025_10_21_RSFB-Phenotyping_GG1_JLU/20251021_131308.jpg,True,118_R4S_267_Alesi_20_3
2025_10_21_RSFB-Phenotyping_GG1_JLU,20251021_131312.jpg,118_R4S_267_Alesi_20_3,118.0,267.0,Alesi,20.0,3.0,,,,2025_10_21_RSFB-Phenotyping_GG1_scores.csv,,,,False,,Unknown,../dataset/Pictures_CFSB_leaf_damage/2025_10_21_RSFB-Phenotyping_GG1_JLU/2025_10_21_RSFB-Phenotyping_GG1_JLU/20251021_131312.jpg,True,118_R4S_267_Alesi_20_3
2025_10_21_RSFB-Phenotyping_GG1_JLU,20251021_131332.jpg,123_R4S_298_Bladkool_21_3,123.0,298.0,Bladkool,21.0,3.0,22.0,10.5,11.5,2025_10_21_RSFB-Phenotyping_GG1_scores.csv,,16.25,11.5,False,,Unknown,../dataset/Pictures_CFSB_leaf_damage/2025_10_21_RSFB-Phenotyping_GG1_JLU/2025_10_21_RSFB-Phenotyping_GG1_JLU/20251021_131332.jpg,True,123_R4S_298_Bladkool_21_3
2025_10_21_RSFB-Phenotyping_GG1_JLU,20251021_131339.jpg,123_R4S_298_Bladkool_21_3,123.0,298.0,Bladkool,21.0,3.0,15.0,14.5,0.5,2025_10_21_RSFB-Phenotyping_GG1_scores.csv,,14.75,0.5,True,,Unknown,../dataset/Pictures_CFSB_leaf_damage/2025_10_21_RSFB-Phenotyping_GG1_JLU/2025_10_21_RSFB-Phenotyping_GG1_JLU/20251021_131339.jpg,True,123_R4S_298_Bladkool_21_3
2025_10_21_RSFB-Phenotyping_GG1_JLU,20251021_131347.jpg,123_R4S_298_Bladkool_21_3,123.0,298.0,Bladkool,21.0,3.0,15.0,15.5,0.5,2025_10_21_RSFB-Phenotyping_GG1_scores.csv,,15.25,0.5,True,,Unknown,../dataset/Pictures_CFSB_leaf_damage/2025_10_21_RSFB-Phenotyping_GG1_JLU/2025_10_21_RSFB-Phenotyping_GG1_JLU/20251021_131347.jpg,True,123_R4S_298_Bladkool_21_3
2025_10_21_RSFB-Phenotyping_GG1_JLU,20251021_131402.jpg,130_R4S_477_OLZ 2_22_3,130.0,477.0,OLZ 2,22.0,3.0,25.0,12.0,13.0,2025_10_21_RSFB-Phenotyping_GG1_scores.csv,,18.5,13.0,False,,Unknown,../dataset/Pictures_CFSB_leaf_damage/2025_10_21_RSFB-Phenotyping_GG1_JLU/2025_10_21_RSFB-Phenotyping_GG1_JLU/20251021_131402.jpg,True,130_R4S_477_OLZ 2_22_3
2025_10_21_RSFB-Phenotyping_GG1_JLU,20251021_131411.jpg,130_R4S_477_OLZ 2_22_3,130.0,477.0,OLZ 2,22.0,3.0,15.0,4.5,10.5,2025_10_21_RSFB-Phenotyping_GG1_scores.csv,,9.75,10.5,False,,Unknown,../dataset/Pictures_CFSB_leaf_damage/2025_10_21_RSFB-Phenotyping_GG1_JLU/2025_10_21_RSFB-Phenotyping_GG1_JLU/20251021_131411.jpg,True,130_R4S_477_OLZ 2_22_3
2025_10_21_RSFB-Phenotyping_GG1_JLU,20251021_131419.jpg,130_R4S_477_OLZ 2_22_3,130.0,477.0,OLZ 2,22.0,3.0,10.0,4.5,5.5,2025_10_21_RSFB-Phenotyping_GG1_scores.csv,,7.25,5.5,False,,Unknown,../dataset/Pictures_CFSB_leaf_damage/2025_10_21_RSFB-Phenotyping_GG1_JLU/2025_10_21_RSFB-Phenotyping_GG1_JLU/20251021_131419.jpg,True,130_R4S_477_OLZ 2_22_3
2025_10_21_RSFB-Phenotyping_GG1_JLU,20251021_131431.jpg,135_R4S_167_Aviso_23_3,135.0,167.0,Aviso,23.0,3.0,7.0,4.2,2.8,2025_10_21_RSFB-Phenotyping_GG1_scores.csv,,5.6,2.8,True,,Unknown,../dataset/Pictures_CFSB_leaf_damage/2025_10_21_RSFB-Phenotyping_GG1_JLU/2025_10_21_RSFB-Phenotyping_GG1_JLU/20251021_131431.jpg,True,135_R4S_167_Aviso_23_3
2025_10_21_RSFB-Phenotyping_GG1_JLU,20251021_131440.jpg,135_R4S_167_Aviso_23_3,135.0,167.0,Aviso,23.0,3.0,28.0,25.0,3.0,2025_10_21_RSFB-Phenotyping_GG1_scores.csv,,26.5,3.0,True,,Unknown,../dataset/Pictures_CFSB_leaf_damage/2025_10_21_RSFB-Phenotyping_GG1_JLU/2025_10_21_RSFB-Phenotyping_GG1_JLU/20251021_131440.jpg,True,135_R4S_167_Aviso_23_3
2025_10_21_RSFB-Phenotyping_GG1_JLU,20251021_131447.jpg,135_R4S_167_Aviso_23_3,135.0,167.0,Aviso,23.0,3.0,30.0,8.5,21.5,2025_10_21_RSFB-Phenotyping_GG1_scores.csv,,19.25,21.5,False,,Unknown,../dataset/Pictures_CFSB_leaf_damage/2025_10_21_RSFB-Phenotyping_GG1_JLU/2025_10_21_RSFB-Phenotyping_GG1_JLU/20251021_131447.jpg,True,135_R4S_167_Aviso_23_3
2025_10_21_RSFB-Phenotyping_GG1_JLU,20251021_131459.jpg,142_R4S_214_Sollux_24_3,142.0,214.0,Sollux,24.0,3.0,25.0,18.5,6.5,2025_10_21_RSFB-Phenotyping_GG1_scores.csv,,21.75,6.5,False,,Unknown,../dataset/Pictures_CFSB_leaf_damage/2025_10_21_RSFB-Phenotyping_GG1_JLU/2025_10_21_RSFB-Phenotyping_GG1_JLU/20251021_131459.jpg,True,142_R4S_214_Sollux_24_3
2025_10_21_RSFB-Phenotyping_GG1_JLU,20251021_131505.jpg,142_R4S_214_Sollux_24_3,142.0,214.0,Sollux,24.0,3.0,20.0,7.5,12.5,2025_10_21_RSFB-Phenotyping_GG1_scores.csv,,13.75,12.5,False,,Unknown,../dataset/Pictures_CFSB_leaf_damage/2025_10_21_RSFB-Phenotyping_GG1_JLU/2025_10_21_RSFB-Phenotyping_GG1_JLU/20251021_131505.jpg,True,142_R4S_214_Sollux_24_3
2025_10_21_RSFB-Phenotyping_GG1_JLU,20251021_131511.jpg,142_R4S_214_Sollux_24_3,142.0,214.0,Sollux,24.0,3.0,16.0,8.5,7.5,2025_10_21_RSFB-Phenotyping_GG1_scores.csv,,12.25,7.5,False,,Unknown,../dataset/Pictures_CFSB_leaf_damage/2025_10_21_RSFB-Phenotyping_GG1_JLU/2025_10_21_RSFB-Phenotyping_GG1_JLU/20251021_131511.jpg,True,142_R4S_214_Sollux_24_3
2025_10_21_RSFB-Phenotyping_GG1_JLU,20251021_131524.jpg,147_R4S_220_EUROL_25_3,147.0,220.0,EUROL,25.0,3.0,18.0,15.0,3.0,2025_10_21_RSFB-Phenotyping_GG1_scores.csv,,16.5,3.0,True,,Unknown,../dataset/Pictures_CFSB_leaf_damage/2025_10_21_RSFB-Phenotyping_GG1_JLU/2025_10_21_RSFB-Phenotyping_GG1_JLU/20251021_131524.jpg,True,147_R4S_220_EUROL_25_3
2025_10_21_RSFB-Phenotyping_GG1_JLU,20251021_131531.jpg,147_R4S_220_EUROL_25_3,147.0,220.0,EUROL,25.0,3.0,22.0,16.0,6.0,2025_10_21_RSFB-Phenotyping_GG1_scores.csv,,19.0,6.0,False,,Unknown,../dataset/Pictures_CFSB_leaf_damage/2025_10_21_RSFB-Phenotyping_GG1_JLU/2025_10_21_RSFB-Phenotyping_GG1_JLU/20251021_131531.jpg,True,147_R4S_220_EUROL_25_3
2025_10_21_RSFB-Phenotyping_GG1_JLU,20251021_131548.jpg,147_R4S_220_EUROL_25_3,147.0,220.0,EUROL,25.0,3.0,20.0,12.5,7.5,2025_10_21_RSFB-Phenotyping_GG1_scores.csv,,16.25,7.5,False,,Unknown,../dataset/Pictures_CFSB_leaf_damage/2025_10_21_RSFB-Phenotyping_GG1_JLU/2025_10_21_RSFB-Phenotyping_GG1_JLU/20251021_131548.jpg,True,147_R4S_220_EUROL_25_3
2025_10_21_RSFB-Phenotyping_GG1_JLU,20251021_131604.jpg,154_R4S_457_H31_26_3,154.0,457.0,H31,26.0,3.0,2.0,3.0,1.0,2025_10_21_RSFB-Phenotyping_GG1_scores.csv,,2.5,1.0,True,,Unknown,../dataset/Pictures_CFSB_leaf_damage/2025_10_21_RSFB-Phenotyping_GG1_JLU/2025_10_21_RSFB-Phenotyping_GG1_JLU/20251021_131604.jpg,True,154_R4S_457_H31_26_3
2025_10_21_RSFB-Phenotyping_GG1_JLU,20251021_131610.jpg,154_R4S_457_H31_26_3,154.0,457.0,H31,26.0,3.0,4.0,8.0,4.0,2025_10_21_RSFB-Phenotyping_GG1_scores.csv,,6.0,4.0,True,,Unknown,../dataset/Pictures_CFSB_leaf_damage/2025_10_21_RSFB-Phenotyping_GG1_JLU/2025_10_21_RSFB-Phenotyping_GG1_JLU/20251021_131610.jpg,True,154_R4S_457_H31_26_3
2025_10_21_RSFB-Phenotyping_GG1_JLU,20251021_131620.jpg,154_R4S_457_H31_26_3,154.0,457.0,H31,26.0,3.0,3.0,7.5,4.5,2025_10_21_RSFB-Phenotyping_GG1_scores.csv,,5.25,4.5,True,,Unknown,../dataset/Pictures_CFSB_leaf_damage/2025_10_21_RSFB-Phenotyping_GG1_JLU/2025_10_21_RSFB-Phenotyping_GG1_JLU/20251021_131620.jpg,True,154_R4S_457_H31_26_3
2025_10_21_RSFB-Phenotyping_GG1_JLU,20251021_131634.jpg,159_R4S_185_NK Passion_27_3,159.0,185.0,NK Passion,27.0,3.0,1.0,1.5,0.5,2025_10_21_RSFB-Phenotyping_GG1_scores.csv,,1.25,0.5,True,,Unknown,../dataset/Pictures_CFSB_leaf_damage/2025_10_21_RSFB-Phenotyping_GG1_JLU/2025_10_21_RSFB-Phenotyping_GG1_JLU/20251021_131634.jpg,True,159_R4S_185_NK Passion_27_3
2025_10_21_RSFB-Phenotyping_GG1_JLU,20251021_131646.jpg,159_R4S_185_NK Passion_27_3,159.0,185.0,NK Passion,27.0,3.0,3.0,8.0,5.0,2025_10_21_RSFB-Phenotyping_GG1_scores.csv,,5.5,5.0,False,,Unknown,../dataset/Pictures_CFSB_leaf_damage/2025_10_21_RSFB-Phenotyping_GG1_JLU/2025_10_21_RSFB-Phenotyping_GG1_JLU/20251021_131646.jpg,True,159_R4S_185_NK Passion_27_3
2025_10_21_RSFB-Phenotyping_GG1_JLU,20251021_131655.jpg,159_R4S_185_NK Passion_27_3,159.0,185.0,NK Passion,27.0,3.0,2.0,6.5,4.5,2025_10_21_RSFB-Phenotyping_GG1_scores.csv,,4.25,4.5,True,,Unknown,../dataset/Pictures_CFSB_leaf_damage/2025_10_21_RSFB-Phenotyping_GG1_JLU/2025_10_21_RSFB-Phenotyping_GG1_JLU/20251021_131655.jpg,True,159_R4S_185_NK Passion_27_3
2025_10_21_RSFB-Phenotyping_GG1_JLU,20251021_131711.jpg,166_R4S_495_DSV2_28_3,166.0,495.0,DSV2,28.0,3.0,1.0,5.0,4.0,2025_10_21_RSFB-Phenotyping_GG1_scores.csv,,3.0,4.0,True,,Unknown,../dataset/Pictures_CFSB_leaf_damage/2025_10_21_RSFB-Phenotyping_GG1_JLU/2025_10_21_RSFB-Phenotyping_GG1_JLU/20251021_131711.jpg,True,166_R4S_495_DSV2_28_3
2025_10_21_RSFB-Phenotyping_GG1_JLU,20251021_131721.jpg,166_R4S_495_DSV2_28_3,166.0,495.0,DSV2,28.0,3.0,1.0,5.0,4.0,2025_10_21_RSFB-Phenotyping_GG1_scores.csv,,3.0,4.0,True,,Unknown,../dataset/Pictures_CFSB_leaf_damage/2025_10_21_RSFB-Phenotyping_GG1_JLU/2025_10_21_RSFB-Phenotyping_GG1_JLU/20251021_131721.jpg,True,166_R4S_495_DSV2_28_3
2025_10_21_RSFB-Phenotyping_GG1_JLU,20251021_131728.jpg,166_R4S_495_DSV2_28_3,166.0,495.0,DSV2,28.0,3.0,2.0,7.0,5.0,2025_10_21_RSFB-Phenotyping_GG1_scores.csv,,4.5,5.0,False,,Unknown,../dataset/Pictures_CFSB_leaf_damage/2025_10_21_RSFB-Phenotyping_GG1_JLU/2025_10_21_RSFB-Phenotyping_GG1_JLU/20251021_131728.jpg,True,166_R4S_495_DSV2_28_3
2025_10_21_RSFB-Phenotyping_GG1_JLU,20251021_131743.jpg,171_R4S_534_WINFRED_29_3,171.0,534.0,WINFRED,29.0,3.0,23.0,17.5,5.5,2025_10_21_RSFB-Phenotyping_GG1_scores.csv,,20.25,5.5,False,,Unknown,../dataset/Pictures_CFSB_leaf_damage/2025_10_21_RSFB-Phenotyping_GG1_JLU/2025_10_21_RSFB-Phenotyping_GG1_JLU/20251021_131743.jpg,True,171_R4S_534_WINFRED_29_3
2025_10_21_RSFB-Phenotyping_GG1_JLU,20251021_131752.jpg,171_R4S_534_WINFRED_29_3,171.0,534.0,WINFRED,29.0,3.0,2.0,0.5,1.5,2025_10_21_RSFB-Phenotyping_GG1_scores.csv,,1.25,1.5,True,,Unknown,../dataset/Pictures_CFSB_leaf_damage/2025_10_21_RSFB-Phenotyping_GG1_JLU/2025_10_21_RSFB-Phenotyping_GG1_JLU/20251021_131752.jpg,True,171_R4S_534_WINFRED_29_3
2025_10_21_RSFB-Phenotyping_GG1_JLU,20251021_131803.jpg,171_R4S_534_WINFRED_29_3,171.0,534.0,WINFRED,29.0,3.0,2.0,2.5,0.5,2025_10_21_RSFB-Phenotyping_GG1_scores.csv,,2.25,0.5,True,,Unknown,../dataset/Pictures_CFSB_leaf_damage/2025_10_21_RSFB-Phenotyping_GG1_JLU/2025_10_21_RSFB-Phenotyping_GG1_JLU/20251021_131803.jpg,True,171_R4S_534_WINFRED_29_3
2025_10_21_RSFB-Phenotyping_GG1_JLU,20251021_131820.jpg,178_R4S_399_Reszn/Goe H226_30_3,178.0,399.0,Reszn/Goe H226,30.0,3.0,40.0,8.0,32.0,2025_10_21_RSFB-Phenotyping_GG1_scores.csv,,24.0,32.0,False,,Unknown,../dataset/Pictures_CFSB_leaf_damage/2025_10_21_RSFB-Phenotyping_GG1_JLU/2025_10_21_RSFB-Phenotyping_GG1_JLU/20251021_131820.jpg,True,178_R4S_399_Reszn/Goe H226_30_3
2025_10_21_RSFB-Phenotyping_GG1_JLU,20251021_131840.jpg,178_R4S_399_Reszn/Goe H226_30_3,178.0,399.0,Reszn/Goe H226,30.0,3.0,7.0,5.0,2.0,2025_10_21_RSFB-Phenotyping_GG1_scores.csv,,6.0,2.0,True,,Unknown,../dataset/Pictures_CFSB_leaf_damage/2025_10_21_RSFB-Phenotyping_GG1_JLU/2025_10_21_RSFB-Phenotyping_GG1_JLU/20251021_131840.jpg,True,178_R4S_399_Reszn/Goe H226_30_3
2025_10_21_RSFB-Phenotyping_GG1_JLU,20251021_131849.jpg,178_R4S_399_Reszn/Goe H226_30_3,178.0,399.0,Reszn/Goe H226,30.0,3.0,30.0,12.5,17.5,2025_10_21_RSFB-Phenotyping_GG1_scores.csv,,21.25,17.5,False,,Unknown,../dataset/Pictures_CFSB_leaf_damage/2025_10_21_RSFB-Phenotyping_GG1_JLU/2025_10_21_RSFB-Phenotyping_GG1_JLU/20251021_131849.jpg,True,178_R4S_399_Reszn/Goe H226_30_3
2025_10_21_RSFB-Phenotyping_GG1_JLU,20251021_131905.jpg,183_R4S_254_Capitol_31_3,183.0,254.0,Capitol,31.0,3.0,6.0,6.5,0.5,2025_10_21_RSFB-Phenotyping_GG1_scores.csv,,6.25,0.5,True,,Unknown,../dataset/Pictures_CFSB_leaf_damage/2025_10_21_RSFB-Phenotyping_GG1_JLU/2025_10_21_RSFB-Phenotyping_GG1_JLU/20251021_131905.jpg,True,183_R4S_254_Capitol_31_3
2025_10_21_RSFB-Phenotyping_GG1_JLU,20251021_131914.jpg,183_R4S_254_Capitol_31_3,183.0,254.0,Capitol,31.0,3.0,45.0,19.0,26.0,2025_10_21_RSFB-Phenotyping_GG1_scores.csv,,32.0,26.0,False,,Unknown,../dataset/Pictures_CFSB_leaf_damage/2025_10_21_RSFB-Phenotyping_GG1_JLU/2025_10_21_RSFB-Phenotyping_GG1_JLU/20251021_131914.jpg,True,183_R4S_254_Capitol_31_3
2025_10_21_RSFB-Phenotyping_GG1_JLU,20251021_131923.jpg,183_R4S_254_Capitol_31_3,183.0,254.0,Capitol,31.0,3.0,35.0,10.5,24.5,2025_10_21_RSFB-Phenotyping_GG1_scores.csv,,22.75,24.5,False,,Unknown,../dataset/Pictures_CFSB_leaf_damage/2025_10_21_RSFB-Phenotyping_GG1_JLU/2025_10_21_RSFB-Phenotyping_GG1_JLU/20251021_131923.jpg,True,183_R4S_254_Capitol_31_3
2025_10_21_RSFB-Phenotyping_GG1_JLU,20251021_131948.jpg,190_R4S_357_E94197_32_3,190.0,357.0,E94197,32.0,3.0,8.0,8.0,0.0,2025_10_21_RSFB-Phenotyping_GG1_scores.csv,,8.0,0.0,True,,Unknown,../dataset/Pictures_CFSB_leaf_damage/2025_10_21_RSFB-Phenotyping_GG1_JLU/2025_10_21_RSFB-Phenotyping_GG1_JLU/20251021_131948.jpg,True,190_R4S_357_E94197_32_3
2025_10_21_RSFB-Phenotyping_GG1_JLU,20251021_131954.jpg,190_R4S_357_E94197_32_3,190.0,357.0,E94197,32.0,3.0,2.0,4.0,2.0,2025_10_21_RSFB-Phenotyping_GG1_scores.csv,,3.0,2.0,True,,Unknown,../dataset/Pictures_CFSB_leaf_damage/2025_10_21_RSFB-Phenotyping_GG1_JLU/2025_10_21_RSFB-Phenotyping_GG1_JLU/20251021_131954.jpg,True,190_R4S_357_E94197_32_3
2025_10_21_RSFB-Phenotyping_GG1_JLU,20251021_132002.jpg,190_R4S_357_E94197_32_3,190.0,357.0,E94197,32.0,3.0,15.0,8.5,6.5,2025_10_21_RSFB-Phenotyping_GG1_scores.csv,,11.75,6.5,False,,Unknown,../dataset/Pictures_CFSB_leaf_damage/2025_10_21_RSFB-Phenotyping_GG1_JLU/2025_10_21_RSFB-Phenotyping_GG1_JLU/20251021_132002.jpg,True,190_R4S_357_E94197_32_3
2025_10_21_RSFB-Phenotyping_GG1_JLU,20251021_132018.jpg,195_R4S_367_English Giant_33_3,195.0,367.0,English Giant,33.0,3.0,2.0,3.5,1.5,2025_10_21_RSFB-Phenotyping_GG1_scores.csv,,2.75,1.5,True,,Unknown,../dataset/Pictures_CFSB_leaf_damage/2025_10_21_RSFB-Phenotyping_GG1_JLU/2025_10_21_RSFB-Phenotyping_GG1_JLU/20251021_132018.jpg,True,195_R4S_367_English Giant_33_3
2025_10_21_RSFB-Phenotyping_GG1_JLU,20251021_132022.jpg,195_R4S_367_English Giant_33_3,195.0,367.0,English Giant,33.0,3.0,6.0,7.5,1.5,2025_10_21_RSFB-Phenotyping_GG1_scores.csv,,6.75,1.5,True,,Unknown,../dataset/Pictures_CFSB_leaf_damage/2025_10_21_RSFB-Phenotyping_GG1_JLU/2025_10_21_RSFB-Phenotyping_GG1_JLU/20251021_132022.jpg,True,195_R4S_367_English Giant_33_3
2025_10_21_RSFB-Phenotyping_GG1_JLU,20251021_132029.jpg,195_R4S_367_English Giant_33_3,195.0,367.0,English Giant,33.0,3.0,6.0,9.5,3.5,2025_10_21_RSFB-Phenotyping_GG1_scores.csv,,7.75,3.5,True,,Unknown,../dataset/Pictures_CFSB_leaf_damage/2025_10_21_RSFB-Phenotyping_GG1_JLU/2025_10_21_RSFB-Phenotyping_GG1_JLU/20251021_132029.jpg,True,195_R4S_367_English Giant_33_3
2025_10_21_RSFB-Phenotyping_GG1_JLU,20251021_132045.jpg,202_R4S_160_Lion_34_3,202.0,160.0,Lion,34.0,3.0,20.0,6.5,13.5,2025_10_21_RSFB-Phenotyping_GG1_scores.csv,,13.25,13.5,False,,Unknown,../dataset/Pictures_CFSB_leaf_damage/2025_10_21_RSFB-Phenotyping_GG1_JLU/2025_10_21_RSFB-Phenotyping_GG1_JLU/20251021_132045.jpg,True,202_R4S_160_Lion_34_3
2025_10_21_RSFB-Phenotyping_GG1_JLU,20251021_132050.jpg,202_R4S_160_Lion_34_3,202.0,160.0,Lion,34.0,3.0,15.0,5.5,9.5,2025_10_21_RSFB-Phenotyping_GG1_scores.csv,,10.25,9.5,False,,Unknown,../dataset/Pictures_CFSB_leaf_damage/2025_10_21_RSFB-Phenotyping_GG1_JLU/2025_10_21_RSFB-Phenotyping_GG1_JLU/20251021_132050.jpg,True,202_R4S_160_Lion_34_3
2025_10_21_RSFB-Phenotyping_GG1_JLU,20251021_132056.jpg,202_R4S_160_Lion_34_3,202.0,160.0,Lion,34.0,3.0,20.0,3.5,16.5,2025_10_21_RSFB-Phenotyping_GG1_scores.csv,,11.75,16.5,False,,Unknown,../dataset/Pictures_CFSB_leaf_damage/2025_10_21_RSFB-Phenotyping_GG1_JLU/2025_10_21_RSFB-Phenotyping_GG1_JLU/20251021_132056.jpg,True,202_R4S_160_Lion_34_3
2025_10_21_RSFB-Phenotyping_GG1_JLU,20251021_132110.jpg,207_R4S_541_Smaragd_35_3,207.0,541.0,Smaragd,35.0,3.0,3.0,6.0,3.0,2025_10_21_RSFB-Phenotyping_GG1_scores.csv,,4.5,3.0,True,,Unknown,../dataset/Pictures_CFSB_leaf_damage/2025_10_21_RSFB-Phenotyping_GG1_JLU/2025_10_21_RSFB-Phenotyping_GG1_JLU/20251021_132110.jpg,True,207_R4S_541_Smaragd_35_3
2025_10_21_RSFB-Phenotyping_GG1_JLU,20251021_132117.jpg,207_R4S_541_Smaragd_35_3,207.0,541.0,Smaragd,35.0,3.0,3.0,5.5,2.5,2025_10_21_RSFB-Phenotyping_GG1_scores.csv,,4.25,2.5,True,,Unknown,../dataset/Pictures_CFSB_leaf_damage/2025_10_21_RSFB-Phenotyping_GG1_JLU/2025_10_21_RSFB-Phenotyping_GG1_JLU/20251021_132117.jpg,True,207_R4S_541_Smaragd_35_3
2025_10_21_RSFB-Phenotyping_GG1_JLU,20251021_132124.jpg,207_R4S_541_Smaragd_35_3,207.0,541.0,Smaragd,35.0,3.0,5.0,5.5,0.5,2025_10_21_RSFB-Phenotyping_GG1_scores.csv,,5.25,0.5,True,,Unknown,../dataset/Pictures_CFSB_leaf_damage/2025_10_21_RSFB-Phenotyping_GG1_JLU/2025_10_21_RSFB-Phenotyping_GG1_JLU/20251021_132124.jpg,True,207_R4S_541_Smaragd_35_3
2025_10_21_RSFB-Phenotyping_GG1_JLU,20251021_132147.jpg,214_R4S_270_Ceres_36_3,214.0,270.0,Ceres,36.0,3.0,5.0,8.0,3.0,2025_10_21_RSFB-Phenotyping_GG1_scores.csv,,6.5,3.0,True,,Unknown,../dataset/Pictures_CFSB_leaf_damage/2025_10_21_RSFB-Phenotyping_GG1_JLU/2025_10_21_RSFB-Phenotyping_GG1_JLU/20251021_132147.jpg,True,214_R4S_270_Ceres_36_3
2025_10_21_RSFB-Phenotyping_GG1_JLU,20251021_132153.jpg,214_R4S_270_Ceres_36_3,214.0,270.0,Ceres,36.0,3.0,7.0,3.5,3.5,2025_10_21_RSFB-Phenotyping_GG1_scores.csv,,5.25,3.5,True,,Unknown,../dataset/Pictures_CFSB_leaf_damage/2025_10_21_RSFB-Phenotyping_GG1_JLU/2025_10_21_RSFB-Phenotyping_GG1_JLU/20251021_132153.jpg,True,214_R4S_270_Ceres_36_3
2025_10_21_RSFB-Phenotyping_GG1_JLU,20251021_132201.jpg,214_R4S_270_Ceres_36_3,214.0,270.0,Ceres,36.0,3.0,30.0,13.5,16.5,2025_10_21_RSFB-Phenotyping_GG1_scores.csv,,21.75,16.5,False,,Unknown,../dataset/Pictures_CFSB_leaf_damage/2025_10_21_RSFB-Phenotyping_GG1_JLU/2025_10_21_RSFB-Phenotyping_GG1_JLU/20251021_132201.jpg,True,214_R4S_270_Ceres_36_3
2025_10_21_RSFB-Phenotyping_GG1_JLU,20251021_132217.jpg,219_R4S_361_CHEMBERE DYAGUMHANA_37_3,219.0,361.0,CHEMBERE DYAGUMHANA,37.0,3.0,35.0,7.0,28.0,2025_10_21_RSFB-Phenotyping_GG1_scores.csv,,21.0,28.0,False,,Unknown,../dataset/Pictures_CFSB_leaf_damage/2025_10_21_RSFB-Phenotyping_GG1_JLU/2025_10_21_RSFB-Phenotyping_GG1_JLU/20251021_132217.jpg,True,219_R4S_361_CHEMBERE DYAGUMHANA_37_3
2025_10_21_RSFB-Phenotyping_GG1_JLU,20251021_132227.jpg,219_R4S_361_CHEMBERE DYAGUMHANA_37_3,219.0,361.0,CHEMBERE DYAGUMHANA,37.0,3.0,30.0,9.0,21.0,2025_10_21_RSFB-Phenotyping_GG1_scores.csv,,19.5,21.0,False,,Unknown,../dataset/Pictures_CFSB_leaf_damage/2025_10_21_RSFB-Phenotyping_GG1_JLU/2025_10_21_RSFB-Phenotyping_GG1_JLU/20251021_132227.jpg,True,219_R4S_361_CHEMBERE DYAGUMHANA_37_3
2025_10_21_RSFB-Phenotyping_GG1_JLU,20251021_132236.jpg,219_R4S_361_CHEMBERE DYAGUMHANA_37_3,219.0,361.0,CHEMBERE DYAGUMHANA,37.0,3.0,20.0,6.5,13.5,2025_10_21_RSFB-Phenotyping_GG1_scores.csv,,13.25,13.5,False,,Unknown,../dataset/Pictures_CFSB_leaf_damage/2025_10_21_RSFB-Phenotyping_GG1_JLU/2025_10_21_RSFB-Phenotyping_GG1_JLU/20251021_132236.jpg,True,219_R4S_361_CHEMBERE DYAGUMHANA_37_3
2025_10_21_RSFB-Phenotyping_GG1_JLU,20251021_132247.jpg,226_R4S_302_Samo_38_3,226.0,302.0,Samo,38.0,3.0,45.0,9.0,36.0,2025_10_21_RSFB-Phenotyping_GG1_scores.csv,,27.0,36.0,False,,Unknown,../dataset/Pictures_CFSB_leaf_damage/2025_10_21_RSFB-Phenotyping_GG1_JLU/2025_10_21_RSFB-Phenotyping_GG1_JLU/20251021_132247.jpg,True,226_R4S_302_Samo_38_3
2025_10_21_RSFB-Phenotyping_GG1_JLU,20251021_132302.jpg,226_R4S_302_Samo_38_3,226.0,302.0,Samo,38.0,3.0,42.0,7.5,34.5,2025_10_21_RSFB-Phenotyping_GG1_scores.csv,,24.75,34.5,False,,Unknown,../dataset/Pictures_CFSB_leaf_damage/2025_10_21_RSFB-Phenotyping_GG1_JLU/2025_10_21_RSFB-Phenotyping_GG1_JLU/20251021_132302.jpg,True,226_R4S_302_Samo_38_3
2025_10_21_RSFB-Phenotyping_GG1_JLU,20251021_132309.jpg,226_R4S_302_Samo_38_3,226.0,302.0,Samo,38.0,3.0,30.0,8.5,21.5,2025_10_21_RSFB-Phenotyping_GG1_scores.csv,,19.25,21.5,False,,Unknown,../dataset/Pictures_CFSB_leaf_damage/2025_10_21_RSFB-Phenotyping_GG1_JLU/2025_10_21_RSFB-Phenotyping_GG1_JLU/20251021_132309.jpg,True,226_R4S_302_Samo_38_3
2025_10_21_RSFB-Phenotyping_GG1_JLU,20251021_132334.jpg,231_R4S_405_L239_39_3,231.0,405.0,L239,39.0,3.0,5.0,9.0,4.0,2025_10_21_RSFB-Phenotyping_GG1_scores.csv,,7.0,4.0,True,,Unknown,../dataset/Pictures_CFSB_leaf_damage/2025_10_21_RSFB-Phenotyping_GG1_JLU/2025_10_21_RSFB-Phenotyping_GG1_JLU/20251021_132334.jpg,True,231_R4S_405_L239_39_3
2025_10_21_RSFB-Phenotyping_GG1_JLU,20251021_132342.jpg,231_R4S_405_L239_39_3,231.0,405.0,L239,39.0,3.0,12.0,2.5,9.5,2025_10_21_RSFB-Phenotyping_GG1_scores.csv,,7.25,9.5,False,,Unknown,../dataset/Pictures_CFSB_leaf_damage/2025_10_21_RSFB-Phenotyping_GG1_JLU/2025_10_21_RSFB-Phenotyping_GG1_JLU/20251021_132342.jpg,True,231_R4S_405_L239_39_3
2025_10_21_RSFB-Phenotyping_GG1_JLU,20251021_132355.jpg,231_R4S_405_L239_39_3,231.0,405.0,L239,39.0,3.0,10.0,6.5,3.5,2025_10_21_RSFB-Phenotyping_GG1_scores.csv,,8.25,3.5,True,,Unknown,../dataset/Pictures_CFSB_leaf_damage/2025_10_21_RSFB-Phenotyping_GG1_JLU/2025_10_21_RSFB-Phenotyping_GG1_JLU/20251021_132355.jpg,True,231_R4S_405_L239_39_3
2025_10_21_RSFB-Phenotyping_GG1_JLU,20251021_132410.jpg,238_R4S_162_Recital_40_3,238.0,162.0,Recital,40.0,3.0,15.0,8.0,7.0,2025_10_21_RSFB-Phenotyping_GG1_scores.csv,,11.5,7.0,False,,Unknown,../dataset/Pictures_CFSB_leaf_damage/2025_10_21_RSFB-Phenotyping_GG1_JLU/2025_10_21_RSFB-Phenotyping_GG1_JLU/20251021_132410.jpg,True,238_R4S_162_Recital_40_3
2025_10_21_RSFB-Phenotyping_GG1_JLU,20251021_132417.jpg,238_R4S_162_Recital_40_3,238.0,162.0,Recital,40.0,3.0,12.0,7.5,4.5,2025_10_21_RSFB-Phenotyping_GG1_scores.csv,,9.75,4.5,True,,Unknown,../dataset/Pictures_CFSB_leaf_damage/2025_10_21_RSFB-Phenotyping_GG1_JLU/2025_10_21_RSFB-Phenotyping_GG1_JLU/20251021_132417.jpg,True,238_R4S_162_Recital_40_3
2025_10_21_RSFB-Phenotyping_GG1_JLU,20251021_132424.jpg,238_R4S_162_Recital_40_3,238.0,162.0,Recital,40.0,3.0,10.0,2.5,7.5,2025_10_21_RSFB-Phenotyping_GG1_scores.csv,,6.25,7.5,False,,Unknown,../dataset/Pictures_CFSB_leaf_damage/2025_10_21_RSFB-Phenotyping_GG1_JLU/2025_10_21_RSFB-Phenotyping_GG1_JLU/20251021_132424.jpg,True,238_R4S_162_Recital_40_3
2025_10_21_RSFB-Phenotyping_GG1_JLU,20251021_132437.jpg,243_R4S_515_R31_41_3,243.0,515.0,R31,41.0,3.0,4.0,7.5,3.5,2025_10_21_RSFB-Phenotyping_GG1_scores.csv,,5.75,3.5,True,,Unknown,../dataset/Pictures_CFSB_leaf_damage/2025_10_21_RSFB-Phenotyping_GG1_JLU/2025_10_21_RSFB-Phenotyping_GG1_JLU/20251021_132437.jpg,True,243_R4S_515_R31_41_3
2025_10_21_RSFB-Phenotyping_GG1_JLU,20251021_132444.jpg,243_R4S_515_R31_41_3,243.0,515.0,R31,41.0,3.0,2.0,1.0,1.0,2025_10_21_RSFB-Phenotyping_GG1_scores.csv,,1.5,1.0,True,,Unknown,../dataset/Pictures_CFSB_leaf_damage/2025_10_21_RSFB-Phenotyping_GG1_JLU/2025_10_21_RSFB-Phenotyping_GG1_JLU/20251021_132444.jpg,True,243_R4S_515_R31_41_3
2025_10_21_RSFB-Phenotyping_GG1_JLU,20251021_132451.jpg,243_R4S_515_R31_41_3,243.0,515.0,R31,41.0,3.0,25.0,10.5,14.5,2025_10_21_RSFB-Phenotyping_GG1_scores.csv,,17.75,14.5,False,,Unknown,../dataset/Pictures_CFSB_leaf_damage/2025_10_21_RSFB-Phenotyping_GG1_JLU/2025_10_21_RSFB-Phenotyping_GG1_JLU/20251021_132451.jpg,True,243_R4S_515_R31_41_3
2025_10_21_RSFB-Phenotyping_GG1_JLU,20251021_132506.jpg,250_R4S_299_Liragruen_42_3,250.0,299.0,Liragruen,42.0,3.0,2.0,3.0,1.0,2025_10_21_RSFB-Phenotyping_GG1_scores.csv,,2.5,1.0,True,,Unknown,../dataset/Pictures_CFSB_leaf_damage/2025_10_21_RSFB-Phenotyping_GG1_JLU/2025_10_21_RSFB-Phenotyping_GG1_JLU/20251021_132506.jpg,True,250_R4S_299_Liragruen_42_3
2025_10_21_RSFB-Phenotyping_GG1_JLU,20251021_132518.jpg,250_R4S_299_Liragruen_42_3,250.0,299.0,Liragruen,42.0,3.0,5.0,5.0,0.0,2025_10_21_RSFB-Phenotyping_GG1_scores.csv,,5.0,0.0,True,,Unknown,../dataset/Pictures_CFSB_leaf_damage/2025_10_21_RSFB-Phenotyping_GG1_JLU/2025_10_21_RSFB-Phenotyping_GG1_JLU/20251021_132518.jpg,True,250_R4S_299_Liragruen_42_3
2025_10_21_RSFB-Phenotyping_GG1_JLU,20251021_132528.jpg,250_R4S_299_Liragruen_42_3,250.0,299.0,Liragruen,42.0,3.0,10.0,13.5,3.5,2025_10_21_RSFB-Phenotyping_GG1_scores.csv,,11.75,3.5,True,,Unknown,../dataset/Pictures_CFSB_leaf_damage/2025_10_21_RSFB-Phenotyping_GG1_JLU/2025_10_21_RSFB-Phenotyping_GG1_JLU/20251021_132528.jpg,True,250_R4S_299_Liragruen_42_3
2025_10_21_RSFB-Phenotyping_GG1_JLU,20251021_132543.jpg,255_R4S_226_Lilian_43_3,255.0,226.0,Lilian,43.0,3.0,25.0,9.5,15.5,2025_10_21_RSFB-Phenotyping_GG1_scores.csv,,17.25,15.5,False,,Unknown,../dataset/Pictures_CFSB_leaf_damage/2025_10_21_RSFB-Phenotyping_GG1_JLU/2025_10_21_RSFB-Phenotyping_GG1_JLU/20251021_132543.jpg,True,255_R4S_226_Lilian_43_3
2025_10_21_RSFB-Phenotyping_GG1_JLU,20251021_132550.jpg,255_R4S_226_Lilian_43_3,255.0,226.0,Lilian,43.0,3.0,2.0,8.5,6.5,2025_10_21_RSFB-Phenotyping_GG1_scores.csv,,5.25,6.5,False,,Unknown,../dataset/Pictures_CFSB_leaf_damage/2025_10_21_RSFB-Phenotyping_GG1_JLU/2025_10_21_RSFB-Phenotyping_GG1_JLU/20251021_132550.jpg,True,255_R4S_226_Lilian_43_3
2025_10_21_RSFB-Phenotyping_GG1_JLU,20251021_132559.jpg,255_R4S_226_Lilian_43_3,255.0,226.0,Lilian,43.0,3.0,15.0,14.0,1.0,2025_10_21_RSFB-Phenotyping_GG1_scores.csv,,14.5,1.0,True,,Unknown,../dataset/Pictures_CFSB_leaf_damage/2025_10_21_RSFB-Phenotyping_GG1_JLU/2025_10_21_RSFB-Phenotyping_GG1_JLU/20251021_132559.jpg,True,255_R4S_226_Lilian_43_3
2025_10_21_RSFB-Phenotyping_GG1_JLU,20251021_132617.jpg,262_R4S_234_Yephir_44_3,262.0,234.0,Yephir,44.0,3.0,35.0,18.5,16.5,2025_10_21_RSFB-Phenotyping_GG1_scores.csv,,26.75,16.5,False,,Unknown,../dataset/Pictures_CFSB_leaf_damage/2025_10_21_RSFB-Phenotyping_GG1_JLU/2025_10_21_RSFB-Phenotyping_GG1_JLU/20251021_132617.jpg,True,262_R4S_234_Yephir_44_3
2025_10_21_RSFB-Phenotyping_GG1_JLU,20251021_132625.jpg,262_R4S_234_Yephir_44_3,262.0,234.0,Yephir,44.0,3.0,35.0,23.0,12.0,2025_10_21_RSFB-Phenotyping_GG1_scores.csv,,29.0,12.0,False,,Unknown,../dataset/Pictures_CFSB_leaf_damage/2025_10_21_RSFB-Phenotyping_GG1_JLU/2025_10_21_RSFB-Phenotyping_GG1_JLU/20251021_132625.jpg,True,262_R4S_234_Yephir_44_3
2025_10_21_RSFB-Phenotyping_GG1_JLU,20251021_132633.jpg,262_R4S_234_Yephir_44_3,262.0,234.0,Yephir,44.0,3.0,1.0,0.0,1.0,2025_10_21_RSFB-Phenotyping_GG1_scores.csv,,0.5,1.0,True,,Unknown,../dataset/Pictures_CFSB_leaf_damage/2025_10_21_RSFB-Phenotyping_GG1_JLU/2025_10_21_RSFB-Phenotyping_GG1_JLU/20251021_132633.jpg,True,262_R4S_234_Yephir_44_3
2025_10_21_RSFB-Phenotyping_GG1_JLU,20251021_132648.jpg,267_R4S_290_Trebicska_45_3,267.0,290.0,Trebicska,45.0,3.0,30.0,15.5,14.5,2025_10_21_RSFB-Phenotyping_GG1_scores.csv,,22.75,14.5,False,,Unknown,../dataset/Pictures_CFSB_leaf_damage/2025_10_21_RSFB-Phenotyping_GG1_JLU/2025_10_21_RSFB-Phenotyping_GG1_JLU/20251021_132648.jpg,True,267_R4S_290_Trebicska_45_3
2025_10_21_RSFB-Phenotyping_GG1_JLU,20251021_132656.jpg,267_R4S_290_Trebicska_45_3,267.0,290.0,Trebicska,45.0,3.0,18.0,8.0,10.0,2025_10_21_RSFB-Phenotyping_GG1_scores.csv,,13.0,10.0,False,,Unknown,../dataset/Pictures_CFSB_leaf_damage/2025_10_21_RSFB-Phenotyping_GG1_JLU/2025_10_21_RSFB-Phenotyping_GG1_JLU/20251021_132656.jpg,True,267_R4S_290_Trebicska_45_3
2025_10_21_RSFB-Phenotyping_GG1_JLU,20251021_132705.jpg,267_R4S_290_Trebicska_45_3,267.0,290.0,Trebicska,45.0,3.0,8.0,8.0,0.0,2025_10_21_RSFB-Phenotyping_GG1_scores.csv,,8.0,0.0,True,,Unknown,../dataset/Pictures_CFSB_leaf_damage/2025_10_21_RSFB-Phenotyping_GG1_JLU/2025_10_21_RSFB-Phenotyping_GG1_JLU/20251021_132705.jpg,True,267_R4S_290_Trebicska_45_3
2025_10_21_RSFB-Phenotyping_GG1_JLU,20251021_132724.jpg,274_R4S_163_Magnum_46_3,274.0,163.0,Magnum,46.0,3.0,3.0,5.0,2.0,2025_10_21_RSFB-Phenotyping_GG1_scores.csv,,4.0,2.0,True,,Unknown,../dataset/Pictures_CFSB_leaf_damage/2025_10_21_RSFB-Phenotyping_GG1_JLU/2025_10_21_RSFB-Phenotyping_GG1_JLU/20251021_132724.jpg,True,274_R4S_163_Magnum_46_3
2025_10_21_RSFB-Phenotyping_GG1_JLU,20251021_132731.jpg,274_R4S_163_Magnum_46_3,274.0,163.0,Magnum,46.0,3.0,8.0,8.0,0.0,2025_10_21_RSFB-Phenotyping_GG1_scores.csv,,8.0,0.0,True,,Unknown,../dataset/Pictures_CFSB_leaf_damage/2025_10_21_RSFB-Phenotyping_GG1_JLU/2025_10_21_RSFB-Phenotyping_GG1_JLU/20251021_132731.jpg,True,274_R4S_163_Magnum_46_3
2025_10_21_RSFB-Phenotyping_GG1_JLU,20251021_132738.jpg,274_R4S_163_Magnum_46_3,274.0,163.0,Magnum,46.0,3.0,7.0,7.0,0.0,2025_10_21_RSFB-Phenotyping_GG1_scores.csv,,7.0,0.0,True,,Unknown,../dataset/Pictures_CFSB_leaf_damage/2025_10_21_RSFB-Phenotyping_GG1_JLU/2025_10_21_RSFB-Phenotyping_GG1_JLU/20251021_132738.jpg,True,274_R4S_163_Magnum_46_3
2025_10_21_RSFB-Phenotyping_GG1_JLU,20251021_132753.jpg,279_R4S_542_Smaragd_47_3,279.0,542.0,Smaragd,47.0,3.0,2.0,20.5,18.5,2025_10_21_RSFB-Phenotyping_GG1_scores.csv,,11.25,18.5,False,,Unknown,../dataset/Pictures_CFSB_leaf_damage/2025_10_21_RSFB-Phenotyping_GG1_JLU/2025_10_21_RSFB-Phenotyping_GG1_JLU/20251021_132753.jpg,True,279_R4S_542_Smaragd_47_3
2025_10_21_RSFB-Phenotyping_GG1_JLU,20251021_132801.jpg,279_R4S_542_Smaragd_47_3,279.0,542.0,Smaragd,47.0,3.0,3.0,12.5,9.5,2025_10_21_RSFB-Phenotyping_GG1_scores.csv,,7.75,9.5,False,,Unknown,../dataset/Pictures_CFSB_leaf_damage/2025_10_21_RSFB-Phenotyping_GG1_JLU/2025_10_21_RSFB-Phenotyping_GG1_JLU/20251021_132801.jpg,True,279_R4S_542_Smaragd_47_3
2025_10_21_RSFB-Phenotyping_GG1_JLU,20251021_132808.jpg,279_R4S_542_Smaragd_47_3,279.0,542.0,Smaragd,47.0,3.0,2.0,2.5,0.5,2025_10_21_RSFB-Phenotyping_GG1_scores.csv,,2.25,0.5,True,,Unknown,../dataset/Pictures_CFSB_leaf_damage/2025_10_21_RSFB-Phenotyping_GG1_JLU/2025_10_21_RSFB-Phenotyping_GG1_JLU/20251021_132808.jpg,True,279_R4S_542_Smaragd_47_3
2025_10_21_RSFB-Phenotyping_GG1_JLU,20251021_132821.jpg,286_R4S_262_Lord_48_3,286.0,262.0,Lord,48.0,3.0,7.0,3.5,3.5,2025_10_21_RSFB-Phenotyping_GG1_scores.csv,,5.25,3.5,True,,Unknown,../dataset/Pictures_CFSB_leaf_damage/2025_10_21_RSFB-Phenotyping_GG1_JLU/2025_10_21_RSFB-Phenotyping_GG1_JLU/20251021_132821.jpg,True,286_R4S_262_Lord_48_3
2025_10_21_RSFB-Phenotyping_GG1_JLU,20251021_132829.jpg,286_R4S_262_Lord_48_3,286.0,262.0,Lord,48.0,3.0,8.0,12.0,4.0,2025_10_21_RSFB-Phenotyping_GG1_scores.csv,,10.0,4.0,True,,Unknown,../dataset/Pictures_CFSB_leaf_damage/2025_10_21_RSFB-Phenotyping_GG1_JLU/2025_10_21_RSFB-Phenotyping_GG1_JLU/20251021_132829.jpg,True,286_R4S_262_Lord_48_3
2025_10_21_RSFB-Phenotyping_GG1_JLU,20251021_132836.jpg,286_R4S_262_Lord_48_3,286.0,262.0,Lord,48.0,3.0,8.0,7.0,1.0,2025_10_21_RSFB-Phenotyping_GG1_scores.csv,,7.5,1.0,True,,Unknown,../dataset/Pictures_CFSB_leaf_damage/2025_10_21_RSFB-Phenotyping_GG1_JLU/2025_10_21_RSFB-Phenotyping_GG1_JLU/20251021_132836.jpg,True,286_R4S_262_Lord_48_3
2025_10_21_RSFB-Phenotyping_GG1_JLU,20251021_132849.jpg,291_R4S_362_BRAUNER SCHNITTKOHL_49_3,291.0,362.0,BRAUNER SCHNITTKOHL,49.0,3.0,15.0,16.0,1.0,2025_10_21_RSFB-Phenotyping_GG1_scores.csv,,15.5,1.0,True,,Unknown,../dataset/Pictures_CFSB_leaf_damage/2025_10_21_RSFB-Phenotyping_GG1_JLU/2025_10_21_RSFB-Phenotyping_GG1_JLU/20251021_132849.jpg,True,291_R4S_362_BRAUNER SCHNITTKOHL_49_3
2025_10_21_RSFB-Phenotyping_GG1_JLU,20251021_132855.jpg,291_R4S_362_BRAUNER SCHNITTKOHL_49_3,291.0,362.0,BRAUNER SCHNITTKOHL,49.0,3.0,23.0,6.5,16.5,2025_10_21_RSFB-Phenotyping_GG1_scores.csv,,14.75,16.5,False,,Unknown,../dataset/Pictures_CFSB_leaf_damage/2025_10_21_RSFB-Phenotyping_GG1_JLU/2025_10_21_RSFB-Phenotyping_GG1_JLU/20251021_132855.jpg,True,291_R4S_362_BRAUNER SCHNITTKOHL_49_3
2025_10_21_RSFB-Phenotyping_GG1_JLU,20251021_132902.jpg,291_R4S_362_BRAUNER SCHNITTKOHL_49_3,291.0,362.0,BRAUNER SCHNITTKOHL,49.0,3.0,15.0,5.0,10.0,2025_10_21_RSFB-Phenotyping_GG1_scores.csv,,10.0,10.0,False,,Unknown,../dataset/Pictures_CFSB_leaf_damage/2025_10_21_RSFB-Phenotyping_GG1_JLU/2025_10_21_RSFB-Phenotyping_GG1_JLU/20251021_132902.jpg,True,291_R4S_362_BRAUNER SCHNITTKOHL_49_3
2025_10_21_RSFB-Phenotyping_GG1_JLU,20251021_132914.jpg,298_R4S_484_R75_50_3,298.0,484.0,R75,50.0,3.0,32.0,4.0,28.0,2025_10_21_RSFB-Phenotyping_GG1_scores.csv,,18.0,28.0,False,,Unknown,../dataset/Pictures_CFSB_leaf_damage/2025_10_21_RSFB-Phenotyping_GG1_JLU/2025_10_21_RSFB-Phenotyping_GG1_JLU/20251021_132914.jpg,True,298_R4S_484_R75_50_3
2025_10_21_RSFB-Phenotyping_GG1_JLU,20251021_132919.jpg,298_R4S_484_R75_50_3,298.0,484.0,R75,50.0,3.0,28.0,4.5,23.5,2025_10_21_RSFB-Phenotyping_GG1_scores.csv,,16.25,23.5,False,,Unknown,../dataset/Pictures_CFSB_leaf_damage/2025_10_21_RSFB-Phenotyping_GG1_JLU/2025_10_21_RSFB-Phenotyping_GG1_JLU/20251021_132919.jpg,True,298_R4S_484_R75_50_3
2025_10_21_RSFB-Phenotyping_GG1_JLU,20251021_132926.jpg,298_R4S_484_R75_50_3,298.0,484.0,R75,50.0,3.0,38.0,12.0,26.0,2025_10_21_RSFB-Phenotyping_GG1_scores.csv,,25.0,26.0,False,,Unknown,../dataset/Pictures_CFSB_leaf_damage/2025_10_21_RSFB-Phenotyping_GG1_JLU/2025_10_21_RSFB-Phenotyping_GG1_JLU/20251021_132926.jpg,True,298_R4S_484_R75_50_3
2025_10_21_RSFB-Phenotyping_GG1_JLU,20251021_133005.jpg,303_R4S_301_Parapluie_51_3,303.0,301.0,Parapluie,51.0,3.0,23.0,26.0,3.0,2025_10_21_RSFB-Phenotyping_GG1_scores.csv,,24.5,3.0,True,,Unknown,../dataset/Pictures_CFSB_leaf_damage/2025_10_21_RSFB-Phenotyping_GG1_JLU/2025_10_21_RSFB-Phenotyping_GG1_JLU/20251021_133005.jpg,True,303_R4S_301_Parapluie_51_3
2025_10_21_RSFB-Phenotyping_GG1_JLU,20251021_133010.jpg,303_R4S_301_Parapluie_51_3,303.0,301.0,Parapluie,51.0,3.0,25.0,17.0,8.0,2025_10_21_RSFB-Phenotyping_GG1_scores.csv,,21.0,8.0,False,,Unknown,../dataset/Pictures_CFSB_leaf_damage/2025_10_21_RSFB-Phenotyping_GG1_JLU/2025_10_21_RSFB-Phenotyping_GG1_JLU/20251021_133010.jpg,True,303_R4S_301_Parapluie_51_3
2025_10_21_RSFB-Phenotyping_GG1_JLU,20251021_133018.jpg,303_R4S_301_Parapluie_51_3,303.0,301.0,Parapluie,51.0,3.0,15.0,6.5,8.5,2025_10_21_RSFB-Phenotyping_GG1_scores.csv,,10.75,8.5,False,,Unknown,../dataset/Pictures_CFSB_leaf_damage/2025_10_21_RSFB-Phenotyping_GG1_JLU/2025_10_21_RSFB-Phenotyping_GG1_JLU/20251021_133018.jpg,True,303_R4S_301_Parapluie_51_3
2025_10_21_RSFB-Phenotyping_GG1_JLU,20251021_133030.jpg,310_Smaragd_52_3,310.0,,Smaragd,52.0,3.0,25.0,14.5,10.5,2025_10_21_RSFB-Phenotyping_GG1_scores.csv,,19.75,10.5,False,,Unknown,../dataset/Pictures_CFSB_leaf_damage/2025_10_21_RSFB-Phenotyping_GG1_JLU/2025_10_21_RSFB-Phenotyping_GG1_JLU/20251021_133030.jpg,True,310_Smaragd_52_3
2025_10_21_RSFB-Phenotyping_GG1_JLU,20251021_133035.jpg,310_Smaragd_52_3,310.0,,Smaragd,52.0,3.0,15.0,16.5,1.5,2025_10_21_RSFB-Phenotyping_GG1_scores.csv,,15.75,1.5,True,,Unknown,../dataset/Pictures_CFSB_leaf_damage/2025_10_21_RSFB-Phenotyping_GG1_JLU/2025_10_21_RSFB-Phenotyping_GG1_JLU/20251021_133035.jpg,True,310_Smaragd_52_3
2025_10_21_RSFB-Phenotyping_GG1_JLU,20251021_133044.jpg,310_Smaragd_52_3,310.0,,Smaragd,52.0,3.0,15.0,22.0,7.0,2025_10_21_RSFB-Phenotyping_GG1_scores.csv,,18.5,7.0,False,,Unknown,../dataset/Pictures_CFSB_leaf_damage/2025_10_21_RSFB-Phenotyping_GG1_JLU/2025_10_21_RSFB-Phenotyping_GG1_JLU/20251021_133044.jpg,True,310_Smaragd_52_3
2025_10_21_RSFB-Phenotyping_GG1_JLU,20251021_151358.jpg,4_Smaragd_1_4,4.0,,Smaragd,1.0,4.0,25.0,21.0,4.0,2025_10_21_RSFB-Phenotyping_GG1_scores.csv,,23.0,4.0,True,,Unknown,../dataset/Pictures_CFSB_leaf_damage/2025_10_21_RSFB-Phenotyping_GG1_JLU/2025_10_21_RSFB-Phenotyping_GG1_JLU/20251021_151358.jpg,True,4_Smaragd_1_4
2025_10_21_RSFB-Phenotyping_GG1_JLU,20251021_151403.jpg,4_Smaragd_1_4,4.0,,Smaragd,1.0,4.0,5.0,5.5,0.5,2025_10_21_RSFB-Phenotyping_GG1_scores.csv,,5.25,0.5,True,,Unknown,../dataset/Pictures_CFSB_leaf_damage/2025_10_21_RSFB-Phenotyping_GG1_JLU/2025_10_21_RSFB-Phenotyping_GG1_JLU/20251021_151403.jpg,True,4_Smaragd_1_4
2025_10_21_RSFB-Phenotyping_GG1_JLU,20251021_151409.jpg,4_Smaragd_1_4,4.0,,Smaragd,1.0,4.0,7.0,7.5,0.5,2025_10_21_RSFB-Phenotyping_GG1_scores.csv,,7.25,0.5,True,,Unknown,../dataset/Pictures_CFSB_leaf_damage/2025_10_21_RSFB-Phenotyping_GG1_JLU/2025_10_21_RSFB-Phenotyping_GG1_JLU/20251021_151409.jpg,True,4_Smaragd_1_4
2025_10_21_RSFB-Phenotyping_GG1_JLU,20251021_151424.jpg,9_R4S_503_Express 617_2_4,9.0,503.0,Express 617,2.0,4.0,30.0,3.5,26.5,2025_10_21_RSFB-Phenotyping_GG1_scores.csv,,16.75,26.5,False,,Unknown,../dataset/Pictures_CFSB_leaf_damage/2025_10_21_RSFB-Phenotyping_GG1_JLU/2025_10_21_RSFB-Phenotyping_GG1_JLU/20251021_151424.jpg,True,9_R4S_503_Express 617_2_4
2025_10_21_RSFB-Phenotyping_GG1_JLU,20251021_151432.jpg,9_R4S_503_Express 617_2_4,9.0,503.0,Express 617,2.0,4.0,2.0,12.5,10.5,2025_10_21_RSFB-Phenotyping_GG1_scores.csv,,7.25,10.5,False,,Unknown,../dataset/Pictures_CFSB_leaf_damage/2025_10_21_RSFB-Phenotyping_GG1_JLU/2025_10_21_RSFB-Phenotyping_GG1_JLU/20251021_151432.jpg,True,9_R4S_503_Express 617_2_4
2025_10_21_RSFB-Phenotyping_GG1_JLU,20251021_151439.jpg,9_R4S_503_Express 617_2_4,9.0,503.0,Express 617,2.0,4.0,8.0,2.5,5.5,2025_10_21_RSFB-Phenotyping_GG1_scores.csv,,5.25,5.5,False,,Unknown,../dataset/Pictures_CFSB_leaf_damage/2025_10_21_RSFB-Phenotyping_GG1_JLU/2025_10_21_RSFB-Phenotyping_GG1_JLU/20251021_151439.jpg,True,9_R4S_503_Express 617_2_4
2025_10_21_RSFB-Phenotyping_GG1_JLU,20251021_151505.jpg,16_R4S_459_S14_3_4,16.0,459.0,S14,3.0,4.0,15.0,4.5,10.5,2025_10_21_RSFB-Phenotyping_GG1_scores.csv,,9.75,10.5,False,,Unknown,../dataset/Pictures_CFSB_leaf_damage/2025_10_21_RSFB-Phenotyping_GG1_JLU/2025_10_21_RSFB-Phenotyping_GG1_JLU/20251021_151505.jpg,True,16_R4S_459_S14_3_4
2025_10_21_RSFB-Phenotyping_GG1_JLU,20251021_151512.jpg,16_R4S_459_S14_3_4,16.0,459.0,S14,3.0,4.0,9.0,4.0,5.0,2025_10_21_RSFB-Phenotyping_GG1_scores.csv,,6.5,5.0,False,,Unknown,../dataset/Pictures_CFSB_leaf_damage/2025_10_21_RSFB-Phenotyping_GG1_JLU/2025_10_21_RSFB-Phenotyping_GG1_JLU/20251021_151512.jpg,True,16_R4S_459_S14_3_4
2025_10_21_RSFB-Phenotyping_GG1_JLU,20251021_151523.jpg,16_R4S_459_S14_3_4,16.0,459.0,S14,3.0,4.0,3.0,4.5,1.5,2025_10_21_RSFB-Phenotyping_GG1_scores.csv,,3.75,1.5,True,,Unknown,../dataset/Pictures_CFSB_leaf_damage/2025_10_21_RSFB-Phenotyping_GG1_JLU/2025_10_21_RSFB-Phenotyping_GG1_JLU/20251021_151523.jpg,True,16_R4S_459_S14_3_4
2025_10_21_RSFB-Phenotyping_GG1_JLU,20251021_151533.jpg,21_R4S_278_Libritta_4_4,21.0,278.0,Libritta,4.0,4.0,1.0,2.0,1.0,2025_10_21_RSFB-Phenotyping_GG1_scores.csv,,1.5,1.0,True,,Unknown,../dataset/Pictures_CFSB_leaf_damage/2025_10_21_RSFB-Phenotyping_GG1_JLU/2025_10_21_RSFB-Phenotyping_GG1_JLU/20251021_151533.jpg,True,21_R4S_278_Libritta_4_4
2025_10_21_RSFB-Phenotyping_GG1_JLU,20251021_151540.jpg,21_R4S_278_Libritta_4_4,21.0,278.0,Libritta,4.0,4.0,3.0,4.5,1.5,2025_10_21_RSFB-Phenotyping_GG1_scores.csv,,3.75,1.5,True,,Unknown,../dataset/Pictures_CFSB_leaf_damage/2025_10_21_RSFB-Phenotyping_GG1_JLU/2025_10_21_RSFB-Phenotyping_GG1_JLU/20251021_151540.jpg,True,21_R4S_278_Libritta_4_4
2025_10_21_RSFB-Phenotyping_GG1_JLU,20251021_151548.jpg,21_R4S_278_Libritta_4_4,21.0,278.0,Libritta,4.0,4.0,2.0,2.5,0.5,2025_10_21_RSFB-Phenotyping_GG1_scores.csv,,2.25,0.5,True,,Unknown,../dataset/Pictures_CFSB_leaf_damage/2025_10_21_RSFB-Phenotyping_GG1_JLU/2025_10_21_RSFB-Phenotyping_GG1_JLU/20251021_151548.jpg,True,21_R4S_278_Libritta_4_4
2025_10_21_RSFB-Phenotyping_GG1_JLU,20251021_151602.jpg,28_R4S_348_Wilhelmsburger_5_4,28.0,348.0,Wilhelmsburger,5.0,4.0,2.0,3.5,1.5,2025_10_21_RSFB-Phenotyping_GG1_scores.csv,,2.75,1.5,True,,Unknown,../dataset/Pictures_CFSB_leaf_damage/2025_10_21_RSFB-Phenotyping_GG1_JLU/2025_10_21_RSFB-Phenotyping_GG1_JLU/20251021_151602.jpg,True,28_R4S_348_Wilhelmsburger_5_4
2025_10_21_RSFB-Phenotyping_GG1_JLU,20251021_151613.jpg,28_R4S_348_Wilhelmsburger_5_4,28.0,348.0,Wilhelmsburger,5.0,4.0,7.0,7.5,0.5,2025_10_21_RSFB-Phenotyping_GG1_scores.csv,,7.25,0.5,True,,Unknown,../dataset/Pictures_CFSB_leaf_damage/2025_10_21_RSFB-Phenotyping_GG1_JLU/2025_10_21_RSFB-Phenotyping_GG1_JLU/20251021_151613.jpg,True,28_R4S_348_Wilhelmsburger_5_4
2025_10_21_RSFB-Phenotyping_GG1_JLU,20251021_151621.jpg,28_R4S_348_Wilhelmsburger_5_4,28.0,348.0,Wilhelmsburger,5.0,4.0,18.0,13.5,4.5,2025_10_21_RSFB-Phenotyping_GG1_scores.csv,,15.75,4.5,True,,Unknown,../dataset/Pictures_CFSB_leaf_damage/2025_10_21_RSFB-Phenotyping_GG1_JLU/2025_10_21_RSFB-Phenotyping_GG1_JLU/20251021_151621.jpg,True,28_R4S_348_Wilhelmsburger_5_4
2025_10_21_RSFB-Phenotyping_GG1_JLU,20251021_151633.jpg,33_R4S_281_Madora_6_4,33.0,281.0,Madora,6.0,4.0,10.0,6.0,4.0,2025_10_21_RSFB-Phenotyping_GG1_scores.csv,,8.0,4.0,True,,Unknown,../dataset/Pictures_CFSB_leaf_damage/2025_10_21_RSFB-Phenotyping_GG1_JLU/2025_10_21_RSFB-Phenotyping_GG1_JLU/20251021_151633.jpg,True,33_R4S_281_Madora_6_4
2025_10_21_RSFB-Phenotyping_GG1_JLU,20251021_151642.jpg,33_R4S_281_Madora_6_4,33.0,281.0,Madora,6.0,4.0,10.0,4.5,5.5,2025_10_21_RSFB-Phenotyping_GG1_scores.csv,,7.25,5.5,False,,Unknown,../dataset/Pictures_CFSB_leaf_damage/2025_10_21_RSFB-Phenotyping_GG1_JLU/2025_10_21_RSFB-Phenotyping_GG1_JLU/20251021_151642.jpg,True,33_R4S_281_Madora_6_4
2025_10_21_RSFB-Phenotyping_GG1_JLU,20251021_151650.jpg,33_R4S_281_Madora_6_4,33.0,281.0,Madora,6.0,4.0,35.0,13.5,21.5,2025_10_21_RSFB-Phenotyping_GG1_scores.csv,,24.25,21.5,False,,Unknown,../dataset/Pictures_CFSB_leaf_damage/2025_10_21_RSFB-Phenotyping_GG1_JLU/2025_10_21_RSFB-Phenotyping_GG1_JLU/20251021_151650.jpg,True,33_R4S_281_Madora_6_4
2025_10_21_RSFB-Phenotyping_GG1_JLU,20251021_151704.jpg,40_R4S_381_Panter_7_4,40.0,381.0,Panter,7.0,4.0,35.0,13.0,22.0,2025_10_21_RSFB-Phenotyping_GG1_scores.csv,,24.0,22.0,False,,Unknown,../dataset/Pictures_CFSB_leaf_damage/2025_10_21_RSFB-Phenotyping_GG1_JLU/2025_10_21_RSFB-Phenotyping_GG1_JLU/20251021_151704.jpg,True,40_R4S_381_Panter_7_4
2025_10_21_RSFB-Phenotyping_GG1_JLU,20251021_151711.jpg,40_R4S_381_Panter_7_4,40.0,381.0,Panter,7.0,4.0,25.0,7.5,17.5,2025_10_21_RSFB-Phenotyping_GG1_scores.csv,,16.25,17.5,False,,Unknown,../dataset/Pictures_CFSB_leaf_damage/2025_10_21_RSFB-Phenotyping_GG1_JLU/2025_10_21_RSFB-Phenotyping_GG1_JLU/20251021_151711.jpg,True,40_R4S_381_Panter_7_4
2025_10_21_RSFB-Phenotyping_GG1_JLU,20251021_151720.jpg,40_R4S_381_Panter_7_4,40.0,381.0,Panter,7.0,4.0,40.0,27.0,13.0,2025_10_21_RSFB-Phenotyping_GG1_scores.csv,,33.5,13.0,False,,Unknown,../dataset/Pictures_CFSB_leaf_damage/2025_10_21_RSFB-Phenotyping_GG1_JLU/2025_10_21_RSFB-Phenotyping_GG1_JLU/20251021_151720.jpg,True,40_R4S_381_Panter_7_4
2025_10_21_RSFB-Phenotyping_GG1_JLU,20251021_151731.jpg,45_R4S_531_WINFRED_8_4,45.0,531.0,WINFRED,8.0,4.0,1.0,5.5,4.5,2025_10_21_RSFB-Phenotyping_GG1_scores.csv,,3.25,4.5,True,,Unknown,../dataset/Pictures_CFSB_leaf_damage/2025_10_21_RSFB-Phenotyping_GG1_JLU/2025_10_21_RSFB-Phenotyping_GG1_JLU/20251021_151731.jpg,True,45_R4S_531_WINFRED_8_4
2025_10_21_RSFB-Phenotyping_GG1_JLU,20251021_151741.jpg,45_R4S_531_WINFRED_8_4,45.0,531.0,WINFRED,8.0,4.0,1.0,2.5,1.5,2025_10_21_RSFB-Phenotyping_GG1_scores.csv,,1.75,1.5,True,,Unknown,../dataset/Pictures_CFSB_leaf_damage/2025_10_21_RSFB-Phenotyping_GG1_JLU/2025_10_21_RSFB-Phenotyping_GG1_JLU/20251021_151741.jpg,True,45_R4S_531_WINFRED_8_4
2025_10_21_RSFB-Phenotyping_GG1_JLU,20251021_151751.jpg,45_R4S_531_WINFRED_8_4,45.0,531.0,WINFRED,8.0,4.0,30.0,37.5,7.5,2025_10_21_RSFB-Phenotyping_GG1_scores.csv,,33.75,7.5,False,,Unknown,../dataset/Pictures_CFSB_leaf_damage/2025_10_21_RSFB-Phenotyping_GG1_JLU/2025_10_21_RSFB-Phenotyping_GG1_JLU/20251021_151751.jpg,True,45_R4S_531_WINFRED_8_4
2025_10_21_RSFB-Phenotyping_GG1_JLU,20251021_151809.jpg,52_R4S_436_RS13&6_9_4,52.0,436.0,RS13&6,9.0,4.0,47.0,25.5,21.5,2025_10_21_RSFB-Phenotyping_GG1_scores.csv,,36.25,21.5,False,,Unknown,../dataset/Pictures_CFSB_leaf_damage/2025_10_21_RSFB-Phenotyping_GG1_JLU/2025_10_21_RSFB-Phenotyping_GG1_JLU/20251021_151809.jpg,True,52_R4S_436_RS13&6_9_4
2025_10_21_RSFB-Phenotyping_GG1_JLU,20251021_151815.jpg,52_R4S_436_RS13&6_9_4,52.0,436.0,RS13&6,9.0,4.0,45.0,17.5,27.5,2025_10_21_RSFB-Phenotyping_GG1_scores.csv,,31.25,27.5,False,,Unknown,../dataset/Pictures_CFSB_leaf_damage/2025_10_21_RSFB-Phenotyping_GG1_JLU/2025_10_21_RSFB-Phenotyping_GG1_JLU/20251021_151815.jpg,True,52_R4S_436_RS13&6_9_4
2025_10_21_RSFB-Phenotyping_GG1_JLU,20251021_151822.jpg,52_R4S_436_RS13&6_9_4,52.0,436.0,RS13&6,9.0,4.0,45.0,19.5,25.5,2025_10_21_RSFB-Phenotyping_GG1_scores.csv,,32.25,25.5,False,,Unknown,../dataset/Pictures_CFSB_leaf_damage/2025_10_21_RSFB-Phenotyping_GG1_JLU/2025_10_21_RSFB-Phenotyping_GG1_JLU/20251021_151822.jpg,True,52_R4S_436_RS13&6_9_4
2025_10_21_RSFB-Phenotyping_GG1_JLU,20251021_151835.jpg,57_R4S_380_Sarepta_10_4,57.0,380.0,Sarepta,10.0,4.0,40.0,9.0,31.0,2025_10_21_RSFB-Phenotyping_GG1_scores.csv,,24.5,31.0,False,,Unknown,../dataset/Pictures_CFSB_leaf_damage/2025_10_21_RSFB-Phenotyping_GG1_JLU/2025_10_21_RSFB-Phenotyping_GG1_JLU/20251021_151835.jpg,True,57_R4S_380_Sarepta_10_4
2025_10_21_RSFB-Phenotyping_GG1_JLU,20251021_151843.jpg,57_R4S_380_Sarepta_10_4,57.0,380.0,Sarepta,10.0,4.0,30.0,26.0,4.0,2025_10_21_RSFB-Phenotyping_GG1_scores.csv,,28.0,4.0,True,,Unknown,../dataset/Pictures_CFSB_leaf_damage/2025_10_21_RSFB-Phenotyping_GG1_JLU/2025_10_21_RSFB-Phenotyping_GG1_JLU/20251021_151843.jpg,True,57_R4S_380_Sarepta_10_4
2025_10_21_RSFB-Phenotyping_GG1_JLU,20251021_151851.jpg,57_R4S_380_Sarepta_10_4,57.0,380.0,Sarepta,10.0,4.0,27.0,20.5,6.5,2025_10_21_RSFB-Phenotyping_GG1_scores.csv,,23.75,6.5,False,,Unknown,../dataset/Pictures_CFSB_leaf_damage/2025_10_21_RSFB-Phenotyping_GG1_JLU/2025_10_21_RSFB-Phenotyping_GG1_JLU/20251021_151851.jpg,True,57_R4S_380_Sarepta_10_4
2025_10_21_RSFB-Phenotyping_GG1_JLU,20251021_151907.jpg,64_R4S_323_Parkside_11_4,64.0,323.0,Parkside,11.0,4.0,25.0,5.5,19.5,2025_10_21_RSFB-Phenotyping_GG1_scores.csv,,15.25,19.5,False,,Unknown,../dataset/Pictures_CFSB_leaf_damage/2025_10_21_RSFB-Phenotyping_GG1_JLU/2025_10_21_RSFB-Phenotyping_GG1_JLU/20251021_151907.jpg,True,64_R4S_323_Parkside_11_4
2025_10_21_RSFB-Phenotyping_GG1_JLU,20251021_151915.jpg,64_R4S_323_Parkside_11_4,64.0,323.0,Parkside,11.0,4.0,12.0,5.5,6.5,2025_10_21_RSFB-Phenotyping_GG1_scores.csv,,8.75,6.5,False,,Unknown,../dataset/Pictures_CFSB_leaf_damage/2025_10_21_RSFB-Phenotyping_GG1_JLU/2025_10_21_RSFB-Phenotyping_GG1_JLU/20251021_151915.jpg,True,64_R4S_323_Parkside_11_4
2025_10_21_RSFB-Phenotyping_GG1_JLU,20251021_151921.jpg,64_R4S_323_Parkside_11_4,64.0,323.0,Parkside,11.0,4.0,20.0,12.0,8.0,2025_10_21_RSFB-Phenotyping_GG1_scores.csv,,16.0,8.0,False,,Unknown,../dataset/Pictures_CFSB_leaf_damage/2025_10_21_RSFB-Phenotyping_GG1_JLU/2025_10_21_RSFB-Phenotyping_GG1_JLU/20251021_151921.jpg,True,64_R4S_323_Parkside_11_4
2025_10_21_RSFB-Phenotyping_GG1_JLU,20251021_151934.jpg,69_R4S_504_Express 617_12_4,69.0,504.0,Express 617,12.0,4.0,3.0,8.5,5.5,2025_10_21_RSFB-Phenotyping_GG1_scores.csv,,5.75,5.5,False,,Unknown,../dataset/Pictures_CFSB_leaf_damage/2025_10_21_RSFB-Phenotyping_GG1_JLU/2025_10_21_RSFB-Phenotyping_GG1_JLU/20251021_151934.jpg,True,69_R4S_504_Express 617_12_4
2025_10_21_RSFB-Phenotyping_GG1_JLU,20251021_151943.jpg,69_R4S_504_Express 617_12_4,69.0,504.0,Express 617,12.0,4.0,1.0,3.5,2.5,2025_10_21_RSFB-Phenotyping_GG1_scores.csv,,2.25,2.5,True,,Unknown,../dataset/Pictures_CFSB_leaf_damage/2025_10_21_RSFB-Phenotyping_GG1_JLU/2025_10_21_RSFB-Phenotyping_GG1_JLU/20251021_151943.jpg,True,69_R4S_504_Express 617_12_4
2025_10_21_RSFB-Phenotyping_GG1_JLU,20251021_151952.jpg,69_R4S_504_Express 617_12_4,69.0,504.0,Express 617,12.0,4.0,3.0,5.5,2.5,2025_10_21_RSFB-Phenotyping_GG1_scores.csv,,4.25,2.5,True,,Unknown,../dataset/Pictures_CFSB_leaf_damage/2025_10_21_RSFB-Phenotyping_GG1_JLU/2025_10_21_RSFB-Phenotyping_GG1_JLU/20251021_151952.jpg,True,69_R4S_504_Express 617_12_4
2025_10_21_RSFB-Phenotyping_GG1_JLU,20251021_152006.jpg,76_R4S_152_Missouri_13_4,76.0,152.0,Missouri,13.0,4.0,45.0,13.5,31.5,2025_10_21_RSFB-Phenotyping_GG1_scores.csv,,29.25,31.5,False,,Unknown,../dataset/Pictures_CFSB_leaf_damage/2025_10_21_RSFB-Phenotyping_GG1_JLU/2025_10_21_RSFB-Phenotyping_GG1_JLU/20251021_152006.jpg,True,76_R4S_152_Missouri_13_4
2025_10_21_RSFB-Phenotyping_GG1_JLU,20251021_152015.jpg,76_R4S_152_Missouri_13_4,76.0,152.0,Missouri,13.0,4.0,8.0,6.0,2.0,2025_10_21_RSFB-Phenotyping_GG1_scores.csv,,7.0,2.0,True,,Unknown,../dataset/Pictures_CFSB_leaf_damage/2025_10_21_RSFB-Phenotyping_GG1_JLU/2025_10_21_RSFB-Phenotyping_GG1_JLU/20251021_152015.jpg,True,76_R4S_152_Missouri_13_4
2025_10_21_RSFB-Phenotyping_GG1_JLU,20251021_152026.jpg,76_R4S_152_Missouri_13_4,76.0,152.0,Missouri,13.0,4.0,2.0,8.5,6.5,2025_10_21_RSFB-Phenotyping_GG1_scores.csv,,5.25,6.5,False,,Unknown,../dataset/Pictures_CFSB_leaf_damage/2025_10_21_RSFB-Phenotyping_GG1_JLU/2025_10_21_RSFB-Phenotyping_GG1_JLU/20251021_152026.jpg,True,76_R4S_152_Missouri_13_4
2025_10_21_RSFB-Phenotyping_GG1_JLU,20251021_152040.jpg,81_R4S_276_Jupiter_14_4,81.0,276.0,Jupiter,14.0,4.0,14.0,4.5,9.5,2025_10_21_RSFB-Phenotyping_GG1_scores.csv,,9.25,9.5,False,,Unknown,../dataset/Pictures_CFSB_leaf_damage/2025_10_21_RSFB-Phenotyping_GG1_JLU/2025_10_21_RSFB-Phenotyping_GG1_JLU/20251021_152040.jpg,True,81_R4S_276_Jupiter_14_4
2025_10_21_RSFB-Phenotyping_GG1_JLU,20251021_152047.jpg,81_R4S_276_Jupiter_14_4,81.0,276.0,Jupiter,14.0,4.0,35.0,11.5,23.5,2025_10_21_RSFB-Phenotyping_GG1_scores.csv,,23.25,23.5,False,,Unknown,../dataset/Pictures_CFSB_leaf_damage/2025_10_21_RSFB-Phenotyping_GG1_JLU/2025_10_21_RSFB-Phenotyping_GG1_JLU/20251021_152047.jpg,True,81_R4S_276_Jupiter_14_4
2025_10_21_RSFB-Phenotyping_GG1_JLU,20251021_152101.jpg,81_R4S_276_Jupiter_14_4,81.0,276.0,Jupiter,14.0,4.0,43.0,15.0,28.0,2025_10_21_RSFB-Phenotyping_GG1_scores.csv,,29.0,28.0,False,,Unknown,../dataset/Pictures_CFSB_leaf_damage/2025_10_21_RSFB-Phenotyping_GG1_JLU/2025_10_21_RSFB-Phenotyping_GG1_JLU/20251021_152101.jpg,True,81_R4S_276_Jupiter_14_4
2025_10_21_RSFB-Phenotyping_GG1_JLU,20251021_152119.jpg,88_R4S_172_Aragon_15_4,88.0,172.0,Aragon,15.0,4.0,8.0,6.5,1.5,2025_10_21_RSFB-Phenotyping_GG1_scores.csv,,7.25,1.5,True,,Unknown,../dataset/Pictures_CFSB_leaf_damage/2025_10_21_RSFB-Phenotyping_GG1_JLU/2025_10_21_RSFB-Phenotyping_GG1_JLU/20251021_152119.jpg,True,88_R4S_172_Aragon_15_4
2025_10_21_RSFB-Phenotyping_GG1_JLU,20251021_152127.jpg,88_R4S_172_Aragon_15_4,88.0,172.0,Aragon,15.0,4.0,28.0,13.0,15.0,2025_10_21_RSFB-Phenotyping_GG1_scores.csv,,20.5,15.0,False,,Unknown,../dataset/Pictures_CFSB_leaf_damage/2025_10_21_RSFB-Phenotyping_GG1_JLU/2025_10_21_RSFB-Phenotyping_GG1_JLU/20251021_152127.jpg,True,88_R4S_172_Aragon_15_4
2025_10_21_RSFB-Phenotyping_GG1_JLU,20251021_152134.jpg,88_R4S_172_Aragon_15_4,88.0,172.0,Aragon,15.0,4.0,42.0,24.5,17.5,2025_10_21_RSFB-Phenotyping_GG1_scores.csv,,33.25,17.5,False,,Unknown,../dataset/Pictures_CFSB_leaf_damage/2025_10_21_RSFB-Phenotyping_GG1_JLU/2025_10_21_RSFB-Phenotyping_GG1_JLU/20251021_152134.jpg,True,88_R4S_172_Aragon_15_4
2025_10_21_RSFB-Phenotyping_GG1_JLU,20251021_152143.jpg,93_R4S_502_LG Aviron_16_4,93.0,502.0,LG Aviron,16.0,4.0,2.0,1.5,0.5,2025_10_21_RSFB-Phenotyping_GG1_scores.csv,,1.75,0.5,True,,Unknown,../dataset/Pictures_CFSB_leaf_damage/2025_10_21_RSFB-Phenotyping_GG1_JLU/2025_10_21_RSFB-Phenotyping_GG1_JLU/20251021_152143.jpg,True,93_R4S_502_LG Aviron_16_4
2025_10_21_RSFB-Phenotyping_GG1_JLU,20251021_152150.jpg,93_R4S_502_LG Aviron_16_4,93.0,502.0,LG Aviron,16.0,4.0,2.0,3.0,1.0,2025_10_21_RSFB-Phenotyping_GG1_scores.csv,,2.5,1.0,True,,Unknown,../dataset/Pictures_CFSB_leaf_damage/2025_10_21_RSFB-Phenotyping_GG1_JLU/2025_10_21_RSFB-Phenotyping_GG1_JLU/20251021_152150.jpg,True,93_R4S_502_LG Aviron_16_4
2025_10_21_RSFB-Phenotyping_GG1_JLU,20251021_152157.jpg,93_R4S_502_LG Aviron_16_4,93.0,502.0,LG Aviron,16.0,4.0,18.0,9.0,9.0,2025_10_21_RSFB-Phenotyping_GG1_scores.csv,,13.5,9.0,False,,Unknown,../dataset/Pictures_CFSB_leaf_damage/2025_10_21_RSFB-Phenotyping_GG1_JLU/2025_10_21_RSFB-Phenotyping_GG1_JLU/20251021_152157.jpg,True,93_R4S_502_LG Aviron_16_4
2025_10_21_RSFB-Phenotyping_GG1_JLU,20251021_152213.jpg,100_R4S_251_Lisabeth_17_4,100.0,251.0,Lisabeth,17.0,4.0,20.0,7.5,12.5,2025_10_21_RSFB-Phenotyping_GG1_scores.csv,,13.75,12.5,False,,Unknown,../dataset/Pictures_CFSB_leaf_damage/2025_10_21_RSFB-Phenotyping_GG1_JLU/2025_10_21_RSFB-Phenotyping_GG1_JLU/20251021_152213.jpg,True,100_R4S_251_Lisabeth_17_4
2025_10_21_RSFB-Phenotyping_GG1_JLU,20251021_152220.jpg,100_R4S_251_Lisabeth_17_4,100.0,251.0,Lisabeth,17.0,4.0,14.0,5.0,9.0,2025_10_21_RSFB-Phenotyping_GG1_scores.csv,,9.5,9.0,False,,Unknown,../dataset/Pictures_CFSB_leaf_damage/2025_10_21_RSFB-Phenotyping_GG1_JLU/2025_10_21_RSFB-Phenotyping_GG1_JLU/20251021_152220.jpg,True,100_R4S_251_Lisabeth_17_4
2025_10_21_RSFB-Phenotyping_GG1_JLU,20251021_152227.jpg,100_R4S_251_Lisabeth_17_4,100.0,251.0,Lisabeth,17.0,4.0,10.0,6.0,4.0,2025_10_21_RSFB-Phenotyping_GG1_scores.csv,,8.0,4.0,True,,Unknown,../dataset/Pictures_CFSB_leaf_damage/2025_10_21_RSFB-Phenotyping_GG1_JLU/2025_10_21_RSFB-Phenotyping_GG1_JLU/20251021_152227.jpg,True,100_R4S_251_Lisabeth_17_4
2025_10_21_RSFB-Phenotyping_GG1_JLU,20251021_152237.jpg,105_R4S_183_Prince_18_4,105.0,183.0,Prince,18.0,4.0,15.0,7.0,8.0,2025_10_21_RSFB-Phenotyping_GG1_scores.csv,,11.0,8.0,False,,Unknown,../dataset/Pictures_CFSB_leaf_damage/2025_10_21_RSFB-Phenotyping_GG1_JLU/2025_10_21_RSFB-Phenotyping_GG1_JLU/20251021_152237.jpg,True,105_R4S_183_Prince_18_4
2025_10_21_RSFB-Phenotyping_GG1_JLU,20251021_152247.jpg,105_R4S_183_Prince_18_4,105.0,183.0,Prince,18.0,4.0,8.0,5.0,3.0,2025_10_21_RSFB-Phenotyping_GG1_scores.csv,,6.5,3.0,True,,Unknown,../dataset/Pictures_CFSB_leaf_damage/2025_10_21_RSFB-Phenotyping_GG1_JLU/2025_10_21_RSFB-Phenotyping_GG1_JLU/20251021_152247.jpg,True,105_R4S_183_Prince_18_4
2025_10_21_RSFB-Phenotyping_GG1_JLU,20251021_152253.jpg,105_R4S_183_Prince_18_4,105.0,183.0,Prince,18.0,4.0,10.0,6.0,4.0,2025_10_21_RSFB-Phenotyping_GG1_scores.csv,,8.0,4.0,True,,Unknown,../dataset/Pictures_CFSB_leaf_damage/2025_10_21_RSFB-Phenotyping_GG1_JLU/2025_10_21_RSFB-Phenotyping_GG1_JLU/20251021_152253.jpg,True,105_R4S_183_Prince_18_4
2025_10_21_RSFB-Phenotyping_GG1_JLU,20251021_152309.jpg,112_R4S_407_S39_19_4,112.0,407.0,S39,19.0,4.0,48.0,18.0,30.0,2025_10_21_RSFB-Phenotyping_GG1_scores.csv,,33.0,30.0,False,,Unknown,../dataset/Pictures_CFSB_leaf_damage/2025_10_21_RSFB-Phenotyping_GG1_JLU/2025_10_21_RSFB-Phenotyping_GG1_JLU/20251021_152309.jpg,True,112_R4S_407_S39_19_4
2025_10_21_RSFB-Phenotyping_GG1_JLU,20251021_152320.jpg,112_R4S_407_S39_19_4,112.0,407.0,S39,19.0,4.0,40.0,15.0,25.0,2025_10_21_RSFB-Phenotyping_GG1_scores.csv,,27.5,25.0,False,,Unknown,../dataset/Pictures_CFSB_leaf_damage/2025_10_21_RSFB-Phenotyping_GG1_JLU/2025_10_21_RSFB-Phenotyping_GG1_JLU/20251021_152320.jpg,True,112_R4S_407_S39_19_4
2025_10_21_RSFB-Phenotyping_GG1_JLU,20251021_152331.jpg,112_R4S_407_S39_19_4,112.0,407.0,S39,19.0,4.0,35.0,17.5,17.5,2025_10_21_RSFB-Phenotyping_GG1_scores.csv,,26.25,17.5,False,,Unknown,../dataset/Pictures_CFSB_leaf_damage/2025_10_21_RSFB-Phenotyping_GG1_JLU/2025_10_21_RSFB-Phenotyping_GG1_JLU/20251021_152331.jpg,True,112_R4S_407_S39_19_4
2025_10_21_RSFB-Phenotyping_GG1_JLU,20251021_152348.jpg,117_R4S_159_Lipton_20_4,117.0,159.0,Lipton,20.0,4.0,10.0,9.0,1.0,2025_10_21_RSFB-Phenotyping_GG1_scores.csv,,9.5,1.0,True,,Unknown,../dataset/Pictures_CFSB_leaf_damage/2025_10_21_RSFB-Phenotyping_GG1_JLU/2025_10_21_RSFB-Phenotyping_GG1_JLU/20251021_152348.jpg,True,117_R4S_159_Lipton_20_4
2025_10_21_RSFB-Phenotyping_GG1_JLU,20251021_152408.jpg,117_R4S_159_Lipton_20_4,117.0,159.0,Lipton,20.0,4.0,30.0,7.5,22.5,2025_10_21_RSFB-Phenotyping_GG1_scores.csv,,18.75,22.5,False,,Unknown,../dataset/Pictures_CFSB_leaf_damage/2025_10_21_RSFB-Phenotyping_GG1_JLU/2025_10_21_RSFB-Phenotyping_GG1_JLU/20251021_152408.jpg,True,117_R4S_159_Lipton_20_4
2025_10_21_RSFB-Phenotyping_GG1_JLU,20251021_152415.jpg,117_R4S_159_Lipton_20_4,117.0,159.0,Lipton,20.0,4.0,5.0,5.0,0.0,2025_10_21_RSFB-Phenotyping_GG1_scores.csv,,5.0,0.0,True,,Unknown,../dataset/Pictures_CFSB_leaf_damage/2025_10_21_RSFB-Phenotyping_GG1_JLU/2025_10_21_RSFB-Phenotyping_GG1_JLU/20251021_152415.jpg,True,117_R4S_159_Lipton_20_4
2025_10_21_RSFB-Phenotyping_GG1_JLU,20251021_152430.jpg,124_R4S_372_CANARD_21_4,124.0,372.0,CANARD,21.0,4.0,25.0,13.0,12.0,2025_10_21_RSFB-Phenotyping_GG1_scores.csv,,19.0,12.0,False,,Unknown,../dataset/Pictures_CFSB_leaf_damage/2025_10_21_RSFB-Phenotyping_GG1_JLU/2025_10_21_RSFB-Phenotyping_GG1_JLU/20251021_152430.jpg,True,124_R4S_372_CANARD_21_4
2025_10_21_RSFB-Phenotyping_GG1_JLU,20251021_152436.jpg,124_R4S_372_CANARD_21_4,124.0,372.0,CANARD,21.0,4.0,24.0,20.5,3.5,2025_10_21_RSFB-Phenotyping_GG1_scores.csv,,22.25,3.5,True,,Unknown,../dataset/Pictures_CFSB_leaf_damage/2025_10_21_RSFB-Phenotyping_GG1_JLU/2025_10_21_RSFB-Phenotyping_GG1_JLU/20251021_152436.jpg,True,124_R4S_372_CANARD_21_4
2025_10_21_RSFB-Phenotyping_GG1_JLU,20251021_152442.jpg,124_R4S_372_CANARD_21_4,124.0,372.0,CANARD,21.0,4.0,30.0,10.0,20.0,2025_10_21_RSFB-Phenotyping_GG1_scores.csv,,20.0,20.0,False,,Unknown,../dataset/Pictures_CFSB_leaf_damage/2025_10_21_RSFB-Phenotyping_GG1_JLU/2025_10_21_RSFB-Phenotyping_GG1_JLU/20251021_152442.jpg,True,124_R4S_372_CANARD_21_4
2025_10_21_RSFB-Phenotyping_GG1_JLU,20251021_152452.jpg,129_R4S_540_Smaragd_22_4,129.0,540.0,Smaragd,22.0,4.0,4.0,4.5,0.5,2025_10_21_RSFB-Phenotyping_GG1_scores.csv,,4.25,0.5,True,,Unknown,../dataset/Pictures_CFSB_leaf_damage/2025_10_21_RSFB-Phenotyping_GG1_JLU/2025_10_21_RSFB-Phenotyping_GG1_JLU/20251021_152452.jpg,True,129_R4S_540_Smaragd_22_4
2025_10_21_RSFB-Phenotyping_GG1_JLU,20251021_152457.jpg,129_R4S_540_Smaragd_22_4,129.0,540.0,Smaragd,22.0,4.0,3.0,9.5,6.5,2025_10_21_RSFB-Phenotyping_GG1_scores.csv,,6.25,6.5,False,,Unknown,../dataset/Pictures_CFSB_leaf_damage/2025_10_21_RSFB-Phenotyping_GG1_JLU/2025_10_21_RSFB-Phenotyping_GG1_JLU/20251021_152457.jpg,True,129_R4S_540_Smaragd_22_4
2025_10_21_RSFB-Phenotyping_GG1_JLU,20251021_152505.jpg,129_R4S_540_Smaragd_22_4,129.0,540.0,Smaragd,22.0,4.0,3.0,3.8,0.8,2025_10_21_RSFB-Phenotyping_GG1_scores.csv,,3.4,0.7999999999999998,True,,Unknown,../dataset/Pictures_CFSB_leaf_damage/2025_10_21_RSFB-Phenotyping_GG1_JLU/2025_10_21_RSFB-Phenotyping_GG1_JLU/20251021_152505.jpg,True,129_R4S_540_Smaragd_22_4
2025_10_21_RSFB-Phenotyping_GG1_JLU,20251021_152521.jpg,136_R4S_500_LG Atlas_23_4,136.0,500.0,LG Atlas,23.0,4.0,1.0,2.2,1.2,2025_10_21_RSFB-Phenotyping_GG1_scores.csv,,1.6,1.2000000000000002,True,,Unknown,../dataset/Pictures_CFSB_leaf_damage/2025_10_21_RSFB-Phenotyping_GG1_JLU/2025_10_21_RSFB-Phenotyping_GG1_JLU/20251021_152521.jpg,True,136_R4S_500_LG Atlas_23_4
2025_10_21_RSFB-Phenotyping_GG1_JLU,20251021_152528.jpg,136_R4S_500_LG Atlas_23_4,136.0,500.0,LG Atlas,23.0,4.0,2.0,3.5,1.5,2025_10_21_RSFB-Phenotyping_GG1_scores.csv,,2.75,1.5,True,,Unknown,../dataset/Pictures_CFSB_leaf_damage/2025_10_21_RSFB-Phenotyping_GG1_JLU/2025_10_21_RSFB-Phenotyping_GG1_JLU/20251021_152528.jpg,True,136_R4S_500_LG Atlas_23_4
2025_10_21_RSFB-Phenotyping_GG1_JLU,20251021_152534.jpg,136_R4S_500_LG Atlas_23_4,136.0,500.0,LG Atlas,23.0,4.0,0.0,,,2025_10_21_RSFB-Phenotyping_GG1_scores.csv,,,,False,,Unknown,../dataset/Pictures_CFSB_leaf_damage/2025_10_21_RSFB-Phenotyping_GG1_JLU/2025_10_21_RSFB-Phenotyping_GG1_JLU/20251021_152534.jpg,True,136_R4S_500_LG Atlas_23_4
2025_10_21_RSFB-Phenotyping_GG1_JLU,20251021_152554.jpg,141_R4S_448_K160.1.1_24_4,141.0,448.0,K160.1.1,24.0,4.0,30.0,12.0,18.0,2025_10_21_RSFB-Phenotyping_GG1_scores.csv,,21.0,18.0,False,,Unknown,../dataset/Pictures_CFSB_leaf_damage/2025_10_21_RSFB-Phenotyping_GG1_JLU/2025_10_21_RSFB-Phenotyping_GG1_JLU/20251021_152554.jpg,True,141_R4S_448_K160.1.1_24_4
2025_10_21_RSFB-Phenotyping_GG1_JLU,20251021_152601.jpg,141_R4S_448_K160.1.1_24_4,141.0,448.0,K160.1.1,24.0,4.0,15.0,16.5,1.5,2025_10_21_RSFB-Phenotyping_GG1_scores.csv,,15.75,1.5,True,,Unknown,../dataset/Pictures_CFSB_leaf_damage/2025_10_21_RSFB-Phenotyping_GG1_JLU/2025_10_21_RSFB-Phenotyping_GG1_JLU/20251021_152601.jpg,True,141_R4S_448_K160.1.1_24_4
2025_10_21_RSFB-Phenotyping_GG1_JLU,20251021_152612.jpg,141_R4S_448_K160.1.1_24_4,141.0,448.0,K160.1.1,24.0,4.0,8.0,6.5,1.5,2025_10_21_RSFB-Phenotyping_GG1_scores.csv,,7.25,1.5,True,,Unknown,../dataset/Pictures_CFSB_leaf_damage/2025_10_21_RSFB-Phenotyping_GG1_JLU/2025_10_21_RSFB-Phenotyping_GG1_JLU/20251021_152612.jpg,True,141_R4S_448_K160.1.1_24_4
2025_10_21_RSFB-Phenotyping_GG1_JLU,20251021_152637.jpg,148_R4S_384_Mestnij_25_4,148.0,384.0,Mestnij,25.0,4.0,16.0,8.5,7.5,2025_10_21_RSFB-Phenotyping_GG1_scores.csv,,12.25,7.5,False,,Unknown,../dataset/Pictures_CFSB_leaf_damage/2025_10_21_RSFB-Phenotyping_GG1_JLU/2025_10_21_RSFB-Phenotyping_GG1_JLU/20251021_152637.jpg,True,148_R4S_384_Mestnij_25_4
2025_10_21_RSFB-Phenotyping_GG1_JLU,20251021_152643.jpg,148_R4S_384_Mestnij_25_4,148.0,384.0,Mestnij,25.0,4.0,17.0,0.0,17.0,2025_10_21_RSFB-Phenotyping_GG1_scores.csv,,8.5,17.0,False,,Unknown,../dataset/Pictures_CFSB_leaf_damage/2025_10_21_RSFB-Phenotyping_GG1_JLU/2025_10_21_RSFB-Phenotyping_GG1_JLU/20251021_152643.jpg,True,148_R4S_384_Mestnij_25_4
2025_10_21_RSFB-Phenotyping_GG1_JLU,20251021_152653.jpg,148_R4S_384_Mestnij_25_4,148.0,384.0,Mestnij,25.0,4.0,1.0,8.5,7.5,2025_10_21_RSFB-Phenotyping_GG1_scores.csv,,4.75,7.5,False,,Unknown,../dataset/Pictures_CFSB_leaf_damage/2025_10_21_RSFB-Phenotyping_GG1_JLU/2025_10_21_RSFB-Phenotyping_GG1_JLU/20251021_152653.jpg,True,148_R4S_384_Mestnij_25_4
2025_10_21_RSFB-Phenotyping_GG1_JLU,20251021_152708.jpg,153_R4S_205_RESZN/H048_26_4,153.0,205.0,RESZN/H048,26.0,4.0,2.0,5.5,3.5,2025_10_21_RSFB-Phenotyping_GG1_scores.csv,,3.75,3.5,True,,Unknown,../dataset/Pictures_CFSB_leaf_damage/2025_10_21_RSFB-Phenotyping_GG1_JLU/2025_10_21_RSFB-Phenotyping_GG1_JLU/20251021_152708.jpg,True,153_R4S_205_RESZN/H048_26_4
2025_10_21_RSFB-Phenotyping_GG1_JLU,20251021_152715.jpg,153_R4S_205_RESZN/H048_26_4,153.0,205.0,RESZN/H048,26.0,4.0,4.0,6.0,2.0,2025_10_21_RSFB-Phenotyping_GG1_scores.csv,,5.0,2.0,True,,Unknown,../dataset/Pictures_CFSB_leaf_damage/2025_10_21_RSFB-Phenotyping_GG1_JLU/2025_10_21_RSFB-Phenotyping_GG1_JLU/20251021_152715.jpg,True,153_R4S_205_RESZN/H048_26_4
2025_10_21_RSFB-Phenotyping_GG1_JLU,20251021_152721.jpg,153_R4S_205_RESZN/H048_26_4,153.0,205.0,RESZN/H048,26.0,4.0,8.0,16.0,8.0,2025_10_21_RSFB-Phenotyping_GG1_scores.csv,,12.0,8.0,False,,Unknown,../dataset/Pictures_CFSB_leaf_damage/2025_10_21_RSFB-Phenotyping_GG1_JLU/2025_10_21_RSFB-Phenotyping_GG1_JLU/20251021_152721.jpg,True,153_R4S_205_RESZN/H048_26_4
2025_10_21_RSFB-Phenotyping_GG1_JLU,20251021_152731.jpg,160_R4S_352_LORD DERBZ_27_4,160.0,352.0,LORD DERBZ,27.0,4.0,40.0,11.5,28.5,2025_10_21_RSFB-Phenotyping_GG1_scores.csv,,25.75,28.5,False,,Unknown,../dataset/Pictures_CFSB_leaf_damage/2025_10_21_RSFB-Phenotyping_GG1_JLU/2025_10_21_RSFB-Phenotyping_GG1_JLU/20251021_152731.jpg,True,160_R4S_352_LORD DERBZ_27_4
2025_10_21_RSFB-Phenotyping_GG1_JLU,20251021_152737.jpg,160_R4S_352_LORD DERBZ_27_4,160.0,352.0,LORD DERBZ,27.0,4.0,42.0,9.0,33.0,2025_10_21_RSFB-Phenotyping_GG1_scores.csv,,25.5,33.0,False,,Unknown,../dataset/Pictures_CFSB_leaf_damage/2025_10_21_RSFB-Phenotyping_GG1_JLU/2025_10_21_RSFB-Phenotyping_GG1_JLU/20251021_152737.jpg,True,160_R4S_352_LORD DERBZ_27_4
2025_10_21_RSFB-Phenotyping_GG1_JLU,20251021_152743.jpg,160_R4S_352_LORD DERBZ_27_4,160.0,352.0,LORD DERBZ,27.0,4.0,43.0,12.5,30.5,2025_10_21_RSFB-Phenotyping_GG1_scores.csv,,27.75,30.5,False,,Unknown,../dataset/Pictures_CFSB_leaf_damage/2025_10_21_RSFB-Phenotyping_GG1_JLU/2025_10_21_RSFB-Phenotyping_GG1_JLU/20251021_152743.jpg,True,160_R4S_352_LORD DERBZ_27_4
2025_10_21_RSFB-Phenotyping_GG1_JLU,20251021_152755.jpg,165_R4S_346_Angus_28_4,165.0,346.0,Angus,28.0,4.0,32.0,10.0,22.0,2025_10_21_RSFB-Phenotyping_GG1_scores.csv,,21.0,22.0,False,,Unknown,../dataset/Pictures_CFSB_leaf_damage/2025_10_21_RSFB-Phenotyping_GG1_JLU/2025_10_21_RSFB-Phenotyping_GG1_JLU/20251021_152755.jpg,True,165_R4S_346_Angus_28_4
2025_10_21_RSFB-Phenotyping_GG1_JLU,20251021_152802.jpg,165_R4S_346_Angus_28_4,165.0,346.0,Angus,28.0,4.0,1.0,4.0,3.0,2025_10_21_RSFB-Phenotyping_GG1_scores.csv,,2.5,3.0,True,,Unknown,../dataset/Pictures_CFSB_leaf_damage/2025_10_21_RSFB-Phenotyping_GG1_JLU/2025_10_21_RSFB-Phenotyping_GG1_JLU/20251021_152802.jpg,True,165_R4S_346_Angus_28_4
2025_10_21_RSFB-Phenotyping_GG1_JLU,20251021_152809.jpg,165_R4S_346_Angus_28_4,165.0,346.0,Angus,28.0,4.0,2.0,3.5,1.5,2025_10_21_RSFB-Phenotyping_GG1_scores.csv,,2.75,1.5,True,,Unknown,../dataset/Pictures_CFSB_leaf_damage/2025_10_21_RSFB-Phenotyping_GG1_JLU/2025_10_21_RSFB-Phenotyping_GG1_JLU/20251021_152809.jpg,True,165_R4S_346_Angus_28_4
2025_10_21_RSFB-Phenotyping_GG1_JLU,20251021_152819.jpg,172_R4S_439_R76_29_4,172.0,439.0,R76,29.0,4.0,40.0,8.0,32.0,2025_10_21_RSFB-Phenotyping_GG1_scores.csv,,24.0,32.0,False,,Unknown,../dataset/Pictures_CFSB_leaf_damage/2025_10_21_RSFB-Phenotyping_GG1_JLU/2025_10_21_RSFB-Phenotyping_GG1_JLU/20251021_152819.jpg,True,172_R4S_439_R76_29_4
2025_10_21_RSFB-Phenotyping_GG1_JLU,20251021_152828.jpg,172_R4S_439_R76_29_4,172.0,439.0,R76,29.0,4.0,47.0,10.0,37.0,2025_10_21_RSFB-Phenotyping_GG1_scores.csv,,28.5,37.0,False,,Unknown,../dataset/Pictures_CFSB_leaf_damage/2025_10_21_RSFB-Phenotyping_GG1_JLU/2025_10_21_RSFB-Phenotyping_GG1_JLU/20251021_152828.jpg,True,172_R4S_439_R76_29_4
2025_10_21_RSFB-Phenotyping_GG1_JLU,20251021_152843.jpg,172_R4S_439_R76_29_4,172.0,439.0,R76,29.0,4.0,47.0,18.0,29.0,2025_10_21_RSFB-Phenotyping_GG1_scores.csv,,32.5,29.0,False,,Unknown,../dataset/Pictures_CFSB_leaf_damage/2025_10_21_RSFB-Phenotyping_GG1_JLU/2025_10_21_RSFB-Phenotyping_GG1_JLU/20251021_152843.jpg,True,172_R4S_439_R76_29_4
2025_10_21_RSFB-Phenotyping_GG1_JLU,20251021_152854.jpg,177_R4S_146_K615_30_4,177.0,146.0,K615,30.0,4.0,28.0,9.0,19.0,2025_10_21_RSFB-Phenotyping_GG1_scores.csv,,18.5,19.0,False,,Unknown,../dataset/Pictures_CFSB_leaf_damage/2025_10_21_RSFB-Phenotyping_GG1_JLU/2025_10_21_RSFB-Phenotyping_GG1_JLU/20251021_152854.jpg,True,177_R4S_146_K615_30_4
2025_10_21_RSFB-Phenotyping_GG1_JLU,20251021_152903.jpg,177_R4S_146_K615_30_4,177.0,146.0,K615,30.0,4.0,42.0,13.5,28.5,2025_10_21_RSFB-Phenotyping_GG1_scores.csv,,27.75,28.5,False,,Unknown,../dataset/Pictures_CFSB_leaf_damage/2025_10_21_RSFB-Phenotyping_GG1_JLU/2025_10_21_RSFB-Phenotyping_GG1_JLU/20251021_152903.jpg,True,177_R4S_146_K615_30_4
2025_10_21_RSFB-Phenotyping_GG1_JLU,20251021_152912.jpg,177_R4S_146_K615_30_4,177.0,146.0,K615,30.0,4.0,45.0,14.0,31.0,2025_10_21_RSFB-Phenotyping_GG1_scores.csv,,29.5,31.0,False,,Unknown,../dataset/Pictures_CFSB_leaf_damage/2025_10_21_RSFB-Phenotyping_GG1_JLU/2025_10_21_RSFB-Phenotyping_GG1_JLU/20251021_152912.jpg,True,177_R4S_146_K615_30_4
2025_10_21_RSFB-Phenotyping_GG1_JLU,20251021_152926.jpg,184_R4S_523_Taisetsu_31_4,184.0,523.0,Taisetsu,31.0,4.0,43.0,15.0,28.0,2025_10_21_RSFB-Phenotyping_GG1_scores.csv,,29.0,28.0,False,,Unknown,../dataset/Pictures_CFSB_leaf_damage/2025_10_21_RSFB-Phenotyping_GG1_JLU/2025_10_21_RSFB-Phenotyping_GG1_JLU/20251021_152926.jpg,True,184_R4S_523_Taisetsu_31_4
2025_10_21_RSFB-Phenotyping_GG1_JLU,20251021_152935.jpg,184_R4S_523_Taisetsu_31_4,184.0,523.0,Taisetsu,31.0,4.0,47.0,14.5,32.5,2025_10_21_RSFB-Phenotyping_GG1_scores.csv,,30.75,32.5,False,,Unknown,../dataset/Pictures_CFSB_leaf_damage/2025_10_21_RSFB-Phenotyping_GG1_JLU/2025_10_21_RSFB-Phenotyping_GG1_JLU/20251021_152935.jpg,True,184_R4S_523_Taisetsu_31_4
2025_10_21_RSFB-Phenotyping_GG1_JLU,20251021_152942.jpg,184_R4S_523_Taisetsu_31_4,184.0,523.0,Taisetsu,31.0,4.0,45.0,12.5,32.5,2025_10_21_RSFB-Phenotyping_GG1_scores.csv,,28.75,32.5,False,,Unknown,../dataset/Pictures_CFSB_leaf_damage/2025_10_21_RSFB-Phenotyping_GG1_JLU/2025_10_21_RSFB-Phenotyping_GG1_JLU/20251021_152942.jpg,True,184_R4S_523_Taisetsu_31_4
2025_10_21_RSFB-Phenotyping_GG1_JLU,20251021_152954.jpg,189_R4S_239_SW Sinatra_32_4,189.0,239.0,SW Sinatra,32.0,4.0,8.0,29.5,21.5,2025_10_21_RSFB-Phenotyping_GG1_scores.csv,,18.75,21.5,False,,Unknown,../dataset/Pictures_CFSB_leaf_damage/2025_10_21_RSFB-Phenotyping_GG1_JLU/2025_10_21_RSFB-Phenotyping_GG1_JLU/20251021_152954.jpg,True,189_R4S_239_SW Sinatra_32_4
2025_10_21_RSFB-Phenotyping_GG1_JLU,20251021_153001.jpg,189_R4S_239_SW Sinatra_32_4,189.0,239.0,SW Sinatra,32.0,4.0,15.0,13.0,2.0,2025_10_21_RSFB-Phenotyping_GG1_scores.csv,,14.0,2.0,True,,Unknown,../dataset/Pictures_CFSB_leaf_damage/2025_10_21_RSFB-Phenotyping_GG1_JLU/2025_10_21_RSFB-Phenotyping_GG1_JLU/20251021_153001.jpg,True,189_R4S_239_SW Sinatra_32_4
2025_10_21_RSFB-Phenotyping_GG1_JLU,20251021_153007.jpg,189_R4S_239_SW Sinatra_32_4,189.0,239.0,SW Sinatra,32.0,4.0,40.0,9.0,31.0,2025_10_21_RSFB-Phenotyping_GG1_scores.csv,,24.5,31.0,False,,Unknown,../dataset/Pictures_CFSB_leaf_damage/2025_10_21_RSFB-Phenotyping_GG1_JLU/2025_10_21_RSFB-Phenotyping_GG1_JLU/20251021_153007.jpg,True,189_R4S_239_SW Sinatra_32_4
2025_10_21_RSFB-Phenotyping_GG1_JLU,20251021_153020.jpg,196_R4S_347_Aberdeenshire Priye_33_4,196.0,347.0,Aberdeenshire Priye,33.0,4.0,38.0,11.5,26.5,2025_10_21_RSFB-Phenotyping_GG1_scores.csv,,24.75,26.5,False,,Unknown,../dataset/Pictures_CFSB_leaf_damage/2025_10_21_RSFB-Phenotyping_GG1_JLU/2025_10_21_RSFB-Phenotyping_GG1_JLU/20251021_153020.jpg,True,196_R4S_347_Aberdeenshire Priye_33_4
2025_10_21_RSFB-Phenotyping_GG1_JLU,20251021_153027.jpg,196_R4S_347_Aberdeenshire Priye_33_4,196.0,347.0,Aberdeenshire Priye,33.0,4.0,35.0,9.5,25.5,2025_10_21_RSFB-Phenotyping_GG1_scores.csv,,22.25,25.5,False,,Unknown,../dataset/Pictures_CFSB_leaf_damage/2025_10_21_RSFB-Phenotyping_GG1_JLU/2025_10_21_RSFB-Phenotyping_GG1_JLU/20251021_153027.jpg,True,196_R4S_347_Aberdeenshire Priye_33_4
2025_10_21_RSFB-Phenotyping_GG1_JLU,20251021_153035.jpg,196_R4S_347_Aberdeenshire Priye_33_4,196.0,347.0,Aberdeenshire Priye,33.0,4.0,40.0,11.5,28.5,2025_10_21_RSFB-Phenotyping_GG1_scores.csv,,25.75,28.5,False,,Unknown,../dataset/Pictures_CFSB_leaf_damage/2025_10_21_RSFB-Phenotyping_GG1_JLU/2025_10_21_RSFB-Phenotyping_GG1_JLU/20251021_153035.jpg,True,196_R4S_347_Aberdeenshire Priye_33_4
2025_10_21_RSFB-Phenotyping_GG1_JLU,20251021_153049.jpg,201_R4S_304_Q100_34_4,201.0,304.0,Q100,34.0,4.0,30.0,14.0,16.0,2025_10_21_RSFB-Phenotyping_GG1_scores.csv,,22.0,16.0,False,,Unknown,../dataset/Pictures_CFSB_leaf_damage/2025_10_21_RSFB-Phenotyping_GG1_JLU/2025_10_21_RSFB-Phenotyping_GG1_JLU/20251021_153049.jpg,True,201_R4S_304_Q100_34_4
2025_10_21_RSFB-Phenotyping_GG1_JLU,20251021_153056.jpg,201_R4S_304_Q100_34_4,201.0,304.0,Q100,34.0,4.0,45.0,14.5,30.5,2025_10_21_RSFB-Phenotyping_GG1_scores.csv,,29.75,30.5,False,,Unknown,../dataset/Pictures_CFSB_leaf_damage/2025_10_21_RSFB-Phenotyping_GG1_JLU/2025_10_21_RSFB-Phenotyping_GG1_JLU/20251021_153056.jpg,True,201_R4S_304_Q100_34_4
2025_10_21_RSFB-Phenotyping_GG1_JLU,20251021_153104.jpg,201_R4S_304_Q100_34_4,201.0,304.0,Q100,34.0,4.0,45.0,18.0,27.0,2025_10_21_RSFB-Phenotyping_GG1_scores.csv,,31.5,27.0,False,,Unknown,../dataset/Pictures_CFSB_leaf_damage/2025_10_21_RSFB-Phenotyping_GG1_JLU/2025_10_21_RSFB-Phenotyping_GG1_JLU/20251021_153104.jpg,True,201_R4S_304_Q100_34_4
2025_10_21_RSFB-Phenotyping_GG1_JLU,20251021_153121.jpg,208_R4S_418_R64_35_4,208.0,418.0,R64,35.0,4.0,49.0,22.0,27.0,2025_10_21_RSFB-Phenotyping_GG1_scores.csv,,35.5,27.0,False,,Unknown,../dataset/Pictures_CFSB_leaf_damage/2025_10_21_RSFB-Phenotyping_GG1_JLU/2025_10_21_RSFB-Phenotyping_GG1_JLU/20251021_153121.jpg,True,208_R4S_418_R64_35_4
2025_10_21_RSFB-Phenotyping_GG1_JLU,20251021_153130.jpg,208_R4S_418_R64_35_4,208.0,418.0,R64,35.0,4.0,45.0,16.5,28.5,2025_10_21_RSFB-Phenotyping_GG1_scores.csv,,30.75,28.5,False,,Unknown,../dataset/Pictures_CFSB_leaf_damage/2025_10_21_RSFB-Phenotyping_GG1_JLU/2025_10_21_RSFB-Phenotyping_GG1_JLU/20251021_153130.jpg,True,208_R4S_418_R64_35_4
2025_10_21_RSFB-Phenotyping_GG1_JLU,20251021_153136.jpg,208_R4S_418_R64_35_4,208.0,418.0,R64,35.0,4.0,10.0,7.0,3.0,2025_10_21_RSFB-Phenotyping_GG1_scores.csv,,8.5,3.0,True,,Unknown,../dataset/Pictures_CFSB_leaf_damage/2025_10_21_RSFB-Phenotyping_GG1_JLU/2025_10_21_RSFB-Phenotyping_GG1_JLU/20251021_153136.jpg,True,208_R4S_418_R64_35_4
2025_10_21_RSFB-Phenotyping_GG1_JLU,20251021_153148.jpg,213_R4S_237_Loreny_36_4,213.0,237.0,Loreny,36.0,4.0,42.0,13.5,28.5,2025_10_21_RSFB-Phenotyping_GG1_scores.csv,,27.75,28.5,False,,Unknown,../dataset/Pictures_CFSB_leaf_damage/2025_10_21_RSFB-Phenotyping_GG1_JLU/2025_10_21_RSFB-Phenotyping_GG1_JLU/20251021_153148.jpg,True,213_R4S_237_Loreny_36_4
2025_10_21_RSFB-Phenotyping_GG1_JLU,20251021_153156.jpg,213_R4S_237_Loreny_36_4,213.0,237.0,Loreny,36.0,4.0,38.0,16.0,22.0,2025_10_21_RSFB-Phenotyping_GG1_scores.csv,,27.0,22.0,False,,Unknown,../dataset/Pictures_CFSB_leaf_damage/2025_10_21_RSFB-Phenotyping_GG1_JLU/2025_10_21_RSFB-Phenotyping_GG1_JLU/20251021_153156.jpg,True,213_R4S_237_Loreny_36_4
2025_10_21_RSFB-Phenotyping_GG1_JLU,20251021_153203.jpg,213_R4S_237_Loreny_36_4,213.0,237.0,Loreny,36.0,4.0,1.0,5.0,4.0,2025_10_21_RSFB-Phenotyping_GG1_scores.csv,,3.0,4.0,True,,Unknown,../dataset/Pictures_CFSB_leaf_damage/2025_10_21_RSFB-Phenotyping_GG1_JLU/2025_10_21_RSFB-Phenotyping_GG1_JLU/20251021_153203.jpg,True,213_R4S_237_Loreny_36_4
2025_10_21_RSFB-Phenotyping_GG1_JLU,20251021_153216.jpg,220_R4S_497_R4S_NPY1_37_4,220.0,497.0,R4S_NPY1,37.0,4.0,2.0,4.5,2.5,2025_10_21_RSFB-Phenotyping_GG1_scores.csv,,3.25,2.5,True,,Unknown,../dataset/Pictures_CFSB_leaf_damage/2025_10_21_RSFB-Phenotyping_GG1_JLU/2025_10_21_RSFB-Phenotyping_GG1_JLU/20251021_153216.jpg,True,220_R4S_497_R4S_NPY1_37_4
2025_10_21_RSFB-Phenotyping_GG1_JLU,20251021_153224.jpg,220_R4S_497_R4S_NPY1_37_4,220.0,497.0,R4S_NPY1,37.0,4.0,3.0,8.5,5.5,2025_10_21_RSFB-Phenotyping_GG1_scores.csv,,5.75,5.5,False,,Unknown,../dataset/Pictures_CFSB_leaf_damage/2025_10_21_RSFB-Phenotyping_GG1_JLU/2025_10_21_RSFB-Phenotyping_GG1_JLU/20251021_153224.jpg,True,220_R4S_497_R4S_NPY1_37_4
2025_10_21_RSFB-Phenotyping_GG1_JLU,20251021_153234.jpg,220_R4S_497_R4S_NPY1_37_4,220.0,497.0,R4S_NPY1,37.0,4.0,2.0,7.0,5.0,2025_10_21_RSFB-Phenotyping_GG1_scores.csv,,4.5,5.0,False,,Unknown,../dataset/Pictures_CFSB_leaf_damage/2025_10_21_RSFB-Phenotyping_GG1_JLU/2025_10_21_RSFB-Phenotyping_GG1_JLU/20251021_153234.jpg,True,220_R4S_497_R4S_NPY1_37_4
2025_10_21_RSFB-Phenotyping_GG1_JLU,20251021_153248.jpg,225_R4S_365_Palu_38_4,225.0,365.0,Palu,38.0,4.0,25.0,9.5,15.5,2025_10_21_RSFB-Phenotyping_GG1_scores.csv,,17.25,15.5,False,,Unknown,../dataset/Pictures_CFSB_leaf_damage/2025_10_21_RSFB-Phenotyping_GG1_JLU/2025_10_21_RSFB-Phenotyping_GG1_JLU/20251021_153248.jpg,True,225_R4S_365_Palu_38_4
2025_10_21_RSFB-Phenotyping_GG1_JLU,20251021_153258.jpg,225_R4S_365_Palu_38_4,225.0,365.0,Palu,38.0,4.0,20.0,5.0,15.0,2025_10_21_RSFB-Phenotyping_GG1_scores.csv,,12.5,15.0,False,,Unknown,../dataset/Pictures_CFSB_leaf_damage/2025_10_21_RSFB-Phenotyping_GG1_JLU/2025_10_21_RSFB-Phenotyping_GG1_JLU/20251021_153258.jpg,True,225_R4S_365_Palu_38_4
2025_10_21_RSFB-Phenotyping_GG1_JLU,20251021_153304.jpg,225_R4S_365_Palu_38_4,225.0,365.0,Palu,38.0,4.0,28.0,12.5,15.5,2025_10_21_RSFB-Phenotyping_GG1_scores.csv,,20.25,15.5,False,,Unknown,../dataset/Pictures_CFSB_leaf_damage/2025_10_21_RSFB-Phenotyping_GG1_JLU/2025_10_21_RSFB-Phenotyping_GG1_JLU/20251021_153304.jpg,True,225_R4S_365_Palu_38_4
2025_10_21_RSFB-Phenotyping_GG1_JLU,20251021_153317.jpg,232_R4S_238_Viking_39_4,232.0,238.0,Viking,39.0,4.0,27.0,3.0,24.0,2025_10_21_RSFB-Phenotyping_GG1_scores.csv,,15.0,24.0,False,,Unknown,../dataset/Pictures_CFSB_leaf_damage/2025_10_21_RSFB-Phenotyping_GG1_JLU/2025_10_21_RSFB-Phenotyping_GG1_JLU/20251021_153317.jpg,True,232_R4S_238_Viking_39_4
2025_10_21_RSFB-Phenotyping_GG1_JLU,20251021_153328.jpg,232_R4S_238_Viking_39_4,232.0,238.0,Viking,39.0,4.0,23.0,8.0,15.0,2025_10_21_RSFB-Phenotyping_GG1_scores.csv,,15.5,15.0,False,,Unknown,../dataset/Pictures_CFSB_leaf_damage/2025_10_21_RSFB-Phenotyping_GG1_JLU/2025_10_21_RSFB-Phenotyping_GG1_JLU/20251021_153328.jpg,True,232_R4S_238_Viking_39_4
2025_10_21_RSFB-Phenotyping_GG1_JLU,20251021_153336.jpg,232_R4S_238_Viking_39_4,232.0,238.0,Viking,39.0,4.0,21.0,16.0,5.0,2025_10_21_RSFB-Phenotyping_GG1_scores.csv,,18.5,5.0,False,,Unknown,../dataset/Pictures_CFSB_leaf_damage/2025_10_21_RSFB-Phenotyping_GG1_JLU/2025_10_21_RSFB-Phenotyping_GG1_JLU/20251021_153336.jpg,True,232_R4S_238_Viking_39_4
2025_10_21_RSFB-Phenotyping_GG1_JLU,20251021_153346.jpg,237_R4S_334_Sator Oetofte_40_4,237.0,334.0,Sator Oetofte,40.0,4.0,2.0,5.0,3.0,2025_10_21_RSFB-Phenotyping_GG1_scores.csv,,3.5,3.0,True,,Unknown,../dataset/Pictures_CFSB_leaf_damage/2025_10_21_RSFB-Phenotyping_GG1_JLU/2025_10_21_RSFB-Phenotyping_GG1_JLU/20251021_153346.jpg,True,237_R4S_334_Sator Oetofte_40_4
2025_10_21_RSFB-Phenotyping_GG1_JLU,20251021_153356.jpg,237_R4S_334_Sator Oetofte_40_4,237.0,334.0,Sator Oetofte,40.0,4.0,7.0,8.5,1.5,2025_10_21_RSFB-Phenotyping_GG1_scores.csv,,7.75,1.5,True,,Unknown,../dataset/Pictures_CFSB_leaf_damage/2025_10_21_RSFB-Phenotyping_GG1_JLU/2025_10_21_RSFB-Phenotyping_GG1_JLU/20251021_153356.jpg,True,237_R4S_334_Sator Oetofte_40_4
2025_10_21_RSFB-Phenotyping_GG1_JLU,20251021_153403.jpg,237_R4S_334_Sator Oetofte_40_4,237.0,334.0,Sator Oetofte,40.0,4.0,27.0,10.0,17.0,2025_10_21_RSFB-Phenotyping_GG1_scores.csv,,18.5,17.0,False,,Unknown,../dataset/Pictures_CFSB_leaf_damage/2025_10_21_RSFB-Phenotyping_GG1_JLU/2025_10_21_RSFB-Phenotyping_GG1_JLU/20251021_153403.jpg,True,237_R4S_334_Sator Oetofte_40_4
2025_10_21_RSFB-Phenotyping_GG1_JLU,20251021_153417.jpg,244_R4S_206_Reszn/Goe S4_41_4,244.0,206.0,Reszn/Goe S4,41.0,4.0,38.0,15.0,23.0,2025_10_21_RSFB-Phenotyping_GG1_scores.csv,,26.5,23.0,False,,Unknown,../dataset/Pictures_CFSB_leaf_damage/2025_10_21_RSFB-Phenotyping_GG1_JLU/2025_10_21_RSFB-Phenotyping_GG1_JLU/20251021_153417.jpg,True,244_R4S_206_Reszn/Goe S4_41_4
2025_10_21_RSFB-Phenotyping_GG1_JLU,20251021_153423.jpg,244_R4S_206_Reszn/Goe S4_41_4,244.0,206.0,Reszn/Goe S4,41.0,4.0,45.0,18.0,27.0,2025_10_21_RSFB-Phenotyping_GG1_scores.csv,,31.5,27.0,False,,Unknown,../dataset/Pictures_CFSB_leaf_damage/2025_10_21_RSFB-Phenotyping_GG1_JLU/2025_10_21_RSFB-Phenotyping_GG1_JLU/20251021_153423.jpg,True,244_R4S_206_Reszn/Goe S4_41_4
2025_10_21_RSFB-Phenotyping_GG1_JLU,20251021_153433.jpg,244_R4S_206_Reszn/Goe S4_41_4,244.0,206.0,Reszn/Goe S4,41.0,4.0,47.0,20.0,27.0,2025_10_21_RSFB-Phenotyping_GG1_scores.csv,,33.5,27.0,False,,Unknown,../dataset/Pictures_CFSB_leaf_damage/2025_10_21_RSFB-Phenotyping_GG1_JLU/2025_10_21_RSFB-Phenotyping_GG1_JLU/20251021_153433.jpg,True,244_R4S_206_Reszn/Goe S4_41_4
2025_10_21_RSFB-Phenotyping_GG1_JLU,20251021_153447.jpg,249_R4S_339_Tina_42_4,249.0,339.0,Tina,42.0,4.0,43.0,13.0,30.0,2025_10_21_RSFB-Phenotyping_GG1_scores.csv,,28.0,30.0,False,,Unknown,../dataset/Pictures_CFSB_leaf_damage/2025_10_21_RSFB-Phenotyping_GG1_JLU/2025_10_21_RSFB-Phenotyping_GG1_JLU/20251021_153447.jpg,True,249_R4S_339_Tina_42_4
2025_10_21_RSFB-Phenotyping_GG1_JLU,20251021_153456.jpg,249_R4S_339_Tina_42_4,249.0,339.0,Tina,42.0,4.0,37.0,15.5,21.5,2025_10_21_RSFB-Phenotyping_GG1_scores.csv,,26.25,21.5,False,,Unknown,../dataset/Pictures_CFSB_leaf_damage/2025_10_21_RSFB-Phenotyping_GG1_JLU/2025_10_21_RSFB-Phenotyping_GG1_JLU/20251021_153456.jpg,True,249_R4S_339_Tina_42_4
2025_10_21_RSFB-Phenotyping_GG1_JLU,20251021_153503.jpg,249_R4S_339_Tina_42_4,249.0,339.0,Tina,42.0,4.0,22.0,11.0,11.0,2025_10_21_RSFB-Phenotyping_GG1_scores.csv,,16.5,11.0,False,,Unknown,../dataset/Pictures_CFSB_leaf_damage/2025_10_21_RSFB-Phenotyping_GG1_JLU/2025_10_21_RSFB-Phenotyping_GG1_JLU/20251021_153503.jpg,True,249_R4S_339_Tina_42_4
2025_10_21_RSFB-Phenotyping_GG1_JLU,20251021_153517.jpg,256_R4S_315_VOGESA_43_4,256.0,315.0,VOGESA,43.0,4.0,35.0,7.5,27.5,2025_10_21_RSFB-Phenotyping_GG1_scores.csv,,21.25,27.5,False,,Unknown,../dataset/Pictures_CFSB_leaf_damage/2025_10_21_RSFB-Phenotyping_GG1_JLU/2025_10_21_RSFB-Phenotyping_GG1_JLU/20251021_153517.jpg,True,256_R4S_315_VOGESA_43_4
2025_10_21_RSFB-Phenotyping_GG1_JLU,20251021_153525.jpg,256_R4S_315_VOGESA_43_4,256.0,315.0,VOGESA,43.0,4.0,30.0,18.5,11.5,2025_10_21_RSFB-Phenotyping_GG1_scores.csv,,24.25,11.5,False,,Unknown,../dataset/Pictures_CFSB_leaf_damage/2025_10_21_RSFB-Phenotyping_GG1_JLU/2025_10_21_RSFB-Phenotyping_GG1_JLU/20251021_153525.jpg,True,256_R4S_315_VOGESA_43_4
2025_10_21_RSFB-Phenotyping_GG1_JLU,20251021_153534.jpg,256_R4S_315_VOGESA_43_4,256.0,315.0,VOGESA,43.0,4.0,23.0,5.0,18.0,2025_10_21_RSFB-Phenotyping_GG1_scores.csv,,14.0,18.0,False,,Unknown,../dataset/Pictures_CFSB_leaf_damage/2025_10_21_RSFB-Phenotyping_GG1_JLU/2025_10_21_RSFB-Phenotyping_GG1_JLU/20251021_153534.jpg,True,256_R4S_315_VOGESA_43_4
2025_10_21_RSFB-Phenotyping_GG1_JLU,20251021_153545.jpg,261_R4S_227_Wotan_44_4,261.0,227.0,Wotan,44.0,4.0,5.0,5.0,0.0,2025_10_21_RSFB-Phenotyping_GG1_scores.csv,,5.0,0.0,True,,Unknown,../dataset/Pictures_CFSB_leaf_damage/2025_10_21_RSFB-Phenotyping_GG1_JLU/2025_10_21_RSFB-Phenotyping_GG1_JLU/20251021_153545.jpg,True,261_R4S_227_Wotan_44_4
2025_10_21_RSFB-Phenotyping_GG1_JLU,20251021_153554.jpg,261_R4S_227_Wotan_44_4,261.0,227.0,Wotan,44.0,4.0,1.0,4.0,3.0,2025_10_21_RSFB-Phenotyping_GG1_scores.csv,,2.5,3.0,True,,Unknown,../dataset/Pictures_CFSB_leaf_damage/2025_10_21_RSFB-Phenotyping_GG1_JLU/2025_10_21_RSFB-Phenotyping_GG1_JLU/20251021_153554.jpg,True,261_R4S_227_Wotan_44_4
2025_10_21_RSFB-Phenotyping_GG1_JLU,20251021_153602.jpg,261_R4S_227_Wotan_44_4,261.0,227.0,Wotan,44.0,4.0,1.0,3.0,2.0,2025_10_21_RSFB-Phenotyping_GG1_scores.csv,,2.0,2.0,True,,Unknown,../dataset/Pictures_CFSB_leaf_damage/2025_10_21_RSFB-Phenotyping_GG1_JLU/2025_10_21_RSFB-Phenotyping_GG1_JLU/20251021_153602.jpg,True,261_R4S_227_Wotan_44_4
2025_10_21_RSFB-Phenotyping_GG1_JLU,20251021_153614.jpg,268_R4S_264_Allure_45_4,268.0,264.0,Allure,45.0,4.0,32.0,2.5,29.5,2025_10_21_RSFB-Phenotyping_GG1_scores.csv,,17.25,29.5,False,,Unknown,../dataset/Pictures_CFSB_leaf_damage/2025_10_21_RSFB-Phenotyping_GG1_JLU/2025_10_21_RSFB-Phenotyping_GG1_JLU/20251021_153614.jpg,True,268_R4S_264_Allure_45_4
2025_10_21_RSFB-Phenotyping_GG1_JLU,20251021_153622.jpg,268_R4S_264_Allure_45_4,268.0,264.0,Allure,45.0,4.0,18.0,17.0,1.0,2025_10_21_RSFB-Phenotyping_GG1_scores.csv,,17.5,1.0,True,,Unknown,../dataset/Pictures_CFSB_leaf_damage/2025_10_21_RSFB-Phenotyping_GG1_JLU/2025_10_21_RSFB-Phenotyping_GG1_JLU/20251021_153622.jpg,True,268_R4S_264_Allure_45_4
2025_10_21_RSFB-Phenotyping_GG1_JLU,20251021_153630.jpg,268_R4S_264_Allure_45_4,268.0,264.0,Allure,45.0,4.0,40.0,13.0,27.0,2025_10_21_RSFB-Phenotyping_GG1_scores.csv,,26.5,27.0,False,,Unknown,../dataset/Pictures_CFSB_leaf_damage/2025_10_21_RSFB-Phenotyping_GG1_JLU/2025_10_21_RSFB-Phenotyping_GG1_JLU/20251021_153630.jpg,True,268_R4S_264_Allure_45_4
2025_10_21_RSFB-Phenotyping_GG1_JLU,20251021_153657.jpg,273_R4S_488_R12_46_4,273.0,488.0,R12,46.0,4.0,45.0,28.0,17.0,2025_10_21_RSFB-Phenotyping_GG1_scores.csv,,36.5,17.0,False,,Unknown,../dataset/Pictures_CFSB_leaf_damage/2025_10_21_RSFB-Phenotyping_GG1_JLU/2025_10_21_RSFB-Phenotyping_GG1_JLU/20251021_153657.jpg,True,273_R4S_488_R12_46_4
2025_10_21_RSFB-Phenotyping_GG1_JLU,20251021_153706.jpg,273_R4S_488_R12_46_4,273.0,488.0,R12,46.0,4.0,22.0,4.0,18.0,2025_10_21_RSFB-Phenotyping_GG1_scores.csv,,13.0,18.0,False,,Unknown,../dataset/Pictures_CFSB_leaf_damage/2025_10_21_RSFB-Phenotyping_GG1_JLU/2025_10_21_RSFB-Phenotyping_GG1_JLU/20251021_153706.jpg,True,273_R4S_488_R12_46_4
2025_10_21_RSFB-Phenotyping_GG1_JLU,20251021_153713.jpg,273_R4S_488_R12_46_4,273.0,488.0,R12,46.0,4.0,35.0,10.0,25.0,2025_10_21_RSFB-Phenotyping_GG1_scores.csv,,22.5,25.0,False,,Unknown,../dataset/Pictures_CFSB_leaf_damage/2025_10_21_RSFB-Phenotyping_GG1_JLU/2025_10_21_RSFB-Phenotyping_GG1_JLU/20251021_153713.jpg,True,273_R4S_488_R12_46_4
2025_10_21_RSFB-Phenotyping_GG1_JLU,20251021_153727.jpg,280_R4S_392_Janpol_47_4,280.0,392.0,Janpol,47.0,4.0,43.0,10.5,32.5,2025_10_21_RSFB-Phenotyping_GG1_scores.csv,,26.75,32.5,False,,Unknown,../dataset/Pictures_CFSB_leaf_damage/2025_10_21_RSFB-Phenotyping_GG1_JLU/2025_10_21_RSFB-Phenotyping_GG1_JLU/20251021_153727.jpg,True,280_R4S_392_Janpol_47_4
2025_10_21_RSFB-Phenotyping_GG1_JLU,20251021_153735.jpg,280_R4S_392_Janpol_47_4,280.0,392.0,Janpol,47.0,4.0,30.0,9.0,21.0,2025_10_21_RSFB-Phenotyping_GG1_scores.csv,,19.5,21.0,False,,Unknown,../dataset/Pictures_CFSB_leaf_damage/2025_10_21_RSFB-Phenotyping_GG1_JLU/2025_10_21_RSFB-Phenotyping_GG1_JLU/20251021_153735.jpg,True,280_R4S_392_Janpol_47_4
2025_10_21_RSFB-Phenotyping_GG1_JLU,20251021_153742.jpg,280_R4S_392_Janpol_47_4,280.0,392.0,Janpol,47.0,4.0,20.0,5.0,15.0,2025_10_21_RSFB-Phenotyping_GG1_scores.csv,,12.5,15.0,False,,Unknown,../dataset/Pictures_CFSB_leaf_damage/2025_10_21_RSFB-Phenotyping_GG1_JLU/2025_10_21_RSFB-Phenotyping_GG1_JLU/20251021_153742.jpg,True,280_R4S_392_Janpol_47_4
2025_10_21_RSFB-Phenotyping_GG1_JLU,20251021_153752.jpg,285_R4S_368_Dwarf Essex_48_4,285.0,368.0,Dwarf Essex,48.0,4.0,25.0,7.5,17.5,2025_10_21_RSFB-Phenotyping_GG1_scores.csv,,16.25,17.5,False,,Unknown,../dataset/Pictures_CFSB_leaf_damage/2025_10_21_RSFB-Phenotyping_GG1_JLU/2025_10_21_RSFB-Phenotyping_GG1_JLU/20251021_153752.jpg,True,285_R4S_368_Dwarf Essex_48_4
2025_10_21_RSFB-Phenotyping_GG1_JLU,20251021_153759.jpg,285_R4S_368_Dwarf Essex_48_4,285.0,368.0,Dwarf Essex,48.0,4.0,20.0,11.5,8.5,2025_10_21_RSFB-Phenotyping_GG1_scores.csv,,15.75,8.5,False,,Unknown,../dataset/Pictures_CFSB_leaf_damage/2025_10_21_RSFB-Phenotyping_GG1_JLU/2025_10_21_RSFB-Phenotyping_GG1_JLU/20251021_153759.jpg,True,285_R4S_368_Dwarf Essex_48_4
2025_10_21_RSFB-Phenotyping_GG1_JLU,20251021_153805.jpg,285_R4S_368_Dwarf Essex_48_4,285.0,368.0,Dwarf Essex,48.0,4.0,30.0,10.5,19.5,2025_10_21_RSFB-Phenotyping_GG1_scores.csv,,20.25,19.5,False,,Unknown,../dataset/Pictures_CFSB_leaf_damage/2025_10_21_RSFB-Phenotyping_GG1_JLU/2025_10_21_RSFB-Phenotyping_GG1_JLU/20251021_153805.jpg,True,285_R4S_368_Dwarf Essex_48_4
2025_10_21_RSFB-Phenotyping_GG1_JLU,20251021_153825.jpg,292_R4S_485_K29_49_4,292.0,485.0,K29,49.0,4.0,3.0,8.5,5.5,2025_10_21_RSFB-Phenotyping_GG1_scores.csv,,5.75,5.5,False,,Unknown,../dataset/Pictures_CFSB_leaf_damage/2025_10_21_RSFB-Phenotyping_GG1_JLU/2025_10_21_RSFB-Phenotyping_GG1_JLU/20251021_153825.jpg,True,292_R4S_485_K29_49_4
2025_10_21_RSFB-Phenotyping_GG1_JLU,20251021_153832.jpg,292_R4S_485_K29_49_4,292.0,485.0,K29,49.0,4.0,4.0,14.0,10.0,2025_10_21_RSFB-Phenotyping_GG1_scores.csv,,9.0,10.0,False,,Unknown,../dataset/Pictures_CFSB_leaf_damage/2025_10_21_RSFB-Phenotyping_GG1_JLU/2025_10_21_RSFB-Phenotyping_GG1_JLU/20251021_153832.jpg,True,292_R4S_485_K29_49_4
2025_10_21_RSFB-Phenotyping_GG1_JLU,20251021_153843.jpg,292_R4S_485_K29_49_4,292.0,485.0,K29,49.0,4.0,5.0,5.0,0.0,2025_10_21_RSFB-Phenotyping_GG1_scores.csv,,5.0,0.0,True,,Unknown,../dataset/Pictures_CFSB_leaf_damage/2025_10_21_RSFB-Phenotyping_GG1_JLU/2025_10_21_RSFB-Phenotyping_GG1_JLU/20251021_153843.jpg,True,292_R4S_485_K29_49_4
2025_10_21_RSFB-Phenotyping_GG1_JLU,20251021_153855.jpg,297_R4S_260_Boston_50_4,297.0,260.0,Boston,50.0,4.0,35.0,9.0,26.0,2025_10_21_RSFB-Phenotyping_GG1_scores.csv,,22.0,26.0,False,,Unknown,../dataset/Pictures_CFSB_leaf_damage/2025_10_21_RSFB-Phenotyping_GG1_JLU/2025_10_21_RSFB-Phenotyping_GG1_JLU/20251021_153855.jpg,True,297_R4S_260_Boston_50_4
2025_10_21_RSFB-Phenotyping_GG1_JLU,20251021_153903.jpg,297_R4S_260_Boston_50_4,297.0,260.0,Boston,50.0,4.0,30.0,7.0,23.0,2025_10_21_RSFB-Phenotyping_GG1_scores.csv,,18.5,23.0,False,,Unknown,../dataset/Pictures_CFSB_leaf_damage/2025_10_21_RSFB-Phenotyping_GG1_JLU/2025_10_21_RSFB-Phenotyping_GG1_JLU/20251021_153903.jpg,True,297_R4S_260_Boston_50_4
2025_10_21_RSFB-Phenotyping_GG1_JLU,20251021_153910.jpg,297_R4S_260_Boston_50_4,297.0,260.0,Boston,50.0,4.0,22.0,4.0,18.0,2025_10_21_RSFB-Phenotyping_GG1_scores.csv,,13.0,18.0,False,,Unknown,../dataset/Pictures_CFSB_leaf_damage/2025_10_21_RSFB-Phenotyping_GG1_JLU/2025_10_21_RSFB-Phenotyping_GG1_JLU/20251021_153910.jpg,True,297_R4S_260_Boston_50_4
2025_10_21_RSFB-Phenotyping_GG1_JLU,20251021_153924.jpg,304_R4S_435_S45.2.2_51_4,304.0,435.0,S45.2.2,51.0,4.0,25.0,9.0,16.0,2025_10_21_RSFB-Phenotyping_GG1_scores.csv,,17.0,16.0,False,,Unknown,../dataset/Pictures_CFSB_leaf_damage/2025_10_21_RSFB-Phenotyping_GG1_JLU/2025_10_21_RSFB-Phenotyping_GG1_JLU/20251021_153924.jpg,True,304_R4S_435_S45.2.2_51_4
2025_10_21_RSFB-Phenotyping_GG1_JLU,20251021_153931.jpg,304_R4S_435_S45.2.2_51_4,304.0,435.0,S45.2.2,51.0,4.0,20.0,7.5,12.5,2025_10_21_RSFB-Phenotyping_GG1_scores.csv,,13.75,12.5,False,,Unknown,../dataset/Pictures_CFSB_leaf_damage/2025_10_21_RSFB-Phenotyping_GG1_JLU/2025_10_21_RSFB-Phenotyping_GG1_JLU/20251021_153931.jpg,True,304_R4S_435_S45.2.2_51_4
2025_10_21_RSFB-Phenotyping_GG1_JLU,20251021_153940.jpg,304_R4S_435_S45.2.2_51_4,304.0,435.0,S45.2.2,51.0,4.0,20.0,10.5,9.5,2025_10_21_RSFB-Phenotyping_GG1_scores.csv,,15.25,9.5,False,,Unknown,../dataset/Pictures_CFSB_leaf_damage/2025_10_21_RSFB-Phenotyping_GG1_JLU/2025_10_21_RSFB-Phenotyping_GG1_JLU/20251021_153940.jpg,True,304_R4S_435_S45.2.2_51_4
2025_10_21_RSFB-Phenotyping_GG1_JLU,20251021_153951.jpg,309_Smaragd_52_4,309.0,,Smaragd,52.0,4.0,30.0,11.5,18.5,2025_10_21_RSFB-Phenotyping_GG1_scores.csv,,20.75,18.5,False,,Unknown,../dataset/Pictures_CFSB_leaf_damage/2025_10_21_RSFB-Phenotyping_GG1_JLU/2025_10_21_RSFB-Phenotyping_GG1_JLU/20251021_153951.jpg,True,309_Smaragd_52_4
2025_10_21_RSFB-Phenotyping_GG1_JLU,20251021_154000.jpg,309_Smaragd_52_4,309.0,,Smaragd,52.0,4.0,8.0,11.5,3.5,2025_10_21_RSFB-Phenotyping_GG1_scores.csv,,9.75,3.5,True,,Unknown,../dataset/Pictures_CFSB_leaf_damage/2025_10_21_RSFB-Phenotyping_GG1_JLU/2025_10_21_RSFB-Phenotyping_GG1_JLU/20251021_154000.jpg,True,309_Smaragd_52_4
2025_10_21_RSFB-Phenotyping_GG1_JLU,20251021_154012.jpg,309_Smaragd_52_4,309.0,,Smaragd,52.0,4.0,42.0,21.5,20.5,2025_10_21_RSFB-Phenotyping_GG1_scores.csv,,31.75,20.5,False,,Unknown,../dataset/Pictures_CFSB_leaf_damage/2025_10_21_RSFB-Phenotyping_GG1_JLU/2025_10_21_RSFB-Phenotyping_GG1_JLU/20251021_154012.jpg,True,309_Smaragd_52_4
2025_10_21_RSFB-Phenotyping_GG1_JLU,20251021_154042.jpg,308_Smaragd_52_5,308.0,,Smaragd,52.0,5.0,3.0,24.5,21.5,2025_10_21_RSFB-Phenotyping_GG1_scores.csv,,13.75,21.5,False,,Unknown,../dataset/Pictures_CFSB_leaf_damage/2025_10_21_RSFB-Phenotyping_GG1_JLU/2025_10_21_RSFB-Phenotyping_GG1_JLU/20251021_154042.jpg,True,308_Smaragd_52_5
2025_10_21_RSFB-Phenotyping_GG1_JLU,20251021_154051.jpg,308_Smaragd_52_5,308.0,,Smaragd,52.0,5.0,18.0,10.5,7.5,2025_10_21_RSFB-Phenotyping_GG1_scores.csv,,14.25,7.5,False,,Unknown,../dataset/Pictures_CFSB_leaf_damage/2025_10_21_RSFB-Phenotyping_GG1_JLU/2025_10_21_RSFB-Phenotyping_GG1_JLU/20251021_154051.jpg,True,308_Smaragd_52_5
2025_10_21_RSFB-Phenotyping_GG1_JLU,20251021_154058.jpg,308_Smaragd_52_5,308.0,,Smaragd,52.0,5.0,1.0,3.5,2.5,2025_10_21_RSFB-Phenotyping_GG1_scores.csv,,2.25,2.5,True,,Unknown,../dataset/Pictures_CFSB_leaf_damage/2025_10_21_RSFB-Phenotyping_GG1_JLU/2025_10_21_RSFB-Phenotyping_GG1_JLU/20251021_154058.jpg,True,308_Smaragd_52_5
2025_10_21_RSFB-Phenotyping_GG1_JLU,20251021_154111.jpg,305_R4S_524_Taisetsu_51_5,305.0,524.0,Taisetsu,51.0,5.0,15.0,8.0,7.0,2025_10_21_RSFB-Phenotyping_GG1_scores.csv,,11.5,7.0,False,,Unknown,../dataset/Pictures_CFSB_leaf_damage/2025_10_21_RSFB-Phenotyping_GG1_JLU/2025_10_21_RSFB-Phenotyping_GG1_JLU/20251021_154111.jpg,True,305_R4S_524_Taisetsu_51_5
2025_10_21_RSFB-Phenotyping_GG1_JLU,20251021_154116.jpg,305_R4S_524_Taisetsu_51_5,305.0,524.0,Taisetsu,51.0,5.0,14.0,11.5,2.5,2025_10_21_RSFB-Phenotyping_GG1_scores.csv,,12.75,2.5,True,,Unknown,../dataset/Pictures_CFSB_leaf_damage/2025_10_21_RSFB-Phenotyping_GG1_JLU/2025_10_21_RSFB-Phenotyping_GG1_JLU/20251021_154116.jpg,True,305_R4S_524_Taisetsu_51_5
2025_10_21_RSFB-Phenotyping_GG1_JLU,20251021_154123.jpg,305_R4S_524_Taisetsu_51_5,305.0,524.0,Taisetsu,51.0,5.0,16.0,5.5,10.5,2025_10_21_RSFB-Phenotyping_GG1_scores.csv,,10.75,10.5,False,,Unknown,../dataset/Pictures_CFSB_leaf_damage/2025_10_21_RSFB-Phenotyping_GG1_JLU/2025_10_21_RSFB-Phenotyping_GG1_JLU/20251021_154123.jpg,True,305_R4S_524_Taisetsu_51_5
2025_10_21_RSFB-Phenotyping_GG1_JLU,20251021_154134.jpg,296_R4S_393_Gross/Luesewityer_50_5,296.0,393.0,Gross/Luesewityer,50.0,5.0,35.0,13.0,22.0,2025_10_21_RSFB-Phenotyping_GG1_scores.csv,,24.0,22.0,False,,Unknown,../dataset/Pictures_CFSB_leaf_damage/2025_10_21_RSFB-Phenotyping_GG1_JLU/2025_10_21_RSFB-Phenotyping_GG1_JLU/20251021_154134.jpg,True,296_R4S_393_Gross/Luesewityer_50_5
2025_10_21_RSFB-Phenotyping_GG1_JLU,20251021_154141.jpg,296_R4S_393_Gross/Luesewityer_50_5,296.0,393.0,Gross/Luesewityer,50.0,5.0,30.0,25.5,4.5,2025_10_21_RSFB-Phenotyping_GG1_scores.csv,,27.75,4.5,True,,Unknown,../dataset/Pictures_CFSB_leaf_damage/2025_10_21_RSFB-Phenotyping_GG1_JLU/2025_10_21_RSFB-Phenotyping_GG1_JLU/20251021_154141.jpg,True,296_R4S_393_Gross/Luesewityer_50_5
2025_10_21_RSFB-Phenotyping_GG1_JLU,20251021_154147.jpg,296_R4S_393_Gross/Luesewityer_50_5,296.0,393.0,Gross/Luesewityer,50.0,5.0,23.0,11.0,12.0,2025_10_21_RSFB-Phenotyping_GG1_scores.csv,,17.0,12.0,False,,Unknown,../dataset/Pictures_CFSB_leaf_damage/2025_10_21_RSFB-Phenotyping_GG1_JLU/2025_10_21_RSFB-Phenotyping_GG1_JLU/20251021_154147.jpg,True,296_R4S_393_Gross/Luesewityer_50_5
2025_10_21_RSFB-Phenotyping_GG1_JLU,20251021_154210.jpg,293_R4S_222_HANSEN X GASPARD DH LINE_49_5,293.0,222.0,HANSEN X GASPARD DH LINE,49.0,5.0,12.0,11.0,1.0,2025_10_21_RSFB-Phenotyping_GG1_scores.csv,,11.5,1.0,True,,Unknown,../dataset/Pictures_CFSB_leaf_damage/2025_10_21_RSFB-Phenotyping_GG1_JLU/2025_10_21_RSFB-Phenotyping_GG1_JLU/20251021_154210.jpg,True,293_R4S_222_HANSEN X GASPARD DH LINE_49_5
2025_10_21_RSFB-Phenotyping_GG1_JLU,20251021_154217.jpg,293_R4S_222_HANSEN X GASPARD DH LINE_49_5,293.0,222.0,HANSEN X GASPARD DH LINE,49.0,5.0,25.0,18.0,7.0,2025_10_21_RSFB-Phenotyping_GG1_scores.csv,,21.5,7.0,False,,Unknown,../dataset/Pictures_CFSB_leaf_damage/2025_10_21_RSFB-Phenotyping_GG1_JLU/2025_10_21_RSFB-Phenotyping_GG1_JLU/20251021_154217.jpg,True,293_R4S_222_HANSEN X GASPARD DH LINE_49_5
2025_10_21_RSFB-Phenotyping_GG1_JLU,20251021_154223.jpg,293_R4S_222_HANSEN X GASPARD DH LINE_49_5,293.0,222.0,HANSEN X GASPARD DH LINE,49.0,5.0,10.0,12.5,2.5,2025_10_21_RSFB-Phenotyping_GG1_scores.csv,,11.25,2.5,True,,Unknown,../dataset/Pictures_CFSB_leaf_damage/2025_10_21_RSFB-Phenotyping_GG1_JLU/2025_10_21_RSFB-Phenotyping_GG1_JLU/20251021_154223.jpg,True,293_R4S_222_HANSEN X GASPARD DH LINE_49_5
2025_10_21_RSFB-Phenotyping_GG1_JLU,20251021_154233.jpg,284_R4S_306_RAGGED JACK_48_5,284.0,306.0,RAGGED JACK,48.0,5.0,2.0,20.5,18.5,2025_10_21_RSFB-Phenotyping_GG1_scores.csv,,11.25,18.5,False,,Unknown,../dataset/Pictures_CFSB_leaf_damage/2025_10_21_RSFB-Phenotyping_GG1_JLU/2025_10_21_RSFB-Phenotyping_GG1_JLU/20251021_154233.jpg,True,284_R4S_306_RAGGED JACK_48_5
2025_10_21_RSFB-Phenotyping_GG1_JLU,20251021_154239.jpg,284_R4S_306_RAGGED JACK_48_5,284.0,306.0,RAGGED JACK,48.0,5.0,32.0,10.5,21.5,2025_10_21_RSFB-Phenotyping_GG1_scores.csv,,21.25,21.5,False,,Unknown,../dataset/Pictures_CFSB_leaf_damage/2025_10_21_RSFB-Phenotyping_GG1_JLU/2025_10_21_RSFB-Phenotyping_GG1_JLU/20251021_154239.jpg,True,284_R4S_306_RAGGED JACK_48_5
2025_10_21_RSFB-Phenotyping_GG1_JLU,20251021_154245.jpg,284_R4S_306_RAGGED JACK_48_5,284.0,306.0,RAGGED JACK,48.0,5.0,25.0,9.0,16.0,2025_10_21_RSFB-Phenotyping_GG1_scores.csv,,17.0,16.0,False,,Unknown,../dataset/Pictures_CFSB_leaf_damage/2025_10_21_RSFB-Phenotyping_GG1_JLU/2025_10_21_RSFB-Phenotyping_GG1_JLU/20251021_154245.jpg,True,284_R4S_306_RAGGED JACK_48_5
2025_10_21_RSFB-Phenotyping_GG1_JLU,20251021_154259.jpg,281_R4S_202_Mohican_47_5,281.0,202.0,Mohican,47.0,5.0,30.0,11.5,18.5,2025_10_21_RSFB-Phenotyping_GG1_scores.csv,,20.75,18.5,False,,Unknown,../dataset/Pictures_CFSB_leaf_damage/2025_10_21_RSFB-Phenotyping_GG1_JLU/2025_10_21_RSFB-Phenotyping_GG1_JLU/20251021_154259.jpg,True,281_R4S_202_Mohican_47_5
2025_10_21_RSFB-Phenotyping_GG1_JLU,20251021_154307.jpg,281_R4S_202_Mohican_47_5,281.0,202.0,Mohican,47.0,5.0,5.0,10.0,5.0,2025_10_21_RSFB-Phenotyping_GG1_scores.csv,,7.5,5.0,False,,Unknown,../dataset/Pictures_CFSB_leaf_damage/2025_10_21_RSFB-Phenotyping_GG1_JLU/2025_10_21_RSFB-Phenotyping_GG1_JLU/20251021_154307.jpg,True,281_R4S_202_Mohican_47_5
2025_10_21_RSFB-Phenotyping_GG1_JLU,20251021_154314.jpg,281_R4S_202_Mohican_47_5,281.0,202.0,Mohican,47.0,5.0,42.0,19.0,23.0,2025_10_21_RSFB-Phenotyping_GG1_scores.csv,,30.5,23.0,False,,Unknown,../dataset/Pictures_CFSB_leaf_damage/2025_10_21_RSFB-Phenotyping_GG1_JLU/2025_10_21_RSFB-Phenotyping_GG1_JLU/20251021_154314.jpg,True,281_R4S_202_Mohican_47_5
2025_10_21_RSFB-Phenotyping_GG1_JLU,20251021_154331.jpg,272_R4S_533_WINFRED_46_5,272.0,533.0,WINFRED,46.0,5.0,1.0,3.5,2.5,2025_10_21_RSFB-Phenotyping_GG1_scores.csv,,2.25,2.5,True,,Unknown,../dataset/Pictures_CFSB_leaf_damage/2025_10_21_RSFB-Phenotyping_GG1_JLU/2025_10_21_RSFB-Phenotyping_GG1_JLU/20251021_154331.jpg,True,272_R4S_533_WINFRED_46_5
2025_10_21_RSFB-Phenotyping_GG1_JLU,20251021_154338.jpg,272_R4S_533_WINFRED_46_5,272.0,533.0,WINFRED,46.0,5.0,1.0,4.0,3.0,2025_10_21_RSFB-Phenotyping_GG1_scores.csv,,2.5,3.0,True,,Unknown,../dataset/Pictures_CFSB_leaf_damage/2025_10_21_RSFB-Phenotyping_GG1_JLU/2025_10_21_RSFB-Phenotyping_GG1_JLU/20251021_154338.jpg,True,272_R4S_533_WINFRED_46_5
2025_10_21_RSFB-Phenotyping_GG1_JLU,20251021_154345.jpg,272_R4S_533_WINFRED_46_5,272.0,533.0,WINFRED,46.0,5.0,1.0,3.0,2.0,2025_10_21_RSFB-Phenotyping_GG1_scores.csv,,2.0,2.0,True,,Unknown,../dataset/Pictures_CFSB_leaf_damage/2025_10_21_RSFB-Phenotyping_GG1_JLU/2025_10_21_RSFB-Phenotyping_GG1_JLU/20251021_154345.jpg,True,272_R4S_533_WINFRED_46_5
2025_10_21_RSFB-Phenotyping_GG1_JLU,20251021_154359.jpg,269_R4S_235_Nugget_45_5,269.0,235.0,Nugget,45.0,5.0,5.0,5.5,0.5,2025_10_21_RSFB-Phenotyping_GG1_scores.csv,,5.25,0.5,True,,Unknown,../dataset/Pictures_CFSB_leaf_damage/2025_10_21_RSFB-Phenotyping_GG1_JLU/2025_10_21_RSFB-Phenotyping_GG1_JLU/20251021_154359.jpg,True,269_R4S_235_Nugget_45_5
2025_10_21_RSFB-Phenotyping_GG1_JLU,20251021_154406.jpg,269_R4S_235_Nugget_45_5,269.0,235.0,Nugget,45.0,5.0,2.0,2.0,0.0,2025_10_21_RSFB-Phenotyping_GG1_scores.csv,,2.0,0.0,True,,Unknown,../dataset/Pictures_CFSB_leaf_damage/2025_10_21_RSFB-Phenotyping_GG1_JLU/2025_10_21_RSFB-Phenotyping_GG1_JLU/20251021_154406.jpg,True,269_R4S_235_Nugget_45_5
2025_10_21_RSFB-Phenotyping_GG1_JLU,20251021_154414.jpg,269_R4S_235_Nugget_45_5,269.0,235.0,Nugget,45.0,5.0,1.0,5.5,4.5,2025_10_21_RSFB-Phenotyping_GG1_scores.csv,,3.25,4.5,True,,Unknown,../dataset/Pictures_CFSB_leaf_damage/2025_10_21_RSFB-Phenotyping_GG1_JLU/2025_10_21_RSFB-Phenotyping_GG1_JLU/20251021_154414.jpg,True,269_R4S_235_Nugget_45_5
2025_10_21_RSFB-Phenotyping_GG1_JLU,20251021_154427.jpg,260_R4S_449_G50_44_5,260.0,449.0,G50,44.0,5.0,4.0,9.0,5.0,2025_10_21_RSFB-Phenotyping_GG1_scores.csv,,6.5,5.0,False,,Unknown,../dataset/Pictures_CFSB_leaf_damage/2025_10_21_RSFB-Phenotyping_GG1_JLU/2025_10_21_RSFB-Phenotyping_GG1_JLU/20251021_154427.jpg,True,260_R4S_449_G50_44_5
2025_10_21_RSFB-Phenotyping_GG1_JLU,20251021_154436.jpg,260_R4S_449_G50_44_5,260.0,449.0,G50,44.0,5.0,2.0,3.0,1.0,2025_10_21_RSFB-Phenotyping_GG1_scores.csv,,2.5,1.0,True,,Unknown,../dataset/Pictures_CFSB_leaf_damage/2025_10_21_RSFB-Phenotyping_GG1_JLU/2025_10_21_RSFB-Phenotyping_GG1_JLU/20251021_154436.jpg,True,260_R4S_449_G50_44_5
2025_10_21_RSFB-Phenotyping_GG1_JLU,20251021_154443.jpg,260_R4S_449_G50_44_5,260.0,449.0,G50,44.0,5.0,3.0,4.5,1.5,2025_10_21_RSFB-Phenotyping_GG1_scores.csv,,3.75,1.5,True,,Unknown,../dataset/Pictures_CFSB_leaf_damage/2025_10_21_RSFB-Phenotyping_GG1_JLU/2025_10_21_RSFB-Phenotyping_GG1_JLU/20251021_154443.jpg,True,260_R4S_449_G50_44_5
2025_10_21_RSFB-Phenotyping_GG1_JLU,20251021_154456.jpg,257_R4S_153_Manitoba_43_5,257.0,153.0,Manitoba,43.0,5.0,2.0,16.5,14.5,2025_10_21_RSFB-Phenotyping_GG1_scores.csv,,9.25,14.5,False,,Unknown,../dataset/Pictures_CFSB_leaf_damage/2025_10_21_RSFB-Phenotyping_GG1_JLU/2025_10_21_RSFB-Phenotyping_GG1_JLU/20251021_154456.jpg,True,257_R4S_153_Manitoba_43_5
2025_10_21_RSFB-Phenotyping_GG1_JLU,20251021_154502.jpg,257_R4S_153_Manitoba_43_5,257.0,153.0,Manitoba,43.0,5.0,15.0,8.0,7.0,2025_10_21_RSFB-Phenotyping_GG1_scores.csv,,11.5,7.0,False,,Unknown,../dataset/Pictures_CFSB_leaf_damage/2025_10_21_RSFB-Phenotyping_GG1_JLU/2025_10_21_RSFB-Phenotyping_GG1_JLU/20251021_154502.jpg,True,257_R4S_153_Manitoba_43_5
2025_10_21_RSFB-Phenotyping_GG1_JLU,20251021_154509.jpg,257_R4S_153_Manitoba_43_5,257.0,153.0,Manitoba,43.0,5.0,13.0,6.0,7.0,2025_10_21_RSFB-Phenotyping_GG1_scores.csv,,9.5,7.0,False,,Unknown,../dataset/Pictures_CFSB_leaf_damage/2025_10_21_RSFB-Phenotyping_GG1_JLU/2025_10_21_RSFB-Phenotyping_GG1_JLU/20251021_154509.jpg,True,257_R4S_153_Manitoba_43_5
2025_10_21_RSFB-Phenotyping_GG1_JLU,20251021_154523.jpg,248_R4S_465_S4_42_5,248.0,465.0,S4,42.0,5.0,30.0,5.5,24.5,2025_10_21_RSFB-Phenotyping_GG1_scores.csv,,17.75,24.5,False,,Unknown,../dataset/Pictures_CFSB_leaf_damage/2025_10_21_RSFB-Phenotyping_GG1_JLU/2025_10_21_RSFB-Phenotyping_GG1_JLU/20251021_154523.jpg,True,248_R4S_465_S4_42_5
2025_10_21_RSFB-Phenotyping_GG1_JLU,20251021_154528.jpg,248_R4S_465_S4_42_5,248.0,465.0,S4,42.0,5.0,43.0,24.0,19.0,2025_10_21_RSFB-Phenotyping_GG1_scores.csv,,33.5,19.0,False,,Unknown,../dataset/Pictures_CFSB_leaf_damage/2025_10_21_RSFB-Phenotyping_GG1_JLU/2025_10_21_RSFB-Phenotyping_GG1_JLU/20251021_154528.jpg,True,248_R4S_465_S4_42_5
2025_10_21_RSFB-Phenotyping_GG1_JLU,20251021_154534.jpg,248_R4S_465_S4_42_5,248.0,465.0,S4,42.0,5.0,40.0,14.5,25.5,2025_10_21_RSFB-Phenotyping_GG1_scores.csv,,27.25,25.5,False,,Unknown,../dataset/Pictures_CFSB_leaf_damage/2025_10_21_RSFB-Phenotyping_GG1_JLU/2025_10_21_RSFB-Phenotyping_GG1_JLU/20251021_154534.jpg,True,248_R4S_465_S4_42_5
2025_10_21_RSFB-Phenotyping_GG1_JLU,20251021_154546.jpg,245_R4S_463_S101_41_5,245.0,463.0,S101,41.0,5.0,38.0,13.0,25.0,2025_10_21_RSFB-Phenotyping_GG1_scores.csv,,25.5,25.0,False,,Unknown,../dataset/Pictures_CFSB_leaf_damage/2025_10_21_RSFB-Phenotyping_GG1_JLU/2025_10_21_RSFB-Phenotyping_GG1_JLU/20251021_154546.jpg,True,245_R4S_463_S101_41_5
2025_10_21_RSFB-Phenotyping_GG1_JLU,20251021_154553.jpg,245_R4S_463_S101_41_5,245.0,463.0,S101,41.0,5.0,35.0,18.5,16.5,2025_10_21_RSFB-Phenotyping_GG1_scores.csv,,26.75,16.5,False,,Unknown,../dataset/Pictures_CFSB_leaf_damage/2025_10_21_RSFB-Phenotyping_GG1_JLU/2025_10_21_RSFB-Phenotyping_GG1_JLU/20251021_154553.jpg,True,245_R4S_463_S101_41_5
2025_10_21_RSFB-Phenotyping_GG1_JLU,20251021_154600.jpg,245_R4S_463_S101_41_5,245.0,463.0,S101,41.0,5.0,20.0,8.5,11.5,2025_10_21_RSFB-Phenotyping_GG1_scores.csv,,14.25,11.5,False,,Unknown,../dataset/Pictures_CFSB_leaf_damage/2025_10_21_RSFB-Phenotyping_GG1_JLU/2025_10_21_RSFB-Phenotyping_GG1_JLU/20251021_154600.jpg,True,245_R4S_463_S101_41_5
2025_10_21_RSFB-Phenotyping_GG1_JLU,20251021_154614.jpg,236_R4S_230_Caramba_40_5,236.0,230.0,Caramba,40.0,5.0,2.0,6.5,4.5,2025_10_21_RSFB-Phenotyping_GG1_scores.csv,,4.25,4.5,True,,Unknown,../dataset/Pictures_CFSB_leaf_damage/2025_10_21_RSFB-Phenotyping_GG1_JLU/2025_10_21_RSFB-Phenotyping_GG1_JLU/20251021_154614.jpg,True,236_R4S_230_Caramba_40_5
2025_10_21_RSFB-Phenotyping_GG1_JLU,20251021_154622.jpg,236_R4S_230_Caramba_40_5,236.0,230.0,Caramba,40.0,5.0,1.0,7.5,6.5,2025_10_21_RSFB-Phenotyping_GG1_scores.csv,,4.25,6.5,False,,Unknown,../dataset/Pictures_CFSB_leaf_damage/2025_10_21_RSFB-Phenotyping_GG1_JLU/2025_10_21_RSFB-Phenotyping_GG1_JLU/20251021_154622.jpg,True,236_R4S_230_Caramba_40_5
2025_10_21_RSFB-Phenotyping_GG1_JLU,20251021_154628.jpg,236_R4S_230_Caramba_40_5,236.0,230.0,Caramba,40.0,5.0,20.0,20.0,0.0,2025_10_21_RSFB-Phenotyping_GG1_scores.csv,,20.0,0.0,True,,Unknown,../dataset/Pictures_CFSB_leaf_damage/2025_10_21_RSFB-Phenotyping_GG1_JLU/2025_10_21_RSFB-Phenotyping_GG1_JLU/20251021_154628.jpg,True,236_R4S_230_Caramba_40_5
2025_10_21_RSFB-Phenotyping_GG1_JLU,20251021_154642.jpg,233_R4S_551_ALLESANDRO KWS_39_5,233.0,551.0,ALLESANDRO KWS,39.0,5.0,23.0,10.5,12.5,2025_10_21_RSFB-Phenotyping_GG1_scores.csv,,16.75,12.5,False,,Unknown,../dataset/Pictures_CFSB_leaf_damage/2025_10_21_RSFB-Phenotyping_GG1_JLU/2025_10_21_RSFB-Phenotyping_GG1_JLU/20251021_154642.jpg,True,233_R4S_551_ALLESANDRO KWS_39_5
2025_10_21_RSFB-Phenotyping_GG1_JLU,20251021_154649.jpg,233_R4S_551_ALLESANDRO KWS_39_5,233.0,551.0,ALLESANDRO KWS,39.0,5.0,2.0,9.5,7.5,2025_10_21_RSFB-Phenotyping_GG1_scores.csv,,5.75,7.5,False,,Unknown,../dataset/Pictures_CFSB_leaf_damage/2025_10_21_RSFB-Phenotyping_GG1_JLU/2025_10_21_RSFB-Phenotyping_GG1_JLU/20251021_154649.jpg,True,233_R4S_551_ALLESANDRO KWS_39_5
2025_10_21_RSFB-Phenotyping_GG1_JLU,20251021_154700.jpg,233_R4S_551_ALLESANDRO KWS_39_5,233.0,551.0,ALLESANDRO KWS,39.0,5.0,2.0,2.5,0.5,2025_10_21_RSFB-Phenotyping_GG1_scores.csv,,2.25,0.5,True,,Unknown,../dataset/Pictures_CFSB_leaf_damage/2025_10_21_RSFB-Phenotyping_GG1_JLU/2025_10_21_RSFB-Phenotyping_GG1_JLU/20251021_154700.jpg,True,233_R4S_551_ALLESANDRO KWS_39_5
2025_10_21_RSFB-Phenotyping_GG1_JLU,20251021_154716.jpg,224_R4S_245_Roxet_38_5,224.0,245.0,Roxet,38.0,5.0,4.0,6.5,2.5,2025_10_21_RSFB-Phenotyping_GG1_scores.csv,,5.25,2.5,True,,Unknown,../dataset/Pictures_CFSB_leaf_damage/2025_10_21_RSFB-Phenotyping_GG1_JLU/2025_10_21_RSFB-Phenotyping_GG1_JLU/20251021_154716.jpg,True,224_R4S_245_Roxet_38_5
2025_10_21_RSFB-Phenotyping_GG1_JLU,20251021_154722.jpg,224_R4S_245_Roxet_38_5,224.0,245.0,Roxet,38.0,5.0,1.0,3.5,2.5,2025_10_21_RSFB-Phenotyping_GG1_scores.csv,,2.25,2.5,True,,Unknown,../dataset/Pictures_CFSB_leaf_damage/2025_10_21_RSFB-Phenotyping_GG1_JLU/2025_10_21_RSFB-Phenotyping_GG1_JLU/20251021_154722.jpg,True,224_R4S_245_Roxet_38_5
2025_10_21_RSFB-Phenotyping_GG1_JLU,20251021_154731.jpg,224_R4S_245_Roxet_38_5,224.0,245.0,Roxet,38.0,5.0,35.0,23.0,12.0,2025_10_21_RSFB-Phenotyping_GG1_scores.csv,,29.0,12.0,False,,Unknown,../dataset/Pictures_CFSB_leaf_damage/2025_10_21_RSFB-Phenotyping_GG1_JLU/2025_10_21_RSFB-Phenotyping_GG1_JLU/20251021_154731.jpg,True,224_R4S_245_Roxet_38_5
2025_10_21_RSFB-Phenotyping_GG1_JLU,20251021_154744.jpg,221_R4S_466_L90_37_5,221.0,466.0,L90,37.0,5.0,23.0,11.0,12.0,2025_10_21_RSFB-Phenotyping_GG1_scores.csv,,17.0,12.0,False,,Unknown,../dataset/Pictures_CFSB_leaf_damage/2025_10_21_RSFB-Phenotyping_GG1_JLU/2025_10_21_RSFB-Phenotyping_GG1_JLU/20251021_154744.jpg,True,221_R4S_466_L90_37_5
2025_10_21_RSFB-Phenotyping_GG1_JLU,20251021_154753.jpg,221_R4S_466_L90_37_5,221.0,466.0,L90,37.0,5.0,3.0,4.0,1.0,2025_10_21_RSFB-Phenotyping_GG1_scores.csv,,3.5,1.0,True,,Unknown,../dataset/Pictures_CFSB_leaf_damage/2025_10_21_RSFB-Phenotyping_GG1_JLU/2025_10_21_RSFB-Phenotyping_GG1_JLU/20251021_154753.jpg,True,221_R4S_466_L90_37_5
2025_10_21_RSFB-Phenotyping_GG1_JLU,20251021_154800.jpg,221_R4S_466_L90_37_5,221.0,466.0,L90,37.0,5.0,27.0,16.5,10.5,2025_10_21_RSFB-Phenotyping_GG1_scores.csv,,21.75,10.5,False,,Unknown,../dataset/Pictures_CFSB_leaf_damage/2025_10_21_RSFB-Phenotyping_GG1_JLU/2025_10_21_RSFB-Phenotyping_GG1_JLU/20251021_154800.jpg,True,221_R4S_466_L90_37_5
2025_10_21_RSFB-Phenotyping_GG1_JLU,20251021_154954.jpg,212_R4S_274_Guelyower Oelquell_36_5,212.0,274.0,Guelyower Oelquell,36.0,5.0,3.0,2.0,1.0,2025_10_21_RSFB-Phenotyping_GG1_scores.csv,,2.5,1.0,True,,Unknown,../dataset/Pictures_CFSB_leaf_damage/2025_10_21_RSFB-Phenotyping_GG1_JLU/2025_10_21_RSFB-Phenotyping_GG1_JLU/20251021_154954.jpg,True,212_R4S_274_Guelyower Oelquell_36_5
2025_10_21_RSFB-Phenotyping_GG1_JLU,20251021_155001.jpg,212_R4S_274_Guelyower Oelquell_36_5,212.0,274.0,Guelyower Oelquell,36.0,5.0,32.0,8.5,23.5,2025_10_21_RSFB-Phenotyping_GG1_scores.csv,,20.25,23.5,False,,Unknown,../dataset/Pictures_CFSB_leaf_damage/2025_10_21_RSFB-Phenotyping_GG1_JLU/2025_10_21_RSFB-Phenotyping_GG1_JLU/20251021_155001.jpg,True,212_R4S_274_Guelyower Oelquell_36_5
2025_10_21_RSFB-Phenotyping_GG1_JLU,20251021_155009.jpg,212_R4S_274_Guelyower Oelquell_36_5,212.0,274.0,Guelyower Oelquell,36.0,5.0,30.0,8.0,22.0,2025_10_21_RSFB-Phenotyping_GG1_scores.csv,,19.0,22.0,False,,Unknown,../dataset/Pictures_CFSB_leaf_damage/2025_10_21_RSFB-Phenotyping_GG1_JLU/2025_10_21_RSFB-Phenotyping_GG1_JLU/20251021_155009.jpg,True,212_R4S_274_Guelyower Oelquell_36_5
2025_10_21_RSFB-Phenotyping_GG1_JLU,20251021_155035.jpg,209_R4S_219_Lesira_35_5,209.0,219.0,Lesira,35.0,5.0,3.0,4.0,1.0,2025_10_21_RSFB-Phenotyping_GG1_scores.csv,,3.5,1.0,True,,Unknown,../dataset/Pictures_CFSB_leaf_damage/2025_10_21_RSFB-Phenotyping_GG1_JLU/2025_10_21_RSFB-Phenotyping_GG1_JLU/20251021_155035.jpg,True,209_R4S_219_Lesira_35_5
2025_10_21_RSFB-Phenotyping_GG1_JLU,20251021_155044.jpg,209_R4S_219_Lesira_35_5,209.0,219.0,Lesira,35.0,5.0,2.0,4.0,2.0,2025_10_21_RSFB-Phenotyping_GG1_scores.csv,,3.0,2.0,True,,Unknown,../dataset/Pictures_CFSB_leaf_damage/2025_10_21_RSFB-Phenotyping_GG1_JLU/2025_10_21_RSFB-Phenotyping_GG1_JLU/20251021_155044.jpg,True,209_R4S_219_Lesira_35_5
2025_10_21_RSFB-Phenotyping_GG1_JLU,20251021_155051.jpg,209_R4S_219_Lesira_35_5,209.0,219.0,Lesira,35.0,5.0,2.0,9.0,7.0,2025_10_21_RSFB-Phenotyping_GG1_scores.csv,,5.5,7.0,False,,Unknown,../dataset/Pictures_CFSB_leaf_damage/2025_10_21_RSFB-Phenotyping_GG1_JLU/2025_10_21_RSFB-Phenotyping_GG1_JLU/20251021_155051.jpg,True,209_R4S_219_Lesira_35_5
2025_10_21_RSFB-Phenotyping_GG1_JLU,20251021_155103.jpg,200_R4S_313_FORTIN FAMILZ_34_5,200.0,313.0,FORTIN FAMILZ,34.0,5.0,12.0,1.0,11.0,2025_10_21_RSFB-Phenotyping_GG1_scores.csv,,6.5,11.0,False,,Unknown,../dataset/Pictures_CFSB_leaf_damage/2025_10_21_RSFB-Phenotyping_GG1_JLU/2025_10_21_RSFB-Phenotyping_GG1_JLU/20251021_155103.jpg,True,200_R4S_313_FORTIN FAMILZ_34_5
2025_10_21_RSFB-Phenotyping_GG1_JLU,20251021_155111.jpg,200_R4S_313_FORTIN FAMILZ_34_5,200.0,313.0,FORTIN FAMILZ,34.0,5.0,4.0,7.5,3.5,2025_10_21_RSFB-Phenotyping_GG1_scores.csv,,5.75,3.5,True,,Unknown,../dataset/Pictures_CFSB_leaf_damage/2025_10_21_RSFB-Phenotyping_GG1_JLU/2025_10_21_RSFB-Phenotyping_GG1_JLU/20251021_155111.jpg,True,200_R4S_313_FORTIN FAMILZ_34_5
2025_10_21_RSFB-Phenotyping_GG1_JLU,20251021_155118.jpg,200_R4S_313_FORTIN FAMILZ_34_5,200.0,313.0,FORTIN FAMILZ,34.0,5.0,25.0,12.5,12.5,2025_10_21_RSFB-Phenotyping_GG1_scores.csv,,18.75,12.5,False,,Unknown,../dataset/Pictures_CFSB_leaf_damage/2025_10_21_RSFB-Phenotyping_GG1_JLU/2025_10_21_RSFB-Phenotyping_GG1_JLU/20251021_155118.jpg,True,200_R4S_313_FORTIN FAMILZ_34_5
2025_10_21_RSFB-Phenotyping_GG1_JLU,20251021_155130.jpg,197_R4S_371_MOANA MOANA RAPE_33_5,197.0,371.0,MOANA MOANA RAPE,33.0,5.0,2.0,2.5,0.5,2025_10_21_RSFB-Phenotyping_GG1_scores.csv,,2.25,0.5,True,,Unknown,../dataset/Pictures_CFSB_leaf_damage/2025_10_21_RSFB-Phenotyping_GG1_JLU/2025_10_21_RSFB-Phenotyping_GG1_JLU/20251021_155130.jpg,True,197_R4S_371_MOANA MOANA RAPE_33_5
2025_10_21_RSFB-Phenotyping_GG1_JLU,20251021_155137.jpg,197_R4S_371_MOANA MOANA RAPE_33_5,197.0,371.0,MOANA MOANA RAPE,33.0,5.0,20.0,11.5,8.5,2025_10_21_RSFB-Phenotyping_GG1_scores.csv,,15.75,8.5,False,,Unknown,../dataset/Pictures_CFSB_leaf_damage/2025_10_21_RSFB-Phenotyping_GG1_JLU/2025_10_21_RSFB-Phenotyping_GG1_JLU/20251021_155137.jpg,True,197_R4S_371_MOANA MOANA RAPE_33_5
2025_10_21_RSFB-Phenotyping_GG1_JLU,20251021_155145.jpg,197_R4S_371_MOANA MOANA RAPE_33_5,197.0,371.0,MOANA MOANA RAPE,33.0,5.0,18.0,9.0,9.0,2025_10_21_RSFB-Phenotyping_GG1_scores.csv,,13.5,9.0,False,,Unknown,../dataset/Pictures_CFSB_leaf_damage/2025_10_21_RSFB-Phenotyping_GG1_JLU/2025_10_21_RSFB-Phenotyping_GG1_JLU/20251021_155145.jpg,True,197_R4S_371_MOANA MOANA RAPE_33_5
2025_10_21_RSFB-Phenotyping_GG1_JLU,20251021_155201.jpg,188_R4S_322_Essex Model_32_5,188.0,322.0,Essex Model,32.0,5.0,1.0,9.0,8.0,2025_10_21_RSFB-Phenotyping_GG1_scores.csv,,5.0,8.0,False,,Unknown,../dataset/Pictures_CFSB_leaf_damage/2025_10_21_RSFB-Phenotyping_GG1_JLU/2025_10_21_RSFB-Phenotyping_GG1_JLU/20251021_155201.jpg,True,188_R4S_322_Essex Model_32_5
2025_10_21_RSFB-Phenotyping_GG1_JLU,20251021_155210.jpg,188_R4S_322_Essex Model_32_5,188.0,322.0,Essex Model,32.0,5.0,7.0,17.0,10.0,2025_10_21_RSFB-Phenotyping_GG1_scores.csv,,12.0,10.0,False,,Unknown,../dataset/Pictures_CFSB_leaf_damage/2025_10_21_RSFB-Phenotyping_GG1_JLU/2025_10_21_RSFB-Phenotyping_GG1_JLU/20251021_155210.jpg,True,188_R4S_322_Essex Model_32_5
2025_10_21_RSFB-Phenotyping_GG1_JLU,20251021_155218.jpg,188_R4S_322_Essex Model_32_5,188.0,322.0,Essex Model,32.0,5.0,1.0,0.0,1.0,2025_10_21_RSFB-Phenotyping_GG1_scores.csv,,0.5,1.0,True,,Unknown,../dataset/Pictures_CFSB_leaf_damage/2025_10_21_RSFB-Phenotyping_GG1_JLU/2025_10_21_RSFB-Phenotyping_GG1_JLU/20251021_155218.jpg,True,188_R4S_322_Essex Model_32_5
2025_10_21_RSFB-Phenotyping_GG1_JLU,20251021_155233.jpg,185_R4S_453_L16_31_5,185.0,453.0,L16,31.0,5.0,8.0,14.5,6.5,2025_10_21_RSFB-Phenotyping_GG1_scores.csv,,11.25,6.5,False,,Unknown,../dataset/Pictures_CFSB_leaf_damage/2025_10_21_RSFB-Phenotyping_GG1_JLU/2025_10_21_RSFB-Phenotyping_GG1_JLU/20251021_155233.jpg,True,185_R4S_453_L16_31_5
2025_10_21_RSFB-Phenotyping_GG1_JLU,20251021_155241.jpg,185_R4S_453_L16_31_5,185.0,453.0,L16,31.0,5.0,9.0,20.5,11.5,2025_10_21_RSFB-Phenotyping_GG1_scores.csv,,14.75,11.5,False,,Unknown,../dataset/Pictures_CFSB_leaf_damage/2025_10_21_RSFB-Phenotyping_GG1_JLU/2025_10_21_RSFB-Phenotyping_GG1_JLU/20251021_155241.jpg,True,185_R4S_453_L16_31_5
2025_10_21_RSFB-Phenotyping_GG1_JLU,20251021_155249.jpg,185_R4S_453_L16_31_5,185.0,453.0,L16,31.0,5.0,15.0,21.5,6.5,2025_10_21_RSFB-Phenotyping_GG1_scores.csv,,18.25,6.5,False,,Unknown,../dataset/Pictures_CFSB_leaf_damage/2025_10_21_RSFB-Phenotyping_GG1_JLU/2025_10_21_RSFB-Phenotyping_GG1_JLU/20251021_155249.jpg,True,185_R4S_453_L16_31_5
2025_10_21_RSFB-Phenotyping_GG1_JLU,20251021_155302.jpg,176_R4S_164_Fortis_30_5,176.0,164.0,Fortis,30.0,5.0,1.0,10.5,9.5,2025_10_21_RSFB-Phenotyping_GG1_scores.csv,,5.75,9.5,False,,Unknown,../dataset/Pictures_CFSB_leaf_damage/2025_10_21_RSFB-Phenotyping_GG1_JLU/2025_10_21_RSFB-Phenotyping_GG1_JLU/20251021_155302.jpg,True,176_R4S_164_Fortis_30_5
2025_10_21_RSFB-Phenotyping_GG1_JLU,20251021_155308.jpg,176_R4S_164_Fortis_30_5,176.0,164.0,Fortis,30.0,5.0,0.0,1.5,1.5,2025_10_21_RSFB-Phenotyping_GG1_scores.csv,,0.75,1.5,True,,Unknown,../dataset/Pictures_CFSB_leaf_damage/2025_10_21_RSFB-Phenotyping_GG1_JLU/2025_10_21_RSFB-Phenotyping_GG1_JLU/20251021_155308.jpg,True,176_R4S_164_Fortis_30_5
2025_10_21_RSFB-Phenotyping_GG1_JLU,20251021_155317.jpg,176_R4S_164_Fortis_30_5,176.0,164.0,Fortis,30.0,5.0,23.0,13.0,10.0,2025_10_21_RSFB-Phenotyping_GG1_scores.csv,,18.0,10.0,False,,Unknown,../dataset/Pictures_CFSB_leaf_damage/2025_10_21_RSFB-Phenotyping_GG1_JLU/2025_10_21_RSFB-Phenotyping_GG1_JLU/20251021_155317.jpg,True,176_R4S_164_Fortis_30_5
2025_10_21_RSFB-Phenotyping_GG1_JLU,20251021_155331.jpg,173_R4S_396_Diamant_29_5,173.0,396.0,Diamant,29.0,5.0,4.0,8.0,4.0,2025_10_21_RSFB-Phenotyping_GG1_scores.csv,,6.0,4.0,True,,Unknown,../dataset/Pictures_CFSB_leaf_damage/2025_10_21_RSFB-Phenotyping_GG1_JLU/2025_10_21_RSFB-Phenotyping_GG1_JLU/20251021_155331.jpg,True,173_R4S_396_Diamant_29_5
2025_10_21_RSFB-Phenotyping_GG1_JLU,20251021_155340.jpg,173_R4S_396_Diamant_29_5,173.0,396.0,Diamant,29.0,5.0,3.0,5.0,2.0,2025_10_21_RSFB-Phenotyping_GG1_scores.csv,,4.0,2.0,True,,Unknown,../dataset/Pictures_CFSB_leaf_damage/2025_10_21_RSFB-Phenotyping_GG1_JLU/2025_10_21_RSFB-Phenotyping_GG1_JLU/20251021_155340.jpg,True,173_R4S_396_Diamant_29_5
2025_10_21_RSFB-Phenotyping_GG1_JLU,20251021_155347.jpg,173_R4S_396_Diamant_29_5,173.0,396.0,Diamant,29.0,5.0,8.0,11.5,3.5,2025_10_21_RSFB-Phenotyping_GG1_scores.csv,,9.75,3.5,True,,Unknown,../dataset/Pictures_CFSB_leaf_damage/2025_10_21_RSFB-Phenotyping_GG1_JLU/2025_10_21_RSFB-Phenotyping_GG1_JLU/20251021_155347.jpg,True,173_R4S_396_Diamant_29_5
2025_10_21_RSFB-Phenotyping_GG1_JLU,20251021_155359.jpg,164_R4S_454_S3_28_5,164.0,454.0,S3,28.0,5.0,11.0,7.0,4.0,2025_10_21_RSFB-Phenotyping_GG1_scores.csv,,9.0,4.0,True,,Unknown,../dataset/Pictures_CFSB_leaf_damage/2025_10_21_RSFB-Phenotyping_GG1_JLU/2025_10_21_RSFB-Phenotyping_GG1_JLU/20251021_155359.jpg,True,164_R4S_454_S3_28_5
2025_10_21_RSFB-Phenotyping_GG1_JLU,20251021_155407.jpg,164_R4S_454_S3_28_5,164.0,454.0,S3,28.0,5.0,1.0,0.5,0.5,2025_10_21_RSFB-Phenotyping_GG1_scores.csv,,0.75,0.5,True,,Unknown,../dataset/Pictures_CFSB_leaf_damage/2025_10_21_RSFB-Phenotyping_GG1_JLU/2025_10_21_RSFB-Phenotyping_GG1_JLU/20251021_155407.jpg,True,164_R4S_454_S3_28_5
2025_10_21_RSFB-Phenotyping_GG1_JLU,20251021_155420.jpg,164_R4S_454_S3_28_5,164.0,454.0,S3,28.0,5.0,20.0,11.0,9.0,2025_10_21_RSFB-Phenotyping_GG1_scores.csv,,15.5,9.0,False,,Unknown,../dataset/Pictures_CFSB_leaf_damage/2025_10_21_RSFB-Phenotyping_GG1_JLU/2025_10_21_RSFB-Phenotyping_GG1_JLU/20251021_155420.jpg,True,164_R4S_454_S3_28_5
2025_10_21_RSFB-Phenotyping_GG1_JLU,20251021_155431.jpg,161_R4S_247_Madrigal_27_5,161.0,247.0,Madrigal,27.0,5.0,1.0,1.0,0.0,2025_10_21_RSFB-Phenotyping_GG1_scores.csv,,1.0,0.0,True,,Unknown,../dataset/Pictures_CFSB_leaf_damage/2025_10_21_RSFB-Phenotyping_GG1_JLU/2025_10_21_RSFB-Phenotyping_GG1_JLU/20251021_155431.jpg,True,161_R4S_247_Madrigal_27_5
2025_10_21_RSFB-Phenotyping_GG1_JLU,20251021_155437.jpg,161_R4S_247_Madrigal_27_5,161.0,247.0,Madrigal,27.0,5.0,5.0,4.5,0.5,2025_10_21_RSFB-Phenotyping_GG1_scores.csv,,4.75,0.5,True,,Unknown,../dataset/Pictures_CFSB_leaf_damage/2025_10_21_RSFB-Phenotyping_GG1_JLU/2025_10_21_RSFB-Phenotyping_GG1_JLU/20251021_155437.jpg,True,161_R4S_247_Madrigal_27_5
2025_10_21_RSFB-Phenotyping_GG1_JLU,20251021_155444.jpg,161_R4S_247_Madrigal_27_5,161.0,247.0,Madrigal,27.0,5.0,10.0,7.5,2.5,2025_10_21_RSFB-Phenotyping_GG1_scores.csv,,8.75,2.5,True,,Unknown,../dataset/Pictures_CFSB_leaf_damage/2025_10_21_RSFB-Phenotyping_GG1_JLU/2025_10_21_RSFB-Phenotyping_GG1_JLU/20251021_155444.jpg,True,161_R4S_247_Madrigal_27_5
2025_10_21_RSFB-Phenotyping_GG1_JLU,20251021_155458.jpg,152_R4S_182_Pollen_26_5,152.0,182.0,Pollen,26.0,5.0,20.0,11.0,9.0,2025_10_21_RSFB-Phenotyping_GG1_scores.csv,,15.5,9.0,False,,Unknown,../dataset/Pictures_CFSB_leaf_damage/2025_10_21_RSFB-Phenotyping_GG1_JLU/2025_10_21_RSFB-Phenotyping_GG1_JLU/20251021_155458.jpg,True,152_R4S_182_Pollen_26_5
2025_10_21_RSFB-Phenotyping_GG1_JLU,20251021_155505.jpg,152_R4S_182_Pollen_26_5,152.0,182.0,Pollen,26.0,5.0,2.0,5.5,3.5,2025_10_21_RSFB-Phenotyping_GG1_scores.csv,,3.75,3.5,True,,Unknown,../dataset/Pictures_CFSB_leaf_damage/2025_10_21_RSFB-Phenotyping_GG1_JLU/2025_10_21_RSFB-Phenotyping_GG1_JLU/20251021_155505.jpg,True,152_R4S_182_Pollen_26_5
2025_10_21_RSFB-Phenotyping_GG1_JLU,20251021_155512.jpg,152_R4S_182_Pollen_26_5,152.0,182.0,Pollen,26.0,5.0,8.0,8.0,0.0,2025_10_21_RSFB-Phenotyping_GG1_scores.csv,,8.0,0.0,True,,Unknown,../dataset/Pictures_CFSB_leaf_damage/2025_10_21_RSFB-Phenotyping_GG1_JLU/2025_10_21_RSFB-Phenotyping_GG1_JLU/20251021_155512.jpg,True,152_R4S_182_Pollen_26_5
2025_10_21_RSFB-Phenotyping_GG1_JLU,20251021_155525.jpg,149_R4S_548_ALLESANDRO KWS_25_5,149.0,548.0,ALLESANDRO KWS,25.0,5.0,1.0,2.0,1.0,2025_10_21_RSFB-Phenotyping_GG1_scores.csv,,1.5,1.0,True,,Unknown,../dataset/Pictures_CFSB_leaf_damage/2025_10_21_RSFB-Phenotyping_GG1_JLU/2025_10_21_RSFB-Phenotyping_GG1_JLU/20251021_155525.jpg,True,149_R4S_548_ALLESANDRO KWS_25_5
2025_10_21_RSFB-Phenotyping_GG1_JLU,20251021_155534.jpg,149_R4S_548_ALLESANDRO KWS_25_5,149.0,548.0,ALLESANDRO KWS,25.0,5.0,18.0,19.5,1.5,2025_10_21_RSFB-Phenotyping_GG1_scores.csv,,18.75,1.5,True,,Unknown,../dataset/Pictures_CFSB_leaf_damage/2025_10_21_RSFB-Phenotyping_GG1_JLU/2025_10_21_RSFB-Phenotyping_GG1_JLU/20251021_155534.jpg,True,149_R4S_548_ALLESANDRO KWS_25_5
2025_10_21_RSFB-Phenotyping_GG1_JLU,20251021_155541.jpg,149_R4S_548_ALLESANDRO KWS_25_5,149.0,548.0,ALLESANDRO KWS,25.0,5.0,14.0,9.0,5.0,2025_10_21_RSFB-Phenotyping_GG1_scores.csv,,11.5,5.0,False,,Unknown,../dataset/Pictures_CFSB_leaf_damage/2025_10_21_RSFB-Phenotyping_GG1_JLU/2025_10_21_RSFB-Phenotyping_GG1_JLU/20251021_155541.jpg,True,149_R4S_548_ALLESANDRO KWS_25_5
2025_10_21_RSFB-Phenotyping_GG1_JLU,20251021_155556.jpg,140_R4S_244_NK Bravour_24_5,140.0,244.0,NK Bravour,24.0,5.0,7.0,11.0,4.0,2025_10_21_RSFB-Phenotyping_GG1_scores.csv,,9.0,4.0,True,,Unknown,../dataset/Pictures_CFSB_leaf_damage/2025_10_21_RSFB-Phenotyping_GG1_JLU/2025_10_21_RSFB-Phenotyping_GG1_JLU/20251021_155556.jpg,True,140_R4S_244_NK Bravour_24_5
2025_10_21_RSFB-Phenotyping_GG1_JLU,20251021_155606.jpg,140_R4S_244_NK Bravour_24_5,140.0,244.0,NK Bravour,24.0,5.0,16.0,11.0,5.0,2025_10_21_RSFB-Phenotyping_GG1_scores.csv,,13.5,5.0,False,,Unknown,../dataset/Pictures_CFSB_leaf_damage/2025_10_21_RSFB-Phenotyping_GG1_JLU/2025_10_21_RSFB-Phenotyping_GG1_JLU/20251021_155606.jpg,True,140_R4S_244_NK Bravour_24_5
2025_10_21_RSFB-Phenotyping_GG1_JLU,20251021_155612.jpg,140_R4S_244_NK Bravour_24_5,140.0,244.0,NK Bravour,24.0,5.0,25.0,18.5,6.5,2025_10_21_RSFB-Phenotyping_GG1_scores.csv,,21.75,6.5,False,,Unknown,../dataset/Pictures_CFSB_leaf_damage/2025_10_21_RSFB-Phenotyping_GG1_JLU/2025_10_21_RSFB-Phenotyping_GG1_JLU/20251021_155612.jpg,True,140_R4S_244_NK Bravour_24_5
2025_10_21_RSFB-Phenotyping_GG1_JLU,20251021_155624.jpg,137_R4S_460_K53_23_5,137.0,460.0,K53,23.0,5.0,12.0,8.0,4.0,2025_10_21_RSFB-Phenotyping_GG1_scores.csv,,10.0,4.0,True,,Unknown,../dataset/Pictures_CFSB_leaf_damage/2025_10_21_RSFB-Phenotyping_GG1_JLU/2025_10_21_RSFB-Phenotyping_GG1_JLU/20251021_155624.jpg,True,137_R4S_460_K53_23_5
2025_10_21_RSFB-Phenotyping_GG1_JLU,20251021_155632.jpg,137_R4S_460_K53_23_5,137.0,460.0,K53,23.0,5.0,0.0,0.0,0.0,2025_10_21_RSFB-Phenotyping_GG1_scores.csv,,0.0,0.0,True,,Unknown,../dataset/Pictures_CFSB_leaf_damage/2025_10_21_RSFB-Phenotyping_GG1_JLU/2025_10_21_RSFB-Phenotyping_GG1_JLU/20251021_155632.jpg,True,137_R4S_460_K53_23_5
2025_10_21_RSFB-Phenotyping_GG1_JLU,20251021_155643.jpg,137_R4S_460_K53_23_5,137.0,460.0,K53,23.0,5.0,14.0,9.0,5.0,2025_10_21_RSFB-Phenotyping_GG1_scores.csv,,11.5,5.0,False,,Unknown,../dataset/Pictures_CFSB_leaf_damage/2025_10_21_RSFB-Phenotyping_GG1_JLU/2025_10_21_RSFB-Phenotyping_GG1_JLU/20251021_155643.jpg,True,137_R4S_460_K53_23_5
2025_10_21_RSFB-Phenotyping_GG1_JLU,20251021_155659.jpg,128_R4S_194_LEMBKES MALCHOWER *LENORA(_22_5,128.0,194.0,LEMBKES MALCHOWER *LENORA(,22.0,5.0,15.0,10.0,5.0,2025_10_21_RSFB-Phenotyping_GG1_scores.csv,,12.5,5.0,False,,Unknown,../dataset/Pictures_CFSB_leaf_damage/2025_10_21_RSFB-Phenotyping_GG1_JLU/2025_10_21_RSFB-Phenotyping_GG1_JLU/20251021_155659.jpg,True,128_R4S_194_LEMBKES MALCHOWER *LENORA(_22_5
2025_10_21_RSFB-Phenotyping_GG1_JLU,20251021_155710.jpg,128_R4S_194_LEMBKES MALCHOWER *LENORA(_22_5,128.0,194.0,LEMBKES MALCHOWER *LENORA(,22.0,5.0,20.0,16.5,3.5,2025_10_21_RSFB-Phenotyping_GG1_scores.csv,,18.25,3.5,True,,Unknown,../dataset/Pictures_CFSB_leaf_damage/2025_10_21_RSFB-Phenotyping_GG1_JLU/2025_10_21_RSFB-Phenotyping_GG1_JLU/20251021_155710.jpg,True,128_R4S_194_LEMBKES MALCHOWER *LENORA(_22_5
2025_10_21_RSFB-Phenotyping_GG1_JLU,20251021_155718.jpg,128_R4S_194_LEMBKES MALCHOWER *LENORA(_22_5,128.0,194.0,LEMBKES MALCHOWER *LENORA(,22.0,5.0,9.0,10.0,1.0,2025_10_21_RSFB-Phenotyping_GG1_scores.csv,,9.5,1.0,True,,Unknown,../dataset/Pictures_CFSB_leaf_damage/2025_10_21_RSFB-Phenotyping_GG1_JLU/2025_10_21_RSFB-Phenotyping_GG1_JLU/20251021_155718.jpg,True,128_R4S_194_LEMBKES MALCHOWER *LENORA(_22_5
2025_10_21_RSFB-Phenotyping_GG1_JLU,20251021_155730.jpg,125_R4S_144_Adder_21_5,125.0,144.0,Adder,21.0,5.0,8.0,5.0,3.0,2025_10_21_RSFB-Phenotyping_GG1_scores.csv,,6.5,3.0,True,,Unknown,../dataset/Pictures_CFSB_leaf_damage/2025_10_21_RSFB-Phenotyping_GG1_JLU/2025_10_21_RSFB-Phenotyping_GG1_JLU/20251021_155730.jpg,True,125_R4S_144_Adder_21_5
2025_10_21_RSFB-Phenotyping_GG1_JLU,20251021_155737.jpg,125_R4S_144_Adder_21_5,125.0,144.0,Adder,21.0,5.0,8.0,3.5,4.5,2025_10_21_RSFB-Phenotyping_GG1_scores.csv,,5.75,4.5,True,,Unknown,../dataset/Pictures_CFSB_leaf_damage/2025_10_21_RSFB-Phenotyping_GG1_JLU/2025_10_21_RSFB-Phenotyping_GG1_JLU/20251021_155737.jpg,True,125_R4S_144_Adder_21_5
2025_10_21_RSFB-Phenotyping_GG1_JLU,20251021_155744.jpg,125_R4S_144_Adder_21_5,125.0,144.0,Adder,21.0,5.0,5.0,7.0,2.0,2025_10_21_RSFB-Phenotyping_GG1_scores.csv,,6.0,2.0,True,,Unknown,../dataset/Pictures_CFSB_leaf_damage/2025_10_21_RSFB-Phenotyping_GG1_JLU/2025_10_21_RSFB-Phenotyping_GG1_JLU/20251021_155744.jpg,True,125_R4S_144_Adder_21_5
2025_10_21_RSFB-Phenotyping_GG1_JLU,20251021_155758.jpg,116_R4S_452_G56_20_5,116.0,452.0,G56,20.0,5.0,0.0,0.0,0.0,2025_10_21_RSFB-Phenotyping_GG1_scores.csv,,0.0,0.0,True,,Unknown,../dataset/Pictures_CFSB_leaf_damage/2025_10_21_RSFB-Phenotyping_GG1_JLU/2025_10_21_RSFB-Phenotyping_GG1_JLU/20251021_155758.jpg,True,116_R4S_452_G56_20_5
2025_10_21_RSFB-Phenotyping_GG1_JLU,20251021_155808.jpg,116_R4S_452_G56_20_5,116.0,452.0,G56,20.0,5.0,2.0,15.0,13.0,2025_10_21_RSFB-Phenotyping_GG1_scores.csv,,8.5,13.0,False,,Unknown,../dataset/Pictures_CFSB_leaf_damage/2025_10_21_RSFB-Phenotyping_GG1_JLU/2025_10_21_RSFB-Phenotyping_GG1_JLU/20251021_155808.jpg,True,116_R4S_452_G56_20_5
2025_10_21_RSFB-Phenotyping_GG1_JLU,20251021_155811.jpg,116_R4S_452_G56_20_5,116.0,452.0,G56,20.0,5.0,12.0,16.2,4.2,2025_10_21_RSFB-Phenotyping_GG1_scores.csv,,14.1,4.199999999999999,True,,Unknown,../dataset/Pictures_CFSB_leaf_damage/2025_10_21_RSFB-Phenotyping_GG1_JLU/2025_10_21_RSFB-Phenotyping_GG1_JLU/20251021_155811.jpg,True,116_R4S_452_G56_20_5
2025_10_21_RSFB-Phenotyping_GG1_JLU,20251021_155828.jpg,113_R4S_284_Nemertschanskij 1_19_5,113.0,284.0,Nemertschanskij 1,19.0,5.0,35.0,12.0,23.0,2025_10_21_RSFB-Phenotyping_GG1_scores.csv,,23.5,23.0,False,,Unknown,../dataset/Pictures_CFSB_leaf_damage/2025_10_21_RSFB-Phenotyping_GG1_JLU/2025_10_21_RSFB-Phenotyping_GG1_JLU/20251021_155828.jpg,True,113_R4S_284_Nemertschanskij 1_19_5
2025_10_21_RSFB-Phenotyping_GG1_JLU,20251021_155835.jpg,113_R4S_284_Nemertschanskij 1_19_5,113.0,284.0,Nemertschanskij 1,19.0,5.0,20.0,13.0,7.0,2025_10_21_RSFB-Phenotyping_GG1_scores.csv,,16.5,7.0,False,,Unknown,../dataset/Pictures_CFSB_leaf_damage/2025_10_21_RSFB-Phenotyping_GG1_JLU/2025_10_21_RSFB-Phenotyping_GG1_JLU/20251021_155835.jpg,True,113_R4S_284_Nemertschanskij 1_19_5
2025_10_21_RSFB-Phenotyping_GG1_JLU,20251021_155843.jpg,113_R4S_284_Nemertschanskij 1_19_5,113.0,284.0,Nemertschanskij 1,19.0,5.0,22.0,11.5,10.5,2025_10_21_RSFB-Phenotyping_GG1_scores.csv,,16.75,10.5,False,,Unknown,../dataset/Pictures_CFSB_leaf_damage/2025_10_21_RSFB-Phenotyping_GG1_JLU/2025_10_21_RSFB-Phenotyping_GG1_JLU/20251021_155843.jpg,True,113_R4S_284_Nemertschanskij 1_19_5
2025_10_21_RSFB-Phenotyping_GG1_JLU,20251021_155857.jpg,104_R4S_364_Silona_18_5,104.0,364.0,Silona,18.0,5.0,12.0,18.5,6.5,2025_10_21_RSFB-Phenotyping_GG1_scores.csv,,15.25,6.5,False,,Unknown,../dataset/Pictures_CFSB_leaf_damage/2025_10_21_RSFB-Phenotyping_GG1_JLU/2025_10_21_RSFB-Phenotyping_GG1_JLU/20251021_155857.jpg,True,104_R4S_364_Silona_18_5
2025_10_21_RSFB-Phenotyping_GG1_JLU,20251021_155904.jpg,104_R4S_364_Silona_18_5,104.0,364.0,Silona,18.0,5.0,8.0,12.0,4.0,2025_10_21_RSFB-Phenotyping_GG1_scores.csv,,10.0,4.0,True,,Unknown,../dataset/Pictures_CFSB_leaf_damage/2025_10_21_RSFB-Phenotyping_GG1_JLU/2025_10_21_RSFB-Phenotyping_GG1_JLU/20251021_155904.jpg,True,104_R4S_364_Silona_18_5
2025_10_21_RSFB-Phenotyping_GG1_JLU,20251021_155912.jpg,104_R4S_364_Silona_18_5,104.0,364.0,Silona,18.0,5.0,20.0,11.5,8.5,2025_10_21_RSFB-Phenotyping_GG1_scores.csv,,15.75,8.5,False,,Unknown,../dataset/Pictures_CFSB_leaf_damage/2025_10_21_RSFB-Phenotyping_GG1_JLU/2025_10_21_RSFB-Phenotyping_GG1_JLU/20251021_155912.jpg,True,104_R4S_364_Silona_18_5
2025_10_21_RSFB-Phenotyping_GG1_JLU,20251021_155923.jpg,101_R4S_375_Vinnickij 15&59_17_5,101.0,375.0,Vinnickij 15&59,17.0,5.0,4.0,5.0,1.0,2025_10_21_RSFB-Phenotyping_GG1_scores.csv,,4.5,1.0,True,,Unknown,../dataset/Pictures_CFSB_leaf_damage/2025_10_21_RSFB-Phenotyping_GG1_JLU/2025_10_21_RSFB-Phenotyping_GG1_JLU/20251021_155923.jpg,True,101_R4S_375_Vinnickij 15&59_17_5
2025_10_21_RSFB-Phenotyping_GG1_JLU,20251021_155930.jpg,101_R4S_375_Vinnickij 15&59_17_5,101.0,375.0,Vinnickij 15&59,17.0,5.0,4.0,5.5,1.5,2025_10_21_RSFB-Phenotyping_GG1_scores.csv,,4.75,1.5,True,,Unknown,../dataset/Pictures_CFSB_leaf_damage/2025_10_21_RSFB-Phenotyping_GG1_JLU/2025_10_21_RSFB-Phenotyping_GG1_JLU/20251021_155930.jpg,True,101_R4S_375_Vinnickij 15&59_17_5
2025_10_21_RSFB-Phenotyping_GG1_JLU,20251021_155939.jpg,101_R4S_375_Vinnickij 15&59_17_5,101.0,375.0,Vinnickij 15&59,17.0,5.0,3.0,10.0,7.0,2025_10_21_RSFB-Phenotyping_GG1_scores.csv,,6.5,7.0,False,,Unknown,../dataset/Pictures_CFSB_leaf_damage/2025_10_21_RSFB-Phenotyping_GG1_JLU/2025_10_21_RSFB-Phenotyping_GG1_JLU/20251021_155939.jpg,True,101_R4S_375_Vinnickij 15&59_17_5
2025_10_21_RSFB-Phenotyping_GG1_JLU,20251021_155950.jpg,92_R4S_316_BRONYE TOP_16_5,92.0,316.0,BRONYE TOP,16.0,5.0,40.0,14.5,25.5,2025_10_21_RSFB-Phenotyping_GG1_scores.csv,,27.25,25.5,False,,Unknown,../dataset/Pictures_CFSB_leaf_damage/2025_10_21_RSFB-Phenotyping_GG1_JLU/2025_10_21_RSFB-Phenotyping_GG1_JLU/20251021_155950.jpg,True,92_R4S_316_BRONYE TOP_16_5
2025_10_21_RSFB-Phenotyping_GG1_JLU,20251021_155956.jpg,92_R4S_316_BRONYE TOP_16_5,92.0,316.0,BRONYE TOP,16.0,5.0,12.0,9.0,3.0,2025_10_21_RSFB-Phenotyping_GG1_scores.csv,,10.5,3.0,True,,Unknown,../dataset/Pictures_CFSB_leaf_damage/2025_10_21_RSFB-Phenotyping_GG1_JLU/2025_10_21_RSFB-Phenotyping_GG1_JLU/20251021_155956.jpg,True,92_R4S_316_BRONYE TOP_16_5
2025_10_21_RSFB-Phenotyping_GG1_JLU,20251021_160003.jpg,92_R4S_316_BRONYE TOP_16_5,92.0,316.0,BRONYE TOP,16.0,5.0,15.0,7.0,8.0,2025_10_21_RSFB-Phenotyping_GG1_scores.csv,,11.0,8.0,False,,Unknown,../dataset/Pictures_CFSB_leaf_damage/2025_10_21_RSFB-Phenotyping_GG1_JLU/2025_10_21_RSFB-Phenotyping_GG1_JLU/20251021_160003.jpg,True,92_R4S_316_BRONYE TOP_16_5
2025_10_21_RSFB-Phenotyping_GG1_JLU,20251021_160018.jpg,89_R4S_461_H365_15_5,89.0,461.0,H365,15.0,5.0,25.0,13.0,12.0,2025_10_21_RSFB-Phenotyping_GG1_scores.csv,,19.0,12.0,False,,Unknown,../dataset/Pictures_CFSB_leaf_damage/2025_10_21_RSFB-Phenotyping_GG1_JLU/2025_10_21_RSFB-Phenotyping_GG1_JLU/20251021_160018.jpg,True,89_R4S_461_H365_15_5
2025_10_21_RSFB-Phenotyping_GG1_JLU,20251021_160023.jpg,89_R4S_461_H365_15_5,89.0,461.0,H365,15.0,5.0,27.0,20.5,6.5,2025_10_21_RSFB-Phenotyping_GG1_scores.csv,,23.75,6.5,False,,Unknown,../dataset/Pictures_CFSB_leaf_damage/2025_10_21_RSFB-Phenotyping_GG1_JLU/2025_10_21_RSFB-Phenotyping_GG1_JLU/20251021_160023.jpg,True,89_R4S_461_H365_15_5
2025_10_21_RSFB-Phenotyping_GG1_JLU,20251021_160029.jpg,89_R4S_461_H365_15_5,89.0,461.0,H365,15.0,5.0,25.0,11.5,13.5,2025_10_21_RSFB-Phenotyping_GG1_scores.csv,,18.25,13.5,False,,Unknown,../dataset/Pictures_CFSB_leaf_damage/2025_10_21_RSFB-Phenotyping_GG1_JLU/2025_10_21_RSFB-Phenotyping_GG1_JLU/20251021_160029.jpg,True,89_R4S_461_H365_15_5
2025_10_21_RSFB-Phenotyping_GG1_JLU,20251021_160041.jpg,80_R4S_512_R31_14_5,80.0,512.0,R31,14.0,5.0,15.0,19.0,4.0,2025_10_21_RSFB-Phenotyping_GG1_scores.csv,,17.0,4.0,True,,Unknown,../dataset/Pictures_CFSB_leaf_damage/2025_10_21_RSFB-Phenotyping_GG1_JLU/2025_10_21_RSFB-Phenotyping_GG1_JLU/20251021_160041.jpg,True,80_R4S_512_R31_14_5
2025_10_21_RSFB-Phenotyping_GG1_JLU,20251021_160047.jpg,80_R4S_512_R31_14_5,80.0,512.0,R31,14.0,5.0,2.0,8.5,6.5,2025_10_21_RSFB-Phenotyping_GG1_scores.csv,,5.25,6.5,False,,Unknown,../dataset/Pictures_CFSB_leaf_damage/2025_10_21_RSFB-Phenotyping_GG1_JLU/2025_10_21_RSFB-Phenotyping_GG1_JLU/20251021_160047.jpg,True,80_R4S_512_R31_14_5
2025_10_21_RSFB-Phenotyping_GG1_JLU,20251021_160055.jpg,80_R4S_512_R31_14_5,80.0,512.0,R31,14.0,5.0,18.0,22.5,4.5,2025_10_21_RSFB-Phenotyping_GG1_scores.csv,,20.25,4.5,True,,Unknown,../dataset/Pictures_CFSB_leaf_damage/2025_10_21_RSFB-Phenotyping_GG1_JLU/2025_10_21_RSFB-Phenotyping_GG1_JLU/20251021_160055.jpg,True,80_R4S_512_R31_14_5
2025_10_21_RSFB-Phenotyping_GG1_JLU,20251021_160107.jpg,77_R4S_376_Victor_13_5,77.0,376.0,Victor,13.0,5.0,8.0,8.0,0.0,2025_10_21_RSFB-Phenotyping_GG1_scores.csv,,8.0,0.0,True,,Unknown,../dataset/Pictures_CFSB_leaf_damage/2025_10_21_RSFB-Phenotyping_GG1_JLU/2025_10_21_RSFB-Phenotyping_GG1_JLU/20251021_160107.jpg,True,77_R4S_376_Victor_13_5
2025_10_21_RSFB-Phenotyping_GG1_JLU,20251021_160113.jpg,77_R4S_376_Victor_13_5,77.0,376.0,Victor,13.0,5.0,20.0,15.5,4.5,2025_10_21_RSFB-Phenotyping_GG1_scores.csv,,17.75,4.5,True,,Unknown,../dataset/Pictures_CFSB_leaf_damage/2025_10_21_RSFB-Phenotyping_GG1_JLU/2025_10_21_RSFB-Phenotyping_GG1_JLU/20251021_160113.jpg,True,77_R4S_376_Victor_13_5
2025_10_21_RSFB-Phenotyping_GG1_JLU,20251021_160120.jpg,77_R4S_376_Victor_13_5,77.0,376.0,Victor,13.0,5.0,22.0,10.0,12.0,2025_10_21_RSFB-Phenotyping_GG1_scores.csv,,16.0,12.0,False,,Unknown,../dataset/Pictures_CFSB_leaf_damage/2025_10_21_RSFB-Phenotyping_GG1_JLU/2025_10_21_RSFB-Phenotyping_GG1_JLU/20251021_160120.jpg,True,77_R4S_376_Victor_13_5
2025_10_21_RSFB-Phenotyping_GG1_JLU,20251021_160133.jpg,68_R4S_493_KWS ARIANOS_12_5,68.0,493.0,KWS ARIANOS,12.0,5.0,2.0,6.0,4.0,2025_10_21_RSFB-Phenotyping_GG1_scores.csv,,4.0,4.0,True,,Unknown,../dataset/Pictures_CFSB_leaf_damage/2025_10_21_RSFB-Phenotyping_GG1_JLU/2025_10_21_RSFB-Phenotyping_GG1_JLU/20251021_160133.jpg,True,68_R4S_493_KWS ARIANOS_12_5
2025_10_21_RSFB-Phenotyping_GG1_JLU,20251021_160143.jpg,68_R4S_493_KWS ARIANOS_12_5,68.0,493.0,KWS ARIANOS,12.0,5.0,20.0,8.0,12.0,2025_10_21_RSFB-Phenotyping_GG1_scores.csv,,14.0,12.0,False,,Unknown,../dataset/Pictures_CFSB_leaf_damage/2025_10_21_RSFB-Phenotyping_GG1_JLU/2025_10_21_RSFB-Phenotyping_GG1_JLU/20251021_160143.jpg,True,68_R4S_493_KWS ARIANOS_12_5
2025_10_21_RSFB-Phenotyping_GG1_JLU,20251021_160154.jpg,68_R4S_493_KWS ARIANOS_12_5,68.0,493.0,KWS ARIANOS,12.0,5.0,23.0,16.0,7.0,2025_10_21_RSFB-Phenotyping_GG1_scores.csv,,19.5,7.0,False,,Unknown,../dataset/Pictures_CFSB_leaf_damage/2025_10_21_RSFB-Phenotyping_GG1_JLU/2025_10_21_RSFB-Phenotyping_GG1_JLU/20251021_160154.jpg,True,68_R4S_493_KWS ARIANOS_12_5
2025_10_21_RSFB-Phenotyping_GG1_JLU,20251021_160207.jpg,65_R4S_490_R8_11_5,65.0,490.0,R8,11.0,5.0,25.0,6.0,19.0,2025_10_21_RSFB-Phenotyping_GG1_scores.csv,,15.5,19.0,False,,Unknown,../dataset/Pictures_CFSB_leaf_damage/2025_10_21_RSFB-Phenotyping_GG1_JLU/2025_10_21_RSFB-Phenotyping_GG1_JLU/20251021_160207.jpg,True,65_R4S_490_R8_11_5
2025_10_21_RSFB-Phenotyping_GG1_JLU,20251021_160214.jpg,65_R4S_490_R8_11_5,65.0,490.0,R8,11.0,5.0,30.0,10.0,20.0,2025_10_21_RSFB-Phenotyping_GG1_scores.csv,,20.0,20.0,False,,Unknown,../dataset/Pictures_CFSB_leaf_damage/2025_10_21_RSFB-Phenotyping_GG1_JLU/2025_10_21_RSFB-Phenotyping_GG1_JLU/20251021_160214.jpg,True,65_R4S_490_R8_11_5
2025_10_21_RSFB-Phenotyping_GG1_JLU,20251021_160221.jpg,65_R4S_490_R8_11_5,65.0,490.0,R8,11.0,5.0,5.0,6.0,1.0,2025_10_21_RSFB-Phenotyping_GG1_scores.csv,,5.5,1.0,True,,Unknown,../dataset/Pictures_CFSB_leaf_damage/2025_10_21_RSFB-Phenotyping_GG1_JLU/2025_10_21_RSFB-Phenotyping_GG1_JLU/20251021_160221.jpg,True,65_R4S_490_R8_11_5
2025_10_21_RSFB-Phenotyping_GG1_JLU,20251021_160233.jpg,56_R4S_501_LG Avenger_10_5,56.0,501.0,LG Avenger,10.0,5.0,1.0,2.5,1.5,2025_10_21_RSFB-Phenotyping_GG1_scores.csv,,1.75,1.5,True,,Unknown,../dataset/Pictures_CFSB_leaf_damage/2025_10_21_RSFB-Phenotyping_GG1_JLU/2025_10_21_RSFB-Phenotyping_GG1_JLU/20251021_160233.jpg,True,56_R4S_501_LG Avenger_10_5
2025_10_21_RSFB-Phenotyping_GG1_JLU,20251021_160240.jpg,56_R4S_501_LG Avenger_10_5,56.0,501.0,LG Avenger,10.0,5.0,2.0,5.5,3.5,2025_10_21_RSFB-Phenotyping_GG1_scores.csv,,3.75,3.5,True,,Unknown,../dataset/Pictures_CFSB_leaf_damage/2025_10_21_RSFB-Phenotyping_GG1_JLU/2025_10_21_RSFB-Phenotyping_GG1_JLU/20251021_160240.jpg,True,56_R4S_501_LG Avenger_10_5
2025_10_21_RSFB-Phenotyping_GG1_JLU,20251021_160247.jpg,56_R4S_501_LG Avenger_10_5,56.0,501.0,LG Avenger,10.0,5.0,8.0,18.5,10.5,2025_10_21_RSFB-Phenotyping_GG1_scores.csv,,13.25,10.5,False,,Unknown,../dataset/Pictures_CFSB_leaf_damage/2025_10_21_RSFB-Phenotyping_GG1_JLU/2025_10_21_RSFB-Phenotyping_GG1_JLU/20251021_160247.jpg,True,56_R4S_501_LG Avenger_10_5
2025_10_21_RSFB-Phenotyping_GG1_JLU,20251021_160301.jpg,53_R4S_398_Bolko_9_5,53.0,398.0,Bolko,9.0,5.0,2.0,12.5,10.5,2025_10_21_RSFB-Phenotyping_GG1_scores.csv,,7.25,10.5,False,,Unknown,../dataset/Pictures_CFSB_leaf_damage/2025_10_21_RSFB-Phenotyping_GG1_JLU/2025_10_21_RSFB-Phenotyping_GG1_JLU/20251021_160301.jpg,True,53_R4S_398_Bolko_9_5
2025_10_21_RSFB-Phenotyping_GG1_JLU,20251021_160307.jpg,53_R4S_398_Bolko_9_5,53.0,398.0,Bolko,9.0,5.0,1.0,15.0,14.0,2025_10_21_RSFB-Phenotyping_GG1_scores.csv,,8.0,14.0,False,,Unknown,../dataset/Pictures_CFSB_leaf_damage/2025_10_21_RSFB-Phenotyping_GG1_JLU/2025_10_21_RSFB-Phenotyping_GG1_JLU/20251021_160307.jpg,True,53_R4S_398_Bolko_9_5
2025_10_21_RSFB-Phenotyping_GG1_JLU,20251021_160316.jpg,53_R4S_398_Bolko_9_5,53.0,398.0,Bolko,9.0,5.0,30.0,15.0,15.0,2025_10_21_RSFB-Phenotyping_GG1_scores.csv,,22.5,15.0,False,,Unknown,../dataset/Pictures_CFSB_leaf_damage/2025_10_21_RSFB-Phenotyping_GG1_JLU/2025_10_21_RSFB-Phenotyping_GG1_JLU/20251021_160316.jpg,True,53_R4S_398_Bolko_9_5
2025_10_21_RSFB-Phenotyping_GG1_JLU,20251021_160328.jpg,44_R4S_217_JANETYKIS SCHLESISCHER_8_5,44.0,217.0,JANETYKIS SCHLESISCHER,8.0,5.0,10.0,5.5,4.5,2025_10_21_RSFB-Phenotyping_GG1_scores.csv,,7.75,4.5,True,,Unknown,../dataset/Pictures_CFSB_leaf_damage/2025_10_21_RSFB-Phenotyping_GG1_JLU/2025_10_21_RSFB-Phenotyping_GG1_JLU/20251021_160328.jpg,True,44_R4S_217_JANETYKIS SCHLESISCHER_8_5
2025_10_21_RSFB-Phenotyping_GG1_JLU,20251021_160336.jpg,44_R4S_217_JANETYKIS SCHLESISCHER_8_5,44.0,217.0,JANETYKIS SCHLESISCHER,8.0,5.0,7.0,4.0,3.0,2025_10_21_RSFB-Phenotyping_GG1_scores.csv,,5.5,3.0,True,,Unknown,../dataset/Pictures_CFSB_leaf_damage/2025_10_21_RSFB-Phenotyping_GG1_JLU/2025_10_21_RSFB-Phenotyping_GG1_JLU/20251021_160336.jpg,True,44_R4S_217_JANETYKIS SCHLESISCHER_8_5
2025_10_21_RSFB-Phenotyping_GG1_JLU,20251021_160342.jpg,44_R4S_217_JANETYKIS SCHLESISCHER_8_5,44.0,217.0,JANETYKIS SCHLESISCHER,8.0,5.0,8.0,9.5,1.5,2025_10_21_RSFB-Phenotyping_GG1_scores.csv,,8.75,1.5,True,,Unknown,../dataset/Pictures_CFSB_leaf_damage/2025_10_21_RSFB-Phenotyping_GG1_JLU/2025_10_21_RSFB-Phenotyping_GG1_JLU/20251021_160342.jpg,True,44_R4S_217_JANETYKIS SCHLESISCHER_8_5
2025_10_21_RSFB-Phenotyping_GG1_JLU,20251021_160359.jpg,41_R4S_294_R53_7_5,41.0,294.0,R53,7.0,5.0,25.0,13.5,11.5,2025_10_21_RSFB-Phenotyping_GG1_scores.csv,,19.25,11.5,False,,Unknown,../dataset/Pictures_CFSB_leaf_damage/2025_10_21_RSFB-Phenotyping_GG1_JLU/2025_10_21_RSFB-Phenotyping_GG1_JLU/20251021_160359.jpg,True,41_R4S_294_R53_7_5
2025_10_21_RSFB-Phenotyping_GG1_JLU,20251021_160406.jpg,41_R4S_294_R53_7_5,41.0,294.0,R53,7.0,5.0,2.0,14.5,12.5,2025_10_21_RSFB-Phenotyping_GG1_scores.csv,,8.25,12.5,False,,Unknown,../dataset/Pictures_CFSB_leaf_damage/2025_10_21_RSFB-Phenotyping_GG1_JLU/2025_10_21_RSFB-Phenotyping_GG1_JLU/20251021_160406.jpg,True,41_R4S_294_R53_7_5
2025_10_21_RSFB-Phenotyping_GG1_JLU,20251021_160412.jpg,41_R4S_294_R53_7_5,41.0,294.0,R53,7.0,5.0,8.0,6.0,2.0,2025_10_21_RSFB-Phenotyping_GG1_scores.csv,,7.0,2.0,True,,Unknown,../dataset/Pictures_CFSB_leaf_damage/2025_10_21_RSFB-Phenotyping_GG1_JLU/2025_10_21_RSFB-Phenotyping_GG1_JLU/20251021_160412.jpg,True,41_R4S_294_R53_7_5
2025_10_21_RSFB-Phenotyping_GG1_JLU,20251021_160424.jpg,32_R4S_240_Musette_6_5,32.0,240.0,Musette,6.0,5.0,3.0,7.0,4.0,2025_10_21_RSFB-Phenotyping_GG1_scores.csv,,5.0,4.0,True,,Unknown,../dataset/Pictures_CFSB_leaf_damage/2025_10_21_RSFB-Phenotyping_GG1_JLU/2025_10_21_RSFB-Phenotyping_GG1_JLU/20251021_160424.jpg,True,32_R4S_240_Musette_6_5
2025_10_21_RSFB-Phenotyping_GG1_JLU,20251021_160431.jpg,32_R4S_240_Musette_6_5,32.0,240.0,Musette,6.0,5.0,1.0,4.5,3.5,2025_10_21_RSFB-Phenotyping_GG1_scores.csv,,2.75,3.5,True,,Unknown,../dataset/Pictures_CFSB_leaf_damage/2025_10_21_RSFB-Phenotyping_GG1_JLU/2025_10_21_RSFB-Phenotyping_GG1_JLU/20251021_160431.jpg,True,32_R4S_240_Musette_6_5
2025_10_21_RSFB-Phenotyping_GG1_JLU,20251021_160438.jpg,32_R4S_240_Musette_6_5,32.0,240.0,Musette,6.0,5.0,8.0,6.5,1.5,2025_10_21_RSFB-Phenotyping_GG1_scores.csv,,7.25,1.5,True,,Unknown,../dataset/Pictures_CFSB_leaf_damage/2025_10_21_RSFB-Phenotyping_GG1_JLU/2025_10_21_RSFB-Phenotyping_GG1_JLU/20251021_160438.jpg,True,32_R4S_240_Musette_6_5
2025_10_21_RSFB-Phenotyping_GG1_JLU,20251021_160508.jpg,29_R4S_179_Ascona_5_5,29.0,179.0,Ascona,5.0,5.0,25.0,10.0,15.0,2025_10_21_RSFB-Phenotyping_GG1_scores.csv,,17.5,15.0,False,,Unknown,../dataset/Pictures_CFSB_leaf_damage/2025_10_21_RSFB-Phenotyping_GG1_JLU/2025_10_21_RSFB-Phenotyping_GG1_JLU/20251021_160508.jpg,True,29_R4S_179_Ascona_5_5
2025_10_21_RSFB-Phenotyping_GG1_JLU,20251021_160515.jpg,29_R4S_179_Ascona_5_5,29.0,179.0,Ascona,5.0,5.0,15.0,7.0,8.0,2025_10_21_RSFB-Phenotyping_GG1_scores.csv,,11.0,8.0,False,,Unknown,../dataset/Pictures_CFSB_leaf_damage/2025_10_21_RSFB-Phenotyping_GG1_JLU/2025_10_21_RSFB-Phenotyping_GG1_JLU/20251021_160515.jpg,True,29_R4S_179_Ascona_5_5
2025_10_21_RSFB-Phenotyping_GG1_JLU,20251021_160523.jpg,29_R4S_179_Ascona_5_5,29.0,179.0,Ascona,5.0,5.0,15.0,12.5,2.5,2025_10_21_RSFB-Phenotyping_GG1_scores.csv,,13.75,2.5,True,,Unknown,../dataset/Pictures_CFSB_leaf_damage/2025_10_21_RSFB-Phenotyping_GG1_JLU/2025_10_21_RSFB-Phenotyping_GG1_JLU/20251021_160523.jpg,True,29_R4S_179_Ascona_5_5
2025_10_21_RSFB-Phenotyping_GG1_JLU,20251021_160541.jpg,20_R4S_199_Maplus_4_5,20.0,199.0,Maplus,4.0,5.0,2.0,5.5,3.5,2025_10_21_RSFB-Phenotyping_GG1_scores.csv,,3.75,3.5,True,,Unknown,../dataset/Pictures_CFSB_leaf_damage/2025_10_21_RSFB-Phenotyping_GG1_JLU/2025_10_21_RSFB-Phenotyping_GG1_JLU/20251021_160541.jpg,True,20_R4S_199_Maplus_4_5
2025_10_21_RSFB-Phenotyping_GG1_JLU,20251021_160549.jpg,20_R4S_199_Maplus_4_5,20.0,199.0,Maplus,4.0,5.0,2.0,1.5,0.5,2025_10_21_RSFB-Phenotyping_GG1_scores.csv,,1.75,0.5,True,,Unknown,../dataset/Pictures_CFSB_leaf_damage/2025_10_21_RSFB-Phenotyping_GG1_JLU/2025_10_21_RSFB-Phenotyping_GG1_JLU/20251021_160549.jpg,True,20_R4S_199_Maplus_4_5
2025_10_21_RSFB-Phenotyping_GG1_JLU,20251021_160559.jpg,20_R4S_199_Maplus_4_5,20.0,199.0,Maplus,4.0,5.0,1.0,3.0,2.0,2025_10_21_RSFB-Phenotyping_GG1_scores.csv,,2.0,2.0,True,,Unknown,../dataset/Pictures_CFSB_leaf_damage/2025_10_21_RSFB-Phenotyping_GG1_JLU/2025_10_21_RSFB-Phenotyping_GG1_JLU/20251021_160559.jpg,True,20_R4S_199_Maplus_4_5
2025_10_21_RSFB-Phenotyping_GG1_JLU,20251021_160610.jpg,17_R4S_395_Dippes_3_5,17.0,395.0,Dippes,3.0,5.0,8.0,10.0,2.0,2025_10_21_RSFB-Phenotyping_GG1_scores.csv,,9.0,2.0,True,,Unknown,../dataset/Pictures_CFSB_leaf_damage/2025_10_21_RSFB-Phenotyping_GG1_JLU/2025_10_21_RSFB-Phenotyping_GG1_JLU/20251021_160610.jpg,True,17_R4S_395_Dippes_3_5
2025_10_21_RSFB-Phenotyping_GG1_JLU,20251021_160615.jpg,17_R4S_395_Dippes_3_5,17.0,395.0,Dippes,3.0,5.0,1.0,3.0,2.0,2025_10_21_RSFB-Phenotyping_GG1_scores.csv,,2.0,2.0,True,,Unknown,../dataset/Pictures_CFSB_leaf_damage/2025_10_21_RSFB-Phenotyping_GG1_JLU/2025_10_21_RSFB-Phenotyping_GG1_JLU/20251021_160615.jpg,True,17_R4S_395_Dippes_3_5
2025_10_21_RSFB-Phenotyping_GG1_JLU,20251021_160621.jpg,17_R4S_395_Dippes_3_5,17.0,395.0,Dippes,3.0,5.0,10.0,8.0,2.0,2025_10_21_RSFB-Phenotyping_GG1_scores.csv,,9.0,2.0,True,,Unknown,../dataset/Pictures_CFSB_leaf_damage/2025_10_21_RSFB-Phenotyping_GG1_JLU/2025_10_21_RSFB-Phenotyping_GG1_JLU/20251021_160621.jpg,True,17_R4S_395_Dippes_3_5
2025_10_21_RSFB-Phenotyping_GG1_JLU,20251021_160632.jpg,8_R4S_184_NK Nemax_2_5,8.0,184.0,NK Nemax,2.0,5.0,1.0,2.5,1.5,2025_10_21_RSFB-Phenotyping_GG1_scores.csv,,1.75,1.5,True,,Unknown,../dataset/Pictures_CFSB_leaf_damage/2025_10_21_RSFB-Phenotyping_GG1_JLU/2025_10_21_RSFB-Phenotyping_GG1_JLU/20251021_160632.jpg,True,8_R4S_184_NK Nemax_2_5
2025_10_21_RSFB-Phenotyping_GG1_JLU,20251021_160640.jpg,8_R4S_184_NK Nemax_2_5,8.0,184.0,NK Nemax,2.0,5.0,1.0,4.5,3.5,2025_10_21_RSFB-Phenotyping_GG1_scores.csv,,2.75,3.5,True,,Unknown,../dataset/Pictures_CFSB_leaf_damage/2025_10_21_RSFB-Phenotyping_GG1_JLU/2025_10_21_RSFB-Phenotyping_GG1_JLU/20251021_160640.jpg,True,8_R4S_184_NK Nemax_2_5
2025_10_21_RSFB-Phenotyping_GG1_JLU,20251021_160647.jpg,8_R4S_184_NK Nemax_2_5,8.0,184.0,NK Nemax,2.0,5.0,8.0,4.5,3.5,2025_10_21_RSFB-Phenotyping_GG1_scores.csv,,6.25,3.5,True,,Unknown,../dataset/Pictures_CFSB_leaf_damage/2025_10_21_RSFB-Phenotyping_GG1_JLU/2025_10_21_RSFB-Phenotyping_GG1_JLU/20251021_160647.jpg,True,8_R4S_184_NK Nemax_2_5
2025_10_21_RSFB-Phenotyping_GG1_JLU,20251021_160658.jpg,5_Smaragd_1_5,5.0,,Smaragd,1.0,5.0,1.0,2.0,1.0,2025_10_21_RSFB-Phenotyping_GG1_scores.csv,,1.5,1.0,True,,Unknown,../dataset/Pictures_CFSB_leaf_damage/2025_10_21_RSFB-Phenotyping_GG1_JLU/2025_10_21_RSFB-Phenotyping_GG1_JLU/20251021_160658.jpg,True,5_Smaragd_1_5
2025_10_21_RSFB-Phenotyping_GG1_JLU,20251021_160709.jpg,5_Smaragd_1_5,5.0,,Smaragd,1.0,5.0,1.0,1.0,0.0,2025_10_21_RSFB-Phenotyping_GG1_scores.csv,,1.0,0.0,True,,Unknown,../dataset/Pictures_CFSB_leaf_damage/2025_10_21_RSFB-Phenotyping_GG1_JLU/2025_10_21_RSFB-Phenotyping_GG1_JLU/20251021_160709.jpg,True,5_Smaragd_1_5
2025_10_21_RSFB-Phenotyping_GG1_JLU,20251021_160714.jpg,5_Smaragd_1_5,5.0,,Smaragd,1.0,5.0,1.0,13.0,12.0,2025_10_21_RSFB-Phenotyping_GG1_scores.csv,,7.0,12.0,False,,Unknown,../dataset/Pictures_CFSB_leaf_damage/2025_10_21_RSFB-Phenotyping_GG1_JLU/2025_10_21_RSFB-Phenotyping_GG1_JLU/20251021_160714.jpg,True,5_Smaragd_1_5
2025_10_21_RSFB-Phenotyping_GG1_JLU,20251021_160732.jpg,6_Smaragd_1_6,6.0,,Smaragd,1.0,6.0,1.0,1.5,0.5,2025_10_21_RSFB-Phenotyping_GG1_scores.csv,,1.25,0.5,True,,Unknown,../dataset/Pictures_CFSB_leaf_damage/2025_10_21_RSFB-Phenotyping_GG1_JLU/2025_10_21_RSFB-Phenotyping_GG1_JLU/20251021_160732.jpg,True,6_Smaragd_1_6
2025_10_21_RSFB-Phenotyping_GG1_JLU,20251021_160738.jpg,6_Smaragd_1_6,6.0,,Smaragd,1.0,6.0,2.0,2.5,0.5,2025_10_21_RSFB-Phenotyping_GG1_scores.csv,,2.25,0.5,True,,Unknown,../dataset/Pictures_CFSB_leaf_damage/2025_10_21_RSFB-Phenotyping_GG1_JLU/2025_10_21_RSFB-Phenotyping_GG1_JLU/20251021_160738.jpg,True,6_Smaragd_1_6
2025_10_21_RSFB-Phenotyping_GG1_JLU,20251021_160745.jpg,6_Smaragd_1_6,6.0,,Smaragd,1.0,6.0,8.0,7.5,0.5,2025_10_21_RSFB-Phenotyping_GG1_scores.csv,,7.75,0.5,True,,Unknown,../dataset/Pictures_CFSB_leaf_damage/2025_10_21_RSFB-Phenotyping_GG1_JLU/2025_10_21_RSFB-Phenotyping_GG1_JLU/20251021_160745.jpg,True,6_Smaragd_1_6
2025_10_21_RSFB-Phenotyping_GG1_JLU,20251021_160754.jpg,7_R4S_318_SENSATION NY_2_6,7.0,318.0,SENSATION NY,2.0,6.0,1.0,4.0,3.0,2025_10_21_RSFB-Phenotyping_GG1_scores.csv,,2.5,3.0,True,,Unknown,../dataset/Pictures_CFSB_leaf_damage/2025_10_21_RSFB-Phenotyping_GG1_JLU/2025_10_21_RSFB-Phenotyping_GG1_JLU/20251021_160754.jpg,True,7_R4S_318_SENSATION NY_2_6
2025_10_21_RSFB-Phenotyping_GG1_JLU,20251021_160802.jpg,7_R4S_318_SENSATION NY_2_6,7.0,318.0,SENSATION NY,2.0,6.0,1.0,1.5,0.5,2025_10_21_RSFB-Phenotyping_GG1_scores.csv,,1.25,0.5,True,,Unknown,../dataset/Pictures_CFSB_leaf_damage/2025_10_21_RSFB-Phenotyping_GG1_JLU/2025_10_21_RSFB-Phenotyping_GG1_JLU/20251021_160802.jpg,True,7_R4S_318_SENSATION NY_2_6
2025_10_21_RSFB-Phenotyping_GG1_JLU,20251021_160809.jpg,7_R4S_318_SENSATION NY_2_6,7.0,318.0,SENSATION NY,2.0,6.0,1.0,3.9,2.9,2025_10_21_RSFB-Phenotyping_GG1_scores.csv,,2.45,2.9,True,,Unknown,../dataset/Pictures_CFSB_leaf_damage/2025_10_21_RSFB-Phenotyping_GG1_JLU/2025_10_21_RSFB-Phenotyping_GG1_JLU/20251021_160809.jpg,True,7_R4S_318_SENSATION NY_2_6
2025_10_21_RSFB-Phenotyping_GG1_JLU,20251021_160823.jpg,18_R4S_286_Ramses_3_6,18.0,286.0,Ramses,3.0,6.0,3.0,1.0,2.0,2025_10_21_RSFB-Phenotyping_GG1_scores.csv,,2.0,2.0,True,,Unknown,../dataset/Pictures_CFSB_leaf_damage/2025_10_21_RSFB-Phenotyping_GG1_JLU/2025_10_21_RSFB-Phenotyping_GG1_JLU/20251021_160823.jpg,True,18_R4S_286_Ramses_3_6
2025_10_21_RSFB-Phenotyping_GG1_JLU,20251021_160831.jpg,18_R4S_286_Ramses_3_6,18.0,286.0,Ramses,3.0,6.0,1.0,9.5,8.5,2025_10_21_RSFB-Phenotyping_GG1_scores.csv,,5.25,8.5,False,,Unknown,../dataset/Pictures_CFSB_leaf_damage/2025_10_21_RSFB-Phenotyping_GG1_JLU/2025_10_21_RSFB-Phenotyping_GG1_JLU/20251021_160831.jpg,True,18_R4S_286_Ramses_3_6
2025_10_21_RSFB-Phenotyping_GG1_JLU,20251021_160837.jpg,18_R4S_286_Ramses_3_6,18.0,286.0,Ramses,3.0,6.0,1.0,4.0,3.0,2025_10_21_RSFB-Phenotyping_GG1_scores.csv,,2.5,3.0,True,,Unknown,../dataset/Pictures_CFSB_leaf_damage/2025_10_21_RSFB-Phenotyping_GG1_JLU/2025_10_21_RSFB-Phenotyping_GG1_JLU/20251021_160837.jpg,True,18_R4S_286_Ramses_3_6
2025_10_21_RSFB-Phenotyping_GG1_JLU,20251021_160849.jpg,19_R4S_434_J 134_4_6,19.0,434.0,J 134,4.0,6.0,1.0,3.5,2.5,2025_10_21_RSFB-Phenotyping_GG1_scores.csv,,2.25,2.5,True,,Unknown,../dataset/Pictures_CFSB_leaf_damage/2025_10_21_RSFB-Phenotyping_GG1_JLU/2025_10_21_RSFB-Phenotyping_GG1_JLU/20251021_160849.jpg,True,19_R4S_434_J 134_4_6
2025_10_21_RSFB-Phenotyping_GG1_JLU,20251021_160856.jpg,19_R4S_434_J 134_4_6,19.0,434.0,J 134,4.0,6.0,2.0,2.0,0.0,2025_10_21_RSFB-Phenotyping_GG1_scores.csv,,2.0,0.0,True,,Unknown,../dataset/Pictures_CFSB_leaf_damage/2025_10_21_RSFB-Phenotyping_GG1_JLU/2025_10_21_RSFB-Phenotyping_GG1_JLU/20251021_160856.jpg,True,19_R4S_434_J 134_4_6
2025_10_21_RSFB-Phenotyping_GG1_JLU,20251021_160903.jpg,19_R4S_434_J 134_4_6,19.0,434.0,J 134,4.0,6.0,12.0,17.0,5.0,2025_10_21_RSFB-Phenotyping_GG1_scores.csv,,14.5,5.0,False,,Unknown,../dataset/Pictures_CFSB_leaf_damage/2025_10_21_RSFB-Phenotyping_GG1_JLU/2025_10_21_RSFB-Phenotyping_GG1_JLU/20251021_160903.jpg,True,19_R4S_434_J 134_4_6
2025_10_21_RSFB-Phenotyping_GG1_JLU,20251021_160913.jpg,30_R4S_236_Baros_5_6,30.0,236.0,Baros,5.0,6.0,3.0,18.5,15.5,2025_10_21_RSFB-Phenotyping_GG1_scores.csv,,10.75,15.5,False,,Unknown,../dataset/Pictures_CFSB_leaf_damage/2025_10_21_RSFB-Phenotyping_GG1_JLU/2025_10_21_RSFB-Phenotyping_GG1_JLU/20251021_160913.jpg,True,30_R4S_236_Baros_5_6
2025_10_21_RSFB-Phenotyping_GG1_JLU,20251021_160922.jpg,30_R4S_236_Baros_5_6,30.0,236.0,Baros,5.0,6.0,1.0,2.0,1.0,2025_10_21_RSFB-Phenotyping_GG1_scores.csv,,1.5,1.0,True,,Unknown,../dataset/Pictures_CFSB_leaf_damage/2025_10_21_RSFB-Phenotyping_GG1_JLU/2025_10_21_RSFB-Phenotyping_GG1_JLU/20251021_160922.jpg,True,30_R4S_236_Baros_5_6
2025_10_21_RSFB-Phenotyping_GG1_JLU,20251021_160928.jpg,30_R4S_236_Baros_5_6,30.0,236.0,Baros,5.0,6.0,1.0,3.0,2.0,2025_10_21_RSFB-Phenotyping_GG1_scores.csv,,2.0,2.0,True,,Unknown,../dataset/Pictures_CFSB_leaf_damage/2025_10_21_RSFB-Phenotyping_GG1_JLU/2025_10_21_RSFB-Phenotyping_GG1_JLU/20251021_160928.jpg,True,30_R4S_236_Baros_5_6
2025_10_21_RSFB-Phenotyping_GG1_JLU,20251021_160936.jpg,31_R4S_377_Sonnengold_6_6,31.0,377.0,Sonnengold,6.0,6.0,30.0,8.5,21.5,2025_10_21_RSFB-Phenotyping_GG1_scores.csv,,19.25,21.5,False,,Unknown,../dataset/Pictures_CFSB_leaf_damage/2025_10_21_RSFB-Phenotyping_GG1_JLU/2025_10_21_RSFB-Phenotyping_GG1_JLU/20251021_160936.jpg,True,31_R4S_377_Sonnengold_6_6
2025_10_21_RSFB-Phenotyping_GG1_JLU,20251021_160943.jpg,31_R4S_377_Sonnengold_6_6,31.0,377.0,Sonnengold,6.0,6.0,6.0,5.5,0.5,2025_10_21_RSFB-Phenotyping_GG1_scores.csv,,5.75,0.5,True,,Unknown,../dataset/Pictures_CFSB_leaf_damage/2025_10_21_RSFB-Phenotyping_GG1_JLU/2025_10_21_RSFB-Phenotyping_GG1_JLU/20251021_160943.jpg,True,31_R4S_377_Sonnengold_6_6
2025_10_21_RSFB-Phenotyping_GG1_JLU,20251021_160948.jpg,31_R4S_377_Sonnengold_6_6,31.0,377.0,Sonnengold,6.0,6.0,1.0,1.5,0.5,2025_10_21_RSFB-Phenotyping_GG1_scores.csv,,1.25,0.5,True,,Unknown,../dataset/Pictures_CFSB_leaf_damage/2025_10_21_RSFB-Phenotyping_GG1_JLU/2025_10_21_RSFB-Phenotyping_GG1_JLU/20251021_160948.jpg,True,31_R4S_377_Sonnengold_6_6
2025_10_21_RSFB-Phenotyping_GG1_JLU,20251021_160958.jpg,42_R4S_170_Kvintett_7_6,42.0,170.0,Kvintett,7.0,6.0,3.0,4.0,1.0,2025_10_21_RSFB-Phenotyping_GG1_scores.csv,,3.5,1.0,True,,Unknown,../dataset/Pictures_CFSB_leaf_damage/2025_10_21_RSFB-Phenotyping_GG1_JLU/2025_10_21_RSFB-Phenotyping_GG1_JLU/20251021_160958.jpg,True,42_R4S_170_Kvintett_7_6
2025_10_21_RSFB-Phenotyping_GG1_JLU,20251021_161003.jpg,42_R4S_170_Kvintett_7_6,42.0,170.0,Kvintett,7.0,6.0,2.0,4.5,2.5,2025_10_21_RSFB-Phenotyping_GG1_scores.csv,,3.25,2.5,True,,Unknown,../dataset/Pictures_CFSB_leaf_damage/2025_10_21_RSFB-Phenotyping_GG1_JLU/2025_10_21_RSFB-Phenotyping_GG1_JLU/20251021_161003.jpg,True,42_R4S_170_Kvintett_7_6
2025_10_21_RSFB-Phenotyping_GG1_JLU,20251021_161010.jpg,42_R4S_170_Kvintett_7_6,42.0,170.0,Kvintett,7.0,6.0,1.0,2.0,1.0,2025_10_21_RSFB-Phenotyping_GG1_scores.csv,,1.5,1.0,True,,Unknown,../dataset/Pictures_CFSB_leaf_damage/2025_10_21_RSFB-Phenotyping_GG1_JLU/2025_10_21_RSFB-Phenotyping_GG1_JLU/20251021_161010.jpg,True,42_R4S_170_Kvintett_7_6
2025_10_21_RSFB-Phenotyping_GG1_JLU,20251021_161021.jpg,43_R4S_326_Tipperarz *Magnificent(_8_6,43.0,326.0,Tipperarz *Magnificent(,8.0,6.0,1.0,1.5,0.5,2025_10_21_RSFB-Phenotyping_GG1_scores.csv,,1.25,0.5,True,,Unknown,../dataset/Pictures_CFSB_leaf_damage/2025_10_21_RSFB-Phenotyping_GG1_JLU/2025_10_21_RSFB-Phenotyping_GG1_JLU/20251021_161021.jpg,True,43_R4S_326_Tipperarz *Magnificent(_8_6
2025_10_21_RSFB-Phenotyping_GG1_JLU,20251021_161028.jpg,43_R4S_326_Tipperarz *Magnificent(_8_6,43.0,326.0,Tipperarz *Magnificent(,8.0,6.0,2.0,3.5,1.5,2025_10_21_RSFB-Phenotyping_GG1_scores.csv,,2.75,1.5,True,,Unknown,../dataset/Pictures_CFSB_leaf_damage/2025_10_21_RSFB-Phenotyping_GG1_JLU/2025_10_21_RSFB-Phenotyping_GG1_JLU/20251021_161028.jpg,True,43_R4S_326_Tipperarz *Magnificent(_8_6
2025_10_21_RSFB-Phenotyping_GG1_JLU,20251021_161035.jpg,43_R4S_326_Tipperarz *Magnificent(_8_6,43.0,326.0,Tipperarz *Magnificent(,8.0,6.0,1.0,1.5,0.5,2025_10_21_RSFB-Phenotyping_GG1_scores.csv,,1.25,0.5,True,,Unknown,../dataset/Pictures_CFSB_leaf_damage/2025_10_21_RSFB-Phenotyping_GG1_JLU/2025_10_21_RSFB-Phenotyping_GG1_JLU/20251021_161035.jpg,True,43_R4S_326_Tipperarz *Magnificent(_8_6
2025_10_21_RSFB-Phenotyping_GG1_JLU,20251021_161047.jpg,54_R4S_543_Smaragd_9_6,54.0,543.0,Smaragd,9.0,6.0,2.0,6.5,4.5,2025_10_21_RSFB-Phenotyping_GG1_scores.csv,,4.25,4.5,True,,Unknown,../dataset/Pictures_CFSB_leaf_damage/2025_10_21_RSFB-Phenotyping_GG1_JLU/2025_10_21_RSFB-Phenotyping_GG1_JLU/20251021_161047.jpg,True,54_R4S_543_Smaragd_9_6
2025_10_21_RSFB-Phenotyping_GG1_JLU,20251021_161054.jpg,54_R4S_543_Smaragd_9_6,54.0,543.0,Smaragd,9.0,6.0,1.0,16.5,15.5,2025_10_21_RSFB-Phenotyping_GG1_scores.csv,,8.75,15.5,False,,Unknown,../dataset/Pictures_CFSB_leaf_damage/2025_10_21_RSFB-Phenotyping_GG1_JLU/2025_10_21_RSFB-Phenotyping_GG1_JLU/20251021_161054.jpg,True,54_R4S_543_Smaragd_9_6
2025_10_21_RSFB-Phenotyping_GG1_JLU,20251021_161101.jpg,54_R4S_543_Smaragd_9_6,54.0,543.0,Smaragd,9.0,6.0,1.0,3.5,2.5,2025_10_21_RSFB-Phenotyping_GG1_scores.csv,,2.25,2.5,True,,Unknown,../dataset/Pictures_CFSB_leaf_damage/2025_10_21_RSFB-Phenotyping_GG1_JLU/2025_10_21_RSFB-Phenotyping_GG1_JLU/20251021_161101.jpg,True,54_R4S_543_Smaragd_9_6
2025_10_21_RSFB-Phenotyping_GG1_JLU,20251021_161110.jpg,55_R4S_440_R59_10_6,55.0,440.0,R59,10.0,6.0,5.0,3.5,1.5,2025_10_21_RSFB-Phenotyping_GG1_scores.csv,,4.25,1.5,True,,Unknown,../dataset/Pictures_CFSB_leaf_damage/2025_10_21_RSFB-Phenotyping_GG1_JLU/2025_10_21_RSFB-Phenotyping_GG1_JLU/20251021_161110.jpg,True,55_R4S_440_R59_10_6
2025_10_21_RSFB-Phenotyping_GG1_JLU,20251021_161118.jpg,55_R4S_440_R59_10_6,55.0,440.0,R59,10.0,6.0,45.0,22.0,23.0,2025_10_21_RSFB-Phenotyping_GG1_scores.csv,,33.5,23.0,False,,Unknown,../dataset/Pictures_CFSB_leaf_damage/2025_10_21_RSFB-Phenotyping_GG1_JLU/2025_10_21_RSFB-Phenotyping_GG1_JLU/20251021_161118.jpg,True,55_R4S_440_R59_10_6
2025_10_21_RSFB-Phenotyping_GG1_JLU,20251021_161125.jpg,55_R4S_440_R59_10_6,55.0,440.0,R59,10.0,6.0,42.0,20.0,22.0,2025_10_21_RSFB-Phenotyping_GG1_scores.csv,,31.0,22.0,False,,Unknown,../dataset/Pictures_CFSB_leaf_damage/2025_10_21_RSFB-Phenotyping_GG1_JLU/2025_10_21_RSFB-Phenotyping_GG1_JLU/20251021_161125.jpg,True,55_R4S_440_R59_10_6
2025_10_21_RSFB-Phenotyping_GG1_JLU,20251021_161137.jpg,66_R4S_336_Wilhelmsburger Reform_11_6,66.0,336.0,Wilhelmsburger Reform,11.0,6.0,10.0,24.0,14.0,2025_10_21_RSFB-Phenotyping_GG1_scores.csv,,17.0,14.0,False,,Unknown,../dataset/Pictures_CFSB_leaf_damage/2025_10_21_RSFB-Phenotyping_GG1_JLU/2025_10_21_RSFB-Phenotyping_GG1_JLU/20251021_161137.jpg,True,66_R4S_336_Wilhelmsburger Reform_11_6
2025_10_21_RSFB-Phenotyping_GG1_JLU,20251021_161143.jpg,66_R4S_336_Wilhelmsburger Reform_11_6,66.0,336.0,Wilhelmsburger Reform,11.0,6.0,8.0,6.5,1.5,2025_10_21_RSFB-Phenotyping_GG1_scores.csv,,7.25,1.5,True,,Unknown,../dataset/Pictures_CFSB_leaf_damage/2025_10_21_RSFB-Phenotyping_GG1_JLU/2025_10_21_RSFB-Phenotyping_GG1_JLU/20251021_161143.jpg,True,66_R4S_336_Wilhelmsburger Reform_11_6
2025_10_21_RSFB-Phenotyping_GG1_JLU,20251021_161150.jpg,66_R4S_336_Wilhelmsburger Reform_11_6,66.0,336.0,Wilhelmsburger Reform,11.0,6.0,1.0,1.0,0.0,2025_10_21_RSFB-Phenotyping_GG1_scores.csv,,1.0,0.0,True,,Unknown,../dataset/Pictures_CFSB_leaf_damage/2025_10_21_RSFB-Phenotyping_GG1_JLU/2025_10_21_RSFB-Phenotyping_GG1_JLU/20251021_161150.jpg,True,66_R4S_336_Wilhelmsburger Reform_11_6
2025_10_21_RSFB-Phenotyping_GG1_JLU,20251021_161203.jpg,67_R4S_229_Jessica_12_6,67.0,229.0,Jessica,12.0,6.0,1.0,1.0,0.0,2025_10_21_RSFB-Phenotyping_GG1_scores.csv,,1.0,0.0,True,,Unknown,../dataset/Pictures_CFSB_leaf_damage/2025_10_21_RSFB-Phenotyping_GG1_JLU/2025_10_21_RSFB-Phenotyping_GG1_JLU/20251021_161203.jpg,True,67_R4S_229_Jessica_12_6
2025_10_21_RSFB-Phenotyping_GG1_JLU,20251021_161211.jpg,67_R4S_229_Jessica_12_6,67.0,229.0,Jessica,12.0,6.0,20.0,18.5,1.5,2025_10_21_RSFB-Phenotyping_GG1_scores.csv,,19.25,1.5,True,,Unknown,../dataset/Pictures_CFSB_leaf_damage/2025_10_21_RSFB-Phenotyping_GG1_JLU/2025_10_21_RSFB-Phenotyping_GG1_JLU/20251021_161211.jpg,True,67_R4S_229_Jessica_12_6
2025_10_21_RSFB-Phenotyping_GG1_JLU,20251021_161217.jpg,67_R4S_229_Jessica_12_6,67.0,229.0,Jessica,12.0,6.0,30.0,14.0,16.0,2025_10_21_RSFB-Phenotyping_GG1_scores.csv,,22.0,16.0,False,,Unknown,../dataset/Pictures_CFSB_leaf_damage/2025_10_21_RSFB-Phenotyping_GG1_JLU/2025_10_21_RSFB-Phenotyping_GG1_JLU/20251021_161217.jpg,True,67_R4S_229_Jessica_12_6
2025_10_21_RSFB-Phenotyping_GG1_JLU,20251021_161230.jpg,78_R4S_205_RESZN/H048_13_6,78.0,205.0,RESZN/H048,13.0,6.0,2.0,23.5,21.5,2025_10_21_RSFB-Phenotyping_GG1_scores.csv,,12.75,21.5,False,,Unknown,../dataset/Pictures_CFSB_leaf_damage/2025_10_21_RSFB-Phenotyping_GG1_JLU/2025_10_21_RSFB-Phenotyping_GG1_JLU/20251021_161230.jpg,True,78_R4S_205_RESZN/H048_13_6
2025_10_21_RSFB-Phenotyping_GG1_JLU,20251021_161236.jpg,78_R4S_205_RESZN/H048_13_6,78.0,205.0,RESZN/H048,13.0,6.0,7.0,7.0,0.0,2025_10_21_RSFB-Phenotyping_GG1_scores.csv,,7.0,0.0,True,,Unknown,../dataset/Pictures_CFSB_leaf_damage/2025_10_21_RSFB-Phenotyping_GG1_JLU/2025_10_21_RSFB-Phenotyping_GG1_JLU/20251021_161236.jpg,True,78_R4S_205_RESZN/H048_13_6
2025_10_21_RSFB-Phenotyping_GG1_JLU,20251021_161242.jpg,78_R4S_205_RESZN/H048_13_6,78.0,205.0,RESZN/H048,13.0,6.0,1.0,6.5,5.5,2025_10_21_RSFB-Phenotyping_GG1_scores.csv,,3.75,5.5,False,,Unknown,../dataset/Pictures_CFSB_leaf_damage/2025_10_21_RSFB-Phenotyping_GG1_JLU/2025_10_21_RSFB-Phenotyping_GG1_JLU/20251021_161242.jpg,True,78_R4S_205_RESZN/H048_13_6
2025_10_21_RSFB-Phenotyping_GG1_JLU,20251021_161250.jpg,79_R4S_312_TAIWAN_14_6,79.0,312.0,TAIWAN,14.0,6.0,1.0,5.5,4.5,2025_10_21_RSFB-Phenotyping_GG1_scores.csv,,3.25,4.5,True,,Unknown,../dataset/Pictures_CFSB_leaf_damage/2025_10_21_RSFB-Phenotyping_GG1_JLU/2025_10_21_RSFB-Phenotyping_GG1_JLU/20251021_161250.jpg,True,79_R4S_312_TAIWAN_14_6
2025_10_21_RSFB-Phenotyping_GG1_JLU,20251021_161256.jpg,79_R4S_312_TAIWAN_14_6,79.0,312.0,TAIWAN,14.0,6.0,1.0,1.0,0.0,2025_10_21_RSFB-Phenotyping_GG1_scores.csv,,1.0,0.0,True,,Unknown,../dataset/Pictures_CFSB_leaf_damage/2025_10_21_RSFB-Phenotyping_GG1_JLU/2025_10_21_RSFB-Phenotyping_GG1_JLU/20251021_161256.jpg,True,79_R4S_312_TAIWAN_14_6
2025_10_21_RSFB-Phenotyping_GG1_JLU,20251021_161301.jpg,79_R4S_312_TAIWAN_14_6,79.0,312.0,TAIWAN,14.0,6.0,2.0,1.0,1.0,2025_10_21_RSFB-Phenotyping_GG1_scores.csv,,1.5,1.0,True,,Unknown,../dataset/Pictures_CFSB_leaf_damage/2025_10_21_RSFB-Phenotyping_GG1_JLU/2025_10_21_RSFB-Phenotyping_GG1_JLU/20251021_161301.jpg,True,79_R4S_312_TAIWAN_14_6
2025_10_21_RSFB-Phenotyping_GG1_JLU,20251021_161312.jpg,90_R4S_252_Lirajet_15_6,90.0,252.0,Lirajet,15.0,6.0,1.0,1.5,0.5,2025_10_21_RSFB-Phenotyping_GG1_scores.csv,,1.25,0.5,True,,Unknown,../dataset/Pictures_CFSB_leaf_damage/2025_10_21_RSFB-Phenotyping_GG1_JLU/2025_10_21_RSFB-Phenotyping_GG1_JLU/20251021_161312.jpg,True,90_R4S_252_Lirajet_15_6
2025_10_21_RSFB-Phenotyping_GG1_JLU,20251021_161318.jpg,90_R4S_252_Lirajet_15_6,90.0,252.0,Lirajet,15.0,6.0,5.0,8.5,3.5,2025_10_21_RSFB-Phenotyping_GG1_scores.csv,,6.75,3.5,True,,Unknown,../dataset/Pictures_CFSB_leaf_damage/2025_10_21_RSFB-Phenotyping_GG1_JLU/2025_10_21_RSFB-Phenotyping_GG1_JLU/20251021_161318.jpg,True,90_R4S_252_Lirajet_15_6
2025_10_21_RSFB-Phenotyping_GG1_JLU,20251021_161325.jpg,90_R4S_252_Lirajet_15_6,90.0,252.0,Lirajet,15.0,6.0,1.0,1.0,0.0,2025_10_21_RSFB-Phenotyping_GG1_scores.csv,,1.0,0.0,True,,Unknown,../dataset/Pictures_CFSB_leaf_damage/2025_10_21_RSFB-Phenotyping_GG1_JLU/2025_10_21_RSFB-Phenotyping_GG1_JLU/20251021_161325.jpg,True,90_R4S_252_Lirajet_15_6
2025_10_21_RSFB-Phenotyping_GG1_JLU,20251021_161334.jpg,91_R4S_505_Express 617_16_6,91.0,505.0,Express 617,16.0,6.0,1.0,1.0,0.0,2025_10_21_RSFB-Phenotyping_GG1_scores.csv,,1.0,0.0,True,,Unknown,../dataset/Pictures_CFSB_leaf_damage/2025_10_21_RSFB-Phenotyping_GG1_JLU/2025_10_21_RSFB-Phenotyping_GG1_JLU/20251021_161334.jpg,True,91_R4S_505_Express 617_16_6
2025_10_21_RSFB-Phenotyping_GG1_JLU,20251021_161342.jpg,91_R4S_505_Express 617_16_6,91.0,505.0,Express 617,16.0,6.0,1.0,2.0,1.0,2025_10_21_RSFB-Phenotyping_GG1_scores.csv,,1.5,1.0,True,,Unknown,../dataset/Pictures_CFSB_leaf_damage/2025_10_21_RSFB-Phenotyping_GG1_JLU/2025_10_21_RSFB-Phenotyping_GG1_JLU/20251021_161342.jpg,True,91_R4S_505_Express 617_16_6
2025_10_21_RSFB-Phenotyping_GG1_JLU,20251021_161350.jpg,91_R4S_505_Express 617_16_6,91.0,505.0,Express 617,16.0,6.0,3.0,13.5,10.5,2025_10_21_RSFB-Phenotyping_GG1_scores.csv,,8.25,10.5,False,,Unknown,../dataset/Pictures_CFSB_leaf_damage/2025_10_21_RSFB-Phenotyping_GG1_JLU/2025_10_21_RSFB-Phenotyping_GG1_JLU/20251021_161350.jpg,True,91_R4S_505_Express 617_16_6
2025_10_21_RSFB-Phenotyping_GG1_JLU,20251021_161402.jpg,102_R4S_324_Scotia_17_6,102.0,324.0,Scotia,17.0,6.0,5.0,4.0,1.0,2025_10_21_RSFB-Phenotyping_GG1_scores.csv,,4.5,1.0,True,,Unknown,../dataset/Pictures_CFSB_leaf_damage/2025_10_21_RSFB-Phenotyping_GG1_JLU/2025_10_21_RSFB-Phenotyping_GG1_JLU/20251021_161402.jpg,True,102_R4S_324_Scotia_17_6
2025_10_21_RSFB-Phenotyping_GG1_JLU,20251021_161408.jpg,102_R4S_324_Scotia_17_6,102.0,324.0,Scotia,17.0,6.0,25.0,8.5,16.5,2025_10_21_RSFB-Phenotyping_GG1_scores.csv,,16.75,16.5,False,,Unknown,../dataset/Pictures_CFSB_leaf_damage/2025_10_21_RSFB-Phenotyping_GG1_JLU/2025_10_21_RSFB-Phenotyping_GG1_JLU/20251021_161408.jpg,True,102_R4S_324_Scotia_17_6
2025_10_21_RSFB-Phenotyping_GG1_JLU,20251021_161415.jpg,102_R4S_324_Scotia_17_6,102.0,324.0,Scotia,17.0,6.0,10.0,4.5,5.5,2025_10_21_RSFB-Phenotyping_GG1_scores.csv,,7.25,5.5,False,,Unknown,../dataset/Pictures_CFSB_leaf_damage/2025_10_21_RSFB-Phenotyping_GG1_JLU/2025_10_21_RSFB-Phenotyping_GG1_JLU/20251021_161415.jpg,True,102_R4S_324_Scotia_17_6
2025_10_21_RSFB-Phenotyping_GG1_JLU,20251021_161425.jpg,103_R4S_223_BIENVENU DH4_18_6,103.0,223.0,BIENVENU DH4,18.0,6.0,1.0,5.0,4.0,2025_10_21_RSFB-Phenotyping_GG1_scores.csv,,3.0,4.0,True,,Unknown,../dataset/Pictures_CFSB_leaf_damage/2025_10_21_RSFB-Phenotyping_GG1_JLU/2025_10_21_RSFB-Phenotyping_GG1_JLU/20251021_161425.jpg,True,103_R4S_223_BIENVENU DH4_18_6
2025_10_21_RSFB-Phenotyping_GG1_JLU,20251021_161432.jpg,103_R4S_223_BIENVENU DH4_18_6,103.0,223.0,BIENVENU DH4,18.0,6.0,5.0,1.5,3.5,2025_10_21_RSFB-Phenotyping_GG1_scores.csv,,3.25,3.5,True,,Unknown,../dataset/Pictures_CFSB_leaf_damage/2025_10_21_RSFB-Phenotyping_GG1_JLU/2025_10_21_RSFB-Phenotyping_GG1_JLU/20251021_161432.jpg,True,103_R4S_223_BIENVENU DH4_18_6
2025_10_21_RSFB-Phenotyping_GG1_JLU,20251021_161443.jpg,103_R4S_223_BIENVENU DH4_18_6,103.0,223.0,BIENVENU DH4,18.0,6.0,2.0,4.0,2.0,2025_10_21_RSFB-Phenotyping_GG1_scores.csv,,3.0,2.0,True,,Unknown,../dataset/Pictures_CFSB_leaf_damage/2025_10_21_RSFB-Phenotyping_GG1_JLU/2025_10_21_RSFB-Phenotyping_GG1_JLU/20251021_161443.jpg,True,103_R4S_223_BIENVENU DH4_18_6
2025_10_21_RSFB-Phenotyping_GG1_JLU,20251021_161457.jpg,114_R4S_424_R18_19_6,114.0,424.0,R18,19.0,6.0,8.0,33.5,25.5,2025_10_21_RSFB-Phenotyping_GG1_scores.csv,,20.75,25.5,False,,Unknown,../dataset/Pictures_CFSB_leaf_damage/2025_10_21_RSFB-Phenotyping_GG1_JLU/2025_10_21_RSFB-Phenotyping_GG1_JLU/20251021_161457.jpg,True,114_R4S_424_R18_19_6
2025_10_21_RSFB-Phenotyping_GG1_JLU,20251021_161504.jpg,114_R4S_424_R18_19_6,114.0,424.0,R18,19.0,6.0,3.0,2.0,1.0,2025_10_21_RSFB-Phenotyping_GG1_scores.csv,,2.5,1.0,True,,Unknown,../dataset/Pictures_CFSB_leaf_damage/2025_10_21_RSFB-Phenotyping_GG1_JLU/2025_10_21_RSFB-Phenotyping_GG1_JLU/20251021_161504.jpg,True,114_R4S_424_R18_19_6
2025_10_21_RSFB-Phenotyping_GG1_JLU,20251021_161511.jpg,114_R4S_424_R18_19_6,114.0,424.0,R18,19.0,6.0,1.0,1.0,0.0,2025_10_21_RSFB-Phenotyping_GG1_scores.csv,,1.0,0.0,True,,Unknown,../dataset/Pictures_CFSB_leaf_damage/2025_10_21_RSFB-Phenotyping_GG1_JLU/2025_10_21_RSFB-Phenotyping_GG1_JLU/20251021_161511.jpg,True,114_R4S_424_R18_19_6
2025_10_21_RSFB-Phenotyping_GG1_JLU,20251021_161525.jpg,115_R4S_514_R31_20_6,115.0,514.0,R31,20.0,6.0,5.0,4.5,0.5,2025_10_21_RSFB-Phenotyping_GG1_scores.csv,,4.75,0.5,True,,Unknown,../dataset/Pictures_CFSB_leaf_damage/2025_10_21_RSFB-Phenotyping_GG1_JLU/2025_10_21_RSFB-Phenotyping_GG1_JLU/20251021_161525.jpg,True,115_R4S_514_R31_20_6
2025_10_21_RSFB-Phenotyping_GG1_JLU,20251021_161549.jpg,115_R4S_514_R31_20_6,115.0,514.0,R31,20.0,6.0,7.0,1.7,5.3,2025_10_21_RSFB-Phenotyping_GG1_scores.csv,,4.35,5.3,False,,Unknown,../dataset/Pictures_CFSB_leaf_damage/2025_10_21_RSFB-Phenotyping_GG1_JLU/2025_10_21_RSFB-Phenotyping_GG1_JLU/20251021_161549.jpg,True,115_R4S_514_R31_20_6
2025_10_21_RSFB-Phenotyping_GG1_JLU,20251021_161600.jpg,115_R4S_514_R31_20_6,115.0,514.0,R31,20.0,6.0,,7.5,,2025_10_21_RSFB-Phenotyping_GG1_scores.csv,,,,False,,Unknown,../dataset/Pictures_CFSB_leaf_damage/2025_10_21_RSFB-Phenotyping_GG1_JLU/2025_10_21_RSFB-Phenotyping_GG1_JLU/20251021_161600.jpg,True,115_R4S_514_R31_20_6
2025_10_21_RSFB-Phenotyping_GG1_JLU,20251021_161609.jpg,126_R4S_283_Mztnickij_21_6,126.0,283.0,Mztnickij,21.0,6.0,15.0,15.5,0.5,2025_10_21_RSFB-Phenotyping_GG1_scores.csv,,15.25,0.5,True,,Unknown,../dataset/Pictures_CFSB_leaf_damage/2025_10_21_RSFB-Phenotyping_GG1_JLU/2025_10_21_RSFB-Phenotyping_GG1_JLU/20251021_161609.jpg,True,126_R4S_283_Mztnickij_21_6
2025_10_21_RSFB-Phenotyping_GG1_JLU,20251021_161615.jpg,126_R4S_283_Mztnickij_21_6,126.0,283.0,Mztnickij,21.0,6.0,22.0,17.5,4.5,2025_10_21_RSFB-Phenotyping_GG1_scores.csv,,19.75,4.5,True,,Unknown,../dataset/Pictures_CFSB_leaf_damage/2025_10_21_RSFB-Phenotyping_GG1_JLU/2025_10_21_RSFB-Phenotyping_GG1_JLU/20251021_161615.jpg,True,126_R4S_283_Mztnickij_21_6
2025_10_21_RSFB-Phenotyping_GG1_JLU,20251021_161624.jpg,126_R4S_283_Mztnickij_21_6,126.0,283.0,Mztnickij,21.0,6.0,12.0,3.0,9.0,2025_10_21_RSFB-Phenotyping_GG1_scores.csv,,7.5,9.0,False,,Unknown,../dataset/Pictures_CFSB_leaf_damage/2025_10_21_RSFB-Phenotyping_GG1_JLU/2025_10_21_RSFB-Phenotyping_GG1_JLU/20251021_161624.jpg,True,126_R4S_283_Mztnickij_21_6
2025_10_21_RSFB-Phenotyping_GG1_JLU,20251021_161636.jpg,127_R4S_188_CANBERRA x COURAGE DH LINE_22_6,127.0,188.0,CANBERRA x COURAGE DH LINE,22.0,6.0,10.0,16.0,6.0,2025_10_21_RSFB-Phenotyping_GG1_scores.csv,,13.0,6.0,False,,Unknown,../dataset/Pictures_CFSB_leaf_damage/2025_10_21_RSFB-Phenotyping_GG1_JLU/2025_10_21_RSFB-Phenotyping_GG1_JLU/20251021_161636.jpg,True,127_R4S_188_CANBERRA x COURAGE DH LINE_22_6
2025_10_21_RSFB-Phenotyping_GG1_JLU,20251021_161645.jpg,127_R4S_188_CANBERRA x COURAGE DH LINE_22_6,127.0,188.0,CANBERRA x COURAGE DH LINE,22.0,6.0,70.0,0.0,70.0,2025_10_21_RSFB-Phenotyping_GG1_scores.csv,,35.0,70.0,False,,Unknown,../dataset/Pictures_CFSB_leaf_damage/2025_10_21_RSFB-Phenotyping_GG1_JLU/2025_10_21_RSFB-Phenotyping_GG1_JLU/20251021_161645.jpg,True,127_R4S_188_CANBERRA x COURAGE DH LINE_22_6
2025_10_21_RSFB-Phenotyping_GG1_JLU,20251021_161652.jpg,127_R4S_188_CANBERRA x COURAGE DH LINE_22_6,127.0,188.0,CANBERRA x COURAGE DH LINE,22.0,6.0,15.0,3.5,11.5,2025_10_21_RSFB-Phenotyping_GG1_scores.csv,,9.25,11.5,False,,Unknown,../dataset/Pictures_CFSB_leaf_damage/2025_10_21_RSFB-Phenotyping_GG1_JLU/2025_10_21_RSFB-Phenotyping_GG1_JLU/20251021_161652.jpg,True,127_R4S_188_CANBERRA x COURAGE DH LINE_22_6
2025_10_21_RSFB-Phenotyping_GG1_JLU,20251021_161705.jpg,138_R4S_277_Krapphauser_23_6,138.0,277.0,Krapphauser,23.0,6.0,15.0,19.0,4.0,2025_10_21_RSFB-Phenotyping_GG1_scores.csv,,17.0,4.0,True,,Unknown,../dataset/Pictures_CFSB_leaf_damage/2025_10_21_RSFB-Phenotyping_GG1_JLU/2025_10_21_RSFB-Phenotyping_GG1_JLU/20251021_161705.jpg,True,138_R4S_277_Krapphauser_23_6
2025_10_21_RSFB-Phenotyping_GG1_JLU,20251021_161712.jpg,138_R4S_277_Krapphauser_23_6,138.0,277.0,Krapphauser,23.0,6.0,17.0,6.0,11.0,2025_10_21_RSFB-Phenotyping_GG1_scores.csv,,11.5,11.0,False,,Unknown,../dataset/Pictures_CFSB_leaf_damage/2025_10_21_RSFB-Phenotyping_GG1_JLU/2025_10_21_RSFB-Phenotyping_GG1_JLU/20251021_161712.jpg,True,138_R4S_277_Krapphauser_23_6
2025_10_21_RSFB-Phenotyping_GG1_JLU,20251021_161720.jpg,138_R4S_277_Krapphauser_23_6,138.0,277.0,Krapphauser,23.0,6.0,23.0,13.5,9.5,2025_10_21_RSFB-Phenotyping_GG1_scores.csv,,18.25,9.5,False,,Unknown,../dataset/Pictures_CFSB_leaf_damage/2025_10_21_RSFB-Phenotyping_GG1_JLU/2025_10_21_RSFB-Phenotyping_GG1_JLU/20251021_161720.jpg,True,138_R4S_277_Krapphauser_23_6
2025_10_21_RSFB-Phenotyping_GG1_JLU,20251021_161731.jpg,139_R4S_378_Sobotkowski_24_6,139.0,378.0,Sobotkowski,24.0,6.0,8.0,4.5,3.5,2025_10_21_RSFB-Phenotyping_GG1_scores.csv,,6.25,3.5,True,,Unknown,../dataset/Pictures_CFSB_leaf_damage/2025_10_21_RSFB-Phenotyping_GG1_JLU/2025_10_21_RSFB-Phenotyping_GG1_JLU/20251021_161731.jpg,True,139_R4S_378_Sobotkowski_24_6
2025_10_21_RSFB-Phenotyping_GG1_JLU,20251021_161739.jpg,139_R4S_378_Sobotkowski_24_6,139.0,378.0,Sobotkowski,24.0,6.0,24.0,6.5,17.5,2025_10_21_RSFB-Phenotyping_GG1_scores.csv,,15.25,17.5,False,,Unknown,../dataset/Pictures_CFSB_leaf_damage/2025_10_21_RSFB-Phenotyping_GG1_JLU/2025_10_21_RSFB-Phenotyping_GG1_JLU/20251021_161739.jpg,True,139_R4S_378_Sobotkowski_24_6
2025_10_21_RSFB-Phenotyping_GG1_JLU,20251021_161751.jpg,139_R4S_378_Sobotkowski_24_6,139.0,378.0,Sobotkowski,24.0,6.0,3.0,13.0,10.0,2025_10_21_RSFB-Phenotyping_GG1_scores.csv,,8.0,10.0,False,,Unknown,../dataset/Pictures_CFSB_leaf_damage/2025_10_21_RSFB-Phenotyping_GG1_JLU/2025_10_21_RSFB-Phenotyping_GG1_JLU/20251021_161751.jpg,True,139_R4S_378_Sobotkowski_24_6
2025_10_21_RSFB-Phenotyping_GG1_JLU,20251021_161803.jpg,150_R4S_444_1012/98_25_6,150.0,444.0,1012/98,25.0,6.0,5.0,6.9,1.9,2025_10_21_RSFB-Phenotyping_GG1_scores.csv,,5.95,1.9000000000000004,True,,Unknown,../dataset/Pictures_CFSB_leaf_damage/2025_10_21_RSFB-Phenotyping_GG1_JLU/2025_10_21_RSFB-Phenotyping_GG1_JLU/20251021_161803.jpg,True,150_R4S_444_1012/98_25_6
2025_10_21_RSFB-Phenotyping_GG1_JLU,20251021_161808.jpg,150_R4S_444_1012/98_25_6,150.0,444.0,1012/98,25.0,6.0,3.0,17.0,14.0,2025_10_21_RSFB-Phenotyping_GG1_scores.csv,,10.0,14.0,False,,Unknown,../dataset/Pictures_CFSB_leaf_damage/2025_10_21_RSFB-Phenotyping_GG1_JLU/2025_10_21_RSFB-Phenotyping_GG1_JLU/20251021_161808.jpg,True,150_R4S_444_1012/98_25_6
2025_10_21_RSFB-Phenotyping_GG1_JLU,20251021_161816.jpg,150_R4S_444_1012/98_25_6,150.0,444.0,1012/98,25.0,6.0,2.0,3.0,1.0,2025_10_21_RSFB-Phenotyping_GG1_scores.csv,,2.5,1.0,True,,Unknown,../dataset/Pictures_CFSB_leaf_damage/2025_10_21_RSFB-Phenotyping_GG1_JLU/2025_10_21_RSFB-Phenotyping_GG1_JLU/20251021_161816.jpg,True,150_R4S_444_1012/98_25_6
2025_10_21_RSFB-Phenotyping_GG1_JLU,20251021_161826.jpg,151_R4S_145_Milena_26_6,151.0,145.0,Milena,26.0,6.0,4.0,5.5,1.5,2025_10_21_RSFB-Phenotyping_GG1_scores.csv,,4.75,1.5,True,,Unknown,../dataset/Pictures_CFSB_leaf_damage/2025_10_21_RSFB-Phenotyping_GG1_JLU/2025_10_21_RSFB-Phenotyping_GG1_JLU/20251021_161826.jpg,True,151_R4S_145_Milena_26_6
2025_10_21_RSFB-Phenotyping_GG1_JLU,20251021_161831.jpg,151_R4S_145_Milena_26_6,151.0,145.0,Milena,26.0,6.0,5.0,5.5,0.5,2025_10_21_RSFB-Phenotyping_GG1_scores.csv,,5.25,0.5,True,,Unknown,../dataset/Pictures_CFSB_leaf_damage/2025_10_21_RSFB-Phenotyping_GG1_JLU/2025_10_21_RSFB-Phenotyping_GG1_JLU/20251021_161831.jpg,True,151_R4S_145_Milena_26_6
2025_10_21_RSFB-Phenotyping_GG1_JLU,20251021_161840.jpg,151_R4S_145_Milena_26_6,151.0,145.0,Milena,26.0,6.0,3.0,13.0,10.0,2025_10_21_RSFB-Phenotyping_GG1_scores.csv,,8.0,10.0,False,,Unknown,../dataset/Pictures_CFSB_leaf_damage/2025_10_21_RSFB-Phenotyping_GG1_JLU/2025_10_21_RSFB-Phenotyping_GG1_JLU/20251021_161840.jpg,True,151_R4S_145_Milena_26_6
2025_10_21_RSFB-Phenotyping_GG1_JLU,20251021_161857.jpg,162_R4S_401_H231_27_6,162.0,401.0,H231,27.0,6.0,5.0,13.3,8.3,2025_10_21_RSFB-Phenotyping_GG1_scores.csv,,9.15,8.3,False,,Unknown,../dataset/Pictures_CFSB_leaf_damage/2025_10_21_RSFB-Phenotyping_GG1_JLU/2025_10_21_RSFB-Phenotyping_GG1_JLU/20251021_161857.jpg,True,162_R4S_401_H231_27_6
2025_10_21_RSFB-Phenotyping_GG1_JLU,20251021_161905.jpg,162_R4S_401_H231_27_6,162.0,401.0,H231,27.0,6.0,5.0,28.0,23.0,2025_10_21_RSFB-Phenotyping_GG1_scores.csv,,16.5,23.0,False,,Unknown,../dataset/Pictures_CFSB_leaf_damage/2025_10_21_RSFB-Phenotyping_GG1_JLU/2025_10_21_RSFB-Phenotyping_GG1_JLU/20251021_161905.jpg,True,162_R4S_401_H231_27_6
2025_10_21_RSFB-Phenotyping_GG1_JLU,20251021_161910.jpg,162_R4S_401_H231_27_6,162.0,401.0,H231,27.0,6.0,15.0,27.5,12.5,2025_10_21_RSFB-Phenotyping_GG1_scores.csv,,21.25,12.5,False,,Unknown,../dataset/Pictures_CFSB_leaf_damage/2025_10_21_RSFB-Phenotyping_GG1_JLU/2025_10_21_RSFB-Phenotyping_GG1_JLU/20251021_161910.jpg,True,162_R4S_401_H231_27_6
2025_10_21_RSFB-Phenotyping_GG1_JLU,20251021_161924.jpg,163_R4S_525_Taisetsu_28_6,163.0,525.0,Taisetsu,28.0,6.0,5.0,2.0,3.0,2025_10_21_RSFB-Phenotyping_GG1_scores.csv,,3.5,3.0,True,,Unknown,../dataset/Pictures_CFSB_leaf_damage/2025_10_21_RSFB-Phenotyping_GG1_JLU/2025_10_21_RSFB-Phenotyping_GG1_JLU/20251021_161924.jpg,True,163_R4S_525_Taisetsu_28_6
2025_10_21_RSFB-Phenotyping_GG1_JLU,20251021_161932.jpg,163_R4S_525_Taisetsu_28_6,163.0,525.0,Taisetsu,28.0,6.0,35.0,3.5,31.5,2025_10_21_RSFB-Phenotyping_GG1_scores.csv,,19.25,31.5,False,,Unknown,../dataset/Pictures_CFSB_leaf_damage/2025_10_21_RSFB-Phenotyping_GG1_JLU/2025_10_21_RSFB-Phenotyping_GG1_JLU/20251021_161932.jpg,True,163_R4S_525_Taisetsu_28_6
2025_10_21_RSFB-Phenotyping_GG1_JLU,20251021_161938.jpg,163_R4S_525_Taisetsu_28_6,163.0,525.0,Taisetsu,28.0,6.0,15.0,7.0,8.0,2025_10_21_RSFB-Phenotyping_GG1_scores.csv,,11.0,8.0,False,,Unknown,../dataset/Pictures_CFSB_leaf_damage/2025_10_21_RSFB-Phenotyping_GG1_JLU/2025_10_21_RSFB-Phenotyping_GG1_JLU/20251021_161938.jpg,True,163_R4S_525_Taisetsu_28_6
2025_10_21_RSFB-Phenotyping_GG1_JLU,20251021_161951.jpg,174_R4S_200_Darmor_29_6,174.0,200.0,Darmor,29.0,6.0,2.0,4.0,2.0,2025_10_21_RSFB-Phenotyping_GG1_scores.csv,,3.0,2.0,True,,Unknown,../dataset/Pictures_CFSB_leaf_damage/2025_10_21_RSFB-Phenotyping_GG1_JLU/2025_10_21_RSFB-Phenotyping_GG1_JLU/20251021_161951.jpg,True,174_R4S_200_Darmor_29_6
2025_10_21_RSFB-Phenotyping_GG1_JLU,20251021_161958.jpg,174_R4S_200_Darmor_29_6,174.0,200.0,Darmor,29.0,6.0,2.0,1.5,0.5,2025_10_21_RSFB-Phenotyping_GG1_scores.csv,,1.75,0.5,True,,Unknown,../dataset/Pictures_CFSB_leaf_damage/2025_10_21_RSFB-Phenotyping_GG1_JLU/2025_10_21_RSFB-Phenotyping_GG1_JLU/20251021_161958.jpg,True,174_R4S_200_Darmor_29_6
2025_10_21_RSFB-Phenotyping_GG1_JLU,20251021_162004.jpg,174_R4S_200_Darmor_29_6,174.0,200.0,Darmor,29.0,6.0,5.0,1.5,3.5,2025_10_21_RSFB-Phenotyping_GG1_scores.csv,,3.25,3.5,True,,Unknown,../dataset/Pictures_CFSB_leaf_damage/2025_10_21_RSFB-Phenotyping_GG1_JLU/2025_10_21_RSFB-Phenotyping_GG1_JLU/20251021_162004.jpg,True,174_R4S_200_Darmor_29_6
2025_10_21_RSFB-Phenotyping_GG1_JLU,20251021_162013.jpg,175_R4S_148_Rodeo_30_6,175.0,148.0,Rodeo,30.0,6.0,1.0,1.0,0.0,2025_10_21_RSFB-Phenotyping_GG1_scores.csv,,1.0,0.0,True,,Unknown,../dataset/Pictures_CFSB_leaf_damage/2025_10_21_RSFB-Phenotyping_GG1_JLU/2025_10_21_RSFB-Phenotyping_GG1_JLU/20251021_162013.jpg,True,175_R4S_148_Rodeo_30_6
2025_10_21_RSFB-Phenotyping_GG1_JLU,20251021_162020.jpg,175_R4S_148_Rodeo_30_6,175.0,148.0,Rodeo,30.0,6.0,15.0,4.0,11.0,2025_10_21_RSFB-Phenotyping_GG1_scores.csv,,9.5,11.0,False,,Unknown,../dataset/Pictures_CFSB_leaf_damage/2025_10_21_RSFB-Phenotyping_GG1_JLU/2025_10_21_RSFB-Phenotyping_GG1_JLU/20251021_162020.jpg,True,175_R4S_148_Rodeo_30_6
2025_10_21_RSFB-Phenotyping_GG1_JLU,20251021_162027.jpg,175_R4S_148_Rodeo_30_6,175.0,148.0,Rodeo,30.0,6.0,3.0,7.1,4.1,2025_10_21_RSFB-Phenotyping_GG1_scores.csv,,5.05,4.1,True,,Unknown,../dataset/Pictures_CFSB_leaf_damage/2025_10_21_RSFB-Phenotyping_GG1_JLU/2025_10_21_RSFB-Phenotyping_GG1_JLU/20251021_162027.jpg,True,175_R4S_148_Rodeo_30_6
2025_10_21_RSFB-Phenotyping_GG1_JLU,20251021_162043.jpg,186_R4S_397_Brink_31_6,186.0,397.0,Brink,31.0,6.0,35.0,21.2,13.8,2025_10_21_RSFB-Phenotyping_GG1_scores.csv,,28.1,13.8,False,,Unknown,../dataset/Pictures_CFSB_leaf_damage/2025_10_21_RSFB-Phenotyping_GG1_JLU/2025_10_21_RSFB-Phenotyping_GG1_JLU/20251021_162043.jpg,True,186_R4S_397_Brink_31_6
2025_10_21_RSFB-Phenotyping_GG1_JLU,20251021_162049.jpg,186_R4S_397_Brink_31_6,186.0,397.0,Brink,31.0,6.0,2.0,3.0,1.0,2025_10_21_RSFB-Phenotyping_GG1_scores.csv,,2.5,1.0,True,,Unknown,../dataset/Pictures_CFSB_leaf_damage/2025_10_21_RSFB-Phenotyping_GG1_JLU/2025_10_21_RSFB-Phenotyping_GG1_JLU/20251021_162049.jpg,True,186_R4S_397_Brink_31_6
2025_10_21_RSFB-Phenotyping_GG1_JLU,20251021_162057.jpg,186_R4S_397_Brink_31_6,186.0,397.0,Brink,31.0,6.0,3.0,6.0,3.0,2025_10_21_RSFB-Phenotyping_GG1_scores.csv,,4.5,3.0,True,,Unknown,../dataset/Pictures_CFSB_leaf_damage/2025_10_21_RSFB-Phenotyping_GG1_JLU/2025_10_21_RSFB-Phenotyping_GG1_JLU/20251021_162057.jpg,True,186_R4S_397_Brink_31_6
2025_10_21_RSFB-Phenotyping_GG1_JLU,20251021_162109.jpg,187_R4S_492_FELICIANO KWS_32_6,187.0,492.0,FELICIANO KWS,32.0,6.0,1.0,6.4,5.4,2025_10_21_RSFB-Phenotyping_GG1_scores.csv,,3.7,5.4,False,,Unknown,../dataset/Pictures_CFSB_leaf_damage/2025_10_21_RSFB-Phenotyping_GG1_JLU/2025_10_21_RSFB-Phenotyping_GG1_JLU/20251021_162109.jpg,True,187_R4S_492_FELICIANO KWS_32_6
2025_10_21_RSFB-Phenotyping_GG1_JLU,20251021_162116.jpg,187_R4S_492_FELICIANO KWS_32_6,187.0,492.0,FELICIANO KWS,32.0,6.0,3.0,11.4,8.4,2025_10_21_RSFB-Phenotyping_GG1_scores.csv,,7.2,8.4,False,,Unknown,../dataset/Pictures_CFSB_leaf_damage/2025_10_21_RSFB-Phenotyping_GG1_JLU/2025_10_21_RSFB-Phenotyping_GG1_JLU/20251021_162116.jpg,True,187_R4S_492_FELICIANO KWS_32_6
2025_10_21_RSFB-Phenotyping_GG1_JLU,20251021_162121.jpg,187_R4S_492_FELICIANO KWS_32_6,187.0,492.0,FELICIANO KWS,32.0,6.0,1.0,5.0,4.0,2025_10_21_RSFB-Phenotyping_GG1_scores.csv,,3.0,4.0,True,,Unknown,../dataset/Pictures_CFSB_leaf_damage/2025_10_21_RSFB-Phenotyping_GG1_JLU/2025_10_21_RSFB-Phenotyping_GG1_JLU/20251021_162121.jpg,True,187_R4S_492_FELICIANO KWS_32_6
2025_10_21_RSFB-Phenotyping_GG1_JLU,20251021_162132.jpg,198_R4S_496_DSV3_33_6,198.0,496.0,DSV3,33.0,6.0,12.0,17.0,5.0,2025_10_21_RSFB-Phenotyping_GG1_scores.csv,,14.5,5.0,False,,Unknown,../dataset/Pictures_CFSB_leaf_damage/2025_10_21_RSFB-Phenotyping_GG1_JLU/2025_10_21_RSFB-Phenotyping_GG1_JLU/20251021_162132.jpg,True,198_R4S_496_DSV3_33_6
2025_10_21_RSFB-Phenotyping_GG1_JLU,20251021_162139.jpg,198_R4S_496_DSV3_33_6,198.0,496.0,DSV3,33.0,6.0,1.0,1.0,0.0,2025_10_21_RSFB-Phenotyping_GG1_scores.csv,,1.0,0.0,True,,Unknown,../dataset/Pictures_CFSB_leaf_damage/2025_10_21_RSFB-Phenotyping_GG1_JLU/2025_10_21_RSFB-Phenotyping_GG1_JLU/20251021_162139.jpg,True,198_R4S_496_DSV3_33_6
2025_10_21_RSFB-Phenotyping_GG1_JLU,20251021_162146.jpg,198_R4S_496_DSV3_33_6,198.0,496.0,DSV3,33.0,6.0,1.0,6.0,5.0,2025_10_21_RSFB-Phenotyping_GG1_scores.csv,,3.5,5.0,False,,Unknown,../dataset/Pictures_CFSB_leaf_damage/2025_10_21_RSFB-Phenotyping_GG1_JLU/2025_10_21_RSFB-Phenotyping_GG1_JLU/20251021_162146.jpg,True,198_R4S_496_DSV3_33_6
2025_10_21_RSFB-Phenotyping_GG1_JLU,20251021_162156.jpg,199_R4S_388_Liporta_34_6,199.0,388.0,Liporta,34.0,6.0,1.0,1.5,0.5,2025_10_21_RSFB-Phenotyping_GG1_scores.csv,,1.25,0.5,True,,Unknown,../dataset/Pictures_CFSB_leaf_damage/2025_10_21_RSFB-Phenotyping_GG1_JLU/2025_10_21_RSFB-Phenotyping_GG1_JLU/20251021_162156.jpg,True,199_R4S_388_Liporta_34_6
2025_10_21_RSFB-Phenotyping_GG1_JLU,20251021_162202.jpg,199_R4S_388_Liporta_34_6,199.0,388.0,Liporta,34.0,6.0,2.0,2.0,0.0,2025_10_21_RSFB-Phenotyping_GG1_scores.csv,,2.0,0.0,True,,Unknown,../dataset/Pictures_CFSB_leaf_damage/2025_10_21_RSFB-Phenotyping_GG1_JLU/2025_10_21_RSFB-Phenotyping_GG1_JLU/20251021_162202.jpg,True,199_R4S_388_Liporta_34_6
2025_10_21_RSFB-Phenotyping_GG1_JLU,20251021_162210.jpg,199_R4S_388_Liporta_34_6,199.0,388.0,Liporta,34.0,6.0,1.0,2.5,1.5,2025_10_21_RSFB-Phenotyping_GG1_scores.csv,,1.75,1.5,True,,Unknown,../dataset/Pictures_CFSB_leaf_damage/2025_10_21_RSFB-Phenotyping_GG1_JLU/2025_10_21_RSFB-Phenotyping_GG1_JLU/20251021_162210.jpg,True,199_R4S_388_Liporta_34_6
2025_10_21_RSFB-Phenotyping_GG1_JLU,20251021_162228.jpg,210_R4S_422_G89_35_6,210.0,422.0,G89,35.0,6.0,30.0,8.5,21.5,2025_10_21_RSFB-Phenotyping_GG1_scores.csv,,19.25,21.5,False,,Unknown,../dataset/Pictures_CFSB_leaf_damage/2025_10_21_RSFB-Phenotyping_GG1_JLU/2025_10_21_RSFB-Phenotyping_GG1_JLU/20251021_162228.jpg,True,210_R4S_422_G89_35_6
2025_10_21_RSFB-Phenotyping_GG1_JLU,20251021_162237.jpg,210_R4S_422_G89_35_6,210.0,422.0,G89,35.0,6.0,30.0,22.5,7.5,2025_10_21_RSFB-Phenotyping_GG1_scores.csv,,26.25,7.5,False,,Unknown,../dataset/Pictures_CFSB_leaf_damage/2025_10_21_RSFB-Phenotyping_GG1_JLU/2025_10_21_RSFB-Phenotyping_GG1_JLU/20251021_162237.jpg,True,210_R4S_422_G89_35_6
2025_10_21_RSFB-Phenotyping_GG1_JLU,20251021_162246.jpg,210_R4S_422_G89_35_6,210.0,422.0,G89,35.0,6.0,15.0,14.0,1.0,2025_10_21_RSFB-Phenotyping_GG1_scores.csv,,14.5,1.0,True,,Unknown,../dataset/Pictures_CFSB_leaf_damage/2025_10_21_RSFB-Phenotyping_GG1_JLU/2025_10_21_RSFB-Phenotyping_GG1_JLU/20251021_162246.jpg,True,210_R4S_422_G89_35_6
2025_10_21_RSFB-Phenotyping_GG1_JLU,20251021_162301.jpg,211_R4S_359_SIBERISCHE BOERENKOOL_36_6,211.0,359.0,SIBERISCHE BOERENKOOL,36.0,6.0,1.0,2.0,1.0,2025_10_21_RSFB-Phenotyping_GG1_scores.csv,,1.5,1.0,True,,Unknown,../dataset/Pictures_CFSB_leaf_damage/2025_10_21_RSFB-Phenotyping_GG1_JLU/2025_10_21_RSFB-Phenotyping_GG1_JLU/20251021_162301.jpg,True,211_R4S_359_SIBERISCHE BOERENKOOL_36_6
2025_10_21_RSFB-Phenotyping_GG1_JLU,20251021_162313.jpg,211_R4S_359_SIBERISCHE BOERENKOOL_36_6,211.0,359.0,SIBERISCHE BOERENKOOL,36.0,6.0,1.0,2.5,1.5,2025_10_21_RSFB-Phenotyping_GG1_scores.csv,,1.75,1.5,True,,Unknown,../dataset/Pictures_CFSB_leaf_damage/2025_10_21_RSFB-Phenotyping_GG1_JLU/2025_10_21_RSFB-Phenotyping_GG1_JLU/20251021_162313.jpg,True,211_R4S_359_SIBERISCHE BOERENKOOL_36_6
2025_10_21_RSFB-Phenotyping_GG1_JLU,20251021_162321.jpg,211_R4S_359_SIBERISCHE BOERENKOOL_36_6,211.0,359.0,SIBERISCHE BOERENKOOL,36.0,6.0,2.0,1.4,0.6,2025_10_21_RSFB-Phenotyping_GG1_scores.csv,,1.7,0.6000000000000001,True,,Unknown,../dataset/Pictures_CFSB_leaf_damage/2025_10_21_RSFB-Phenotyping_GG1_JLU/2025_10_21_RSFB-Phenotyping_GG1_JLU/20251021_162321.jpg,True,211_R4S_359_SIBERISCHE BOERENKOOL_36_6
2025_10_21_RSFB-Phenotyping_GG1_JLU,20251021_162332.jpg,222_R4S_293_K26/96_37_6,222.0,293.0,K26/96,37.0,6.0,8.0,9.0,1.0,2025_10_21_RSFB-Phenotyping_GG1_scores.csv,,8.5,1.0,True,,Unknown,../dataset/Pictures_CFSB_leaf_damage/2025_10_21_RSFB-Phenotyping_GG1_JLU/2025_10_21_RSFB-Phenotyping_GG1_JLU/20251021_162332.jpg,True,222_R4S_293_K26/96_37_6
2025_10_21_RSFB-Phenotyping_GG1_JLU,20251021_162338.jpg,222_R4S_293_K26/96_37_6,222.0,293.0,K26/96,37.0,6.0,3.0,19.0,16.0,2025_10_21_RSFB-Phenotyping_GG1_scores.csv,,11.0,16.0,False,,Unknown,../dataset/Pictures_CFSB_leaf_damage/2025_10_21_RSFB-Phenotyping_GG1_JLU/2025_10_21_RSFB-Phenotyping_GG1_JLU/20251021_162338.jpg,True,222_R4S_293_K26/96_37_6
2025_10_21_RSFB-Phenotyping_GG1_JLU,20251021_162346.jpg,222_R4S_293_K26/96_37_6,222.0,293.0,K26/96,37.0,6.0,2.0,3.5,1.5,2025_10_21_RSFB-Phenotyping_GG1_scores.csv,,2.75,1.5,True,,Unknown,../dataset/Pictures_CFSB_leaf_damage/2025_10_21_RSFB-Phenotyping_GG1_JLU/2025_10_21_RSFB-Phenotyping_GG1_JLU/20251021_162346.jpg,True,222_R4S_293_K26/96_37_6
2025_10_21_RSFB-Phenotyping_GG1_JLU,20251021_162400.jpg,223_RAS_320_Best of All_38_6,223.0,,RAS_320_Best of All,38.0,6.0,1.0,0.5,0.5,2025_10_21_RSFB-Phenotyping_GG1_scores.csv,,0.75,0.5,True,,Unknown,../dataset/Pictures_CFSB_leaf_damage/2025_10_21_RSFB-Phenotyping_GG1_JLU/2025_10_21_RSFB-Phenotyping_GG1_JLU/20251021_162400.jpg,True,223_RAS_320_Best of All_38_6
2025_10_21_RSFB-Phenotyping_GG1_JLU,20251021_162409.jpg,223_RAS_320_Best of All_38_6,223.0,,RAS_320_Best of All,38.0,6.0,1.0,3.8,2.8,2025_10_21_RSFB-Phenotyping_GG1_scores.csv,,2.4,2.8,True,,Unknown,../dataset/Pictures_CFSB_leaf_damage/2025_10_21_RSFB-Phenotyping_GG1_JLU/2025_10_21_RSFB-Phenotyping_GG1_JLU/20251021_162409.jpg,True,223_RAS_320_Best of All_38_6
2025_10_21_RSFB-Phenotyping_GG1_JLU,20251021_162416.jpg,223_RAS_320_Best of All_38_6,223.0,,RAS_320_Best of All,38.0,6.0,1.0,0.5,0.5,2025_10_21_RSFB-Phenotyping_GG1_scores.csv,,0.75,0.5,True,,Unknown,../dataset/Pictures_CFSB_leaf_damage/2025_10_21_RSFB-Phenotyping_GG1_JLU/2025_10_21_RSFB-Phenotyping_GG1_JLU/20251021_162416.jpg,True,223_RAS_320_Best of All_38_6
2025_10_21_RSFB-Phenotyping_GG1_JLU,20251021_162428.jpg,234_R4S_447_K306_39_6,234.0,447.0,K306,39.0,6.0,1.0,3.0,2.0,2025_10_21_RSFB-Phenotyping_GG1_scores.csv,,2.0,2.0,True,,Unknown,../dataset/Pictures_CFSB_leaf_damage/2025_10_21_RSFB-Phenotyping_GG1_JLU/2025_10_21_RSFB-Phenotyping_GG1_JLU/20251021_162428.jpg,True,234_R4S_447_K306_39_6
2025_10_21_RSFB-Phenotyping_GG1_JLU,20251021_162436.jpg,234_R4S_447_K306_39_6,234.0,447.0,K306,39.0,6.0,35.0,16.4,18.6,2025_10_21_RSFB-Phenotyping_GG1_scores.csv,,25.7,18.6,False,,Unknown,../dataset/Pictures_CFSB_leaf_damage/2025_10_21_RSFB-Phenotyping_GG1_JLU/2025_10_21_RSFB-Phenotyping_GG1_JLU/20251021_162436.jpg,True,234_R4S_447_K306_39_6
2025_10_21_RSFB-Phenotyping_GG1_JLU,20251021_162445.jpg,234_R4S_447_K306_39_6,234.0,447.0,K306,39.0,6.0,25.0,4.0,21.0,2025_10_21_RSFB-Phenotyping_GG1_scores.csv,,14.5,21.0,False,,Unknown,../dataset/Pictures_CFSB_leaf_damage/2025_10_21_RSFB-Phenotyping_GG1_JLU/2025_10_21_RSFB-Phenotyping_GG1_JLU/20251021_162445.jpg,True,234_R4S_447_K306_39_6
2025_10_21_RSFB-Phenotyping_GG1_JLU,20251021_162459.jpg,235_R4S_193_LICROWN X EXPRESS DH LINE_40_6,235.0,193.0,LICROWN X EXPRESS DH LINE,40.0,6.0,1.0,2.0,1.0,2025_10_21_RSFB-Phenotyping_GG1_scores.csv,,1.5,1.0,True,,Unknown,../dataset/Pictures_CFSB_leaf_damage/2025_10_21_RSFB-Phenotyping_GG1_JLU/2025_10_21_RSFB-Phenotyping_GG1_JLU/20251021_162459.jpg,True,235_R4S_193_LICROWN X EXPRESS DH LINE_40_6
2025_10_21_RSFB-Phenotyping_GG1_JLU,20251021_162506.jpg,235_R4S_193_LICROWN X EXPRESS DH LINE_40_6,235.0,193.0,LICROWN X EXPRESS DH LINE,40.0,6.0,3.0,7.0,4.0,2025_10_21_RSFB-Phenotyping_GG1_scores.csv,,5.0,4.0,True,,Unknown,../dataset/Pictures_CFSB_leaf_damage/2025_10_21_RSFB-Phenotyping_GG1_JLU/2025_10_21_RSFB-Phenotyping_GG1_JLU/20251021_162506.jpg,True,235_R4S_193_LICROWN X EXPRESS DH LINE_40_6
2025_10_21_RSFB-Phenotyping_GG1_JLU,20251021_162517.jpg,235_R4S_193_LICROWN X EXPRESS DH LINE_40_6,235.0,193.0,LICROWN X EXPRESS DH LINE,40.0,6.0,32.0,14.5,17.5,2025_10_21_RSFB-Phenotyping_GG1_scores.csv,,23.25,17.5,False,,Unknown,../dataset/Pictures_CFSB_leaf_damage/2025_10_21_RSFB-Phenotyping_GG1_JLU/2025_10_21_RSFB-Phenotyping_GG1_JLU/20251021_162517.jpg,True,235_R4S_193_LICROWN X EXPRESS DH LINE_40_6
2025_10_21_RSFB-Phenotyping_GG1_JLU,20251021_162529.jpg,246_R4S_356_GRUENER SCHNITTKOHL_41_6,246.0,356.0,GRUENER SCHNITTKOHL,41.0,6.0,37.0,18.0,19.0,2025_10_21_RSFB-Phenotyping_GG1_scores.csv,,27.5,19.0,False,,Unknown,../dataset/Pictures_CFSB_leaf_damage/2025_10_21_RSFB-Phenotyping_GG1_JLU/2025_10_21_RSFB-Phenotyping_GG1_JLU/20251021_162529.jpg,True,246_R4S_356_GRUENER SCHNITTKOHL_41_6
2025_10_21_RSFB-Phenotyping_GG1_JLU,20251021_162536.jpg,246_R4S_356_GRUENER SCHNITTKOHL_41_6,246.0,356.0,GRUENER SCHNITTKOHL,41.0,6.0,30.0,12.5,17.5,2025_10_21_RSFB-Phenotyping_GG1_scores.csv,,21.25,17.5,False,,Unknown,../dataset/Pictures_CFSB_leaf_damage/2025_10_21_RSFB-Phenotyping_GG1_JLU/2025_10_21_RSFB-Phenotyping_GG1_JLU/20251021_162536.jpg,True,246_R4S_356_GRUENER SCHNITTKOHL_41_6
2025_10_21_RSFB-Phenotyping_GG1_JLU,20251021_162544.jpg,246_R4S_356_GRUENER SCHNITTKOHL_41_6,246.0,356.0,GRUENER SCHNITTKOHL,41.0,6.0,20.0,12.5,7.5,2025_10_21_RSFB-Phenotyping_GG1_scores.csv,,16.25,7.5,False,,Unknown,../dataset/Pictures_CFSB_leaf_damage/2025_10_21_RSFB-Phenotyping_GG1_JLU/2025_10_21_RSFB-Phenotyping_GG1_JLU/20251021_162544.jpg,True,246_R4S_356_GRUENER SCHNITTKOHL_41_6
2025_10_21_RSFB-Phenotyping_GG1_JLU,20251021_162601.jpg,247_R4S_456_S17_42_6,247.0,456.0,S17,42.0,6.0,1.0,5.0,4.0,2025_10_21_RSFB-Phenotyping_GG1_scores.csv,,3.0,4.0,True,,Unknown,../dataset/Pictures_CFSB_leaf_damage/2025_10_21_RSFB-Phenotyping_GG1_JLU/2025_10_21_RSFB-Phenotyping_GG1_JLU/20251021_162601.jpg,True,247_R4S_456_S17_42_6
2025_10_21_RSFB-Phenotyping_GG1_JLU,20251021_162609.jpg,247_R4S_456_S17_42_6,247.0,456.0,S17,42.0,6.0,15.0,22.0,7.0,2025_10_21_RSFB-Phenotyping_GG1_scores.csv,,18.5,7.0,False,,Unknown,../dataset/Pictures_CFSB_leaf_damage/2025_10_21_RSFB-Phenotyping_GG1_JLU/2025_10_21_RSFB-Phenotyping_GG1_JLU/20251021_162609.jpg,True,247_R4S_456_S17_42_6
2025_10_21_RSFB-Phenotyping_GG1_JLU,20251021_162616.jpg,247_R4S_456_S17_42_6,247.0,456.0,S17,42.0,6.0,20.0,13.5,6.5,2025_10_21_RSFB-Phenotyping_GG1_scores.csv,,16.75,6.5,False,,Unknown,../dataset/Pictures_CFSB_leaf_damage/2025_10_21_RSFB-Phenotyping_GG1_JLU/2025_10_21_RSFB-Phenotyping_GG1_JLU/20251021_162616.jpg,True,247_R4S_456_S17_42_6
2025_10_21_RSFB-Phenotyping_GG1_JLU,20251021_162630.jpg,258_R4S_516_R31_43_6,258.0,516.0,R31,43.0,6.0,15.0,19.5,4.5,2025_10_21_RSFB-Phenotyping_GG1_scores.csv,,17.25,4.5,True,,Unknown,../dataset/Pictures_CFSB_leaf_damage/2025_10_21_RSFB-Phenotyping_GG1_JLU/2025_10_21_RSFB-Phenotyping_GG1_JLU/20251021_162630.jpg,True,258_R4S_516_R31_43_6
2025_10_21_RSFB-Phenotyping_GG1_JLU,20251021_162638.jpg,258_R4S_516_R31_43_6,258.0,516.0,R31,43.0,6.0,1.0,3.0,2.0,2025_10_21_RSFB-Phenotyping_GG1_scores.csv,,2.0,2.0,True,,Unknown,../dataset/Pictures_CFSB_leaf_damage/2025_10_21_RSFB-Phenotyping_GG1_JLU/2025_10_21_RSFB-Phenotyping_GG1_JLU/20251021_162638.jpg,True,258_R4S_516_R31_43_6
2025_10_21_RSFB-Phenotyping_GG1_JLU,20251021_162646.jpg,258_R4S_516_R31_43_6,258.0,516.0,R31,43.0,6.0,12.0,15.0,3.0,2025_10_21_RSFB-Phenotyping_GG1_scores.csv,,13.5,3.0,True,,Unknown,../dataset/Pictures_CFSB_leaf_damage/2025_10_21_RSFB-Phenotyping_GG1_JLU/2025_10_21_RSFB-Phenotyping_GG1_JLU/20251021_162646.jpg,True,258_R4S_516_R31_43_6
2025_10_21_RSFB-Phenotyping_GG1_JLU,20251021_162658.jpg,259_R4S_383_Moldavia_44_6,259.0,383.0,Moldavia,44.0,6.0,32.0,23.0,9.0,2025_10_21_RSFB-Phenotyping_GG1_scores.csv,,27.5,9.0,False,,Unknown,../dataset/Pictures_CFSB_leaf_damage/2025_10_21_RSFB-Phenotyping_GG1_JLU/2025_10_21_RSFB-Phenotyping_GG1_JLU/20251021_162658.jpg,True,259_R4S_383_Moldavia_44_6
2025_10_21_RSFB-Phenotyping_GG1_JLU,20251021_162707.jpg,259_R4S_383_Moldavia_44_6,259.0,383.0,Moldavia,44.0,6.0,15.0,13.0,2.0,2025_10_21_RSFB-Phenotyping_GG1_scores.csv,,14.0,2.0,True,,Unknown,../dataset/Pictures_CFSB_leaf_damage/2025_10_21_RSFB-Phenotyping_GG1_JLU/2025_10_21_RSFB-Phenotyping_GG1_JLU/20251021_162707.jpg,True,259_R4S_383_Moldavia_44_6
2025_10_21_RSFB-Phenotyping_GG1_JLU,20251021_162717.jpg,259_R4S_383_Moldavia_44_6,259.0,383.0,Moldavia,44.0,6.0,18.0,20.5,2.5,2025_10_21_RSFB-Phenotyping_GG1_scores.csv,,19.25,2.5,True,,Unknown,../dataset/Pictures_CFSB_leaf_damage/2025_10_21_RSFB-Phenotyping_GG1_JLU/2025_10_21_RSFB-Phenotyping_GG1_JLU/20251021_162717.jpg,True,259_R4S_383_Moldavia_44_6
2025_10_21_RSFB-Phenotyping_GG1_JLU,20251021_162732.jpg,270_R4S_232_Beluga_45_6,270.0,232.0,Beluga,45.0,6.0,1.0,4.5,3.5,2025_10_21_RSFB-Phenotyping_GG1_scores.csv,,2.75,3.5,True,,Unknown,../dataset/Pictures_CFSB_leaf_damage/2025_10_21_RSFB-Phenotyping_GG1_JLU/2025_10_21_RSFB-Phenotyping_GG1_JLU/20251021_162732.jpg,True,270_R4S_232_Beluga_45_6
2025_10_21_RSFB-Phenotyping_GG1_JLU,20251021_162741.jpg,270_R4S_232_Beluga_45_6,270.0,232.0,Beluga,45.0,6.0,40.0,8.0,32.0,2025_10_21_RSFB-Phenotyping_GG1_scores.csv,,24.0,32.0,False,,Unknown,../dataset/Pictures_CFSB_leaf_damage/2025_10_21_RSFB-Phenotyping_GG1_JLU/2025_10_21_RSFB-Phenotyping_GG1_JLU/20251021_162741.jpg,True,270_R4S_232_Beluga_45_6
2025_10_21_RSFB-Phenotyping_GG1_JLU,20251021_162747.jpg,270_R4S_232_Beluga_45_6,270.0,232.0,Beluga,45.0,6.0,30.0,6.5,23.5,2025_10_21_RSFB-Phenotyping_GG1_scores.csv,,18.25,23.5,False,,Unknown,../dataset/Pictures_CFSB_leaf_damage/2025_10_21_RSFB-Phenotyping_GG1_JLU/2025_10_21_RSFB-Phenotyping_GG1_JLU/20251021_162747.jpg,True,270_R4S_232_Beluga_45_6
2025_10_21_RSFB-Phenotyping_GG1_JLU,20251021_162800.jpg,271_R4S_171_Falstaff_46_6,271.0,171.0,Falstaff,46.0,6.0,2.0,5.5,3.5,2025_10_21_RSFB-Phenotyping_GG1_scores.csv,,3.75,3.5,True,,Unknown,../dataset/Pictures_CFSB_leaf_damage/2025_10_21_RSFB-Phenotyping_GG1_JLU/2025_10_21_RSFB-Phenotyping_GG1_JLU/20251021_162800.jpg,True,271_R4S_171_Falstaff_46_6
2025_10_21_RSFB-Phenotyping_GG1_JLU,20251021_162807.jpg,271_R4S_171_Falstaff_46_6,271.0,171.0,Falstaff,46.0,6.0,3.0,8.0,5.0,2025_10_21_RSFB-Phenotyping_GG1_scores.csv,,5.5,5.0,False,,Unknown,../dataset/Pictures_CFSB_leaf_damage/2025_10_21_RSFB-Phenotyping_GG1_JLU/2025_10_21_RSFB-Phenotyping_GG1_JLU/20251021_162807.jpg,True,271_R4S_171_Falstaff_46_6
2025_10_21_RSFB-Phenotyping_GG1_JLU,20251021_162816.jpg,271_R4S_171_Falstaff_46_6,271.0,171.0,Falstaff,46.0,6.0,1.0,2.5,1.5,2025_10_21_RSFB-Phenotyping_GG1_scores.csv,,1.75,1.5,True,,Unknown,../dataset/Pictures_CFSB_leaf_damage/2025_10_21_RSFB-Phenotyping_GG1_JLU/2025_10_21_RSFB-Phenotyping_GG1_JLU/20251021_162816.jpg,True,271_R4S_171_Falstaff_46_6
2025_10_21_RSFB-Phenotyping_GG1_JLU,20251021_162830.jpg,282_R4S_332_Hollandse Gele Roodkop_47_6,282.0,332.0,Hollandse Gele Roodkop,47.0,6.0,15.0,8.5,6.5,2025_10_21_RSFB-Phenotyping_GG1_scores.csv,,11.75,6.5,False,,Unknown,../dataset/Pictures_CFSB_leaf_damage/2025_10_21_RSFB-Phenotyping_GG1_JLU/2025_10_21_RSFB-Phenotyping_GG1_JLU/20251021_162830.jpg,True,282_R4S_332_Hollandse Gele Roodkop_47_6
2025_10_21_RSFB-Phenotyping_GG1_JLU,20251021_162836.jpg,282_R4S_332_Hollandse Gele Roodkop_47_6,282.0,332.0,Hollandse Gele Roodkop,47.0,6.0,20.0,19.0,1.0,2025_10_21_RSFB-Phenotyping_GG1_scores.csv,,19.5,1.0,True,,Unknown,../dataset/Pictures_CFSB_leaf_damage/2025_10_21_RSFB-Phenotyping_GG1_JLU/2025_10_21_RSFB-Phenotyping_GG1_JLU/20251021_162836.jpg,True,282_R4S_332_Hollandse Gele Roodkop_47_6
2025_10_21_RSFB-Phenotyping_GG1_JLU,20251021_162845.jpg,282_R4S_332_Hollandse Gele Roodkop_47_6,282.0,332.0,Hollandse Gele Roodkop,47.0,6.0,1.0,1.0,0.0,2025_10_21_RSFB-Phenotyping_GG1_scores.csv,,1.0,0.0,True,,Unknown,../dataset/Pictures_CFSB_leaf_damage/2025_10_21_RSFB-Phenotyping_GG1_JLU/2025_10_21_RSFB-Phenotyping_GG1_JLU/20251021_162845.jpg,True,282_R4S_332_Hollandse Gele Roodkop_47_6
2025_10_21_RSFB-Phenotyping_GG1_JLU,20251021_162856.jpg,283_R4S_429_L122_48_6,283.0,429.0,L122,48.0,6.0,7.0,11.0,4.0,2025_10_21_RSFB-Phenotyping_GG1_scores.csv,,9.0,4.0,True,,Unknown,../dataset/Pictures_CFSB_leaf_damage/2025_10_21_RSFB-Phenotyping_GG1_JLU/2025_10_21_RSFB-Phenotyping_GG1_JLU/20251021_162856.jpg,True,283_R4S_429_L122_48_6
2025_10_21_RSFB-Phenotyping_GG1_JLU,20251021_162906.jpg,283_R4S_429_L122_48_6,283.0,429.0,L122,48.0,6.0,5.0,3.5,1.5,2025_10_21_RSFB-Phenotyping_GG1_scores.csv,,4.25,1.5,True,,Unknown,../dataset/Pictures_CFSB_leaf_damage/2025_10_21_RSFB-Phenotyping_GG1_JLU/2025_10_21_RSFB-Phenotyping_GG1_JLU/20251021_162906.jpg,True,283_R4S_429_L122_48_6
2025_10_21_RSFB-Phenotyping_GG1_JLU,20251021_162912.jpg,283_R4S_429_L122_48_6,283.0,429.0,L122,48.0,6.0,4.0,7.5,3.5,2025_10_21_RSFB-Phenotyping_GG1_scores.csv,,5.75,3.5,True,,Unknown,../dataset/Pictures_CFSB_leaf_damage/2025_10_21_RSFB-Phenotyping_GG1_JLU/2025_10_21_RSFB-Phenotyping_GG1_JLU/20251021_162912.jpg,True,283_R4S_429_L122_48_6
2025_10_21_RSFB-Phenotyping_GG1_JLU,20251021_162930.jpg,294_R4S_228_Orlando_49_6,294.0,228.0,Orlando,49.0,6.0,1.0,23.5,22.5,2025_10_21_RSFB-Phenotyping_GG1_scores.csv,,12.25,22.5,False,,Unknown,../dataset/Pictures_CFSB_leaf_damage/2025_10_21_RSFB-Phenotyping_GG1_JLU/2025_10_21_RSFB-Phenotyping_GG1_JLU/20251021_162930.jpg,True,294_R4S_228_Orlando_49_6
2025_10_21_RSFB-Phenotyping_GG1_JLU,20251021_162936.jpg,294_R4S_228_Orlando_49_6,294.0,228.0,Orlando,49.0,6.0,2.0,13.5,11.5,2025_10_21_RSFB-Phenotyping_GG1_scores.csv,,7.75,11.5,False,,Unknown,../dataset/Pictures_CFSB_leaf_damage/2025_10_21_RSFB-Phenotyping_GG1_JLU/2025_10_21_RSFB-Phenotyping_GG1_JLU/20251021_162936.jpg,True,294_R4S_228_Orlando_49_6
2025_10_21_RSFB-Phenotyping_GG1_JLU,20251021_162946.jpg,294_R4S_228_Orlando_49_6,294.0,228.0,Orlando,49.0,6.0,1.0,2.0,1.0,2025_10_21_RSFB-Phenotyping_GG1_scores.csv,,1.5,1.0,True,,Unknown,../dataset/Pictures_CFSB_leaf_damage/2025_10_21_RSFB-Phenotyping_GG1_JLU/2025_10_21_RSFB-Phenotyping_GG1_JLU/20251021_162946.jpg,True,294_R4S_228_Orlando_49_6
2025_10_21_RSFB-Phenotyping_GG1_JLU,20251021_162958.jpg,295_R4S_272_Doral_50_6,295.0,272.0,Doral,50.0,6.0,12.0,11.5,0.5,2025_10_21_RSFB-Phenotyping_GG1_scores.csv,,11.75,0.5,True,,Unknown,../dataset/Pictures_CFSB_leaf_damage/2025_10_21_RSFB-Phenotyping_GG1_JLU/2025_10_21_RSFB-Phenotyping_GG1_JLU/20251021_162958.jpg,True,295_R4S_272_Doral_50_6
2025_10_21_RSFB-Phenotyping_GG1_JLU,20251021_163006.jpg,295_R4S_272_Doral_50_6,295.0,272.0,Doral,50.0,6.0,3.0,19.0,16.0,2025_10_21_RSFB-Phenotyping_GG1_scores.csv,,11.0,16.0,False,,Unknown,../dataset/Pictures_CFSB_leaf_damage/2025_10_21_RSFB-Phenotyping_GG1_JLU/2025_10_21_RSFB-Phenotyping_GG1_JLU/20251021_163006.jpg,True,295_R4S_272_Doral_50_6
2025_10_21_RSFB-Phenotyping_GG1_JLU,20251021_163014.jpg,295_R4S_272_Doral_50_6,295.0,272.0,Doral,50.0,6.0,18.0,19.5,1.5,2025_10_21_RSFB-Phenotyping_GG1_scores.csv,,18.75,1.5,True,,Unknown,../dataset/Pictures_CFSB_leaf_damage/2025_10_21_RSFB-Phenotyping_GG1_JLU/2025_10_21_RSFB-Phenotyping_GG1_JLU/20251021_163014.jpg,True,295_R4S_272_Doral_50_6
2025_10_21_RSFB-Phenotyping_GG1_JLU,20251021_163031.jpg,306_R4S_180_Duell_51_6,306.0,180.0,Duell,51.0,6.0,35.0,34.5,0.5,2025_10_21_RSFB-Phenotyping_GG1_scores.csv,,34.75,0.5,True,,Unknown,../dataset/Pictures_CFSB_leaf_damage/2025_10_21_RSFB-Phenotyping_GG1_JLU/2025_10_21_RSFB-Phenotyping_GG1_JLU/20251021_163031.jpg,True,306_R4S_180_Duell_51_6
2025_10_21_RSFB-Phenotyping_GG1_JLU,20251021_163037.jpg,306_R4S_180_Duell_51_6,306.0,180.0,Duell,51.0,6.0,25.0,13.3,11.7,2025_10_21_RSFB-Phenotyping_GG1_scores.csv,,19.15,11.7,False,,Unknown,../dataset/Pictures_CFSB_leaf_damage/2025_10_21_RSFB-Phenotyping_GG1_JLU/2025_10_21_RSFB-Phenotyping_GG1_JLU/20251021_163037.jpg,True,306_R4S_180_Duell_51_6
2025_10_21_RSFB-Phenotyping_GG1_JLU,20251021_163044.jpg,306_R4S_180_Duell_51_6,306.0,180.0,Duell,51.0,6.0,3.0,5.0,2.0,2025_10_21_RSFB-Phenotyping_GG1_scores.csv,,4.0,2.0,True,,Unknown,../dataset/Pictures_CFSB_leaf_damage/2025_10_21_RSFB-Phenotyping_GG1_JLU/2025_10_21_RSFB-Phenotyping_GG1_JLU/20251021_163044.jpg,True,306_R4S_180_Duell_51_6
2025_10_21_RSFB-Phenotyping_GG1_JLU,20251021_163055.jpg,307_Smaragd_52_6,307.0,,Smaragd,52.0,6.0,2.0,2.0,0.0,2025_10_21_RSFB-Phenotyping_GG1_scores.csv,,2.0,0.0,True,,Unknown,../dataset/Pictures_CFSB_leaf_damage/2025_10_21_RSFB-Phenotyping_GG1_JLU/2025_10_21_RSFB-Phenotyping_GG1_JLU/20251021_163055.jpg,True,307_Smaragd_52_6
2025_10_21_RSFB-Phenotyping_GG1_JLU,20251021_163103.jpg,307_Smaragd_52_6,307.0,,Smaragd,52.0,6.0,3.0,6.0,3.0,2025_10_21_RSFB-Phenotyping_GG1_scores.csv,,4.5,3.0,True,,Unknown,../dataset/Pictures_CFSB_leaf_damage/2025_10_21_RSFB-Phenotyping_GG1_JLU/2025_10_21_RSFB-Phenotyping_GG1_JLU/20251021_163103.jpg,True,307_Smaragd_52_6
2025_10_21_RSFB-Phenotyping_GG1_JLU,20251021_163109.jpg,307_Smaragd_52_6,307.0,,Smaragd,52.0,6.0,2.0,20.5,18.5,2025_10_21_RSFB-Phenotyping_GG1_scores.csv,,11.25,18.5,False,,Unknown,../dataset/Pictures_CFSB_leaf_damage/2025_10_21_RSFB-Phenotyping_GG1_JLU/2025_10_21_RSFB-Phenotyping_GG1_JLU/20251021_163109.jpg,True,307_Smaragd_52_6
2025_09_15_Res4StRes_T1_DSV,IMG_2531.JPG,1_R4S_470_A4C34_1_1,,,,,,,,,2025_09_15_Res4StRes_T1_DSV_scores.csv,20.0,,,False,,Unknown,,False,1_R4S_470_A4C34_1_1
2025_09_15_Res4StRes_T1_DSV,IMG_2532.JPG,1_R4S_470_A4C34_1_1,,,,,,,,,2025_09_15_Res4StRes_T1_DSV_scores.csv,36.0,,,False,,Unknown,,False,1_R4S_470_A4C34_1_1
2025_09_15_Res4StRes_T1_DSV,IMG_2533.JPG,1_R4S_470_A4C34_1_1,,,,,,,,,2025_09_15_Res4StRes_T1_DSV_scores.csv,3.0,,,False,,Unknown,,False,1_R4S_470_A4C34_1_1
2025_09_15_Res4StRes_T1_DSV,IMG_2534.JPG,2_R4S_212_Askari_1_2,,,,,,,,,2025_09_15_Res4StRes_T1_DSV_scores.csv,35.0,,,False,,Unknown,,False,2_R4S_212_Askari_1_2
2025_09_15_Res4StRes_T1_DSV,IMG_2535.JPG,2_R4S_212_Askari_1_2,,,,,,,,,2025_09_15_Res4StRes_T1_DSV_scores.csv,22.0,,,False,,Unknown,,False,2_R4S_212_Askari_1_2
2025_09_15_Res4StRes_T1_DSV,IMG_2536.JPG,2_R4S_212_Askari_1_2,,,,,,,,,2025_09_15_Res4StRes_T1_DSV_scores.csv,10.0,,,False,,Unknown,,False,2_R4S_212_Askari_1_2
2025_09_15_Res4StRes_T1_DSV,IMG_2537.JPG,3_R4S_291_Wolynski_1_3,,,,,,,,,2025_09_15_Res4StRes_T1_DSV_scores.csv,3.0,,,False,,Unknown,,False,3_R4S_291_Wolynski_1_3
2025_09_15_Res4StRes_T1_DSV,IMG_2538.JPG,3_R4S_291_Wolynski_1_3,,,,,,,,,2025_09_15_Res4StRes_T1_DSV_scores.csv,8.0,,,False,,Unknown,,False,3_R4S_291_Wolynski_1_3
2025_09_15_Res4StRes_T1_DSV,IMG_2539.JPG,3_R4S_291_Wolynski_1_3,,,,,,,,,2025_09_15_Res4StRes_T1_DSV_scores.csv,1.0,,,False,,Unknown,,False,3_R4S_291_Wolynski_1_3
2025_09_15_Res4StRes_T1_DSV,IMG_2540.JPG,4_R4S_387_Lirafit_1_4,,,,,,,,,2025_09_15_Res4StRes_T1_DSV_scores.csv,1.0,,,False,,Unknown,,False,4_R4S_387_Lirafit_1_4
2025_09_15_Res4StRes_T1_DSV,IMG_2541.JPG,4_R4S_387_Lirafit_1_4,,,,,,,,,2025_09_15_Res4StRes_T1_DSV_scores.csv,30.0,,,False,,Unknown,,False,4_R4S_387_Lirafit_1_4
2025_09_15_Res4StRes_T1_DSV,IMG_2542.JPG,4_R4S_387_Lirafit_1_4,,,,,,,,,2025_09_15_Res4StRes_T1_DSV_scores.csv,20.0,,,False,,Unknown,,False,4_R4S_387_Lirafit_1_4
2025_09_15_Res4StRes_T1_DSV,IMG_2543.JPG,5_R4S_433_SEM_1_5,,,,,,,,,2025_09_15_Res4StRes_T1_DSV_scores.csv,8.0,,,False,,Unknown,,False,5_R4S_433_SEM_1_5
2025_09_15_Res4StRes_T1_DSV,IMG_2544.JPG,5_R4S_433_SEM_1_5,,,,,,,,,2025_09_15_Res4StRes_T1_DSV_scores.csv,6.0,,,False,,Unknown,,False,5_R4S_433_SEM_1_5
2025_09_15_Res4StRes_T1_DSV,IMG_2545.JPG,5_R4S_433_SEM_1_5,,,,,,,,,2025_09_15_Res4StRes_T1_DSV_scores.csv,8.0,,,False,,Unknown,,False,5_R4S_433_SEM_1_5
2025_09_15_Res4StRes_T1_DSV,IMG_2546.JPG,6_R4S_521_Taisetsu_1_6,,,,,,,,,2025_09_15_Res4StRes_T1_DSV_scores.csv,7.0,,,False,,Unknown,,False,6_R4S_521_Taisetsu_1_6
2025_09_15_Res4StRes_T1_DSV,IMG_2547.JPG,6_R4S_521_Taisetsu_1_6,,,,,,,,,2025_09_15_Res4StRes_T1_DSV_scores.csv,6.0,,,False,,Unknown,,False,6_R4S_521_Taisetsu_1_6
2025_09_15_Res4StRes_T1_DSV,IMG_2548.JPG,6_R4S_521_Taisetsu_1_6,,,,,,,,,2025_09_15_Res4StRes_T1_DSV_scores.csv,23.0,,,False,,Unknown,,False,6_R4S_521_Taisetsu_1_6
2025_09_15_Res4StRes_T1_DSV,IMG_2549.JPG,7_R4S_406_S30_1_7,,,,,,,,,2025_09_15_Res4StRes_T1_DSV_scores.csv,15.0,,,False,,Unknown,,False,7_R4S_406_S30_1_7
2025_09_15_Res4StRes_T1_DSV,IMG_2550.JPG,7_R4S_406_S30_1_7,,,,,,,,,2025_09_15_Res4StRes_T1_DSV_scores.csv,32.0,,,False,,Unknown,,False,7_R4S_406_S30_1_7
2025_09_15_Res4StRes_T1_DSV,IMG_2551.JPG,7_R4S_406_S30_1_7,,,,,,,,,2025_09_15_Res4StRes_T1_DSV_scores.csv,7.0,,,False,,Unknown,,False,7_R4S_406_S30_1_7
2025_09_15_Res4StRes_T1_DSV,IMG_2552.JPG,8_R4S_427_J 154_1_8,,,,,,,,,2025_09_15_Res4StRes_T1_DSV_scores.csv,12.0,,,False,,Unknown,,False,8_R4S_427_J 154_1_8
2025_09_15_Res4StRes_T1_DSV,IMG_2553.JPG,8_R4S_427_J 154_1_8,,,,,,,,,2025_09_15_Res4StRes_T1_DSV_scores.csv,3.0,,,False,,Unknown,,False,8_R4S_427_J 154_1_8
2025_09_15_Res4StRes_T1_DSV,IMG_2554.JPG,8_R4S_427_J 154_1_8,,,,,,,,,2025_09_15_Res4StRes_T1_DSV_scores.csv,1.0,,,False,,Unknown,,False,8_R4S_427_J 154_1_8
2025_09_15_Res4StRes_T1_DSV,IMG_2555.JPG,9_R4S_209_Falcon_1_9,,,,,,,,,2025_09_15_Res4StRes_T1_DSV_scores.csv,30.0,,,False,,Unknown,,False,9_R4S_209_Falcon_1_9
2025_09_15_Res4StRes_T1_DSV,IMG_2556.JPG,9_R4S_209_Falcon_1_9,,,,,,,,,2025_09_15_Res4StRes_T1_DSV_scores.csv,15.0,,,False,,Unknown,,False,9_R4S_209_Falcon_1_9
2025_09_15_Res4StRes_T1_DSV,IMG_2557.JPG,9_R4S_209_Falcon_1_9,,,,,,,,,2025_09_15_Res4StRes_T1_DSV_scores.csv,5.0,,,False,,Unknown,,False,9_R4S_209_Falcon_1_9
2025_09_15_Res4StRes_T1_DSV,IMG_2558.JPG,10_R4S_442_INL 2_1_10,,,,,,,,,2025_09_15_Res4StRes_T1_DSV_scores.csv,20.0,,,False,,Unknown,,False,10_R4S_442_INL 2_1_10
2025_09_15_Res4StRes_T1_DSV,IMG_2559.JPG,10_R4S_442_INL 2_1_10,,,,,,,,,2025_09_15_Res4StRes_T1_DSV_scores.csv,5.0,,,False,,Unknown,,False,10_R4S_442_INL 2_1_10
2025_09_15_Res4StRes_T1_DSV,IMG_2560.JPG,10_R4S_442_INL 2_1_10,,,,,,,,,2025_09_15_Res4StRes_T1_DSV_scores.csv,10.0,,,False,,Unknown,,False,10_R4S_442_INL 2_1_10
2025_09_15_Res4StRes_T1_DSV,IMG_2561.JPG,11_R4S_386_Major_1_11,,,,,,,,,2025_09_15_Res4StRes_T1_DSV_scores.csv,5.0,,,False,,Unknown,,False,11_R4S_386_Major_1_11
2025_09_15_Res4StRes_T1_DSV,IMG_2562.JPG,11_R4S_386_Major_1_11,,,,,,,,,2025_09_15_Res4StRes_T1_DSV_scores.csv,12.0,,,False,,Unknown,,False,11_R4S_386_Major_1_11
2025_09_15_Res4StRes_T1_DSV,IMG_2563.JPG,11_R4S_386_Major_1_11,,,,,,,,,2025_09_15_Res4StRes_T1_DSV_scores.csv,12.0,,,False,,Unknown,,False,11_R4S_386_Major_1_11
2025_09_15_Res4StRes_T1_DSV,IMG_2564.JPG,12_R4S_437_S2_1_12,,,,,,,,,2025_09_15_Res4StRes_T1_DSV_scores.csv,4.0,,,False,,Unknown,,False,12_R4S_437_S2_1_12
2025_09_15_Res4StRes_T1_DSV,IMG_2565.JPG,12_R4S_437_S2_1_12,,,,,,,,,2025_09_15_Res4StRes_T1_DSV_scores.csv,8.0,,,False,,Unknown,,False,12_R4S_437_S2_1_12
2025_09_15_Res4StRes_T1_DSV,IMG_2566.JPG,12_R4S_437_S2_1_12,,,,,,,,,2025_09_15_Res4StRes_T1_DSV_scores.csv,8.0,,,False,,Unknown,,False,12_R4S_437_S2_1_12
2025_09_15_Res4StRes_T1_DSV,IMG_2567.JPG,13_R4S_177_SLM 0512_1_13,,,,,,,,,2025_09_15_Res4StRes_T1_DSV_scores.csv,14.0,,,False,,Unknown,,False,13_R4S_177_SLM 0512_1_13
2025_09_15_Res4StRes_T1_DSV,IMG_2568.JPG,13_R4S_177_SLM 0512_1_13,,,,,,,,,2025_09_15_Res4StRes_T1_DSV_scores.csv,16.0,,,False,,Unknown,,False,13_R4S_177_SLM 0512_1_13
2025_09_15_Res4StRes_T1_DSV,IMG_2569.JPG,13_R4S_177_SLM 0512_1_13,,,,,,,,,2025_09_15_Res4StRes_T1_DSV_scores.csv,15.0,,,False,,Unknown,,False,13_R4S_177_SLM 0512_1_13
2025_09_15_Res4StRes_T1_DSV,IMG_2570.JPG,14_R4S_408_DH5 Oase x Nugget  PBY061 von NPZ_1_14,,,,,,,,,2025_09_15_Res4StRes_T1_DSV_scores.csv,2.0,,,False,,Unknown,,False,14_R4S_408_DH5 Oase x Nugget  PBY061 von NPZ_1_14
2025_09_15_Res4StRes_T1_DSV,IMG_2571.JPG,14_R4S_408_DH5 Oase x Nugget  PBY061 von NPZ_1_14,,,,,,,,,2025_09_15_Res4StRes_T1_DSV_scores.csv,4.0,,,False,,Unknown,,False,14_R4S_408_DH5 Oase x Nugget  PBY061 von NPZ_1_14
2025_09_15_Res4StRes_T1_DSV,IMG_2572.JPG,14_R4S_408_DH5 Oase x Nugget  PBY061 von NPZ_1_14,,,,,,,,,2025_09_15_Res4StRes_T1_DSV_scores.csv,7.0,,,False,,Unknown,,False,14_R4S_408_DH5 Oase x Nugget  PBY061 von NPZ_1_14
2025_09_15_Res4StRes_T1_DSV,IMG_2573.JPG,15_R4S_389_Librador_1_15,,,,,,,,,2025_09_15_Res4StRes_T1_DSV_scores.csv,11.0,,,False,,Unknown,,False,15_R4S_389_Librador_1_15
2025_09_15_Res4StRes_T1_DSV,IMG_2574.JPG,15_R4S_389_Librador_1_15,,,,,,,,,2025_09_15_Res4StRes_T1_DSV_scores.csv,5.0,,,False,,Unknown,,False,15_R4S_389_Librador_1_15
2025_09_15_Res4StRes_T1_DSV,IMG_2575.JPG,15_R4S_389_Librador_1_15,,,,,,,,,2025_09_15_Res4StRes_T1_DSV_scores.csv,12.0,,,False,,Unknown,,False,15_R4S_389_Librador_1_15
2025_09_15_Res4StRes_T1_DSV,IMG_2576.JPG,16_R4S_265_Pirola_1_16,,,,,,,,,2025_09_15_Res4StRes_T1_DSV_scores.csv,12.0,,,False,,Unknown,,False,16_R4S_265_Pirola_1_16
2025_09_15_Res4StRes_T1_DSV,IMG_2577.JPG,16_R4S_265_Pirola_1_16,,,,,,,,,2025_09_15_Res4StRes_T1_DSV_scores.csv,4.0,,,False,,Unknown,,False,16_R4S_265_Pirola_1_16
2025_09_15_Res4StRes_T1_DSV,IMG_2578.JPG,16_R4S_265_Pirola_1_16,,,,,,,,,2025_09_15_Res4StRes_T1_DSV_scores.csv,8.0,,,False,,Unknown,,False,16_R4S_265_Pirola_1_16
2025_09_15_Res4StRes_T1_DSV,IMG_2579.JPG,17_R4S_242_SWGospel_1_17,,,,,,,,,2025_09_15_Res4StRes_T1_DSV_scores.csv,5.0,,,False,,Unknown,,False,17_R4S_242_SWGospel_1_17
2025_09_15_Res4StRes_T1_DSV,IMG_2580.JPG,17_R4S_242_SWGospel_1_17,,,,,,,,,2025_09_15_Res4StRes_T1_DSV_scores.csv,14.0,,,False,,Unknown,,False,17_R4S_242_SWGospel_1_17
2025_09_15_Res4StRes_T1_DSV,IMG_2581.JPG,17_R4S_242_SWGospel_1_17,,,,,,,,,2025_09_15_Res4StRes_T1_DSV_scores.csv,18.0,,,False,,Unknown,,False,17_R4S_242_SWGospel_1_17
2025_09_15_Res4StRes_T1_DSV,IMG_2582.JPG,18_R4S_187_AMBER X COMMANCHE DH LINE_1_18,,,,,,,,,2025_09_15_Res4StRes_T1_DSV_scores.csv,14.0,,,False,,Unknown,,False,18_R4S_187_AMBER X COMMANCHE DH LINE_1_18
2025_09_15_Res4StRes_T1_DSV,IMG_2583.JPG,18_R4S_187_AMBER X COMMANCHE DH LINE_1_18,,,,,,,,,2025_09_15_Res4StRes_T1_DSV_scores.csv,17.0,,,False,,Unknown,,False,18_R4S_187_AMBER X COMMANCHE DH LINE_1_18
2025_09_15_Res4StRes_T1_DSV,IMG_2584.JPG,18_R4S_187_AMBER X COMMANCHE DH LINE_1_18,,,,,,,,,2025_09_15_Res4StRes_T1_DSV_scores.csv,23.0,,,False,,Unknown,,False,18_R4S_187_AMBER X COMMANCHE DH LINE_1_18
2025_09_15_Res4StRes_T1_DSV,IMG_2585.JPG,19_R4S_531_WINFRED_1_19,,,,,,,,,2025_09_15_Res4StRes_T1_DSV_scores.csv,10.0,,,False,,Unknown,,False,19_R4S_531_WINFRED_1_19
2025_09_15_Res4StRes_T1_DSV,IMG_2586.JPG,19_R4S_531_WINFRED_1_19,,,,,,,,,2025_09_15_Res4StRes_T1_DSV_scores.csv,13.0,,,False,,Unknown,,False,19_R4S_531_WINFRED_1_19
2025_09_15_Res4StRes_T1_DSV,IMG_2587.JPG,19_R4S_531_WINFRED_1_19,,,,,,,,,2025_09_15_Res4StRes_T1_DSV_scores.csv,19.0,,,False,,Unknown,,False,19_R4S_531_WINFRED_1_19
2025_09_15_Res4StRes_T1_DSV,IMG_2588.JPG,20_R4S_147_Picasso_1_20,,,,,,,,,2025_09_15_Res4StRes_T1_DSV_scores.csv,4.0,,,False,,Unknown,,False,20_R4S_147_Picasso_1_20
2025_09_15_Res4StRes_T1_DSV,IMG_2589.JPG,20_R4S_147_Picasso_1_20,,,,,,,,,2025_09_15_Res4StRes_T1_DSV_scores.csv,23.0,,,False,,Unknown,,False,20_R4S_147_Picasso_1_20
2025_09_15_Res4StRes_T1_DSV,IMG_2589_2.JPG,20_R4S_147_Picasso_1_20,,,,,,,,,2025_09_15_Res4StRes_T1_DSV_scores.csv,34.0,,,False,,Unknown,,False,20_R4S_147_Picasso_1_20
2025_09_15_Res4StRes_T1_DSV,IMG_2590.JPG,21_R4S_266_Alaska_1_21,,,,,,,,,2025_09_15_Res4StRes_T1_DSV_scores.csv,10.0,,,False,,Unknown,,False,21_R4S_266_Alaska_1_21
2025_09_15_Res4StRes_T1_DSV,IMG_2591.JPG,21_R4S_266_Alaska_1_21,,,,,,,,,2025_09_15_Res4StRes_T1_DSV_scores.csv,4.0,,,False,,Unknown,,False,21_R4S_266_Alaska_1_21
2025_09_15_Res4StRes_T1_DSV,IMG_2592.JPG,21_R4S_266_Alaska_1_21,,,,,,,,,2025_09_15_Res4StRes_T1_DSV_scores.csv,17.0,,,False,,Unknown,,False,21_R4S_266_Alaska_1_21
2025_09_15_Res4StRes_T1_DSV,IMG_2593.JPG,22_R4S_224_APEX-93_5 X GINYOU_3 DH LINE_1_22,,,,,,,,,2025_09_15_Res4StRes_T1_DSV_scores.csv,10.0,,,False,,Unknown,,False,22_R4S_224_APEX-93_5 X GINYOU_3 DH LINE_1_22
2025_09_15_Res4StRes_T1_DSV,IMG_2594.JPG,22_R4S_224_APEX-93_5 X GINYOU_3 DH LINE_1_22,,,,,,,,,2025_09_15_Res4StRes_T1_DSV_scores.csv,1.0,,,False,,Unknown,,False,22_R4S_224_APEX-93_5 X GINYOU_3 DH LINE_1_22
2025_09_15_Res4StRes_T1_DSV,IMG_2595.JPG,22_R4S_224_APEX-93_5 X GINYOU_3 DH LINE_1_22,,,,,,,,,2025_09_15_Res4StRes_T1_DSV_scores.csv,3.0,,,False,,Unknown,,False,22_R4S_224_APEX-93_5 X GINYOU_3 DH LINE_1_22
2025_09_15_Res4StRes_T1_DSV,IMG_2596.JPG,23_R4S_379_Skrzeszowicki_1_23,,,,,,,,,2025_09_15_Res4StRes_T1_DSV_scores.csv,5.0,,,False,,Unknown,,False,23_R4S_379_Skrzeszowicki_1_23
2025_09_15_Res4StRes_T1_DSV,IMG_2597.JPG,23_R4S_379_Skrzeszowicki_1_23,,,,,,,,,2025_09_15_Res4StRes_T1_DSV_scores.csv,4.0,,,False,,Unknown,,False,23_R4S_379_Skrzeszowicki_1_23
2025_09_15_Res4StRes_T1_DSV,IMG_2598.JPG,23_R4S_379_Skrzeszowicki_1_23,,,,,,,,,2025_09_15_Res4StRes_T1_DSV_scores.csv,23.0,,,False,,Unknown,,False,23_R4S_379_Skrzeszowicki_1_23
2025_09_15_Res4StRes_T1_DSV,IMG_2599.JPG,24_R4S_384_Mestnij_1_24,,,,,,,,,2025_09_15_Res4StRes_T1_DSV_scores.csv,23.0,,,False,,Unknown,,False,24_R4S_384_Mestnij_1_24
2025_09_15_Res4StRes_T1_DSV,IMG_2600.JPG,24_R4S_384_Mestnij_1_24,,,,,,,,,2025_09_15_Res4StRes_T1_DSV_scores.csv,7.0,,,False,,Unknown,,False,24_R4S_384_Mestnij_1_24
2025_09_15_Res4StRes_T1_DSV,IMG_2601.JPG,24_R4S_384_Mestnij_1_24,,,,,,,,,2025_09_15_Res4StRes_T1_DSV_scores.csv,6.0,,,False,,Unknown,,False,24_R4S_384_Mestnij_1_24
2025_09_15_Res4StRes_T1_DSV,IMG_2602.JPG,25_R4S_344_Conqueror Bronze Green Top_1_25,,,,,,,,,2025_09_15_Res4StRes_T1_DSV_scores.csv,3.0,,,False,,Unknown,,False,25_R4S_344_Conqueror Bronze Green Top_1_25
2025_09_15_Res4StRes_T1_DSV,IMG_2603.JPG,25_R4S_344_Conqueror Bronze Green Top_1_25,,,,,,,,,2025_09_15_Res4StRes_T1_DSV_scores.csv,7.0,,,False,,Unknown,,False,25_R4S_344_Conqueror Bronze Green Top_1_25
2025_09_15_Res4StRes_T1_DSV,IMG_2604.JPG,25_R4S_344_Conqueror Bronze Green Top_1_25,,,,,,,,,2025_09_15_Res4StRes_T1_DSV_scores.csv,35.0,,,False,,Unknown,,False,25_R4S_344_Conqueror Bronze Green Top_1_25
2025_09_15_Res4StRes_T1_DSV,IMG_2605.JPG,26_R4S_225_Barrel_1_26,,,,,,,,,2025_09_15_Res4StRes_T1_DSV_scores.csv,2.0,,,False,,Unknown,,False,26_R4S_225_Barrel_1_26
2025_09_15_Res4StRes_T1_DSV,IMG_2606.JPG,26_R4S_225_Barrel_1_26,,,,,,,,,2025_09_15_Res4StRes_T1_DSV_scores.csv,18.0,,,False,,Unknown,,False,26_R4S_225_Barrel_1_26
2025_09_15_Res4StRes_T1_DSV,IMG_2606_2.JPG,26_R4S_225_Barrel_1_26,,,,,,,,,2025_09_15_Res4StRes_T1_DSV_scores.csv,4.0,,,False,,Unknown,,False,26_R4S_225_Barrel_1_26
2025_09_15_Res4StRes_T1_DSV,IMG_2608.JPG,27_R4S_342_Peerless (Acme)_1_27,,,,,,,,,2025_09_15_Res4StRes_T1_DSV_scores.csv,2.0,,,False,,Unknown,,False,27_R4S_342_Peerless (Acme)_1_27
2025_09_15_Res4StRes_T1_DSV,IMG_2609.JPG,27_R4S_342_Peerless (Acme)_1_27,,,,,,,,,2025_09_15_Res4StRes_T1_DSV_scores.csv,5.0,,,False,,Unknown,,False,27_R4S_342_Peerless (Acme)_1_27
2025_09_15_Res4StRes_T1_DSV,IMG_2610.JPG,27_R4S_342_Peerless (Acme)_1_27,,,,,,,,,2025_09_15_Res4StRes_T1_DSV_scores.csv,11.0,,,False,,Unknown,,False,27_R4S_342_Peerless (Acme)_1_27
2025_09_15_Res4StRes_T1_DSV,IMG_2611.JPG,28_R4S_149_Rapid_1_28,,,,,,,,,2025_09_15_Res4StRes_T1_DSV_scores.csv,3.0,,,False,,Unknown,,False,28_R4S_149_Rapid_1_28
2025_09_15_Res4StRes_T1_DSV,IMG_2612.JPG,28_R4S_149_Rapid_1_28,,,,,,,,,2025_09_15_Res4StRes_T1_DSV_scores.csv,3.0,,,False,,Unknown,,False,28_R4S_149_Rapid_1_28
2025_09_15_Res4StRes_T1_DSV,IMG_2613.JPG,28_R4S_149_Rapid_1_28,,,,,,,,,2025_09_15_Res4StRes_T1_DSV_scores.csv,40.0,,,False,,Unknown,,False,28_R4S_149_Rapid_1_28
2025_09_15_Res4StRes_T1_DSV,IMG_2614.JPG,29_R4S_221_MADRIGAL x RECITAL DH LINE_1_29,,,,,,,,,2025_09_15_Res4StRes_T1_DSV_scores.csv,4.0,,,False,,Unknown,,False,29_R4S_221_MADRIGAL x RECITAL DH LINE_1_29
2025_09_15_Res4StRes_T1_DSV,IMG_2615.JPG,29_R4S_221_MADRIGAL x RECITAL DH LINE_1_29,,,,,,,,,2025_09_15_Res4StRes_T1_DSV_scores.csv,12.0,,,False,,Unknown,,False,29_R4S_221_MADRIGAL x RECITAL DH LINE_1_29
2025_09_15_Res4StRes_T1_DSV,IMG_2616.JPG,29_R4S_221_MADRIGAL x RECITAL DH LINE_1_29,,,,,,,,,2025_09_15_Res4StRes_T1_DSV_scores.csv,14.0,,,False,,Unknown,,False,29_R4S_221_MADRIGAL x RECITAL DH LINE_1_29
2025_09_15_Res4StRes_T1_DSV,IMG_2617.JPG,30_R4S_296_EMERALD_1_30,,,,,,,,,2025_09_15_Res4StRes_T1_DSV_scores.csv,2.0,,,False,,Unknown,,False,30_R4S_296_EMERALD_1_30
2025_09_15_Res4StRes_T1_DSV,IMG_2618.JPG,30_R4S_296_EMERALD_1_30,,,,,,,,,2025_09_15_Res4StRes_T1_DSV_scores.csv,12.0,,,False,,Unknown,,False,30_R4S_296_EMERALD_1_30
2025_09_15_Res4StRes_T1_DSV,IMG_2619.JPG,30_R4S_296_EMERALD_1_30,,,,,,,,,2025_09_15_Res4StRes_T1_DSV_scores.csv,17.0,,,False,,Unknown,,False,30_R4S_296_EMERALD_1_30
2025_09_15_Res4StRes_T1_DSV,IMG_2620.JPG,31_R4S_181_Express 617_1_31,,,,,,,,,2025_09_15_Res4StRes_T1_DSV_scores.csv,3.0,,,False,,Unknown,,False,31_R4S_181_Express 617_1_31
2025_09_15_Res4StRes_T1_DSV,IMG_2621.JPG,31_R4S_181_Express 617_1_31,,,,,,,,,2025_09_15_Res4StRes_T1_DSV_scores.csv,5.0,,,False,,Unknown,,False,31_R4S_181_Express 617_1_31
2025_09_15_Res4StRes_T1_DSV,IMG_2622.JPG,31_R4S_181_Express 617_1_31,,,,,,,,,2025_09_15_Res4StRes_T1_DSV_scores.csv,7.0,,,False,,Unknown,,False,31_R4S_181_Express 617_1_31
2025_09_15_Res4StRes_T1_DSV,IMG_2623.JPG,32_R4S_532_WINFRED_1_32,,,,,,,,,2025_09_15_Res4StRes_T1_DSV_scores.csv,10.0,,,False,,Unknown,,False,32_R4S_532_WINFRED_1_32
2025_09_15_Res4StRes_T1_DSV,IMG_2624.JPG,32_R4S_532_WINFRED_1_32,,,,,,,,,2025_09_15_Res4StRes_T1_DSV_scores.csv,2.0,,,False,,Unknown,,False,32_R4S_532_WINFRED_1_32
2025_09_15_Res4StRes_T1_DSV,IMG_2625.JPG,32_R4S_532_WINFRED_1_32,,,,,,,,,2025_09_15_Res4StRes_T1_DSV_scores.csv,19.0,,,False,,Unknown,,False,32_R4S_532_WINFRED_1_32
2025_09_15_Res4StRes_T1_DSV,IMG_2626.JPG,33_R4S_327_York_1_33,,,,,,,,,2025_09_15_Res4StRes_T1_DSV_scores.csv,10.0,,,False,,Unknown,,False,33_R4S_327_York_1_33
2025_09_15_Res4StRes_T1_DSV,IMG_2627.JPG,33_R4S_327_York_1_33,,,,,,,,,2025_09_15_Res4StRes_T1_DSV_scores.csv,2.0,,,False,,Unknown,,False,33_R4S_327_York_1_33
2025_09_15_Res4StRes_T1_DSV,IMG_2628.JPG,33_R4S_327_York_1_33,,,,,,,,,2025_09_15_Res4StRes_T1_DSV_scores.csv,18.0,,,False,,Unknown,,False,33_R4S_327_York_1_33
2025_09_15_Res4StRes_T1_DSV,IMG_2629.JPG,34_R4S_358_PI271452_1_34,,,,,,,,,2025_09_15_Res4StRes_T1_DSV_scores.csv,8.0,,,False,,Unknown,,False,34_R4S_358_PI271452_1_34
2025_09_15_Res4StRes_T1_DSV,IMG_2630.JPG,34_R4S_358_PI271452_1_34,,,,,,,,,2025_09_15_Res4StRes_T1_DSV_scores.csv,23.0,,,False,,Unknown,,False,34_R4S_358_PI271452_1_34
2025_09_15_Res4StRes_T1_DSV,IMG_2631.JPG,34_R4S_358_PI271452_1_34,,,,,,,,,2025_09_15_Res4StRes_T1_DSV_scores.csv,15.0,,,False,,Unknown,,False,34_R4S_358_PI271452_1_34
2025_09_15_Res4StRes_T1_DSV,IMG_2632.JPG,35_R4S_366_Nunsdale_1_35,,,,,,,,,2025_09_15_Res4StRes_T1_DSV_scores.csv,32.0,,,False,,Unknown,,False,35_R4S_366_Nunsdale_1_35
2025_09_15_Res4StRes_T1_DSV,IMG_2633.JPG,35_R4S_366_Nunsdale_1_35,,,,,,,,,2025_09_15_Res4StRes_T1_DSV_scores.csv,39.0,,,False,,Unknown,,False,35_R4S_366_Nunsdale_1_35
2025_09_15_Res4StRes_T1_DSV,IMG_2634.JPG,35_R4S_366_Nunsdale_1_35,,,,,,,,,2025_09_15_Res4StRes_T1_DSV_scores.csv,40.0,,,False,,Unknown,,False,35_R4S_366_Nunsdale_1_35
2025_09_15_Res4StRes_T1_DSV,IMG_2635.JPG,36_R4S_359_SIBERISCHE BOERENKOOL_1_36,,,,,,,,,2025_09_15_Res4StRes_T1_DSV_scores.csv,24.0,,,False,,Unknown,,False,36_R4S_359_SIBERISCHE BOERENKOOL_1_36
2025_09_15_Res4StRes_T1_DSV,IMG_2636.JPG,36_R4S_359_SIBERISCHE BOERENKOOL_1_36,,,,,,,,,2025_09_15_Res4StRes_T1_DSV_scores.csv,36.0,,,False,,Unknown,,False,36_R4S_359_SIBERISCHE BOERENKOOL_1_36
2025_09_15_Res4StRes_T1_DSV,IMG_2637.JPG,36_R4S_359_SIBERISCHE BOERENKOOL_1_36,,,,,,,,,2025_09_15_Res4StRes_T1_DSV_scores.csv,42.0,,,False,,Unknown,,False,36_R4S_359_SIBERISCHE BOERENKOOL_1_36
2025_09_15_Res4StRes_T1_DSV,IMG_2638.JPG,37_R4S_269_Baltia_1_37,,,,,,,,,2025_09_15_Res4StRes_T1_DSV_scores.csv,30.0,,,False,,Unknown,,False,37_R4S_269_Baltia_1_37
2025_09_15_Res4StRes_T1_DSV,IMG_2639.JPG,37_R4S_269_Baltia_1_37,,,,,,,,,2025_09_15_Res4StRes_T1_DSV_scores.csv,42.0,,,False,,Unknown,,False,37_R4S_269_Baltia_1_37
2025_09_15_Res4StRes_T1_DSV,IMG_2640.JPG,37_R4S_269_Baltia_1_37,,,,,,,,,2025_09_15_Res4StRes_T1_DSV_scores.csv,45.0,,,False,,Unknown,,False,37_R4S_269_Baltia_1_37
2025_09_15_Res4StRes_T1_DSV,IMG_2641.JPG,38_R4S_216_OLIMPIADE_1_38,,,,,,,,,2025_09_15_Res4StRes_T1_DSV_scores.csv,28.0,,,False,,Unknown,,False,38_R4S_216_OLIMPIADE_1_38
2025_09_15_Res4StRes_T1_DSV,IMG_2642.JPG,38_R4S_216_OLIMPIADE_1_38,,,,,,,,,2025_09_15_Res4StRes_T1_DSV_scores.csv,2.0,,,False,,Unknown,,False,38_R4S_216_OLIMPIADE_1_38
2025_09_15_Res4StRes_T1_DSV,IMG_2643.JPG,38_R4S_216_OLIMPIADE_1_38,,,,,,,,,2025_09_15_Res4StRes_T1_DSV_scores.csv,3.0,,,False,,Unknown,,False,38_R4S_216_OLIMPIADE_1_38
2025_09_15_Res4StRes_T1_DSV,IMG_2644.JPG,39_R4S_233_LSF 0519_1_39,,,,,,,,,2025_09_15_Res4StRes_T1_DSV_scores.csv,1.0,,,False,,Unknown,,False,39_R4S_233_LSF 0519_1_39
2025_09_15_Res4StRes_T1_DSV,IMG_2645.JPG,39_R4S_233_LSF 0519_1_39,,,,,,,,,2025_09_15_Res4StRes_T1_DSV_scores.csv,2.0,,,False,,Unknown,,False,39_R4S_233_LSF 0519_1_39
2025_09_15_Res4StRes_T1_DSV,IMG_2646.JPG,39_R4S_233_LSF 0519_1_39,,,,,,,,,2025_09_15_Res4StRes_T1_DSV_scores.csv,8.0,,,False,,Unknown,,False,39_R4S_233_LSF 0519_1_39
2025_09_15_Res4StRes_T1_DSV,IMG_2647.JPG,40_R4S_195_NORIN_1_40,,,,,,,,,2025_09_15_Res4StRes_T1_DSV_scores.csv,9.0,,,False,,Unknown,,False,40_R4S_195_NORIN_1_40
2025_09_15_Res4StRes_T1_DSV,IMG_2648.JPG,40_R4S_195_NORIN_1_40,,,,,,,,,2025_09_15_Res4StRes_T1_DSV_scores.csv,24.0,,,False,,Unknown,,False,40_R4S_195_NORIN_1_40
2025_09_15_Res4StRes_T1_DSV,IMG_2649.JPG,40_R4S_195_NORIN_1_40,,,,,,,,,2025_09_15_Res4StRes_T1_DSV_scores.csv,3.0,,,False,,Unknown,,False,40_R4S_195_NORIN_1_40
2025_09_15_Res4StRes_T1_DSV,IMG_2650.JPG,41_R4S_471_H61_1_41,,,,,,,,,2025_09_15_Res4StRes_T1_DSV_scores.csv,2.0,,,False,,Unknown,,False,41_R4S_471_H61_1_41
2025_09_15_Res4StRes_T1_DSV,IMG_2651.JPG,41_R4S_471_H61_1_41,,,,,,,,,2025_09_15_Res4StRes_T1_DSV_scores.csv,1.0,,,False,,Unknown,,False,41_R4S_471_H61_1_41
2025_09_15_Res4StRes_T1_DSV,IMG_2652.JPG,41_R4S_471_H61_1_41,,,,,,,,,2025_09_15_Res4StRes_T1_DSV_scores.csv,13.0,,,False,,Unknown,,False,41_R4S_471_H61_1_41
2025_09_15_Res4StRes_T1_DSV,IMG_2653.JPG,42_R4S_288_Slovenska Krajova_1_42,,,,,,,,,2025_09_15_Res4StRes_T1_DSV_scores.csv,11.0,,,False,,Unknown,,False,42_R4S_288_Slovenska Krajova_1_42
2025_09_15_Res4StRes_T1_DSV,IMG_2654.JPG,42_R4S_288_Slovenska Krajova_1_42,,,,,,,,,2025_09_15_Res4StRes_T1_DSV_scores.csv,7.0,,,False,,Unknown,,False,42_R4S_288_Slovenska Krajova_1_42
2025_09_15_Res4StRes_T1_DSV,IMG_2655.JPG,42_R4S_288_Slovenska Krajova_1_42,,,,,,,,,2025_09_15_Res4StRes_T1_DSV_scores.csv,8.0,,,False,,Unknown,,False,42_R4S_288_Slovenska Krajova_1_42
2025_09_15_Res4StRes_T1_DSV,IMG_2656.JPG,43_R4S_305_COUVE NABICA_1_43,,,,,,,,,2025_09_15_Res4StRes_T1_DSV_scores.csv,2.0,,,False,,Unknown,,False,43_R4S_305_COUVE NABICA_1_43
2025_09_15_Res4StRes_T1_DSV,IMG_2657.JPG,43_R4S_305_COUVE NABICA_1_43,,,,,,,,,2025_09_15_Res4StRes_T1_DSV_scores.csv,1.0,,,False,,Unknown,,False,43_R4S_305_COUVE NABICA_1_43
2025_09_15_Res4StRes_T1_DSV,IMG_2657_2.JPG,43_R4S_305_COUVE NABICA_1_43,,,,,,,,,2025_09_15_Res4StRes_T1_DSV_scores.csv,6.0,,,False,,Unknown,,False,43_R4S_305_COUVE NABICA_1_43
2025_09_15_Res4StRes_T1_DSV,IMG_2659.JPG,44_R4S_189_CAPRICORN DH1_1_44,,,,,,,,,2025_09_15_Res4StRes_T1_DSV_scores.csv,15.0,,,False,,Unknown,,False,44_R4S_189_CAPRICORN DH1_1_44
2025_09_15_Res4StRes_T1_DSV,IMG_2660.JPG,44_R4S_189_CAPRICORN DH1_1_44,,,,,,,,,2025_09_15_Res4StRes_T1_DSV_scores.csv,18.0,,,False,,Unknown,,False,44_R4S_189_CAPRICORN DH1_1_44
2025_09_15_Res4StRes_T1_DSV,IMG_2661.JPG,44_R4S_189_CAPRICORN DH1_1_44,,,,,,,,,2025_09_15_Res4StRes_T1_DSV_scores.csv,25.0,,,False,,Unknown,,False,44_R4S_189_CAPRICORN DH1_1_44
2025_09_15_Res4StRes_T1_DSV,IMG_2662.JPG,45_R4S_385_Markus_1_45,,,,,,,,,2025_09_15_Res4StRes_T1_DSV_scores.csv,12.0,,,False,,Unknown,,False,45_R4S_385_Markus_1_45
2025_09_15_Res4StRes_T1_DSV,IMG_2663.JPG,45_R4S_385_Markus_1_45,,,,,,,,,2025_09_15_Res4StRes_T1_DSV_scores.csv,38.0,,,False,,Unknown,,False,45_R4S_385_Markus_1_45
2025_09_15_Res4StRes_T1_DSV,IMG_2664.JPG,45_R4S_385_Markus_1_45,,,,,,,,,2025_09_15_Res4StRes_T1_DSV_scores.csv,15.0,,,False,,Unknown,,False,45_R4S_385_Markus_1_45
2025_09_15_Res4StRes_T1_DSV,IMG_2665.JPG,46_R4S_280_Lirakotta_1_46,,,,,,,,,2025_09_15_Res4StRes_T1_DSV_scores.csv,45.0,,,False,,Unknown,,False,46_R4S_280_Lirakotta_1_46
2025_09_15_Res4StRes_T1_DSV,IMG_2666.JPG,46_R4S_280_Lirakotta_1_46,,,,,,,,,2025_09_15_Res4StRes_T1_DSV_scores.csv,40.0,,,False,,Unknown,,False,46_R4S_280_Lirakotta_1_46
2025_09_15_Res4StRes_T1_DSV,IMG_2667.JPG,46_R4S_280_Lirakotta_1_46,,,,,,,,,2025_09_15_Res4StRes_T1_DSV_scores.csv,10.0,,,False,,Unknown,,False,46_R4S_280_Lirakotta_1_46
2025_09_15_Res4StRes_T1_DSV,IMG_2668.JPG,47_R4S_551_ALLESANDRO KWS_1_47,,,,,,,,,2025_09_15_Res4StRes_T1_DSV_scores.csv,42.0,,,False,,Unknown,,False,47_R4S_551_ALLESANDRO KWS_1_47
2025_09_15_Res4StRes_T1_DSV,IMG_2669.JPG,47_R4S_551_ALLESANDRO KWS_1_47,,,,,,,,,2025_09_15_Res4StRes_T1_DSV_scores.csv,40.0,,,False,,Unknown,,False,47_R4S_551_ALLESANDRO KWS_1_47
2025_09_15_Res4StRes_T1_DSV,IMG_2670.JPG,47_R4S_551_ALLESANDRO KWS_1_47,,,,,,,,,2025_09_15_Res4StRes_T1_DSV_scores.csv,30.0,,,False,,Unknown,,False,47_R4S_551_ALLESANDRO KWS_1_47
2025_09_15_Res4StRes_T1_DSV,IMG_2671.JPG,48_R4S_154_Cooper_1_48,,,,,,,,,2025_09_15_Res4StRes_T1_DSV_scores.csv,8.0,,,False,,Unknown,,False,48_R4S_154_Cooper_1_48
2025_09_15_Res4StRes_T1_DSV,IMG_2672.JPG,48_R4S_154_Cooper_1_48,,,,,,,,,2025_09_15_Res4StRes_T1_DSV_scores.csv,30.0,,,False,,Unknown,,False,48_R4S_154_Cooper_1_48
2025_09_15_Res4StRes_T1_DSV,IMG_2673.JPG,48_R4S_154_Cooper_1_48,,,,,,,,,2025_09_15_Res4StRes_T1_DSV_scores.csv,3.0,,,False,,Unknown,,False,48_R4S_154_Cooper_1_48
2025_09_15_Res4StRes_T1_DSV,IMG_2674.JPG,49_R4S507_Express 617_1_49,,,,,,,,,2025_09_15_Res4StRes_T1_DSV_scores.csv,1.0,,,False,,Unknown,,False,49_R4S507_Express 617_1_49
2025_09_15_Res4StRes_T1_DSV,IMG_2675.JPG,49_R4S507_Express 617_1_49,,,,,,,,,2025_09_15_Res4StRes_T1_DSV_scores.csv,1.0,,,False,,Unknown,,False,49_R4S507_Express 617_1_49
2025_09_15_Res4StRes_T1_DSV,IMG_2676.JPG,49_R4S507_Express 617_1_49,,,,,,,,,2025_09_15_Res4StRes_T1_DSV_scores.csv,3.0,,,False,,Unknown,,False,49_R4S507_Express 617_1_49
2025_09_15_Res4StRes_T1_DSV,IMG_2677.JPG,50_R4S_275_Hokkai 3-Go_1_50,,,,,,,,,2025_09_15_Res4StRes_T1_DSV_scores.csv,1.0,,,False,,Unknown,,False,50_R4S_275_Hokkai 3-Go_1_50
2025_09_15_Res4StRes_T1_DSV,IMG_2678.JPG,50_R4S_275_Hokkai 3-Go_1_50,,,,,,,,,2025_09_15_Res4StRes_T1_DSV_scores.csv,1.0,,,False,,Unknown,,False,50_R4S_275_Hokkai 3-Go_1_50
2025_09_15_Res4StRes_T1_DSV,IMG_2679.JPG,50_R4S_275_Hokkai 3-Go_1_50,,,,,,,,,2025_09_15_Res4StRes_T1_DSV_scores.csv,1.0,,,False,,Unknown,,False,50_R4S_275_Hokkai 3-Go_1_50
2025_09_15_Res4StRes_T1_DSV,IMG_2680.JPG,51_R4S_184_NK Nemax_1_51,,,,,,,,,2025_09_15_Res4StRes_T1_DSV_scores.csv,7.0,,,False,,Unknown,,False,51_R4S_184_NK Nemax_1_51
2025_09_15_Res4StRes_T1_DSV,IMG_2681.JPG,51_R4S_184_NK Nemax_1_51,,,,,,,,,2025_09_15_Res4StRes_T1_DSV_scores.csv,5.0,,,False,,Unknown,,False,51_R4S_184_NK Nemax_1_51
2025_09_15_Res4StRes_T1_DSV,IMG_2682.JPG,51_R4S_184_NK Nemax_1_51,,,,,,,,,2025_09_15_Res4StRes_T1_DSV_scores.csv,3.0,,,False,,Unknown,,False,51_R4S_184_NK Nemax_1_51
2025_09_15_Res4StRes_T1_DSV,IMG_2683.JPG,52_R4S_395_Dippes_1_52,,,,,,,,,2025_09_15_Res4StRes_T1_DSV_scores.csv,2.0,,,False,,Unknown,,False,52_R4S_395_Dippes_1_52
2025_09_15_Res4StRes_T1_DSV,IMG_2683_2.JPG,52_R4S_395_Dippes_1_52,,,,,,,,,2025_09_15_Res4StRes_T1_DSV_scores.csv,5.0,,,False,,Unknown,,False,52_R4S_395_Dippes_1_52
2025_09_15_Res4StRes_T1_DSV,IMG_2684.JPG,52_R4S_395_Dippes_1_52,,,,,,,,,2025_09_15_Res4StRes_T1_DSV_scores.csv,7.0,,,False,,Unknown,,False,52_R4S_395_Dippes_1_52
2025_09_15_Res4StRes_T1_DSV,IMG_2686.JPG,53_R4S_199_Maplus_1_53,,,,,,,,,2025_09_15_Res4StRes_T1_DSV_scores.csv,1.0,,,False,,Unknown,,False,53_R4S_199_Maplus_1_53
2025_09_15_Res4StRes_T1_DSV,IMG_2687.JPG,53_R4S_199_Maplus_1_53,,,,,,,,,2025_09_15_Res4StRes_T1_DSV_scores.csv,1.0,,,False,,Unknown,,False,53_R4S_199_Maplus_1_53
2025_09_15_Res4StRes_T1_DSV,IMG_2688.JPG,53_R4S_199_Maplus_1_53,,,,,,,,,2025_09_15_Res4StRes_T1_DSV_scores.csv,1.0,,,False,,Unknown,,False,53_R4S_199_Maplus_1_53
2025_09_15_Res4StRes_T1_DSV,IMG_2689.JPG,54_R4S_525_Taisetsu_1_54,,,,,,,,,2025_09_15_Res4StRes_T1_DSV_scores.csv,1.0,,,False,,Unknown,,False,54_R4S_525_Taisetsu_1_54
2025_09_15_Res4StRes_T1_DSV,IMG_2690.JPG,54_R4S_525_Taisetsu_1_54,,,,,,,,,2025_09_15_Res4StRes_T1_DSV_scores.csv,2.0,,,False,,Unknown,,False,54_R4S_525_Taisetsu_1_54
2025_09_15_Res4StRes_T1_DSV,IMG_2691.JPG,54_R4S_525_Taisetsu_1_54,,,,,,,,,2025_09_15_Res4StRes_T1_DSV_scores.csv,1.0,,,False,,Unknown,,False,54_R4S_525_Taisetsu_1_54
2025_09_15_Res4StRes_T1_DSV,IMG_2692.JPG,55_R4S_240_Musette_1_55,,,,,,,,,2025_09_15_Res4StRes_T1_DSV_scores.csv,20.0,,,False,,Unknown,,False,55_R4S_240_Musette_1_55
2025_09_15_Res4StRes_T1_DSV,IMG_2693.JPG,55_R4S_240_Musette_1_55,,,,,,,,,2025_09_15_Res4StRes_T1_DSV_scores.csv,9.0,,,False,,Unknown,,False,55_R4S_240_Musette_1_55
2025_09_15_Res4StRes_T1_DSV,IMG_2694.JPG,55_R4S_240_Musette_1_55,,,,,,,,,2025_09_15_Res4StRes_T1_DSV_scores.csv,1.0,,,False,,Unknown,,False,55_R4S_240_Musette_1_55
2025_09_15_Res4StRes_T1_DSV,IMG_2695.JPG,56_R4S_294_R53_1_56,,,,,,,,,2025_09_15_Res4StRes_T1_DSV_scores.csv,1.0,,,False,,Unknown,,False,56_R4S_294_R53_1_56
2025_09_15_Res4StRes_T1_DSV,IMG_2696.JPG,56_R4S_294_R53_1_56,,,,,,,,,2025_09_15_Res4StRes_T1_DSV_scores.csv,2.0,,,False,,Unknown,,False,56_R4S_294_R53_1_56
2025_09_15_Res4StRes_T1_DSV,IMG_2697.JPG,56_R4S_294_R53_1_56,,,,,,,,,2025_09_15_Res4StRes_T1_DSV_scores.csv,1.0,,,False,,Unknown,,False,56_R4S_294_R53_1_56
2025_09_15_Res4StRes_T1_DSV,IMG_2698.JPG,57_R4S_217_JANETZKIS SCHLESISCHER_1_57,,,,,,,,,2025_09_15_Res4StRes_T1_DSV_scores.csv,7.0,,,False,,Unknown,,False,57_R4S_217_JANETZKIS SCHLESISCHER_1_57
2025_09_15_Res4StRes_T1_DSV,IMG_2699.JPG,57_R4S_217_JANETZKIS SCHLESISCHER_1_57,,,,,,,,,2025_09_15_Res4StRes_T1_DSV_scores.csv,10.0,,,False,,Unknown,,False,57_R4S_217_JANETZKIS SCHLESISCHER_1_57
2025_09_15_Res4StRes_T1_DSV,IMG_2700.JPG,57_R4S_217_JANETZKIS SCHLESISCHER_1_57,,,,,,,,,2025_09_15_Res4StRes_T1_DSV_scores.csv,32.0,,,False,,Unknown,,False,57_R4S_217_JANETZKIS SCHLESISCHER_1_57
2025_09_15_Res4StRes_T1_DSV,IMG_2701.JPG,58_R4S_398_Bolko_1_58,,,,,,,,,2025_09_15_Res4StRes_T1_DSV_scores.csv,11.0,,,False,,Unknown,,False,58_R4S_398_Bolko_1_58
2025_09_15_Res4StRes_T1_DSV,IMG_2702.JPG,58_R4S_398_Bolko_1_58,,,,,,,,,2025_09_15_Res4StRes_T1_DSV_scores.csv,1.0,,,False,,Unknown,,False,58_R4S_398_Bolko_1_58
2025_09_15_Res4StRes_T1_DSV,IMG_2703.JPG,58_R4S_398_Bolko_1_58,,,,,,,,,2025_09_15_Res4StRes_T1_DSV_scores.csv,24.0,,,False,,Unknown,,False,58_R4S_398_Bolko_1_58
2025_09_15_Res4StRes_T1_DSV,IMG_2704.JPG,59_R4S_501_LG Avenger_1_59,,,,,,,,,2025_09_15_Res4StRes_T1_DSV_scores.csv,1.0,,,False,,Unknown,,False,59_R4S_501_LG Avenger_1_59
2025_09_15_Res4StRes_T1_DSV,IMG_2705.JPG,59_R4S_501_LG Avenger_1_59,,,,,,,,,2025_09_15_Res4StRes_T1_DSV_scores.csv,2.0,,,False,,Unknown,,False,59_R4S_501_LG Avenger_1_59
2025_09_15_Res4StRes_T1_DSV,IMG_2706.JPG,59_R4S_501_LG Avenger_1_59,,,,,,,,,2025_09_15_Res4StRes_T1_DSV_scores.csv,1.0,,,False,,Unknown,,False,59_R4S_501_LG Avenger_1_59
2025_09_15_Res4StRes_T1_DSV,IMG_2707.JPG,60_R4S_490_R8_1_60,,,,,,,,,2025_09_15_Res4StRes_T1_DSV_scores.csv,4.0,,,False,,Unknown,,False,60_R4S_490_R8_1_60
2025_09_15_Res4StRes_T1_DSV,IMG_2708.JPG,60_R4S_490_R8_1_60,,,,,,,,,2025_09_15_Res4StRes_T1_DSV_scores.csv,2.0,,,False,,Unknown,,False,60_R4S_490_R8_1_60
2025_09_15_Res4StRes_T1_DSV,IMG_2709.JPG,60_R4S_490_R8_1_60,,,,,,,,,2025_09_15_Res4StRes_T1_DSV_scores.csv,4.0,,,False,,Unknown,,False,60_R4S_490_R8_1_60
2025_09_15_Res4StRes_T1_DSV,IMG_2710.JPG,61_R4S_443_J 104_2_1,,,,,,,,,2025_09_15_Res4StRes_T1_DSV_scores.csv,2.0,,,False,,Unknown,,False,61_R4S_443_J 104_2_1
2025_09_15_Res4StRes_T1_DSV,IMG_2711.JPG,61_R4S_443_J 104_2_1,,,,,,,,,2025_09_15_Res4StRes_T1_DSV_scores.csv,2.0,,,False,,Unknown,,False,61_R4S_443_J 104_2_1
2025_09_15_Res4StRes_T1_DSV,IMG_2712.JPG,61_R4S_443_J 104_2_1,,,,,,,,,2025_09_15_Res4StRes_T1_DSV_scores.csv,3.0,,,False,,Unknown,,False,61_R4S_443_J 104_2_1
2025_09_15_Res4StRes_T1_DSV,IMG_2713.JPG,62_R4S_331_Magres Pajberg_2_2,,,,,,,,,2025_09_15_Res4StRes_T1_DSV_scores.csv,3.0,,,False,,Unknown,,False,62_R4S_331_Magres Pajberg_2_2
2025_09_15_Res4StRes_T1_DSV,IMG_2714.JPG,62_R4S_331_Magres Pajberg_2_2,,,,,,,,,2025_09_15_Res4StRes_T1_DSV_scores.csv,4.0,,,False,,Unknown,,False,62_R4S_331_Magres Pajberg_2_2
2025_09_15_Res4StRes_T1_DSV,IMG_2715.JPG,62_R4S_331_Magres Pajberg_2_2,,,,,,,,,2025_09_15_Res4StRes_T1_DSV_scores.csv,7.0,,,False,,Unknown,,False,62_R4S_331_Magres Pajberg_2_2
2025_09_15_Res4StRes_T1_DSV,IMG_2716.JPG,63_R4S_156_Vivol_2_3,,,,,,,,,2025_09_15_Res4StRes_T1_DSV_scores.csv,2.0,,,False,,Unknown,,False,63_R4S_156_Vivol_2_3
2025_09_15_Res4StRes_T1_DSV,IMG_2717.JPG,63_R4S_156_Vivol_2_3,,,,,,,,,2025_09_15_Res4StRes_T1_DSV_scores.csv,9.0,,,False,,Unknown,,False,63_R4S_156_Vivol_2_3
2025_09_15_Res4StRes_T1_DSV,IMG_2718.JPG,63_R4S_156_Vivol_2_3,,,,,,,,,2025_09_15_Res4StRes_T1_DSV_scores.csv,15.0,,,False,,Unknown,,False,63_R4S_156_Vivol_2_3
2025_09_15_Res4StRes_T1_DSV,IMG_2719.JPG,64_R4S_494_DSV1_2_4,,,,,,,,,2025_09_15_Res4StRes_T1_DSV_scores.csv,29.0,,,False,,Unknown,,False,64_R4S_494_DSV1_2_4
2025_09_15_Res4StRes_T1_DSV,IMG_2720.JPG,64_R4S_494_DSV1_2_4,,,,,,,,,2025_09_15_Res4StRes_T1_DSV_scores.csv,14.0,,,False,,Unknown,,False,64_R4S_494_DSV1_2_4
2025_09_15_Res4StRes_T1_DSV,IMG_2721.JPG,64_R4S_494_DSV1_2_4,,,,,,,,,2025_09_15_Res4StRes_T1_DSV_scores.csv,20.0,,,False,,Unknown,,False,64_R4S_494_DSV1_2_4
2025_09_15_Res4StRes_T1_DSV,IMG_2722.JPG,65_R4S_151_Ontario_2_5,,,,,,,,,2025_09_15_Res4StRes_T1_DSV_scores.csv,3.0,,,False,,Unknown,,False,65_R4S_151_Ontario_2_5
2025_09_15_Res4StRes_T1_DSV,IMG_2723.JPG,65_R4S_151_Ontario_2_5,,,,,,,,,2025_09_15_Res4StRes_T1_DSV_scores.csv,1.0,,,False,,Unknown,,False,65_R4S_151_Ontario_2_5
2025_09_15_Res4StRes_T1_DSV,IMG_2724.JPG,65_R4S_151_Ontario_2_5,,,,,,,,,2025_09_15_Res4StRes_T1_DSV_scores.csv,1.0,,,False,,Unknown,,False,65_R4S_151_Ontario_2_5
2025_09_15_Res4StRes_T1_DSV,IMG_2725.JPG,66_R4S_292_V8_2_6,,,,,,,,,2025_09_15_Res4StRes_T1_DSV_scores.csv,2.0,,,False,,Unknown,,False,66_R4S_292_V8_2_6
2025_09_15_Res4StRes_T1_DSV,IMG_2726.JPG,66_R4S_292_V8_2_6,,,,,,,,,2025_09_15_Res4StRes_T1_DSV_scores.csv,8.0,,,False,,Unknown,,False,66_R4S_292_V8_2_6
2025_09_15_Res4StRes_T1_DSV,IMG_2727.JPG,66_R4S_292_V8_2_6,,,,,,,,,2025_09_15_Res4StRes_T1_DSV_scores.csv,2.0,,,False,,Unknown,,False,66_R4S_292_V8_2_6
2025_09_15_Res4StRes_T1_DSV,IMG_2728.JPG,67_R4S_203_Flip_2_7,,,,,,,,,2025_09_15_Res4StRes_T1_DSV_scores.csv,1.0,,,False,,Unknown,,False,67_R4S_203_Flip_2_7
2025_09_15_Res4StRes_T1_DSV,IMG_2729.JPG,67_R4S_203_Flip_2_7,,,,,,,,,2025_09_15_Res4StRes_T1_DSV_scores.csv,2.0,,,False,,Unknown,,False,67_R4S_203_Flip_2_7
2025_09_15_Res4StRes_T1_DSV,IMG_2730.JPG,67_R4S_203_Flip_2_7,,,,,,,,,2025_09_15_Res4StRes_T1_DSV_scores.csv,2.0,,,False,,Unknown,,False,67_R4S_203_Flip_2_7
2025_09_15_Res4StRes_T1_DSV,IMG_2731.JPG,68_R4S_204_Leopard_2_8,,,,,,,,,2025_09_15_Res4StRes_T1_DSV_scores.csv,6.0,,,False,,Unknown,,False,68_R4S_204_Leopard_2_8
2025_09_15_Res4StRes_T1_DSV,IMG_2732.JPG,68_R4S_204_Leopard_2_8,,,,,,,,,2025_09_15_Res4StRes_T1_DSV_scores.csv,1.0,,,False,,Unknown,,False,68_R4S_204_Leopard_2_8
2025_09_15_Res4StRes_T1_DSV,IMG_2733.JPG,68_R4S_204_Leopard_2_8,,,,,,,,,2025_09_15_Res4StRes_T1_DSV_scores.csv,4.0,,,False,,Unknown,,False,68_R4S_204_Leopard_2_8
2025_09_15_Res4StRes_T1_DSV,IMG_2734.JPG,69_R4S_329_Rotabaggeue_2_9,,,,,,,,,2025_09_15_Res4StRes_T1_DSV_scores.csv,2.0,,,False,,Unknown,,False,69_R4S_329_Rotabaggeue_2_9
2025_09_15_Res4StRes_T1_DSV,IMG_2735.JPG,69_R4S_329_Rotabaggeue_2_9,,,,,,,,,2025_09_15_Res4StRes_T1_DSV_scores.csv,1.0,,,False,,Unknown,,False,69_R4S_329_Rotabaggeue_2_9
2025_09_15_Res4StRes_T1_DSV,IMG_2736.JPG,69_R4S_329_Rotabaggeue_2_9,,,,,,,,,2025_09_15_Res4StRes_T1_DSV_scores.csv,3.0,,,False,,Unknown,,False,69_R4S_329_Rotabaggeue_2_9
2025_09_15_Res4StRes_T1_DSV,IMG_2737.JPG,70_R4S_539_Smaragd_2_10,,,,,,,,,2025_09_15_Res4StRes_T1_DSV_scores.csv,2.0,,,False,,Unknown,,False,70_R4S_539_Smaragd_2_10
2025_09_15_Res4StRes_T1_DSV,IMG_2738.JPG,70_R4S_539_Smaragd_2_10,,,,,,,,,2025_09_15_Res4StRes_T1_DSV_scores.csv,5.0,,,False,,Unknown,,False,70_R4S_539_Smaragd_2_10
2025_09_15_Res4StRes_T1_DSV,IMG_2739.JPG,70_R4S_539_Smaragd_2_10,,,,,,,,,2025_09_15_Res4StRes_T1_DSV_scores.csv,20.0,,,False,,Unknown,,False,70_R4S_539_Smaragd_2_10
2025_09_15_Res4StRes_T1_DSV,IMG_2740.JPG,71_R4S_169_Tenor_2_11,,,,,,,,,2025_09_15_Res4StRes_T1_DSV_scores.csv,17.0,,,False,,Unknown,,False,71_R4S_169_Tenor_2_11
2025_09_15_Res4StRes_T1_DSV,IMG_2741.JPG,71_R4S_169_Tenor_2_11,,,,,,,,,2025_09_15_Res4StRes_T1_DSV_scores.csv,6.0,,,False,,Unknown,,False,71_R4S_169_Tenor_2_11
2025_09_15_Res4StRes_T1_DSV,IMG_2742.JPG,71_R4S_169_Tenor_2_11,,,,,,,,,2025_09_15_Res4StRes_T1_DSV_scores.csv,2.0,,,False,,Unknown,,False,71_R4S_169_Tenor_2_11
2025_09_15_Res4StRes_T1_DSV,IMG_2743.JPG,72_R4S_197_Samourai_2_12,,,,,,,,,2025_09_15_Res4StRes_T1_DSV_scores.csv,2.0,,,False,,Unknown,,False,72_R4S_197_Samourai_2_12
2025_09_15_Res4StRes_T1_DSV,IMG_2744.JPG,72_R4S_197_Samourai_2_12,,,,,,,,,2025_09_15_Res4StRes_T1_DSV_scores.csv,2.0,,,False,,Unknown,,False,72_R4S_197_Samourai_2_12
2025_09_15_Res4StRes_T1_DSV,IMG_2745.JPG,72_R4S_197_Samourai_2_12,,,,,,,,,2025_09_15_Res4StRes_T1_DSV_scores.csv,2.0,,,False,,Unknown,,False,72_R4S_197_Samourai_2_12
2025_09_15_Res4StRes_T1_DSV,IMG_2746.JPG,73_R4S_166_NK Fair_2_13,,,,,,,,,2025_09_15_Res4StRes_T1_DSV_scores.csv,2.0,,,False,,Unknown,,False,73_R4S_166_NK Fair_2_13
2025_09_15_Res4StRes_T1_DSV,IMG_2747.JPG,73_R4S_166_NK Fair_2_13,,,,,,,,,2025_09_15_Res4StRes_T1_DSV_scores.csv,2.0,,,False,,Unknown,,False,73_R4S_166_NK Fair_2_13
2025_09_15_Res4StRes_T1_DSV,IMG_2748.JPG,73_R4S_166_NK Fair_2_13,,,,,,,,,2025_09_15_Res4StRes_T1_DSV_scores.csv,8.0,,,False,,Unknown,,False,73_R4S_166_NK Fair_2_13
2025_09_15_Res4StRes_T1_DSV,IMG_2749.JPG,74_R4S_343_Drummonds Purple Top_2_14,,,,,,,,,2025_09_15_Res4StRes_T1_DSV_scores.csv,9.0,,,False,,Unknown,,False,74_R4S_343_Drummonds Purple Top_2_14
2025_09_15_Res4StRes_T1_DSV,IMG_2750.JPG,74_R4S_343_Drummonds Purple Top_2_14,,,,,,,,,2025_09_15_Res4StRes_T1_DSV_scores.csv,8.0,,,False,,Unknown,,False,74_R4S_343_Drummonds Purple Top_2_14
2025_09_15_Res4StRes_T1_DSV,IMG_2752.JPG,74_R4S_343_Drummonds Purple Top_2_14,,,,,,,,,2025_09_15_Res4StRes_T1_DSV_scores.csv,1.0,,,False,,Unknown,,False,74_R4S_343_Drummonds Purple Top_2_14
2025_09_15_Res4StRes_T1_DSV,IMG_2753.JPG,75_R4S_279_Liglory_2_15,,,,,,,,,2025_09_15_Res4StRes_T1_DSV_scores.csv,4.0,,,False,,Unknown,,False,75_R4S_279_Liglory_2_15
2025_09_15_Res4StRes_T1_DSV,IMG_2754.JPG,75_R4S_279_Liglory_2_15,,,,,,,,,2025_09_15_Res4StRes_T1_DSV_scores.csv,1.0,,,False,,Unknown,,False,75_R4S_279_Liglory_2_15
2025_09_15_Res4StRes_T1_DSV,IMG_2755.JPG,75_R4S_279_Liglory_2_15,,,,,,,,,2025_09_15_Res4StRes_T1_DSV_scores.csv,2.0,,,False,,Unknown,,False,75_R4S_279_Liglory_2_15
2025_09_15_Res4StRes_T1_DSV,IMG_2756.JPG,76_R4S_417_H355_2_16,,,,,,,,,2025_09_15_Res4StRes_T1_DSV_scores.csv,1.0,,,False,,Unknown,,False,76_R4S_417_H355_2_16
2025_09_15_Res4StRes_T1_DSV,IMG_2757.JPG,76_R4S_417_H355_2_16,,,,,,,,,2025_09_15_Res4StRes_T1_DSV_scores.csv,7.0,,,False,,Unknown,,False,76_R4S_417_H355_2_16
2025_09_15_Res4StRes_T1_DSV,IMG_2758.JPG,76_R4S_417_H355_2_16,,,,,,,,,2025_09_15_Res4StRes_T1_DSV_scores.csv,3.0,,,False,,Unknown,,False,76_R4S_417_H355_2_16
2025_09_15_Res4StRes_T1_DSV,IMG_2759.JPG,77_R4S_451_S5_2_17,,,,,,,,,2025_09_15_Res4StRes_T1_DSV_scores.csv,6.0,,,False,,Unknown,,False,77_R4S_451_S5_2_17
2025_09_15_Res4StRes_T1_DSV,IMG_2760.JPG,77_R4S_451_S5_2_17,,,,,,,,,2025_09_15_Res4StRes_T1_DSV_scores.csv,3.0,,,False,,Unknown,,False,77_R4S_451_S5_2_17
2025_09_15_Res4StRes_T1_DSV,IMG_2761.JPG,77_R4S_451_S5_2_17,,,,,,,,,2025_09_15_Res4StRes_T1_DSV_scores.csv,12.0,,,False,,Unknown,,False,77_R4S_451_S5_2_17
2025_09_15_Res4StRes_T1_DSV,IMG_2762.JPG,78_R4S_522_Taisetsu_2_18,,,,,,,,,2025_09_15_Res4StRes_T1_DSV_scores.csv,3.0,,,False,,Unknown,,False,78_R4S_522_Taisetsu_2_18
2025_09_15_Res4StRes_T1_DSV,IMG_2763.JPG,78_R4S_522_Taisetsu_2_18,,,,,,,,,2025_09_15_Res4StRes_T1_DSV_scores.csv,3.0,,,False,,Unknown,,False,78_R4S_522_Taisetsu_2_18
2025_09_15_Res4StRes_T1_DSV,IMG_2764.JPG,78_R4S_522_Taisetsu_2_18,,,,,,,,,2025_09_15_Res4StRes_T1_DSV_scores.csv,4.0,,,False,,Unknown,,False,78_R4S_522_Taisetsu_2_18
2025_09_15_Res4StRes_T1_DSV,IMG_2765.JPG,79_R4S_391_Jantar_2_19,,,,,,,,,2025_09_15_Res4StRes_T1_DSV_scores.csv,4.0,,,False,,Unknown,,False,79_R4S_391_Jantar_2_19
2025_09_15_Res4StRes_T1_DSV,IMG_2766.JPG,79_R4S_391_Jantar_2_19,,,,,,,,,2025_09_15_Res4StRes_T1_DSV_scores.csv,2.0,,,False,,Unknown,,False,79_R4S_391_Jantar_2_19
2025_09_15_Res4StRes_T1_DSV,IMG_2767.JPG,79_R4S_391_Jantar_2_19,,,,,,,,,2025_09_15_Res4StRes_T1_DSV_scores.csv,26.0,,,False,,Unknown,,False,79_R4S_391_Jantar_2_19
2025_09_15_Res4StRes_T1_DSV,IMG_2768.JPG,80_R4S_246_Laser_2_20,,,,,,,,,2025_09_15_Res4StRes_T1_DSV_scores.csv,4.0,,,False,,Unknown,,False,80_R4S_246_Laser_2_20
2025_09_15_Res4StRes_T1_DSV,IMG_2769.JPG,80_R4S_246_Laser_2_20,,,,,,,,,2025_09_15_Res4StRes_T1_DSV_scores.csv,2.0,,,False,,Unknown,,False,80_R4S_246_Laser_2_20
2025_09_15_Res4StRes_T1_DSV,IMG_2770.JPG,80_R4S_246_Laser_2_20,,,,,,,,,2025_09_15_Res4StRes_T1_DSV_scores.csv,29.0,,,False,,Unknown,,False,80_R4S_246_Laser_2_20
2025_09_15_Res4StRes_T1_DSV,IMG_2771.JPG,81_R4S_373_25629-3_2_21,,,,,,,,,2025_09_15_Res4StRes_T1_DSV_scores.csv,2.0,,,False,,Unknown,,False,81_R4S_373_25629-3_2_21
2025_09_15_Res4StRes_T1_DSV,IMG_2772.JPG,81_R4S_373_25629-3_2_21,,,,,,,,,2025_09_15_Res4StRes_T1_DSV_scores.csv,3.0,,,False,,Unknown,,False,81_R4S_373_25629-3_2_21
2025_09_15_Res4StRes_T1_DSV,IMG_2773.JPG,81_R4S_373_25629-3_2_21,,,,,,,,,2025_09_15_Res4StRes_T1_DSV_scores.csv,2.0,,,False,,Unknown,,False,81_R4S_373_25629-3_2_21
2025_09_15_Res4StRes_T1_DSV,IMG_2774.JPG,82_R4S_345_Bangholm PT_2_22,,,,,,,,,2025_09_15_Res4StRes_T1_DSV_scores.csv,7.0,,,False,,Unknown,,False,82_R4S_345_Bangholm PT_2_22
2025_09_15_Res4StRes_T1_DSV,IMG_2775.JPG,82_R4S_345_Bangholm PT_2_22,,,,,,,,,2025_09_15_Res4StRes_T1_DSV_scores.csv,4.0,,,False,,Unknown,,False,82_R4S_345_Bangholm PT_2_22
2025_09_15_Res4StRes_T1_DSV,IMG_2776.JPG,82_R4S_345_Bangholm PT_2_22,,,,,,,,,2025_09_15_Res4StRes_T1_DSV_scores.csv,2.0,,,False,,Unknown,,False,82_R4S_345_Bangholm PT_2_22
2025_09_15_Res4StRes_T1_DSV,IMG_2777.JPG,83_R4S_289_Start_2_23,,,,,,,,,2025_09_15_Res4StRes_T1_DSV_scores.csv,3.0,,,False,,Unknown,,False,83_R4S_289_Start_2_23
2025_09_15_Res4StRes_T1_DSV,IMG_2778.JPG,83_R4S_289_Start_2_23,,,,,,,,,2025_09_15_Res4StRes_T1_DSV_scores.csv,3.0,,,False,,Unknown,,False,83_R4S_289_Start_2_23
2025_09_15_Res4StRes_T1_DSV,IMG_2779.JPG,83_R4S_289_Start_2_23,,,,,,,,,2025_09_15_Res4StRes_T1_DSV_scores.csv,5.0,,,False,,Unknown,,False,83_R4S_289_Start_2_23
2025_09_15_Res4StRes_T1_DSV,IMG_2780.JPG,84_R4S_243_Sansibar_2_24,,,,,,,,,2025_09_15_Res4StRes_T1_DSV_scores.csv,2.0,,,False,,Unknown,,False,84_R4S_243_Sansibar_2_24
2025_09_15_Res4StRes_T1_DSV,IMG_2781.JPG,84_R4S_243_Sansibar_2_24,,,,,,,,,2025_09_15_Res4StRes_T1_DSV_scores.csv,1.0,,,False,,Unknown,,False,84_R4S_243_Sansibar_2_24
2025_09_15_Res4StRes_T1_DSV,IMG_2782.JPG,84_R4S_243_Sansibar_2_24,,,,,,,,,2025_09_15_Res4StRes_T1_DSV_scores.csv,2.0,,,False,,Unknown,,False,84_R4S_243_Sansibar_2_24
2025_09_15_Res4StRes_T1_DSV,IMG_2783.JPG,85_R4S_190_RAFAL DH1_2_25,,,,,,,,,2025_09_15_Res4StRes_T1_DSV_scores.csv,6.0,,,False,,Unknown,,False,85_R4S_190_RAFAL DH1_2_25
2025_09_15_Res4StRes_T1_DSV,IMG_2784.JPG,85_R4S_190_RAFAL DH1_2_25,,,,,,,,,2025_09_15_Res4StRes_T1_DSV_scores.csv,14.0,,,False,,Unknown,,False,85_R4S_190_RAFAL DH1_2_25
2025_09_15_Res4StRes_T1_DSV,IMG_2785.JPG,85_R4S_190_RAFAL DH1_2_25,,,,,,,,,2025_09_15_Res4StRes_T1_DSV_scores.csv,11.0,,,False,,Unknown,,False,85_R4S_190_RAFAL DH1_2_25
2025_09_15_Res4StRes_T1_DSV,IMG_2786.JPG,86_R4S_505_Express 617_2_26,,,,,,,,,2025_09_15_Res4StRes_T1_DSV_scores.csv,6.0,,,False,,Unknown,,False,86_R4S_505_Express 617_2_26
2025_09_15_Res4StRes_T1_DSV,IMG_2787.JPG,86_R4S_505_Express 617_2_26,,,,,,,,,2025_09_15_Res4StRes_T1_DSV_scores.csv,5.0,,,False,,Unknown,,False,86_R4S_505_Express 617_2_26
2025_09_15_Res4StRes_T1_DSV,IMG_2788.JPG,86_R4S_505_Express 617_2_26,,,,,,,,,2025_09_15_Res4StRes_T1_DSV_scores.csv,3.0,,,False,,Unknown,,False,86_R4S_505_Express 617_2_26
2025_09_15_Res4StRes_T1_DSV,IMG_2789.JPG,87_R4S_157_BRISTOL_2_27,,,,,,,,,2025_09_15_Res4StRes_T1_DSV_scores.csv,4.0,,,False,,Unknown,,False,87_R4S_157_BRISTOL_2_27
2025_09_15_Res4StRes_T1_DSV,IMG_2790.JPG,87_R4S_157_BRISTOL_2_27,,,,,,,,,2025_09_15_Res4StRes_T1_DSV_scores.csv,1.0,,,False,,Unknown,,False,87_R4S_157_BRISTOL_2_27
2025_09_15_Res4StRes_T1_DSV,IMG_2791.JPG,87_R4S_157_BRISTOL_2_27,,,,,,,,,2025_09_15_Res4StRes_T1_DSV_scores.csv,1.0,,,False,,Unknown,,False,87_R4S_157_BRISTOL_2_27
2025_09_15_Res4StRes_T1_DSV,IMG_2792.JPG,88_R4S_285_Quedlinburger Platzfester_2_28,,,,,,,,,2025_09_15_Res4StRes_T1_DSV_scores.csv,14.0,,,False,,Unknown,,False,88_R4S_285_Quedlinburger Platzfester_2_28
2025_09_15_Res4StRes_T1_DSV,IMG_2793.JPG,88_R4S_285_Quedlinburger Platzfester_2_28,,,,,,,,,2025_09_15_Res4StRes_T1_DSV_scores.csv,2.0,,,False,,Unknown,,False,88_R4S_285_Quedlinburger Platzfester_2_28
2025_09_15_Res4StRes_T1_DSV,IMG_2794.JPG,88_R4S_285_Quedlinburger Platzfester_2_28,,,,,,,,,2025_09_15_Res4StRes_T1_DSV_scores.csv,3.0,,,False,,Unknown,,False,88_R4S_285_Quedlinburger Platzfester_2_28
2025_09_15_Res4StRes_T1_DSV,IMG_2795.JPG,89_R4S_263_Agalon_2_29,,,,,,,,,2025_09_15_Res4StRes_T1_DSV_scores.csv,5.0,,,False,,Unknown,,False,89_R4S_263_Agalon_2_29
2025_09_15_Res4StRes_T1_DSV,IMG_2796.JPG,89_R4S_263_Agalon_2_29,,,,,,,,,2025_09_15_Res4StRes_T1_DSV_scores.csv,1.0,,,False,,Unknown,,False,89_R4S_263_Agalon_2_29
2025_09_15_Res4StRes_T1_DSV,IMG_2797.JPG,89_R4S_263_Agalon_2_29,,,,,,,,,2025_09_15_Res4StRes_T1_DSV_scores.csv,3.0,,,False,,Unknown,,False,89_R4S_263_Agalon_2_29
2025_09_15_Res4StRes_T1_DSV,IMG_2798.JPG,90_R4S_268_Anja_2_30,,,,,,,,,2025_09_15_Res4StRes_T1_DSV_scores.csv,5.0,,,False,,Unknown,,False,90_R4S_268_Anja_2_30
2025_09_15_Res4StRes_T1_DSV,IMG_2799.JPG,90_R4S_268_Anja_2_30,,,,,,,,,2025_09_15_Res4StRes_T1_DSV_scores.csv,13.0,,,False,,Unknown,,False,90_R4S_268_Anja_2_30
2025_09_15_Res4StRes_T1_DSV,IMG_2799_2.JPG,90_R4S_268_Anja_2_30,,,,,,,,,2025_09_15_Res4StRes_T1_DSV_scores.csv,30.0,,,False,,Unknown,,False,90_R4S_268_Anja_2_30
2025_09_15_Res4StRes_T1_DSV,IMG_2801.JPG,91_R4S_499_R4S_NPZ3_2_31,,,,,,,,,2025_09_15_Res4StRes_T1_DSV_scores.csv,11.0,,,False,,Unknown,,False,91_R4S_499_R4S_NPZ3_2_31
2025_09_15_Res4StRes_T1_DSV,IMG_2802.JPG,91_R4S_499_R4S_NPZ3_2_31,,,,,,,,,2025_09_15_Res4StRes_T1_DSV_scores.csv,5.0,,,False,,Unknown,,False,91_R4S_499_R4S_NPZ3_2_31
2025_09_15_Res4StRes_T1_DSV,IMG_2803.JPG,91_R4S_499_R4S_NPZ3_2_31,,,,,,,,,2025_09_15_Res4StRes_T1_DSV_scores.csv,6.0,,,False,,Unknown,,False,91_R4S_499_R4S_NPZ3_2_31
2025_09_15_Res4StRes_T1_DSV,IMG_2805.JPG,92_R4S_428_S35_2_32,,,,,,,,,2025_09_15_Res4StRes_T1_DSV_scores.csv,3.0,,,False,,Unknown,,False,92_R4S_428_S35_2_32
2025_09_15_Res4StRes_T1_DSV,IMG_2806.JPG,92_R4S_428_S35_2_32,,,,,,,,,2025_09_15_Res4StRes_T1_DSV_scores.csv,7.0,,,False,,Unknown,,False,92_R4S_428_S35_2_32
2025_09_15_Res4StRes_T1_DSV,IMG_2807.JPG,92_R4S_428_S35_2_32,,,,,,,,,2025_09_15_Res4StRes_T1_DSV_scores.csv,2.0,,,False,,Unknown,,False,92_R4S_428_S35_2_32
2025_09_15_Res4StRes_T1_DSV,IMG_2808.JPG,93_R4S_438_R99_2_33,,,,,,,,,2025_09_15_Res4StRes_T1_DSV_scores.csv,1.0,,,False,,Unknown,,False,93_R4S_438_R99_2_33
2025_09_15_Res4StRes_T1_DSV,IMG_2809.JPG,93_R4S_438_R99_2_33,,,,,,,,,2025_09_15_Res4StRes_T1_DSV_scores.csv,2.0,,,False,,Unknown,,False,93_R4S_438_R99_2_33
2025_09_15_Res4StRes_T1_DSV,IMG_2810.JPG,93_R4S_438_R99_2_33,,,,,,,,,2025_09_15_Res4StRes_T1_DSV_scores.csv,1.0,,,False,,Unknown,,False,93_R4S_438_R99_2_33
2025_09_15_Res4StRes_T1_DSV,IMG_2811.JPG,94_R4S_489_S16_2_34,,,,,,,,,2025_09_15_Res4StRes_T1_DSV_scores.csv,1.0,,,False,,Unknown,,False,94_R4S_489_S16_2_34
2025_09_15_Res4StRes_T1_DSV,IMG_2812.JPG,94_R4S_489_S16_2_34,,,,,,,,,2025_09_15_Res4StRes_T1_DSV_scores.csv,1.0,,,False,,Unknown,,False,94_R4S_489_S16_2_34
2025_09_15_Res4StRes_T1_DSV,IMG_2813.JPG,94_R4S_489_S16_2_34,,,,,,,,,2025_09_15_Res4StRes_T1_DSV_scores.csv,4.0,,,False,,Unknown,,False,94_R4S_489_S16_2_34
2025_09_15_Res4StRes_T1_DSV,IMG_2814.JPG,95_R4S_458_FS94.3_2_35,,,,,,,,,2025_09_15_Res4StRes_T1_DSV_scores.csv,2.0,,,False,,Unknown,,False,95_R4S_458_FS94.3_2_35
2025_09_15_Res4StRes_T1_DSV,IMG_2815.JPG,95_R4S_458_FS94.3_2_35,,,,,,,,,2025_09_15_Res4StRes_T1_DSV_scores.csv,2.0,,,False,,Unknown,,False,95_R4S_458_FS94.3_2_35
2025_09_15_Res4StRes_T1_DSV,IMG_2816.JPG,95_R4S_458_FS94.3_2_35,,,,,,,,,2025_09_15_Res4StRes_T1_DSV_scores.csv,2.0,,,False,,Unknown,,False,95_R4S_458_FS94.3_2_35
2025_09_15_Res4StRes_T1_DSV,IMG_2817.JPG,96_R4S_498_R4S_NPZ2_2_36,,,,,,,,,2025_09_15_Res4StRes_T1_DSV_scores.csv,1.0,,,False,,Unknown,,False,96_R4S_498_R4S_NPZ2_2_36
2025_09_15_Res4StRes_T1_DSV,IMG_2818.JPG,96_R4S_498_R4S_NPZ2_2_36,,,,,,,,,2025_09_15_Res4StRes_T1_DSV_scores.csv,5.0,,,False,,Unknown,,False,96_R4S_498_R4S_NPZ2_2_36
2025_09_15_Res4StRes_T1_DSV,IMG_2819.JPG,96_R4S_498_R4S_NPZ2_2_36,,,,,,,,,2025_09_15_Res4StRes_T1_DSV_scores.csv,5.0,,,False,,Unknown,,False,96_R4S_498_R4S_NPZ2_2_36
2025_09_15_Res4StRes_T1_DSV,IMG_2820.JPG,97_R4S_506_Express 617_2_37,,,,,,,,,2025_09_15_Res4StRes_T1_DSV_scores.csv,1.0,,,False,,Unknown,,False,97_R4S_506_Express 617_2_37
2025_09_15_Res4StRes_T1_DSV,IMG_2821.JPG,97_R4S_506_Express 617_2_37,,,,,,,,,2025_09_15_Res4StRes_T1_DSV_scores.csv,2.0,,,False,,Unknown,,False,97_R4S_506_Express 617_2_37
2025_09_15_Res4StRes_T1_DSV,IMG_2822.JPG,97_R4S_506_Express 617_2_37,,,,,,,,,2025_09_15_Res4StRes_T1_DSV_scores.csv,1.0,,,False,,Unknown,,False,97_R4S_506_Express 617_2_37
2025_09_15_Res4StRes_T1_DSV,IMG_2823.JPG,98_R4S_341_Purple Top_2_38,,,,,,,,,2025_09_15_Res4StRes_T1_DSV_scores.csv,3.0,,,False,,Unknown,,False,98_R4S_341_Purple Top_2_38
2025_09_15_Res4StRes_T1_DSV,IMG_2824.JPG,98_R4S_341_Purple Top_2_38,,,,,,,,,2025_09_15_Res4StRes_T1_DSV_scores.csv,33.0,,,False,,Unknown,,False,98_R4S_341_Purple Top_2_38
2025_09_15_Res4StRes_T1_DSV,IMG_2825.JPG,98_R4S_341_Purple Top_2_38,,,,,,,,,2025_09_15_Res4StRes_T1_DSV_scores.csv,2.0,,,False,,Unknown,,False,98_R4S_341_Purple Top_2_38
2025_09_15_Res4StRes_T1_DSV,IMG_2826.JPG,99_R4S_215_SHANG-YOU_2_39,,,,,,,,,2025_09_15_Res4StRes_T1_DSV_scores.csv,12.0,,,False,,Unknown,,False,99_R4S_215_SHANG-YOU_2_39
2025_09_15_Res4StRes_T1_DSV,IMG_2827.JPG,99_R4S_215_SHANG-YOU_2_39,,,,,,,,,2025_09_15_Res4StRes_T1_DSV_scores.csv,1.0,,,False,,Unknown,,False,99_R4S_215_SHANG-YOU_2_39
2025_09_15_Res4StRes_T1_DSV,IMG_2828.JPG,99_R4S_215_SHANG-YOU_2_39,,,,,,,,,2025_09_15_Res4StRes_T1_DSV_scores.csv,1.0,,,False,,Unknown,,False,99_R4S_215_SHANG-YOU_2_39
2025_09_15_Res4StRes_T1_DSV,IMG_2829.JPG,100_R4S_273_Edita_2_40,,,,,,,,,2025_09_15_Res4StRes_T1_DSV_scores.csv,7.0,,,False,,Unknown,,False,100_R4S_273_Edita_2_40
2025_09_15_Res4StRes_T1_DSV,IMG_2830.JPG,100_R4S_273_Edita_2_40,,,,,,,,,2025_09_15_Res4StRes_T1_DSV_scores.csv,3.0,,,False,,Unknown,,False,100_R4S_273_Edita_2_40
2025_09_15_Res4StRes_T1_DSV,IMG_2831.JPG,100_R4S_273_Edita_2_40,,,,,,,,,2025_09_15_Res4StRes_T1_DSV_scores.csv,1.0,,,False,,Unknown,,False,100_R4S_273_Edita_2_40
2025_09_15_Res4StRes_T1_DSV,IMG_2832.JPG,101_R4S_259_Escort_2_41,,,,,,,,,2025_09_15_Res4StRes_T1_DSV_scores.csv,18.0,,,False,,Unknown,,False,101_R4S_259_Escort_2_41
2025_09_15_Res4StRes_T1_DSV,IMG_2833.JPG,101_R4S_259_Escort_2_41,,,,,,,,,2025_09_15_Res4StRes_T1_DSV_scores.csv,2.0,,,False,,Unknown,,False,101_R4S_259_Escort_2_41
2025_09_15_Res4StRes_T1_DSV,IMG_2834.JPG,101_R4S_259_Escort_2_41,,,,,,,,,2025_09_15_Res4StRes_T1_DSV_scores.csv,3.0,,,False,,Unknown,,False,101_R4S_259_Escort_2_41
2025_09_15_Res4StRes_T1_DSV,IMG_2835.JPG,102_R4S_497_R4S_NPZ1_2_42,,,,,,,,,2025_09_15_Res4StRes_T1_DSV_scores.csv,4.0,,,False,,Unknown,,False,102_R4S_497_R4S_NPZ1_2_42
2025_09_15_Res4StRes_T1_DSV,IMG_2836.JPG,102_R4S_497_R4S_NPZ1_2_42,,,,,,,,,2025_09_15_Res4StRes_T1_DSV_scores.csv,5.0,,,False,,Unknown,,False,102_R4S_497_R4S_NPZ1_2_42
2025_09_15_Res4StRes_T1_DSV,IMG_2837.JPG,102_R4S_497_R4S_NPZ1_2_42,,,,,,,,,2025_09_15_Res4StRes_T1_DSV_scores.csv,2.0,,,False,,Unknown,,False,102_R4S_497_R4S_NPZ1_2_42
2025_09_15_Res4StRes_T1_DSV,IMG_2838.JPG,103_R4S_255_Atlantic_2_43,,,,,,,,,2025_09_15_Res4StRes_T1_DSV_scores.csv,1.0,,,False,,Unknown,,False,103_R4S_255_Atlantic_2_43
2025_09_15_Res4StRes_T1_DSV,IMG_2839.JPG,103_R4S_255_Atlantic_2_43,,,,,,,,,2025_09_15_Res4StRes_T1_DSV_scores.csv,8.0,,,False,,Unknown,,False,103_R4S_255_Atlantic_2_43
2025_09_15_Res4StRes_T1_DSV,IMG_2840.JPG,103_R4S_255_Atlantic_2_43,,,,,,,,,2025_09_15_Res4StRes_T1_DSV_scores.csv,2.0,,,False,,Unknown,,False,103_R4S_255_Atlantic_2_43
2025_09_15_Res4StRes_T1_DSV,IMG_2841.JPG,104_R4S_335_Dalo Trifolium_2_44,,,,,,,,,2025_09_15_Res4StRes_T1_DSV_scores.csv,2.0,,,False,,Unknown,,False,104_R4S_335_Dalo Trifolium_2_44
2025_09_15_Res4StRes_T1_DSV,IMG_2842.JPG,104_R4S_335_Dalo Trifolium_2_44,,,,,,,,,2025_09_15_Res4StRes_T1_DSV_scores.csv,1.0,,,False,,Unknown,,False,104_R4S_335_Dalo Trifolium_2_44
2025_09_15_Res4StRes_T1_DSV,IMG_2843.JPG,104_R4S_335_Dalo Trifolium_2_44,,,,,,,,,2025_09_15_Res4StRes_T1_DSV_scores.csv,1.0,,,False,,Unknown,,False,104_R4S_335_Dalo Trifolium_2_44
2025_09_15_Res4StRes_T1_DSV,IMG_2844.JPG,105_R4S_308_ABUKUMA NATANE_2_45,,,,,,,,,2025_09_15_Res4StRes_T1_DSV_scores.csv,1.0,,,False,,Unknown,,False,105_R4S_308_ABUKUMA NATANE_2_45
2025_09_15_Res4StRes_T1_DSV,IMG_2845.JPG,105_R4S_308_ABUKUMA NATANE_2_45,,,,,,,,,2025_09_15_Res4StRes_T1_DSV_scores.csv,2.0,,,False,,Unknown,,False,105_R4S_308_ABUKUMA NATANE_2_45
2025_09_15_Res4StRes_T1_DSV,IMG_2846.JPG,105_R4S_308_ABUKUMA NATANE_2_45,,,,,,,,,2025_09_15_Res4StRes_T1_DSV_scores.csv,3.0,,,False,,Unknown,,False,105_R4S_308_ABUKUMA NATANE_2_45
2025_09_15_Res4StRes_T1_DSV,IMG_2847.JPG,106_R4S_394_Erra_2_46,,,,,,,,,2025_09_15_Res4StRes_T1_DSV_scores.csv,1.0,,,False,,Unknown,,False,106_R4S_394_Erra_2_46
2025_09_15_Res4StRes_T1_DSV,IMG_2848.JPG,106_R4S_394_Erra_2_46,,,,,,,,,2025_09_15_Res4StRes_T1_DSV_scores.csv,1.0,,,False,,Unknown,,False,106_R4S_394_Erra_2_46
2025_09_15_Res4StRes_T1_DSV,IMG_2849.JPG,106_R4S_394_Erra_2_46,,,,,,,,,2025_09_15_Res4StRes_T1_DSV_scores.csv,1.0,,,False,,Unknown,,False,106_R4S_394_Erra_2_46
2025_09_15_Res4StRes_T1_DSV,IMG_2850.JPG,107_R4S_161_OASE_2_47,,,,,,,,,2025_09_15_Res4StRes_T1_DSV_scores.csv,1.0,,,False,,Unknown,,False,107_R4S_161_OASE_2_47
2025_09_15_Res4StRes_T1_DSV,IMG_2851.JPG,107_R4S_161_OASE_2_47,,,,,,,,,2025_09_15_Res4StRes_T1_DSV_scores.csv,2.0,,,False,,Unknown,,False,107_R4S_161_OASE_2_47
2025_09_15_Res4StRes_T1_DSV,IMG_2852.JPG,107_R4S_161_OASE_2_47,,,,,,,,,2025_09_15_Res4StRes_T1_DSV_scores.csv,5.0,,,False,,Unknown,,False,107_R4S_161_OASE_2_47
2025_09_15_Res4StRes_T1_DSV,IMG_2853.JPG,108_R4S_211_Lirabon_2_48,,,,,,,,,2025_09_15_Res4StRes_T1_DSV_scores.csv,1.0,,,False,,Unknown,,False,108_R4S_211_Lirabon_2_48
2025_09_15_Res4StRes_T1_DSV,IMG_2854.JPG,108_R4S_211_Lirabon_2_48,,,,,,,,,2025_09_15_Res4StRes_T1_DSV_scores.csv,1.0,,,False,,Unknown,,False,108_R4S_211_Lirabon_2_48
2025_09_15_Res4StRes_T1_DSV,IMG_2855.JPG,108_R4S_211_Lirabon_2_48,,,,,,,,,2025_09_15_Res4StRes_T1_DSV_scores.csv,1.0,,,False,,Unknown,,False,108_R4S_211_Lirabon_2_48
2025_09_15_Res4StRes_T1_DSV,IMG_2856.JPG,109_R4S_143_Robust_2_49,,,,,,,,,2025_09_15_Res4StRes_T1_DSV_scores.csv,2.0,,,False,,Unknown,,False,109_R4S_143_Robust_2_49
2025_09_15_Res4StRes_T1_DSV,IMG_2857.JPG,109_R4S_143_Robust_2_49,,,,,,,,,2025_09_15_Res4StRes_T1_DSV_scores.csv,1.0,,,False,,Unknown,,False,109_R4S_143_Robust_2_49
2025_09_15_Res4StRes_T1_DSV,IMG_2858.JPG,109_R4S_143_Robust_2_49,,,,,,,,,2025_09_15_Res4StRes_T1_DSV_scores.csv,2.0,,,False,,Unknown,,False,109_R4S_143_Robust_2_49
2025_09_15_Res4StRes_T1_DSV,IMG_2859.JPG,110_R4S_382_Norde_2_50,,,,,,,,,2025_09_15_Res4StRes_T1_DSV_scores.csv,9.0,,,False,,Unknown,,False,110_R4S_382_Norde_2_50
2025_09_15_Res4StRes_T1_DSV,IMG_2860.JPG,110_R4S_382_Norde_2_50,,,,,,,,,2025_09_15_Res4StRes_T1_DSV_scores.csv,1.0,,,False,,Unknown,,False,110_R4S_382_Norde_2_50
2025_09_15_Res4StRes_T1_DSV,IMG_2861.JPG,110_R4S_382_Norde_2_50,,,,,,,,,2025_09_15_Res4StRes_T1_DSV_scores.csv,5.0,,,False,,Unknown,,False,110_R4S_382_Norde_2_50
2025_09_15_Res4StRes_T1_DSV,IMG_2862.JPG,111_R4S_318_SENSATION NZ_2_51,,,,,,,,,2025_09_15_Res4StRes_T1_DSV_scores.csv,2.0,,,False,,Unknown,,False,111_R4S_318_SENSATION NZ_2_51
2025_09_15_Res4StRes_T1_DSV,IMG_2863.JPG,111_R4S_318_SENSATION NZ_2_51,,,,,,,,,2025_09_15_Res4StRes_T1_DSV_scores.csv,1.0,,,False,,Unknown,,False,111_R4S_318_SENSATION NZ_2_51
2025_09_15_Res4StRes_T1_DSV,IMG_2864.JPG,111_R4S_318_SENSATION NZ_2_51,,,,,,,,,2025_09_15_Res4StRes_T1_DSV_scores.csv,1.0,,,False,,Unknown,,False,111_R4S_318_SENSATION NZ_2_51
2025_09_15_Res4StRes_T1_DSV,IMG_2865.JPG,112_R4S_286_Ramses_2_52,,,,,,,,,2025_09_15_Res4StRes_T1_DSV_scores.csv,5.0,,,False,,Unknown,,False,112_R4S_286_Ramses_2_52
2025_09_15_Res4StRes_T1_DSV,IMG_2866.JPG,112_R4S_286_Ramses_2_52,,,,,,,,,2025_09_15_Res4StRes_T1_DSV_scores.csv,1.0,,,False,,Unknown,,False,112_R4S_286_Ramses_2_52
2025_09_15_Res4StRes_T1_DSV,IMG_2867.JPG,112_R4S_286_Ramses_2_52,,,,,,,,,2025_09_15_Res4StRes_T1_DSV_scores.csv,1.0,,,False,,Unknown,,False,112_R4S_286_Ramses_2_52
2025_09_15_Res4StRes_T1_DSV,IMG_2868.JPG,113_R4S_434_J 134_2_53,,,,,,,,,2025_09_15_Res4StRes_T1_DSV_scores.csv,2.0,,,False,,Unknown,,False,113_R4S_434_J 134_2_53
2025_09_15_Res4StRes_T1_DSV,IMG_2869.JPG,113_R4S_434_J 134_2_53,,,,,,,,,2025_09_15_Res4StRes_T1_DSV_scores.csv,1.0,,,False,,Unknown,,False,113_R4S_434_J 134_2_53
2025_09_15_Res4StRes_T1_DSV,IMG_2870.JPG,113_R4S_434_J 134_2_53,,,,,,,,,2025_09_15_Res4StRes_T1_DSV_scores.csv,2.0,,,False,,Unknown,,False,113_R4S_434_J 134_2_53
2025_09_15_Res4StRes_T1_DSV,IMG_2871.JPG,114_R4S_236_Baros_2_54,,,,,,,,,2025_09_15_Res4StRes_T1_DSV_scores.csv,2.0,,,False,,Unknown,,False,114_R4S_236_Baros_2_54
2025_09_15_Res4StRes_T1_DSV,IMG_2872.JPG,114_R4S_236_Baros_2_54,,,,,,,,,2025_09_15_Res4StRes_T1_DSV_scores.csv,1.0,,,False,,Unknown,,False,114_R4S_236_Baros_2_54
2025_09_15_Res4StRes_T1_DSV,IMG_2873.JPG,114_R4S_236_Baros_2_54,,,,,,,,,2025_09_15_Res4StRes_T1_DSV_scores.csv,1.0,,,False,,Unknown,,False,114_R4S_236_Baros_2_54
2025_09_15_Res4StRes_T1_DSV,IMG_2874.JPG,115_R4S_377_Sonnengold_2_55,,,,,,,,,2025_09_15_Res4StRes_T1_DSV_scores.csv,1.0,,,False,,Unknown,,False,115_R4S_377_Sonnengold_2_55
2025_09_15_Res4StRes_T1_DSV,IMG_2875.JPG,115_R4S_377_Sonnengold_2_55,,,,,,,,,2025_09_15_Res4StRes_T1_DSV_scores.csv,1.0,,,False,,Unknown,,False,115_R4S_377_Sonnengold_2_55
2025_09_15_Res4StRes_T1_DSV,IMG_2876.JPG,115_R4S_377_Sonnengold_2_55,,,,,,,,,2025_09_15_Res4StRes_T1_DSV_scores.csv,6.0,,,False,,Unknown,,False,115_R4S_377_Sonnengold_2_55
2025_09_15_Res4StRes_T1_DSV,IMG_2877.JPG,116_R4S_170_Kvintett_2_56,,,,,,,,,2025_09_15_Res4StRes_T1_DSV_scores.csv,1.0,,,False,,Unknown,,False,116_R4S_170_Kvintett_2_56
2025_09_15_Res4StRes_T1_DSV,IMG_2878.JPG,116_R4S_170_Kvintett_2_56,,,,,,,,,2025_09_15_Res4StRes_T1_DSV_scores.csv,4.0,,,False,,Unknown,,False,116_R4S_170_Kvintett_2_56
2025_09_15_Res4StRes_T1_DSV,IMG_2879.JPG,116_R4S_170_Kvintett_2_56,,,,,,,,,2025_09_15_Res4StRes_T1_DSV_scores.csv,1.0,,,False,,Unknown,,False,116_R4S_170_Kvintett_2_56
2025_09_15_Res4StRes_T1_DSV,IMG_2880.JPG,117_R4S_326_Tipperary (Magnificent)_2_57,,,,,,,,,2025_09_15_Res4StRes_T1_DSV_scores.csv,2.0,,,False,,Unknown,,False,117_R4S_326_Tipperary (Magnificent)_2_57
2025_09_15_Res4StRes_T1_DSV,IMG_2881.JPG,117_R4S_326_Tipperary (Magnificent)_2_57,,,,,,,,,2025_09_15_Res4StRes_T1_DSV_scores.csv,1.0,,,False,,Unknown,,False,117_R4S_326_Tipperary (Magnificent)_2_57
2025_09_15_Res4StRes_T1_DSV,IMG_2882.JPG,117_R4S_326_Tipperary (Magnificent)_2_57,,,,,,,,,2025_09_15_Res4StRes_T1_DSV_scores.csv,1.0,,,False,,Unknown,,False,117_R4S_326_Tipperary (Magnificent)_2_57
2025_09_15_Res4StRes_T1_DSV,IMG_2883.JPG,118_R4S_543_Smaragd_2_58,,,,,,,,,2025_09_15_Res4StRes_T1_DSV_scores.csv,1.0,,,False,,Unknown,,False,118_R4S_543_Smaragd_2_58
2025_09_15_Res4StRes_T1_DSV,IMG_2884.JPG,118_R4S_543_Smaragd_2_58,,,,,,,,,2025_09_15_Res4StRes_T1_DSV_scores.csv,9.0,,,False,,Unknown,,False,118_R4S_543_Smaragd_2_58
2025_09_15_Res4StRes_T1_DSV,IMG_2885.JPG,118_R4S_543_Smaragd_2_58,,,,,,,,,2025_09_15_Res4StRes_T1_DSV_scores.csv,5.0,,,False,,Unknown,,False,118_R4S_543_Smaragd_2_58
2025_09_15_Res4StRes_T1_DSV,IMG_2886.JPG,119_R4S_440_R59_2_59,,,,,,,,,2025_09_15_Res4StRes_T1_DSV_scores.csv,8.0,,,False,,Unknown,,False,119_R4S_440_R59_2_59
2025_09_15_Res4StRes_T1_DSV,IMG_2887.JPG,119_R4S_440_R59_2_59,,,,,,,,,2025_09_15_Res4StRes_T1_DSV_scores.csv,1.0,,,False,,Unknown,,False,119_R4S_440_R59_2_59
2025_09_15_Res4StRes_T1_DSV,IMG_2888.JPG,119_R4S_440_R59_2_59,,,,,,,,,2025_09_15_Res4StRes_T1_DSV_scores.csv,1.0,,,False,,Unknown,,False,119_R4S_440_R59_2_59
2025_09_15_Res4StRes_T1_DSV,IMG_2889.JPG,120_R4S_336_Wilhelmsburger Reform_2_60,,,,,,,,,2025_09_15_Res4StRes_T1_DSV_scores.csv,1.0,,,False,,Unknown,,False,120_R4S_336_Wilhelmsburger Reform_2_60
2025_09_15_Res4StRes_T1_DSV,IMG_2890.JPG,120_R4S_336_Wilhelmsburger Reform_2_60,,,,,,,,,2025_09_15_Res4StRes_T1_DSV_scores.csv,2.0,,,False,,Unknown,,False,120_R4S_336_Wilhelmsburger Reform_2_60
2025_09_15_Res4StRes_T1_DSV,IMG_2891.JPG,120_R4S_336_Wilhelmsburger Reform_2_60,,,,,,,,,2025_09_15_Res4StRes_T1_DSV_scores.csv,2.0,,,False,,Unknown,,False,120_R4S_336_Wilhelmsburger Reform_2_60
2025_09_15_Res4StRes_T1_DSV,IMG_2892.JPG,121_R4S_325_Tankard Bronze Top_3_1,,,,,,,,,2025_09_15_Res4StRes_T1_DSV_scores.csv,2.0,,,False,,Unknown,,False,121_R4S_325_Tankard Bronze Top_3_1
2025_09_15_Res4StRes_T1_DSV,IMG_2893.JPG,121_R4S_325_Tankard Bronze Top_3_1,,,,,,,,,2025_09_15_Res4StRes_T1_DSV_scores.csv,1.0,,,False,,Unknown,,False,121_R4S_325_Tankard Bronze Top_3_1
2025_09_15_Res4StRes_T1_DSV,IMG_2894.JPG,121_R4S_325_Tankard Bronze Top_3_1,,,,,,,,,2025_09_15_Res4StRes_T1_DSV_scores.csv,5.0,,,False,,Unknown,,False,121_R4S_325_Tankard Bronze Top_3_1
2025_09_15_Res4StRes_T1_DSV,IMG_2895.JPG,122_R4S_150_Montego_3_2,,,,,,,,,2025_09_15_Res4StRes_T1_DSV_scores.csv,25.0,,,False,,Unknown,,False,122_R4S_150_Montego_3_2
2025_09_15_Res4StRes_T1_DSV,IMG_2896.JPG,122_R4S_150_Montego_3_2,,,,,,,,,2025_09_15_Res4StRes_T1_DSV_scores.csv,18.0,,,False,,Unknown,,False,122_R4S_150_Montego_3_2
2025_09_15_Res4StRes_T1_DSV,IMG_2897.JPG,122_R4S_150_Montego_3_2,,,,,,,,,2025_09_15_Res4StRes_T1_DSV_scores.csv,10.0,,,False,,Unknown,,False,122_R4S_150_Montego_3_2
2025_09_15_Res4StRes_T1_DSV,IMG_2898.JPG,123_R4S_271_Coriander_3_3,,,,,,,,,2025_09_15_Res4StRes_T1_DSV_scores.csv,10.0,,,False,,Unknown,,False,123_R4S_271_Coriander_3_3
2025_09_15_Res4StRes_T1_DSV,IMG_2900.JPG,123_R4S_271_Coriander_3_3,,,,,,,,,2025_09_15_Res4StRes_T1_DSV_scores.csv,15.0,,,False,,Unknown,,False,123_R4S_271_Coriander_3_3
2025_09_15_Res4StRes_T1_DSV,IMG_2901.JPG,123_R4S_271_Coriander_3_3,,,,,,,,,2025_09_15_Res4StRes_T1_DSV_scores.csv,7.0,,,False,,Unknown,,False,123_R4S_271_Coriander_3_3
2025_09_15_Res4StRes_T1_DSV,IMG_2902.JPG,124_R4S_478_H357_3_4,,,,,,,,,2025_09_15_Res4StRes_T1_DSV_scores.csv,23.0,,,False,,Unknown,,False,124_R4S_478_H357_3_4
2025_09_15_Res4StRes_T1_DSV,IMG_2903.JPG,124_R4S_478_H357_3_4,,,,,,,,,2025_09_15_Res4StRes_T1_DSV_scores.csv,15.0,,,False,,Unknown,,False,124_R4S_478_H357_3_4
2025_09_15_Res4StRes_T1_DSV,IMG_2904.JPG,124_R4S_478_H357_3_4,,,,,,,,,2025_09_15_Res4StRes_T1_DSV_scores.csv,3.0,,,False,,Unknown,,False,124_R4S_478_H357_3_4
2025_09_15_Res4StRes_T1_DSV,IMG_2905.JPG,125_R4S_287_Skziverskij_3_5,,,,,,,,,2025_09_15_Res4StRes_T1_DSV_scores.csv,3.0,,,False,,Unknown,,False,125_R4S_287_Skziverskij_3_5
2025_09_15_Res4StRes_T1_DSV,IMG_2906.JPG,125_R4S_287_Skziverskij_3_5,,,,,,,,,2025_09_15_Res4StRes_T1_DSV_scores.csv,2.0,,,False,,Unknown,,False,125_R4S_287_Skziverskij_3_5
2025_09_15_Res4StRes_T1_DSV,IMG_2907.JPG,125_R4S_287_Skziverskij_3_5,,,,,,,,,2025_09_15_Res4StRes_T1_DSV_scores.csv,8.0,,,False,,Unknown,,False,125_R4S_287_Skziverskij_3_5
2025_09_15_Res4StRes_T1_DSV,IMG_2908.JPG,126_R4S_168_Verona_3_6,,,,,,,,,2025_09_15_Res4StRes_T1_DSV_scores.csv,2.0,,,False,,Unknown,,False,126_R4S_168_Verona_3_6
2025_09_15_Res4StRes_T1_DSV,IMG_2909.JPG,126_R4S_168_Verona_3_6,,,,,,,,,2025_09_15_Res4StRes_T1_DSV_scores.csv,14.0,,,False,,Unknown,,False,126_R4S_168_Verona_3_6
2025_09_15_Res4StRes_T1_DSV,IMG_2911.JPG,126_R4S_168_Verona_3_6,,,,,,,,,2025_09_15_Res4StRes_T1_DSV_scores.csv,11.0,,,False,,Unknown,,False,126_R4S_168_Verona_3_6
2025_09_15_Res4StRes_T1_DSV,IMG_2912.JPG,127_R4S_530_WINFRED_3_7,,,,,,,,,2025_09_15_Res4StRes_T1_DSV_scores.csv,5.0,,,False,,Unknown,,False,127_R4S_530_WINFRED_3_7
2025_09_15_Res4StRes_T1_DSV,IMG_2913.JPG,127_R4S_530_WINFRED_3_7,,,,,,,,,2025_09_15_Res4StRes_T1_DSV_scores.csv,11.0,,,False,,Unknown,,False,127_R4S_530_WINFRED_3_7
2025_09_15_Res4StRes_T1_DSV,IMG_2914.JPG,127_R4S_530_WINFRED_3_7,,,,,,,,,2025_09_15_Res4StRes_T1_DSV_scores.csv,6.0,,,False,,Unknown,,False,127_R4S_530_WINFRED_3_7
2025_09_15_Res4StRes_T1_DSV,IMG_2915.JPG,128_R4S_319_Altasweet_3_8,,,,,,,,,2025_09_15_Res4StRes_T1_DSV_scores.csv,18.0,,,False,,Unknown,,False,128_R4S_319_Altasweet_3_8
2025_09_15_Res4StRes_T1_DSV,IMG_2916.JPG,128_R4S_319_Altasweet_3_8,,,,,,,,,2025_09_15_Res4StRes_T1_DSV_scores.csv,18.0,,,False,,Unknown,,False,128_R4S_319_Altasweet_3_8
2025_09_15_Res4StRes_T1_DSV,IMG_2917.JPG,128_R4S_319_Altasweet_3_8,,,,,,,,,2025_09_15_Res4StRes_T1_DSV_scores.csv,3.0,,,False,,Unknown,,False,128_R4S_319_Altasweet_3_8
2025_09_15_Res4StRes_T1_DSV,IMG_2918.JPG,129_R4S_207_Phil_3_9,,,,,,,,,2025_09_15_Res4StRes_T1_DSV_scores.csv,6.0,,,False,,Unknown,,False,129_R4S_207_Phil_3_9
2025_09_15_Res4StRes_T1_DSV,IMG_2919.JPG,129_R4S_207_Phil_3_9,,,,,,,,,2025_09_15_Res4StRes_T1_DSV_scores.csv,2.0,,,False,,Unknown,,False,129_R4S_207_Phil_3_9
2025_09_15_Res4StRes_T1_DSV,IMG_2920.JPG,129_R4S_207_Phil_3_9,,,,,,,,,2025_09_15_Res4StRes_T1_DSV_scores.csv,2.0,,,False,,Unknown,,False,129_R4S_207_Phil_3_9
2025_09_15_Res4StRes_T1_DSV,IMG_2922.JPG,130_R4S_300_Michinaku natane_3_10,,,,,,,,,2025_09_15_Res4StRes_T1_DSV_scores.csv,14.0,,,False,,Unknown,,False,130_R4S_300_Michinaku natane_3_10
2025_09_15_Res4StRes_T1_DSV,IMG_2923.JPG,130_R4S_300_Michinaku natane_3_10,,,,,,,,,2025_09_15_Res4StRes_T1_DSV_scores.csv,2.0,,,False,,Unknown,,False,130_R4S_300_Michinaku natane_3_10
2025_09_15_Res4StRes_T1_DSV,IMG_2924.JPG,130_R4S_300_Michinaku natane_3_10,,,,,,,,,2025_09_15_Res4StRes_T1_DSV_scores.csv,4.0,,,False,,Unknown,,False,130_R4S_300_Michinaku natane_3_10
2025_09_15_Res4StRes_T1_DSV,IMG_2925.JPG,131_R4S_173_Aurum_3_11,,,,,,,,,2025_09_15_Res4StRes_T1_DSV_scores.csv,2.0,,,False,,Unknown,,False,131_R4S_173_Aurum_3_11
2025_09_15_Res4StRes_T1_DSV,IMG_2926.JPG,131_R4S_173_Aurum_3_11,,,,,,,,,2025_09_15_Res4StRes_T1_DSV_scores.csv,1.0,,,False,,Unknown,,False,131_R4S_173_Aurum_3_11
2025_09_15_Res4StRes_T1_DSV,IMG_2927.JPG,131_R4S_173_Aurum_3_11,,,,,,,,,2025_09_15_Res4StRes_T1_DSV_scores.csv,16.0,,,False,,Unknown,,False,131_R4S_173_Aurum_3_11
2025_09_15_Res4StRes_T1_DSV,IMG_2928.JPG,132_R4S_487_S13_3_12,,,,,,,,,2025_09_15_Res4StRes_T1_DSV_scores.csv,10.0,,,False,,Unknown,,False,132_R4S_487_S13_3_12
2025_09_15_Res4StRes_T1_DSV,IMG_2929.JPG,132_R4S_487_S13_3_12,,,,,,,,,2025_09_15_Res4StRes_T1_DSV_scores.csv,19.0,,,False,,Unknown,,False,132_R4S_487_S13_3_12
2025_09_15_Res4StRes_T1_DSV,IMG_2930.JPG,132_R4S_487_S13_3_12,,,,,,,,,2025_09_15_Res4StRes_T1_DSV_scores.csv,1.0,,,False,,Unknown,,False,132_R4S_487_S13_3_12
2025_09_15_Res4StRes_T1_DSV,IMG_2931.JPG,133_R4S_355_RAPID CYCLING RAPE (CrGC5)_3_13,,,,,,,,,2025_09_15_Res4StRes_T1_DSV_scores.csv,12.0,,,False,,Unknown,,False,133_R4S_355_RAPID CYCLING RAPE (CrGC5)_3_13
2025_09_15_Res4StRes_T1_DSV,IMG_2932.JPG,133_R4S_355_RAPID CYCLING RAPE (CrGC5)_3_13,,,,,,,,,2025_09_15_Res4StRes_T1_DSV_scores.csv,22.0,,,False,,Unknown,,False,133_R4S_355_RAPID CYCLING RAPE (CrGC5)_3_13
2025_09_15_Res4StRes_T1_DSV,IMG_2933.JPG,133_R4S_355_RAPID CYCLING RAPE (CrGC5)_3_13,,,,,,,,,2025_09_15_Res4StRes_T1_DSV_scores.csv,2.0,,,False,,Unknown,,False,133_R4S_355_RAPID CYCLING RAPE (CrGC5)_3_13
2025_09_15_Res4StRes_T1_DSV,IMG_2934.JPG,134_R4S_256_Ladoga_3_14,,,,,,,,,2025_09_15_Res4StRes_T1_DSV_scores.csv,2.0,,,False,,Unknown,,False,134_R4S_256_Ladoga_3_14
2025_09_15_Res4StRes_T1_DSV,IMG_2935.JPG,134_R4S_256_Ladoga_3_14,,,,,,,,,2025_09_15_Res4StRes_T1_DSV_scores.csv,4.0,,,False,,Unknown,,False,134_R4S_256_Ladoga_3_14
2025_09_15_Res4StRes_T1_DSV,IMG_2936.JPG,134_R4S_256_Ladoga_3_14,,,,,,,,,2025_09_15_Res4StRes_T1_DSV_scores.csv,9.0,,,False,,Unknown,,False,134_R4S_256_Ladoga_3_14
2025_09_15_Res4StRes_T1_DSV,IMG_2937.JPG,135_R4S_513_R31_3_15,,,,,,,,,2025_09_15_Res4StRes_T1_DSV_scores.csv,11.0,,,False,,Unknown,,False,135_R4S_513_R31_3_15
2025_09_15_Res4StRes_T1_DSV,IMG_2938.JPG,135_R4S_513_R31_3_15,,,,,,,,,2025_09_15_Res4StRes_T1_DSV_scores.csv,23.0,,,False,,Unknown,,False,135_R4S_513_R31_3_15
2025_09_15_Res4StRes_T1_DSV,IMG_2939.JPG,135_R4S_513_R31_3_15,,,,,,,,,2025_09_15_Res4StRes_T1_DSV_scores.csv,4.0,,,False,,Unknown,,False,135_R4S_513_R31_3_15
2025_09_15_Res4StRes_T1_DSV,IMG_2940.JPG,136_R4S_317_PIKE_3_16,,,,,,,,,2025_09_15_Res4StRes_T1_DSV_scores.csv,1.0,,,False,,Unknown,,False,136_R4S_317_PIKE_3_16
2025_09_15_Res4StRes_T1_DSV,IMG_2941.JPG,136_R4S_317_PIKE_3_16,,,,,,,,,2025_09_15_Res4StRes_T1_DSV_scores.csv,4.0,,,False,,Unknown,,False,136_R4S_317_PIKE_3_16
2025_09_15_Res4StRes_T1_DSV,IMG_2942.JPG,136_R4S_317_PIKE_3_16,,,,,,,,,2025_09_15_Res4StRes_T1_DSV_scores.csv,16.0,,,False,,Unknown,,False,136_R4S_317_PIKE_3_16
2025_09_15_Res4StRes_T1_DSV,IMG_2943.JPG,137_R4S_483_OLL 1_3_17,,,,,,,,,2025_09_15_Res4StRes_T1_DSV_scores.csv,4.0,,,False,,Unknown,,False,137_R4S_483_OLL 1_3_17
2025_09_15_Res4StRes_T1_DSV,IMG_2944.JPG,137_R4S_483_OLL 1_3_17,,,,,,,,,2025_09_15_Res4StRes_T1_DSV_scores.csv,18.0,,,False,,Unknown,,False,137_R4S_483_OLL 1_3_17
2025_09_15_Res4StRes_T1_DSV,IMG_2945.JPG,137_R4S_483_OLL 1_3_17,,,,,,,,,2025_09_15_Res4StRes_T1_DSV_scores.csv,20.0,,,False,,Unknown,,False,137_R4S_483_OLL 1_3_17
2025_09_15_Res4StRes_T1_DSV,IMG_2946.JPG,138_R4S_213_Akela_3_18,,,,,,,,,2025_09_15_Res4StRes_T1_DSV_scores.csv,2.0,,,False,,Unknown,,False,138_R4S_213_Akela_3_18
2025_09_15_Res4StRes_T1_DSV,IMG_2947.JPG,138_R4S_213_Akela_3_18,,,,,,,,,2025_09_15_Res4StRes_T1_DSV_scores.csv,35.0,,,False,,Unknown,,False,138_R4S_213_Akela_3_18
2025_09_15_Res4StRes_T1_DSV,IMG_2948.JPG,138_R4S_213_Akela_3_18,,,,,,,,,2025_09_15_Res4StRes_T1_DSV_scores.csv,23.0,,,False,,Unknown,,False,138_R4S_213_Akela_3_18
2025_09_15_Res4StRes_T1_DSV,IMG_2949.JPG,139_R4S_267_Alesi_3_19,,,,,,,,,2025_09_15_Res4StRes_T1_DSV_scores.csv,7.0,,,False,,Unknown,,False,139_R4S_267_Alesi_3_19
2025_09_15_Res4StRes_T1_DSV,IMG_2950.JPG,139_R4S_267_Alesi_3_19,,,,,,,,,2025_09_15_Res4StRes_T1_DSV_scores.csv,9.0,,,False,,Unknown,,False,139_R4S_267_Alesi_3_19
2025_09_15_Res4StRes_T1_DSV,IMG_2951.JPG,139_R4S_267_Alesi_3_19,,,,,,,,,2025_09_15_Res4StRes_T1_DSV_scores.csv,4.0,,,False,,Unknown,,False,139_R4S_267_Alesi_3_19
2025_09_15_Res4StRes_T1_DSV,IMG_2952.JPG,140_R4S_298_Bladkool_3_20,,,,,,,,,2025_09_15_Res4StRes_T1_DSV_scores.csv,7.0,,,False,,Unknown,,False,140_R4S_298_Bladkool_3_20
2025_09_15_Res4StRes_T1_DSV,IMG_2953.JPG,140_R4S_298_Bladkool_3_20,,,,,,,,,2025_09_15_Res4StRes_T1_DSV_scores.csv,14.0,,,False,,Unknown,,False,140_R4S_298_Bladkool_3_20
2025_09_15_Res4StRes_T1_DSV,IMG_2954.JPG,140_R4S_298_Bladkool_3_20,,,,,,,,,2025_09_15_Res4StRes_T1_DSV_scores.csv,8.0,,,False,,Unknown,,False,140_R4S_298_Bladkool_3_20
2025_09_15_Res4StRes_T1_DSV,IMG_2955.JPG,141_R4S_477_OLY 2_3_21,,,,,,,,,2025_09_15_Res4StRes_T1_DSV_scores.csv,2.0,,,False,,Unknown,,False,141_R4S_477_OLY 2_3_21
2025_09_15_Res4StRes_T1_DSV,IMG_2956.JPG,141_R4S_477_OLY 2_3_21,,,,,,,,,2025_09_15_Res4StRes_T1_DSV_scores.csv,13.0,,,False,,Unknown,,False,141_R4S_477_OLY 2_3_21
2025_09_15_Res4StRes_T1_DSV,IMG_2957.JPG,141_R4S_477_OLY 2_3_21,,,,,,,,,2025_09_15_Res4StRes_T1_DSV_scores.csv,6.0,,,False,,Unknown,,False,141_R4S_477_OLY 2_3_21
2025_09_15_Res4StRes_T1_DSV,IMG_2958.JPG,142_R4S_167_Aviso_3_22,,,,,,,,,2025_09_15_Res4StRes_T1_DSV_scores.csv,11.0,,,False,,Unknown,,False,142_R4S_167_Aviso_3_22
2025_09_15_Res4StRes_T1_DSV,IMG_2959.JPG,142_R4S_167_Aviso_3_22,,,,,,,,,2025_09_15_Res4StRes_T1_DSV_scores.csv,16.0,,,False,,Unknown,,False,142_R4S_167_Aviso_3_22
2025_09_15_Res4StRes_T1_DSV,IMG_2960.JPG,142_R4S_167_Aviso_3_22,,,,,,,,,2025_09_15_Res4StRes_T1_DSV_scores.csv,8.0,,,False,,Unknown,,False,142_R4S_167_Aviso_3_22
2025_09_15_Res4StRes_T1_DSV,IMG_2961.JPG,143_R4S_214_Sollux_3_23,,,,,,,,,2025_09_15_Res4StRes_T1_DSV_scores.csv,6.0,,,False,,Unknown,,False,143_R4S_214_Sollux_3_23
2025_09_15_Res4StRes_T1_DSV,IMG_2962.JPG,143_R4S_214_Sollux_3_23,,,,,,,,,2025_09_15_Res4StRes_T1_DSV_scores.csv,3.0,,,False,,Unknown,,False,143_R4S_214_Sollux_3_23
2025_09_15_Res4StRes_T1_DSV,IMG_2963.JPG,143_R4S_214_Sollux_3_23,,,,,,,,,2025_09_15_Res4StRes_T1_DSV_scores.csv,7.0,,,False,,Unknown,,False,143_R4S_214_Sollux_3_23
2025_09_15_Res4StRes_T1_DSV,IMG_2964.JPG,144_R4S_220_EUROL_3_24,,,,,,,,,2025_09_15_Res4StRes_T1_DSV_scores.csv,18.0,,,False,,Unknown,,False,144_R4S_220_EUROL_3_24
2025_09_15_Res4StRes_T1_DSV,IMG_2965.JPG,144_R4S_220_EUROL_3_24,,,,,,,,,2025_09_15_Res4StRes_T1_DSV_scores.csv,16.0,,,False,,Unknown,,False,144_R4S_220_EUROL_3_24
2025_09_15_Res4StRes_T1_DSV,IMG_2966.JPG,144_R4S_220_EUROL_3_24,,,,,,,,,2025_09_15_Res4StRes_T1_DSV_scores.csv,2.0,,,False,,Unknown,,False,144_R4S_220_EUROL_3_24
2025_09_15_Res4StRes_T1_DSV,IMG_2967.JPG,145_R4S_457_H31_3_25,,,,,,,,,2025_09_15_Res4StRes_T1_DSV_scores.csv,3.0,,,False,,Unknown,,False,145_R4S_457_H31_3_25
2025_09_15_Res4StRes_T1_DSV,IMG_2968.JPG,145_R4S_457_H31_3_25,,,,,,,,,2025_09_15_Res4StRes_T1_DSV_scores.csv,12.0,,,False,,Unknown,,False,145_R4S_457_H31_3_25
2025_09_15_Res4StRes_T1_DSV,IMG_2969.JPG,145_R4S_457_H31_3_25,,,,,,,,,2025_09_15_Res4StRes_T1_DSV_scores.csv,2.0,,,False,,Unknown,,False,145_R4S_457_H31_3_25
2025_09_15_Res4StRes_T1_DSV,IMG_2970.JPG,146_R4S_185_NK Passion_3_26,,,,,,,,,2025_09_15_Res4StRes_T1_DSV_scores.csv,2.0,,,False,,Unknown,,False,146_R4S_185_NK Passion_3_26
2025_09_15_Res4StRes_T1_DSV,IMG_2971.JPG,146_R4S_185_NK Passion_3_26,,,,,,,,,2025_09_15_Res4StRes_T1_DSV_scores.csv,1.0,,,False,,Unknown,,False,146_R4S_185_NK Passion_3_26
2025_09_15_Res4StRes_T1_DSV,IMG_2972.JPG,146_R4S_185_NK Passion_3_26,,,,,,,,,2025_09_15_Res4StRes_T1_DSV_scores.csv,32.0,,,False,,Unknown,,False,146_R4S_185_NK Passion_3_26
2025_09_15_Res4StRes_T1_DSV,IMG_2973.JPG,147_R4S_495_DSV2_3_27,,,,,,,,,2025_09_15_Res4StRes_T1_DSV_scores.csv,10.0,,,False,,Unknown,,False,147_R4S_495_DSV2_3_27
2025_09_15_Res4StRes_T1_DSV,IMG_2974.JPG,147_R4S_495_DSV2_3_27,,,,,,,,,2025_09_15_Res4StRes_T1_DSV_scores.csv,2.0,,,False,,Unknown,,False,147_R4S_495_DSV2_3_27
2025_09_15_Res4StRes_T1_DSV,IMG_2975.JPG,147_R4S_495_DSV2_3_27,,,,,,,,,2025_09_15_Res4StRes_T1_DSV_scores.csv,3.0,,,False,,Unknown,,False,147_R4S_495_DSV2_3_27
2025_09_15_Res4StRes_T1_DSV,IMG_2976.JPG,148_R4S_453_L16_3_28,,,,,,,,,2025_09_15_Res4StRes_T1_DSV_scores.csv,11.0,,,False,,Unknown,,False,148_R4S_453_L16_3_28
2025_09_15_Res4StRes_T1_DSV,IMG_2976_2.JPG,148_R4S_453_L16_3_28,,,,,,,,,2025_09_15_Res4StRes_T1_DSV_scores.csv,11.0,,,False,,Unknown,,False,148_R4S_453_L16_3_28
2025_09_15_Res4StRes_T1_DSV,IMG_2976_3.JPG,148_R4S_453_L16_3_28,,,,,,,,,2025_09_15_Res4StRes_T1_DSV_scores.csv,23.0,,,False,,Unknown,,False,148_R4S_453_L16_3_28
2025_09_15_Res4StRes_T1_DSV,IMG_2980.JPG,149_R4S_399_Resyn-Goe H226_3_29,,,,,,,,,2025_09_15_Res4StRes_T1_DSV_scores.csv,16.0,,,False,,Unknown,,False,149_R4S_399_Resyn-Goe H226_3_29
2025_09_15_Res4StRes_T1_DSV,IMG_2982.JPG,149_R4S_399_Resyn-Goe H226_3_29,,,,,,,,,2025_09_15_Res4StRes_T1_DSV_scores.csv,3.0,,,False,,Unknown,,False,149_R4S_399_Resyn-Goe H226_3_29
2025_09_15_Res4StRes_T1_DSV,IMG_2983.JPG,149_R4S_399_Resyn-Goe H226_3_29,,,,,,,,,2025_09_15_Res4StRes_T1_DSV_scores.csv,14.0,,,False,,Unknown,,False,149_R4S_399_Resyn-Goe H226_3_29
2025_09_15_Res4StRes_T1_DSV,IMG_2984.JPG,150_R4S_254_Capitol_3_30,,,,,,,,,2025_09_15_Res4StRes_T1_DSV_scores.csv,2.0,,,False,,Unknown,,False,150_R4S_254_Capitol_3_30
2025_09_15_Res4StRes_T1_DSV,IMG_2985.JPG,150_R4S_254_Capitol_3_30,,,,,,,,,2025_09_15_Res4StRes_T1_DSV_scores.csv,10.0,,,False,,Unknown,,False,150_R4S_254_Capitol_3_30
2025_09_15_Res4StRes_T1_DSV,IMG_2986.JPG,150_R4S_254_Capitol_3_30,,,,,,,,,2025_09_15_Res4StRes_T1_DSV_scores.csv,11.0,,,False,,Unknown,,False,150_R4S_254_Capitol_3_30
2025_09_15_Res4StRes_T1_DSV,IMG_2987.JPG,151_R4S_357_E94197_3_31,,,,,,,,,2025_09_15_Res4StRes_T1_DSV_scores.csv,3.0,,,False,,Unknown,,False,151_R4S_357_E94197_3_31
2025_09_15_Res4StRes_T1_DSV,IMG_2988.JPG,151_R4S_357_E94197_3_31,,,,,,,,,2025_09_15_Res4StRes_T1_DSV_scores.csv,3.0,,,False,,Unknown,,False,151_R4S_357_E94197_3_31
2025_09_15_Res4StRes_T1_DSV,IMG_2989.JPG,151_R4S_357_E94197_3_31,,,,,,,,,2025_09_15_Res4StRes_T1_DSV_scores.csv,3.0,,,False,,Unknown,,False,151_R4S_357_E94197_3_31
2025_09_15_Res4StRes_T1_DSV,IMG_2991.JPG,152_R4S_367_English Giant_3_32,,,,,,,,,2025_09_15_Res4StRes_T1_DSV_scores.csv,1.0,,,False,,Unknown,,False,152_R4S_367_English Giant_3_32
2025_09_15_Res4StRes_T1_DSV,IMG_2992.JPG,152_R4S_367_English Giant_3_32,,,,,,,,,2025_09_15_Res4StRes_T1_DSV_scores.csv,1.0,,,False,,Unknown,,False,152_R4S_367_English Giant_3_32
2025_09_15_Res4StRes_T1_DSV,IMG_2993.JPG,152_R4S_367_English Giant_3_32,,,,,,,,,2025_09_15_Res4StRes_T1_DSV_scores.csv,5.0,,,False,,Unknown,,False,152_R4S_367_English Giant_3_32
2025_09_15_Res4StRes_T1_DSV,IMG_2994.JPG,153_R4S_160_Lion_3_33,,,,,,,,,2025_09_15_Res4StRes_T1_DSV_scores.csv,3.0,,,False,,Unknown,,False,153_R4S_160_Lion_3_33
2025_09_15_Res4StRes_T1_DSV,IMG_2995.JPG,153_R4S_160_Lion_3_33,,,,,,,,,2025_09_15_Res4StRes_T1_DSV_scores.csv,6.0,,,False,,Unknown,,False,153_R4S_160_Lion_3_33
2025_09_15_Res4StRes_T1_DSV,IMG_2996.JPG,153_R4S_160_Lion_3_33,,,,,,,,,2025_09_15_Res4StRes_T1_DSV_scores.csv,4.0,,,False,,Unknown,,False,153_R4S_160_Lion_3_33
2025_09_15_Res4StRes_T1_DSV,IMG_2997.JPG,154_R4S_541_Smaragd_3_34,,,,,,,,,2025_09_15_Res4StRes_T1_DSV_scores.csv,2.0,,,False,,Unknown,,False,154_R4S_541_Smaragd_3_34
2025_09_15_Res4StRes_T1_DSV,IMG_2998.JPG,154_R4S_541_Smaragd_3_34,,,,,,,,,2025_09_15_Res4StRes_T1_DSV_scores.csv,2.0,,,False,,Unknown,,False,154_R4S_541_Smaragd_3_34
2025_09_15_Res4StRes_T1_DSV,IMG_2999.JPG,154_R4S_541_Smaragd_3_34,,,,,,,,,2025_09_15_Res4StRes_T1_DSV_scores.csv,8.0,,,False,,Unknown,,False,154_R4S_541_Smaragd_3_34
2025_09_15_Res4StRes_T1_DSV,IMG_3000.JPG,155_R4S_270_Ceres_3_35,,,,,,,,,2025_09_15_Res4StRes_T1_DSV_scores.csv,5.0,,,False,,Unknown,,False,155_R4S_270_Ceres_3_35
2025_09_15_Res4StRes_T1_DSV,IMG_3001.JPG,155_R4S_270_Ceres_3_35,,,,,,,,,2025_09_15_Res4StRes_T1_DSV_scores.csv,3.0,,,False,,Unknown,,False,155_R4S_270_Ceres_3_35
2025_09_15_Res4StRes_T1_DSV,IMG_3002.JPG,155_R4S_270_Ceres_3_35,,,,,,,,,2025_09_15_Res4StRes_T1_DSV_scores.csv,2.0,,,False,,Unknown,,False,155_R4S_270_Ceres_3_35
2025_09_15_Res4StRes_T1_DSV,IMG_3003.JPG,156_R4S_361_CHEMBERE DZAGUMHANA_3_36,,,,,,,,,2025_09_15_Res4StRes_T1_DSV_scores.csv,1.0,,,False,,Unknown,,False,156_R4S_361_CHEMBERE DZAGUMHANA_3_36
2025_09_15_Res4StRes_T1_DSV,IMG_3004.JPG,156_R4S_361_CHEMBERE DZAGUMHANA_3_36,,,,,,,,,2025_09_15_Res4StRes_T1_DSV_scores.csv,1.0,,,False,,Unknown,,False,156_R4S_361_CHEMBERE DZAGUMHANA_3_36
2025_09_15_Res4StRes_T1_DSV,IMG_3005.JPG,156_R4S_361_CHEMBERE DZAGUMHANA_3_36,,,,,,,,,2025_09_15_Res4StRes_T1_DSV_scores.csv,1.0,,,False,,Unknown,,False,156_R4S_361_CHEMBERE DZAGUMHANA_3_36
2025_09_15_Res4StRes_T1_DSV,IMG_3006.JPG,157_R4S_302_Samo_3_37,,,,,,,,,2025_09_15_Res4StRes_T1_DSV_scores.csv,2.0,,,False,,Unknown,,False,157_R4S_302_Samo_3_37
2025_09_15_Res4StRes_T1_DSV,IMG_3007.JPG,157_R4S_302_Samo_3_37,,,,,,,,,2025_09_15_Res4StRes_T1_DSV_scores.csv,1.0,,,False,,Unknown,,False,157_R4S_302_Samo_3_37
2025_09_15_Res4StRes_T1_DSV,IMG_3008.JPG,157_R4S_302_Samo_3_37,,,,,,,,,2025_09_15_Res4StRes_T1_DSV_scores.csv,2.0,,,False,,Unknown,,False,157_R4S_302_Samo_3_37
2025_09_15_Res4StRes_T1_DSV,IMG_3009.JPG,158_R4S_405_L239_3_38,,,,,,,,,2025_09_15_Res4StRes_T1_DSV_scores.csv,1.0,,,False,,Unknown,,False,158_R4S_405_L239_3_38
2025_09_15_Res4StRes_T1_DSV,IMG_3010.JPG,158_R4S_405_L239_3_38,,,,,,,,,2025_09_15_Res4StRes_T1_DSV_scores.csv,2.0,,,False,,Unknown,,False,158_R4S_405_L239_3_38
2025_09_15_Res4StRes_T1_DSV,IMG_3011.JPG,158_R4S_405_L239_3_38,,,,,,,,,2025_09_15_Res4StRes_T1_DSV_scores.csv,3.0,,,False,,Unknown,,False,158_R4S_405_L239_3_38
2025_09_15_Res4StRes_T1_DSV,IMG_3012.JPG,159_R4S_162_Recital_3_39,,,,,,,,,2025_09_15_Res4StRes_T1_DSV_scores.csv,2.0,,,False,,Unknown,,False,159_R4S_162_Recital_3_39
2025_09_15_Res4StRes_T1_DSV,IMG_3013.JPG,159_R4S_162_Recital_3_39,,,,,,,,,2025_09_15_Res4StRes_T1_DSV_scores.csv,2.0,,,False,,Unknown,,False,159_R4S_162_Recital_3_39
2025_09_15_Res4StRes_T1_DSV,IMG_3014.JPG,159_R4S_162_Recital_3_39,,,,,,,,,2025_09_15_Res4StRes_T1_DSV_scores.csv,1.0,,,False,,Unknown,,False,159_R4S_162_Recital_3_39
2025_09_15_Res4StRes_T1_DSV,IMG_3016.JPG,160_R4S_515_R31_3_40,,,,,,,,,2025_09_15_Res4StRes_T1_DSV_scores.csv,5.0,,,False,,Unknown,,False,160_R4S_515_R31_3_40
2025_09_15_Res4StRes_T1_DSV,IMG_3017.JPG,160_R4S_515_R31_3_40,,,,,,,,,2025_09_15_Res4StRes_T1_DSV_scores.csv,1.0,,,False,,Unknown,,False,160_R4S_515_R31_3_40
2025_09_15_Res4StRes_T1_DSV,IMG_3018.JPG,160_R4S_515_R31_3_40,,,,,,,,,2025_09_15_Res4StRes_T1_DSV_scores.csv,1.0,,,False,,Unknown,,False,160_R4S_515_R31_3_40
2025_09_15_Res4StRes_T1_DSV,IMG_3019.JPG,161_R4S_299_Liragruen_3_41,,,,,,,,,2025_09_15_Res4StRes_T1_DSV_scores.csv,7.0,,,False,,Unknown,,False,161_R4S_299_Liragruen_3_41
2025_09_15_Res4StRes_T1_DSV,IMG_3020.JPG,161_R4S_299_Liragruen_3_41,,,,,,,,,2025_09_15_Res4StRes_T1_DSV_scores.csv,12.0,,,False,,Unknown,,False,161_R4S_299_Liragruen_3_41
2025_09_15_Res4StRes_T1_DSV,IMG_3021.JPG,161_R4S_299_Liragruen_3_41,,,,,,,,,2025_09_15_Res4StRes_T1_DSV_scores.csv,9.0,,,False,,Unknown,,False,161_R4S_299_Liragruen_3_41
2025_09_15_Res4StRes_T1_DSV,IMG_3022.JPG,162_R4S_226_Lilian_3_42,,,,,,,,,2025_09_15_Res4StRes_T1_DSV_scores.csv,4.0,,,False,,Unknown,,False,162_R4S_226_Lilian_3_42
2025_09_15_Res4StRes_T1_DSV,IMG_3023.JPG,162_R4S_226_Lilian_3_42,,,,,,,,,2025_09_15_Res4StRes_T1_DSV_scores.csv,5.0,,,False,,Unknown,,False,162_R4S_226_Lilian_3_42
2025_09_15_Res4StRes_T1_DSV,IMG_3024.JPG,162_R4S_226_Lilian_3_42,,,,,,,,,2025_09_15_Res4StRes_T1_DSV_scores.csv,3.0,,,False,,Unknown,,False,162_R4S_226_Lilian_3_42
2025_09_15_Res4StRes_T1_DSV,IMG_3025.JPG,163_R4S_234_Zephir_3_43,,,,,,,,,2025_09_15_Res4StRes_T1_DSV_scores.csv,2.0,,,False,,Unknown,,False,163_R4S_234_Zephir_3_43
2025_09_15_Res4StRes_T1_DSV,IMG_3026.JPG,163_R4S_234_Zephir_3_43,,,,,,,,,2025_09_15_Res4StRes_T1_DSV_scores.csv,3.0,,,False,,Unknown,,False,163_R4S_234_Zephir_3_43
2025_09_15_Res4StRes_T1_DSV,IMG_3029.JPG,163_R4S_234_Zephir_3_43,,,,,,,,,2025_09_15_Res4StRes_T1_DSV_scores.csv,2.0,,,False,,Unknown,,False,163_R4S_234_Zephir_3_43
2025_09_15_Res4StRes_T1_DSV,IMG_3030.JPG,164_R4S_290_Trebicska_3_44,,,,,,,,,2025_09_15_Res4StRes_T1_DSV_scores.csv,4.0,,,False,,Unknown,,False,164_R4S_290_Trebicska_3_44
2025_09_15_Res4StRes_T1_DSV,IMG_3031.JPG,164_R4S_290_Trebicska_3_44,,,,,,,,,2025_09_15_Res4StRes_T1_DSV_scores.csv,7.0,,,False,,Unknown,,False,164_R4S_290_Trebicska_3_44
2025_09_15_Res4StRes_T1_DSV,IMG_3032.JPG,164_R4S_290_Trebicska_3_44,,,,,,,,,2025_09_15_Res4StRes_T1_DSV_scores.csv,2.0,,,False,,Unknown,,False,164_R4S_290_Trebicska_3_44
2025_09_15_Res4StRes_T1_DSV,IMG_3033.JPG,165_R4S_163_Magnum_3_45,,,,,,,,,2025_09_15_Res4StRes_T1_DSV_scores.csv,8.0,,,False,,Unknown,,False,165_R4S_163_Magnum_3_45
2025_09_15_Res4StRes_T1_DSV,IMG_3034.JPG,165_R4S_163_Magnum_3_45,,,,,,,,,2025_09_15_Res4StRes_T1_DSV_scores.csv,14.0,,,False,,Unknown,,False,165_R4S_163_Magnum_3_45
2025_09_15_Res4StRes_T1_DSV,IMG_3035.JPG,165_R4S_163_Magnum_3_45,,,,,,,,,2025_09_15_Res4StRes_T1_DSV_scores.csv,5.0,,,False,,Unknown,,False,165_R4S_163_Magnum_3_45
2025_09_15_Res4StRes_T1_DSV,IMG_3038.JPG,166_R4S_542_Smaragd_3_46,,,,,,,,,2025_09_15_Res4StRes_T1_DSV_scores.csv,10.0,,,False,,Unknown,,False,166_R4S_542_Smaragd_3_46
2025_09_15_Res4StRes_T1_DSV,IMG_3039.JPG,166_R4S_542_Smaragd_3_46,,,,,,,,,2025_09_15_Res4StRes_T1_DSV_scores.csv,14.0,,,False,,Unknown,,False,166_R4S_542_Smaragd_3_46
2025_09_15_Res4StRes_T1_DSV,IMG_3040.JPG,166_R4S_542_Smaragd_3_46,,,,,,,,,2025_09_15_Res4StRes_T1_DSV_scores.csv,12.0,,,False,,Unknown,,False,166_R4S_542_Smaragd_3_46
2025_09_15_Res4StRes_T1_DSV,IMG_3041.JPG,167_R4S_262_Lord_3_47,,,,,,,,,2025_09_15_Res4StRes_T1_DSV_scores.csv,1.0,,,False,,Unknown,,False,167_R4S_262_Lord_3_47
2025_09_15_Res4StRes_T1_DSV,IMG_3042.JPG,167_R4S_262_Lord_3_47,,,,,,,,,2025_09_15_Res4StRes_T1_DSV_scores.csv,4.0,,,False,,Unknown,,False,167_R4S_262_Lord_3_47
2025_09_15_Res4StRes_T1_DSV,IMG_3043.JPG,167_R4S_262_Lord_3_47,,,,,,,,,2025_09_15_Res4StRes_T1_DSV_scores.csv,2.0,,,False,,Unknown,,False,167_R4S_262_Lord_3_47
2025_09_15_Res4StRes_T1_DSV,IMG_3044.JPG,168_R4S_362_BRAUNER SCHNITTKOHL_3_48,,,,,,,,,2025_09_15_Res4StRes_T1_DSV_scores.csv,2.0,,,False,,Unknown,,False,168_R4S_362_BRAUNER SCHNITTKOHL_3_48
2025_09_15_Res4StRes_T1_DSV,IMG_3045.JPG,168_R4S_362_BRAUNER SCHNITTKOHL_3_48,,,,,,,,,2025_09_15_Res4StRes_T1_DSV_scores.csv,2.0,,,False,,Unknown,,False,168_R4S_362_BRAUNER SCHNITTKOHL_3_48
2025_09_15_Res4StRes_T1_DSV,IMG_3046.JPG,168_R4S_362_BRAUNER SCHNITTKOHL_3_48,,,,,,,,,2025_09_15_Res4StRes_T1_DSV_scores.csv,3.0,,,False,,Unknown,,False,168_R4S_362_BRAUNER SCHNITTKOHL_3_48
2025_09_15_Res4StRes_T1_DSV,IMG_3047.JPG,169_R4S_484_R75_3_49,,,,,,,,,2025_09_15_Res4StRes_T1_DSV_scores.csv,12.0,,,False,,Unknown,,False,169_R4S_484_R75_3_49
2025_09_15_Res4StRes_T1_DSV,IMG_3048.JPG,169_R4S_484_R75_3_49,,,,,,,,,2025_09_15_Res4StRes_T1_DSV_scores.csv,1.0,,,False,,Unknown,,False,169_R4S_484_R75_3_49
2025_09_15_Res4StRes_T1_DSV,IMG_3049.JPG,169_R4S_484_R75_3_49,,,,,,,,,2025_09_15_Res4StRes_T1_DSV_scores.csv,15.0,,,False,,Unknown,,False,169_R4S_484_R75_3_49
2025_09_15_Res4StRes_T1_DSV,IMG_3051.JPG,170_R4S_301_Parapluie_3_50,,,,,,,,,2025_09_15_Res4StRes_T1_DSV_scores.csv,20.0,,,False,,Unknown,,False,170_R4S_301_Parapluie_3_50
2025_09_15_Res4StRes_T1_DSV,IMG_3052.JPG,170_R4S_301_Parapluie_3_50,,,,,,,,,2025_09_15_Res4StRes_T1_DSV_scores.csv,1.0,,,False,,Unknown,,False,170_R4S_301_Parapluie_3_50
2025_09_15_Res4StRes_T1_DSV,IMG_3053.JPG,170_R4S_301_Parapluie_3_50,,,,,,,,,2025_09_15_Res4StRes_T1_DSV_scores.csv,6.0,,,False,,Unknown,,False,170_R4S_301_Parapluie_3_50
2025_09_15_Res4StRes_T1_DSV,IMG_3054.JPG,171_R4S_247_Madrigal_3_51,,,,,,,,,2025_09_15_Res4StRes_T1_DSV_scores.csv,2.0,,,False,,Unknown,,False,171_R4S_247_Madrigal_3_51
2025_09_15_Res4StRes_T1_DSV,IMG_3055.JPG,171_R4S_247_Madrigal_3_51,,,,,,,,,2025_09_15_Res4StRes_T1_DSV_scores.csv,14.0,,,False,,Unknown,,False,171_R4S_247_Madrigal_3_51
2025_09_15_Res4StRes_T1_DSV,IMG_3056.JPG,171_R4S_247_Madrigal_3_51,,,,,,,,,2025_09_15_Res4StRes_T1_DSV_scores.csv,19.0,,,False,,Unknown,,False,171_R4S_247_Madrigal_3_51
2025_09_15_Res4StRes_T1_DSV,IMG_3057.JPG,172_R4S_454_S3_3_52,,,,,,,,,2025_09_15_Res4StRes_T1_DSV_scores.csv,2.0,,,False,,Unknown,,False,172_R4S_454_S3_3_52
2025_09_15_Res4StRes_T1_DSV,IMG_3058.JPG,172_R4S_454_S3_3_52,,,,,,,,,2025_09_15_Res4StRes_T1_DSV_scores.csv,2.0,,,False,,Unknown,,False,172_R4S_454_S3_3_52
2025_09_15_Res4StRes_T1_DSV,IMG_3059.JPG,172_R4S_454_S3_3_52,,,,,,,,,2025_09_15_Res4StRes_T1_DSV_scores.csv,22.0,,,False,,Unknown,,False,172_R4S_454_S3_3_52
2025_09_15_Res4StRes_T1_DSV,IMG_3060.JPG,173_R4S_396_Diamant_3_53,,,,,,,,,2025_09_15_Res4StRes_T1_DSV_scores.csv,4.0,,,False,,Unknown,,False,173_R4S_396_Diamant_3_53
2025_09_15_Res4StRes_T1_DSV,IMG_3061.JPG,173_R4S_396_Diamant_3_53,,,,,,,,,2025_09_15_Res4StRes_T1_DSV_scores.csv,22.0,,,False,,Unknown,,False,173_R4S_396_Diamant_3_53
2025_09_15_Res4StRes_T1_DSV,IMG_3062.JPG,173_R4S_396_Diamant_3_53,,,,,,,,,2025_09_15_Res4StRes_T1_DSV_scores.csv,1.0,,,False,,Unknown,,False,173_R4S_396_Diamant_3_53
2025_09_15_Res4StRes_T1_DSV,IMG_3063.JPG,174_R4S_164_Fortis_3_54,,,,,,,,,2025_09_15_Res4StRes_T1_DSV_scores.csv,4.0,,,False,,Unknown,,False,174_R4S_164_Fortis_3_54
2025_09_15_Res4StRes_T1_DSV,IMG_3064.JPG,174_R4S_164_Fortis_3_54,,,,,,,,,2025_09_15_Res4StRes_T1_DSV_scores.csv,4.0,,,False,,Unknown,,False,174_R4S_164_Fortis_3_54
2025_09_15_Res4StRes_T1_DSV,IMG_3065.JPG,174_R4S_164_Fortis_3_54,,,,,,,,,2025_09_15_Res4StRes_T1_DSV_scores.csv,10.0,,,False,,Unknown,,False,174_R4S_164_Fortis_3_54
2025_09_15_Res4StRes_T1_DSV,IMG_3066.JPG,175_R4S_534_WINFRED_3_55,,,,,,,,,2025_09_15_Res4StRes_T1_DSV_scores.csv,2.0,,,False,,Unknown,,False,175_R4S_534_WINFRED_3_55
2025_09_15_Res4StRes_T1_DSV,IMG_3067.JPG,175_R4S_534_WINFRED_3_55,,,,,,,,,2025_09_15_Res4StRes_T1_DSV_scores.csv,3.0,,,False,,Unknown,,False,175_R4S_534_WINFRED_3_55
2025_09_15_Res4StRes_T1_DSV,IMG_3068.JPG,175_R4S_534_WINFRED_3_55,,,,,,,,,2025_09_15_Res4StRes_T1_DSV_scores.csv,15.0,,,False,,Unknown,,False,175_R4S_534_WINFRED_3_55
2025_09_15_Res4StRes_T1_DSV,IMG_3069.JPG,176_R4S_322_Essex Model_3_56,,,,,,,,,2025_09_15_Res4StRes_T1_DSV_scores.csv,8.0,,,False,,Unknown,,False,176_R4S_322_Essex Model_3_56
2025_09_15_Res4StRes_T1_DSV,IMG_3070.JPG,176_R4S_322_Essex Model_3_56,,,,,,,,,2025_09_15_Res4StRes_T1_DSV_scores.csv,2.0,,,False,,Unknown,,False,176_R4S_322_Essex Model_3_56
2025_09_15_Res4StRes_T1_DSV,IMG_3071.JPG,176_R4S_322_Essex Model_3_56,,,,,,,,,2025_09_15_Res4StRes_T1_DSV_scores.csv,8.0,,,False,,Unknown,,False,176_R4S_322_Essex Model_3_56
2025_09_15_Res4StRes_T1_DSV,IMG_3072.JPG,177_R4S_371_MOANA MOANA RAPE_3_57,,,,,,,,,2025_09_15_Res4StRes_T1_DSV_scores.csv,6.0,,,False,,Unknown,,False,177_R4S_371_MOANA MOANA RAPE_3_57
2025_09_15_Res4StRes_T1_DSV,IMG_3073.JPG,177_R4S_371_MOANA MOANA RAPE_3_57,,,,,,,,,2025_09_15_Res4StRes_T1_DSV_scores.csv,5.0,,,False,,Unknown,,False,177_R4S_371_MOANA MOANA RAPE_3_57
2025_09_15_Res4StRes_T1_DSV,IMG_3074.JPG,177_R4S_371_MOANA MOANA RAPE_3_57,,,,,,,,,2025_09_15_Res4StRes_T1_DSV_scores.csv,16.0,,,False,,Unknown,,False,177_R4S_371_MOANA MOANA RAPE_3_57
2025_09_15_Res4StRes_T1_DSV,IMG_3075.JPG,178_R4S_313_FORTIN FAMILY_3_58,,,,,,,,,2025_09_15_Res4StRes_T1_DSV_scores.csv,21.0,,,False,,Unknown,,False,178_R4S_313_FORTIN FAMILY_3_58
2025_09_15_Res4StRes_T1_DSV,IMG_3076.JPG,178_R4S_313_FORTIN FAMILY_3_58,,,,,,,,,2025_09_15_Res4StRes_T1_DSV_scores.csv,10.0,,,False,,Unknown,,False,178_R4S_313_FORTIN FAMILY_3_58
2025_09_15_Res4StRes_T1_DSV,IMG_3077.JPG,178_R4S_313_FORTIN FAMILY_3_58,,,,,,,,,2025_09_15_Res4StRes_T1_DSV_scores.csv,16.0,,,False,,Unknown,,False,178_R4S_313_FORTIN FAMILY_3_58
2025_09_15_Res4StRes_T1_DSV,IMG_3078.JPG,179_R4S_219_Lesira_3_59,,,,,,,,,2025_09_15_Res4StRes_T1_DSV_scores.csv,4.0,,,False,,Unknown,,False,179_R4S_219_Lesira_3_59
2025_09_15_Res4StRes_T1_DSV,IMG_3079.JPG,179_R4S_219_Lesira_3_59,,,,,,,,,2025_09_15_Res4StRes_T1_DSV_scores.csv,5.0,,,False,,Unknown,,False,179_R4S_219_Lesira_3_59
2025_09_15_Res4StRes_T1_DSV,IMG_3080.JPG,179_R4S_219_Lesira_3_59,,,,,,,,,2025_09_15_Res4StRes_T1_DSV_scores.csv,14.0,,,False,,Unknown,,False,179_R4S_219_Lesira_3_59
2025_09_15_Res4StRes_T1_DSV,IMG_3081.JPG,180_R4S_274_Guelzower Oelquell_3_60,,,,,,,,,2025_09_15_Res4StRes_T1_DSV_scores.csv,3.0,,,False,,Unknown,,False,180_R4S_274_Guelzower Oelquell_3_60
2025_09_15_Res4StRes_T1_DSV,IMG_3082.JPG,180_R4S_274_Guelzower Oelquell_3_60,,,,,,,,,2025_09_15_Res4StRes_T1_DSV_scores.csv,18.0,,,False,,Unknown,,False,180_R4S_274_Guelzower Oelquell_3_60
2025_09_15_Res4StRes_T1_DSV,IMG_3083.JPG,180_R4S_274_Guelzower Oelquell_3_60,,,,,,,,,2025_09_15_Res4StRes_T1_DSV_scores.csv,6.0,,,False,,Unknown,,False,180_R4S_274_Guelzower Oelquell_3_60
2025_09_15_Res4StRes_T1_DSV,IMG_3084.JPG,181_R4S_503_Express 617_4_1,,,,,,,,,2025_09_15_Res4StRes_T1_DSV_scores.csv,34.0,,,False,,Unknown,,False,181_R4S_503_Express 617_4_1
2025_09_15_Res4StRes_T1_DSV,IMG_3085.JPG,181_R4S_503_Express 617_4_1,,,,,,,,,2025_09_15_Res4StRes_T1_DSV_scores.csv,10.0,,,False,,Unknown,,False,181_R4S_503_Express 617_4_1
2025_09_15_Res4StRes_T1_DSV,IMG_3086.JPG,181_R4S_503_Express 617_4_1,,,,,,,,,2025_09_15_Res4StRes_T1_DSV_scores.csv,5.0,,,False,,Unknown,,False,181_R4S_503_Express 617_4_1
2025_09_15_Res4StRes_T1_DSV,IMG_3088.JPG,182_R4S_459_S14_4_2,,,,,,,,,2025_09_15_Res4StRes_T1_DSV_scores.csv,18.0,,,False,,Unknown,,False,182_R4S_459_S14_4_2
2025_09_15_Res4StRes_T1_DSV,IMG_3089.JPG,182_R4S_459_S14_4_2,,,,,,,,,2025_09_15_Res4StRes_T1_DSV_scores.csv,4.0,,,False,,Unknown,,False,182_R4S_459_S14_4_2
2025_09_15_Res4StRes_T1_DSV,IMG_3090.JPG,182_R4S_459_S14_4_2,,,,,,,,,2025_09_15_Res4StRes_T1_DSV_scores.csv,9.0,,,False,,Unknown,,False,182_R4S_459_S14_4_2
2025_09_15_Res4StRes_T1_DSV,IMG_3091.JPG,183_R4S_278_Libritta_4_3,,,,,,,,,2025_09_15_Res4StRes_T1_DSV_scores.csv,17.0,,,False,,Unknown,,False,183_R4S_278_Libritta_4_3
2025_09_15_Res4StRes_T1_DSV,IMG_3092.JPG,183_R4S_278_Libritta_4_3,,,,,,,,,2025_09_15_Res4StRes_T1_DSV_scores.csv,17.0,,,False,,Unknown,,False,183_R4S_278_Libritta_4_3
2025_09_15_Res4StRes_T1_DSV,IMG_3093.JPG,183_R4S_278_Libritta_4_3,,,,,,,,,2025_09_15_Res4StRes_T1_DSV_scores.csv,14.0,,,False,,Unknown,,False,183_R4S_278_Libritta_4_3
2025_09_15_Res4StRes_T1_DSV,IMG_3094.JPG,184_R4S_348_Wilhelmsburger_4_4,,,,,,,,,2025_09_15_Res4StRes_T1_DSV_scores.csv,18.0,,,False,,Unknown,,False,184_R4S_348_Wilhelmsburger_4_4
2025_09_15_Res4StRes_T1_DSV,IMG_3095.JPG,184_R4S_348_Wilhelmsburger_4_4,,,,,,,,,2025_09_15_Res4StRes_T1_DSV_scores.csv,4.0,,,False,,Unknown,,False,184_R4S_348_Wilhelmsburger_4_4
2025_09_15_Res4StRes_T1_DSV,IMG_3096.JPG,184_R4S_348_Wilhelmsburger_4_4,,,,,,,,,2025_09_15_Res4StRes_T1_DSV_scores.csv,15.0,,,False,,Unknown,,False,184_R4S_348_Wilhelmsburger_4_4
2025_09_15_Res4StRes_T1_DSV,IMG_3097.JPG,185_R4S_281_Madora_4_5,,,,,,,,,2025_09_15_Res4StRes_T1_DSV_scores.csv,14.0,,,False,,Unknown,,False,185_R4S_281_Madora_4_5
2025_09_15_Res4StRes_T1_DSV,IMG_3098.JPG,185_R4S_281_Madora_4_5,,,,,,,,,2025_09_15_Res4StRes_T1_DSV_scores.csv,17.0,,,False,,Unknown,,False,185_R4S_281_Madora_4_5
2025_09_15_Res4StRes_T1_DSV,IMG_3099.JPG,185_R4S_281_Madora_4_5,,,,,,,,,2025_09_15_Res4StRes_T1_DSV_scores.csv,3.0,,,False,,Unknown,,False,185_R4S_281_Madora_4_5
2025_09_15_Res4StRes_T1_DSV,IMG_3099_2.JPG,186_R4S_381_Panter_4_6,,,,,,,,,2025_09_15_Res4StRes_T1_DSV_scores.csv,12.0,,,False,,Unknown,,False,186_R4S_381_Panter_4_6
2025_09_15_Res4StRes_T1_DSV,IMG_3101.JPG,186_R4S_381_Panter_4_6,,,,,,,,,2025_09_15_Res4StRes_T1_DSV_scores.csv,5.0,,,False,,Unknown,,False,186_R4S_381_Panter_4_6
2025_09_15_Res4StRes_T1_DSV,IMG_3102.JPG,186_R4S_381_Panter_4_6,,,,,,,,,2025_09_15_Res4StRes_T1_DSV_scores.csv,9.0,,,False,,Unknown,,False,186_R4S_381_Panter_4_6
2025_09_15_Res4StRes_T1_DSV,IMG_3103.JPG,187_R4S_158_Lipid_4_7,,,,,,,,,2025_09_15_Res4StRes_T1_DSV_scores.csv,3.0,,,False,,Unknown,,False,187_R4S_158_Lipid_4_7
2025_09_15_Res4StRes_T1_DSV,IMG_3104.JPG,187_R4S_158_Lipid_4_7,,,,,,,,,2025_09_15_Res4StRes_T1_DSV_scores.csv,3.0,,,False,,Unknown,,False,187_R4S_158_Lipid_4_7
2025_09_15_Res4StRes_T1_DSV,IMG_3104_2.JPG,187_R4S_158_Lipid_4_7,,,,,,,,,2025_09_15_Res4StRes_T1_DSV_scores.csv,15.0,,,False,,Unknown,,False,187_R4S_158_Lipid_4_7
2025_09_15_Res4StRes_T1_DSV,IMG_3106.JPG,188_R4S_436_RS13/6_4_8,,,,,,,,,2025_09_15_Res4StRes_T1_DSV_scores.csv,18.0,,,False,,Unknown,,False,188_R4S_436_RS13/6_4_8
2025_09_15_Res4StRes_T1_DSV,IMG_3107.JPG,188_R4S_436_RS13/6_4_8,,,,,,,,,2025_09_15_Res4StRes_T1_DSV_scores.csv,6.0,,,False,,Unknown,,False,188_R4S_436_RS13/6_4_8
2025_09_15_Res4StRes_T1_DSV,IMG_3109.JPG,188_R4S_436_RS13/6_4_8,,,,,,,,,2025_09_15_Res4StRes_T1_DSV_scores.csv,3.0,,,False,,Unknown,,False,188_R4S_436_RS13/6_4_8
2025_09_15_Res4StRes_T1_DSV,IMG_3110.JPG,189_R4S_380_Sarepta_4_9,,,,,,,,,2025_09_15_Res4StRes_T1_DSV_scores.csv,2.0,,,False,,Unknown,,False,189_R4S_380_Sarepta_4_9
2025_09_15_Res4StRes_T1_DSV,IMG_3111.JPG,189_R4S_380_Sarepta_4_9,,,,,,,,,2025_09_15_Res4StRes_T1_DSV_scores.csv,3.0,,,False,,Unknown,,False,189_R4S_380_Sarepta_4_9
2025_09_15_Res4StRes_T1_DSV,IMG_3112.JPG,189_R4S_380_Sarepta_4_9,,,,,,,,,2025_09_15_Res4StRes_T1_DSV_scores.csv,2.0,,,False,,Unknown,,False,189_R4S_380_Sarepta_4_9
2025_09_15_Res4StRes_T1_DSV,IMG_3113.JPG,190_R4S_323_Parkside_4_10,,,,,,,,,2025_09_15_Res4StRes_T1_DSV_scores.csv,3.0,,,False,,Unknown,,False,190_R4S_323_Parkside_4_10
2025_09_15_Res4StRes_T1_DSV,IMG_3114.JPG,190_R4S_323_Parkside_4_10,,,,,,,,,2025_09_15_Res4StRes_T1_DSV_scores.csv,48.0,,,False,,Unknown,,False,190_R4S_323_Parkside_4_10
2025_09_15_Res4StRes_T1_DSV,IMG_3115.JPG,190_R4S_323_Parkside_4_10,,,,,,,,,2025_09_15_Res4StRes_T1_DSV_scores.csv,4.0,,,False,,Unknown,,False,190_R4S_323_Parkside_4_10
2025_09_15_Res4StRes_T1_DSV,IMG_3116.JPG,191_R4S_276_Jupiter_4_11,,,,,,,,,2025_09_15_Res4StRes_T1_DSV_scores.csv,25.0,,,False,,Unknown,,False,191_R4S_276_Jupiter_4_11
2025_09_15_Res4StRes_T1_DSV,IMG_3117.JPG,191_R4S_276_Jupiter_4_11,,,,,,,,,2025_09_15_Res4StRes_T1_DSV_scores.csv,16.0,,,False,,Unknown,,False,191_R4S_276_Jupiter_4_11
2025_09_15_Res4StRes_T1_DSV,IMG_3118.JPG,191_R4S_276_Jupiter_4_11,,,,,,,,,2025_09_15_Res4StRes_T1_DSV_scores.csv,14.0,,,False,,Unknown,,False,191_R4S_276_Jupiter_4_11
2025_09_15_Res4StRes_T1_DSV,IMG_3119.JPG,192_R4S_152_Missouri_4_12,,,,,,,,,2025_09_15_Res4StRes_T1_DSV_scores.csv,3.0,,,False,,Unknown,,False,192_R4S_152_Missouri_4_12
2025_09_15_Res4StRes_T1_DSV,IMG_3120.JPG,192_R4S_152_Missouri_4_12,,,,,,,,,2025_09_15_Res4StRes_T1_DSV_scores.csv,45.0,,,False,,Unknown,,False,192_R4S_152_Missouri_4_12
2025_09_15_Res4StRes_T1_DSV,IMG_3121.JPG,192_R4S_152_Missouri_4_12,,,,,,,,,2025_09_15_Res4StRes_T1_DSV_scores.csv,2.0,,,False,,Unknown,,False,192_R4S_152_Missouri_4_12
2025_09_15_Res4StRes_T1_DSV,IMG_3122.JPG,193_R4S_504_Express 617_4_13,,,,,,,,,2025_09_15_Res4StRes_T1_DSV_scores.csv,3.0,,,False,,Unknown,,False,193_R4S_504_Express 617_4_13
2025_09_15_Res4StRes_T1_DSV,IMG_3123.JPG,193_R4S_504_Express 617_4_13,,,,,,,,,2025_09_15_Res4StRes_T1_DSV_scores.csv,3.0,,,False,,Unknown,,False,193_R4S_504_Express 617_4_13
2025_09_15_Res4StRes_T1_DSV,IMG_3124.JPG,193_R4S_504_Express 617_4_13,,,,,,,,,2025_09_15_Res4StRes_T1_DSV_scores.csv,2.0,,,False,,Unknown,,False,193_R4S_504_Express 617_4_13
2025_09_15_Res4StRes_T1_DSV,IMG_3126.JPG,194_R4S_172_Aragon_4_14,,,,,,,,,2025_09_15_Res4StRes_T1_DSV_scores.csv,3.0,,,False,,Unknown,,False,194_R4S_172_Aragon_4_14
2025_09_15_Res4StRes_T1_DSV,IMG_3127.JPG,194_R4S_172_Aragon_4_14,,,,,,,,,2025_09_15_Res4StRes_T1_DSV_scores.csv,4.0,,,False,,Unknown,,False,194_R4S_172_Aragon_4_14
2025_09_15_Res4StRes_T1_DSV,IMG_3128.JPG,194_R4S_172_Aragon_4_14,,,,,,,,,2025_09_15_Res4StRes_T1_DSV_scores.csv,5.0,,,False,,Unknown,,False,194_R4S_172_Aragon_4_14
2025_09_15_Res4StRes_T1_DSV,IMG_3129.JPG,195_R4S_502_LG Aviron_4_15,,,,,,,,,2025_09_15_Res4StRes_T1_DSV_scores.csv,2.0,,,False,,Unknown,,False,195_R4S_502_LG Aviron_4_15
2025_09_15_Res4StRes_T1_DSV,IMG_3130.JPG,195_R4S_502_LG Aviron_4_15,,,,,,,,,2025_09_15_Res4StRes_T1_DSV_scores.csv,3.0,,,False,,Unknown,,False,195_R4S_502_LG Aviron_4_15
2025_09_15_Res4StRes_T1_DSV,IMG_3131.JPG,195_R4S_502_LG Aviron_4_15,,,,,,,,,2025_09_15_Res4StRes_T1_DSV_scores.csv,2.0,,,False,,Unknown,,False,195_R4S_502_LG Aviron_4_15
2025_09_15_Res4StRes_T1_DSV,IMG_3132.JPG,196_R4S_251_Lisabeth_4_16,,,,,,,,,2025_09_15_Res4StRes_T1_DSV_scores.csv,3.0,,,False,,Unknown,,False,196_R4S_251_Lisabeth_4_16
2025_09_15_Res4StRes_T1_DSV,IMG_3133.JPG,196_R4S_251_Lisabeth_4_16,,,,,,,,,2025_09_15_Res4StRes_T1_DSV_scores.csv,2.0,,,False,,Unknown,,False,196_R4S_251_Lisabeth_4_16
2025_09_15_Res4StRes_T1_DSV,IMG_3134.JPG,196_R4S_251_Lisabeth_4_16,,,,,,,,,2025_09_15_Res4StRes_T1_DSV_scores.csv,3.0,,,False,,Unknown,,False,196_R4S_251_Lisabeth_4_16
2025_09_15_Res4StRes_T1_DSV,IMG_3135.JPG,197_R4S_183_Prince_4_17,,,,,,,,,2025_09_15_Res4StRes_T1_DSV_scores.csv,4.0,,,False,,Unknown,,False,197_R4S_183_Prince_4_17
2025_09_15_Res4StRes_T1_DSV,IMG_3136.JPG,197_R4S_183_Prince_4_17,,,,,,,,,2025_09_15_Res4StRes_T1_DSV_scores.csv,2.0,,,False,,Unknown,,False,197_R4S_183_Prince_4_17
2025_09_15_Res4StRes_T1_DSV,IMG_3137.JPG,197_R4S_183_Prince_4_17,,,,,,,,,2025_09_15_Res4StRes_T1_DSV_scores.csv,2.0,,,False,,Unknown,,False,197_R4S_183_Prince_4_17
2025_09_15_Res4StRes_T1_DSV,IMG_3138.JPG,198_R4S_407_S39_4_18,,,,,,,,,2025_09_15_Res4StRes_T1_DSV_scores.csv,5.0,,,False,,Unknown,,False,198_R4S_407_S39_4_18
2025_09_15_Res4StRes_T1_DSV,IMG_3139.JPG,198_R4S_407_S39_4_18,,,,,,,,,2025_09_15_Res4StRes_T1_DSV_scores.csv,3.0,,,False,,Unknown,,False,198_R4S_407_S39_4_18
2025_09_15_Res4StRes_T1_DSV,IMG_3140.JPG,198_R4S_407_S39_4_18,,,,,,,,,2025_09_15_Res4StRes_T1_DSV_scores.csv,3.0,,,False,,Unknown,,False,198_R4S_407_S39_4_18
2025_09_15_Res4StRes_T1_DSV,IMG_3141.JPG,199_R4S_159_Lipton_4_19,,,,,,,,,2025_09_15_Res4StRes_T1_DSV_scores.csv,4.0,,,False,,Unknown,,False,199_R4S_159_Lipton_4_19
2025_09_15_Res4StRes_T1_DSV,IMG_3142.JPG,199_R4S_159_Lipton_4_19,,,,,,,,,2025_09_15_Res4StRes_T1_DSV_scores.csv,3.0,,,False,,Unknown,,False,199_R4S_159_Lipton_4_19
2025_09_15_Res4StRes_T1_DSV,IMG_3143.JPG,199_R4S_159_Lipton_4_19,,,,,,,,,2025_09_15_Res4StRes_T1_DSV_scores.csv,3.0,,,False,,Unknown,,False,199_R4S_159_Lipton_4_19
2025_09_15_Res4StRes_T1_DSV,IMG_3144.JPG,200_R4S_372_CANARD_4_20,,,,,,,,,2025_09_15_Res4StRes_T1_DSV_scores.csv,2.0,,,False,,Unknown,,False,200_R4S_372_CANARD_4_20
2025_09_15_Res4StRes_T1_DSV,IMG_3145.JPG,200_R4S_372_CANARD_4_20,,,,,,,,,2025_09_15_Res4StRes_T1_DSV_scores.csv,2.0,,,False,,Unknown,,False,200_R4S_372_CANARD_4_20
2025_09_15_Res4StRes_T1_DSV,IMG_3146.JPG,200_R4S_372_CANARD_4_20,,,,,,,,,2025_09_15_Res4StRes_T1_DSV_scores.csv,2.0,,,False,,Unknown,,False,200_R4S_372_CANARD_4_20
2025_09_15_Res4StRes_T1_DSV,IMG_3146_2.JPG,201_R4S_324_Scotia_4_21,,,,,,,,,2025_09_15_Res4StRes_T1_DSV_scores.csv,4.0,,,False,,Unknown,,False,201_R4S_324_Scotia_4_21
2025_09_15_Res4StRes_T1_DSV,IMG_3148.JPG,201_R4S_324_Scotia_4_21,,,,,,,,,2025_09_15_Res4StRes_T1_DSV_scores.csv,2.0,,,False,,Unknown,,False,201_R4S_324_Scotia_4_21
2025_09_15_Res4StRes_T1_DSV,IMG_3150.JPG,201_R4S_324_Scotia_4_21,,,,,,,,,2025_09_15_Res4StRes_T1_DSV_scores.csv,2.0,,,False,,Unknown,,False,201_R4S_324_Scotia_4_21
2025_09_15_Res4StRes_T1_DSV,IMG_3151.JPG,202_R4S_500_LG Atlas_4_22,,,,,,,,,2025_09_15_Res4StRes_T1_DSV_scores.csv,3.0,,,False,,Unknown,,False,202_R4S_500_LG Atlas_4_22
2025_09_15_Res4StRes_T1_DSV,IMG_3152.JPG,202_R4S_500_LG Atlas_4_22,,,,,,,,,2025_09_15_Res4StRes_T1_DSV_scores.csv,10.0,,,False,,Unknown,,False,202_R4S_500_LG Atlas_4_22
2025_09_15_Res4StRes_T1_DSV,IMG_3153.JPG,202_R4S_500_LG Atlas_4_22,,,,,,,,,2025_09_15_Res4StRes_T1_DSV_scores.csv,3.0,,,False,,Unknown,,False,202_R4S_500_LG Atlas_4_22
2025_09_15_Res4StRes_T1_DSV,IMG_3154.JPG,203_R4S_448_K160.1.1_4_23,,,,,,,,,2025_09_15_Res4StRes_T1_DSV_scores.csv,2.0,,,False,,Unknown,,False,203_R4S_448_K160.1.1_4_23
2025_09_15_Res4StRes_T1_DSV,IMG_3155.JPG,203_R4S_448_K160.1.1_4_23,,,,,,,,,2025_09_15_Res4StRes_T1_DSV_scores.csv,2.0,,,False,,Unknown,,False,203_R4S_448_K160.1.1_4_23
2025_09_15_Res4StRes_T1_DSV,IMG_3156.JPG,203_R4S_448_K160.1.1_4_23,,,,,,,,,2025_09_15_Res4StRes_T1_DSV_scores.csv,4.0,,,False,,Unknown,,False,203_R4S_448_K160.1.1_4_23
2025_09_15_Res4StRes_T1_DSV,IMG_3157.JPG,204_R4S_549_ALLESANDRO KWS_4_24,,,,,,,,,2025_09_15_Res4StRes_T1_DSV_scores.csv,3.0,,,False,,Unknown,,False,204_R4S_549_ALLESANDRO KWS_4_24
2025_09_15_Res4StRes_T1_DSV,IMG_3158.JPG,204_R4S_549_ALLESANDRO KWS_4_24,,,,,,,,,2025_09_15_Res4StRes_T1_DSV_scores.csv,2.0,,,False,,Unknown,,False,204_R4S_549_ALLESANDRO KWS_4_24
2025_09_15_Res4StRes_T1_DSV,IMG_3159.JPG,204_R4S_549_ALLESANDRO KWS_4_24,,,,,,,,,2025_09_15_Res4StRes_T1_DSV_scores.csv,21.0,,,False,,Unknown,,False,204_R4S_549_ALLESANDRO KWS_4_24
2025_09_15_Res4StRes_T1_DSV,IMG_3160.JPG,205_R4S_205_RESYN-H048_4_25,,,,,,,,,2025_09_15_Res4StRes_T1_DSV_scores.csv,8.0,,,False,,Unknown,,False,205_R4S_205_RESYN-H048_4_25
2025_09_15_Res4StRes_T1_DSV,IMG_3161.JPG,205_R4S_205_RESYN-H048_4_25,,,,,,,,,2025_09_15_Res4StRes_T1_DSV_scores.csv,6.0,,,False,,Unknown,,False,205_R4S_205_RESYN-H048_4_25
2025_09_15_Res4StRes_T1_DSV,IMG_3162.JPG,205_R4S_205_RESYN-H048_4_25,,,,,,,,,2025_09_15_Res4StRes_T1_DSV_scores.csv,3.0,,,False,,Unknown,,False,205_R4S_205_RESYN-H048_4_25
2025_09_15_Res4StRes_T1_DSV,IMG_3163.JPG,206_R4S_352_LORD DERBY_4_26,,,,,,,,,2025_09_15_Res4StRes_T1_DSV_scores.csv,2.0,,,False,,Unknown,,False,206_R4S_352_LORD DERBY_4_26
2025_09_15_Res4StRes_T1_DSV,IMG_3164.JPG,206_R4S_352_LORD DERBY_4_26,,,,,,,,,2025_09_15_Res4StRes_T1_DSV_scores.csv,3.0,,,False,,Unknown,,False,206_R4S_352_LORD DERBY_4_26
2025_09_15_Res4StRes_T1_DSV,IMG_3165.JPG,206_R4S_352_LORD DERBY_4_26,,,,,,,,,2025_09_15_Res4StRes_T1_DSV_scores.csv,2.0,,,False,,Unknown,,False,206_R4S_352_LORD DERBY_4_26
2025_09_15_Res4StRes_T1_DSV,IMG_3166.JPG,207_R4S_346_Angus_4_27,,,,,,,,,2025_09_15_Res4StRes_T1_DSV_scores.csv,,,,False,,Unknown,,False,207_R4S_346_Angus_4_27
2025_09_15_Res4StRes_T1_DSV,IMG_3167.JPG,207_R4S_346_Angus_4_27,,,,,,,,,2025_09_15_Res4StRes_T1_DSV_scores.csv,,,,False,,Unknown,,False,207_R4S_346_Angus_4_27
2025_09_15_Res4StRes_T1_DSV,IMG_3168.JPG,207_R4S_346_Angus_4_27,,,,,,,,,2025_09_15_Res4StRes_T1_DSV_scores.csv,,,,False,,Unknown,,False,207_R4S_346_Angus_4_27
2025_09_15_Res4StRes_T1_DSV,IMG_3169.JPG,208_R4S_439_R76_4_28,,,,,,,,,2025_09_15_Res4StRes_T1_DSV_scores.csv,2.0,,,False,,Unknown,,False,208_R4S_439_R76_4_28
2025_09_15_Res4StRes_T1_DSV,IMG_3170.JPG,208_R4S_439_R76_4_28,,,,,,,,,2025_09_15_Res4StRes_T1_DSV_scores.csv,3.0,,,False,,Unknown,,False,208_R4S_439_R76_4_28
2025_09_15_Res4StRes_T1_DSV,IMG_3171.JPG,208_R4S_439_R76_4_28,,,,,,,,,2025_09_15_Res4StRes_T1_DSV_scores.csv,26.0,,,False,,Unknown,,False,208_R4S_439_R76_4_28
2025_09_15_Res4StRes_T1_DSV,IMG_3172.JPG,209_R4S_146_K615_4_29,,,,,,,,,2025_09_15_Res4StRes_T1_DSV_scores.csv,3.0,,,False,,Unknown,,False,209_R4S_146_K615_4_29
2025_09_15_Res4StRes_T1_DSV,IMG_3173.JPG,209_R4S_146_K615_4_29,,,,,,,,,2025_09_15_Res4StRes_T1_DSV_scores.csv,2.0,,,False,,Unknown,,False,209_R4S_146_K615_4_29
2025_09_15_Res4StRes_T1_DSV,IMG_3174.JPG,209_R4S_146_K615_4_29,,,,,,,,,2025_09_15_Res4StRes_T1_DSV_scores.csv,5.0,,,False,,Unknown,,False,209_R4S_146_K615_4_29
2025_09_15_Res4StRes_T1_DSV,IMG_3175.JPG,210_R4S_523_Taisetsu_4_30,,,,,,,,,2025_09_15_Res4StRes_T1_DSV_scores.csv,4.0,,,False,,Unknown,,False,210_R4S_523_Taisetsu_4_30
2025_09_15_Res4StRes_T1_DSV,IMG_3176.JPG,210_R4S_523_Taisetsu_4_30,,,,,,,,,2025_09_15_Res4StRes_T1_DSV_scores.csv,3.0,,,False,,Unknown,,False,210_R4S_523_Taisetsu_4_30
2025_09_15_Res4StRes_T1_DSV,IMG_3177.JPG,210_R4S_523_Taisetsu_4_30,,,,,,,,,2025_09_15_Res4StRes_T1_DSV_scores.csv,2.0,,,False,,Unknown,,False,210_R4S_523_Taisetsu_4_30
2025_09_15_Res4StRes_T1_DSV,IMG_3178.JPG,211_R4S_239_SW Sinatra_4_31,,,,,,,,,2025_09_15_Res4StRes_T1_DSV_scores.csv,4.0,,,False,,Unknown,,False,211_R4S_239_SW Sinatra_4_31
2025_09_15_Res4StRes_T1_DSV,IMG_3179.JPG,211_R4S_239_SW Sinatra_4_31,,,,,,,,,2025_09_15_Res4StRes_T1_DSV_scores.csv,3.0,,,False,,Unknown,,False,211_R4S_239_SW Sinatra_4_31
2025_09_15_Res4StRes_T1_DSV,IMG_3180.JPG,211_R4S_239_SW Sinatra_4_31,,,,,,,,,2025_09_15_Res4StRes_T1_DSV_scores.csv,5.0,,,False,,Unknown,,False,211_R4S_239_SW Sinatra_4_31
2025_09_15_Res4StRes_T1_DSV,IMG_3181.JPG,212_R4S_347_Aberdeenshire Prize_4_32,,,,,,,,,2025_09_15_Res4StRes_T1_DSV_scores.csv,2.0,,,False,,Unknown,,False,212_R4S_347_Aberdeenshire Prize_4_32
2025_09_15_Res4StRes_T1_DSV,IMG_3182.JPG,212_R4S_347_Aberdeenshire Prize_4_32,,,,,,,,,2025_09_15_Res4StRes_T1_DSV_scores.csv,3.0,,,False,,Unknown,,False,212_R4S_347_Aberdeenshire Prize_4_32
2025_09_15_Res4StRes_T1_DSV,IMG_3183.JPG,212_R4S_347_Aberdeenshire Prize_4_32,,,,,,,,,2025_09_15_Res4StRes_T1_DSV_scores.csv,4.0,,,False,,Unknown,,False,212_R4S_347_Aberdeenshire Prize_4_32
2025_09_15_Res4StRes_T1_DSV,IMG_3184.JPG,213_R4S_304_Q100_4_33,,,,,,,,,2025_09_15_Res4StRes_T1_DSV_scores.csv,3.0,,,False,,Unknown,,False,213_R4S_304_Q100_4_33
2025_09_15_Res4StRes_T1_DSV,IMG_3185.JPG,213_R4S_304_Q100_4_33,,,,,,,,,2025_09_15_Res4StRes_T1_DSV_scores.csv,5.0,,,False,,Unknown,,False,213_R4S_304_Q100_4_33
2025_09_15_Res4StRes_T1_DSV,IMG_3186.JPG,213_R4S_304_Q100_4_33,,,,,,,,,2025_09_15_Res4StRes_T1_DSV_scores.csv,4.0,,,False,,Unknown,,False,213_R4S_304_Q100_4_33
2025_09_15_Res4StRes_T1_DSV,IMG_3187.JPG,214_R4S_418_R64_4_34,,,,,,,,,2025_09_15_Res4StRes_T1_DSV_scores.csv,3.0,,,False,,Unknown,,False,214_R4S_418_R64_4_34
2025_09_15_Res4StRes_T1_DSV,IMG_3188.JPG,214_R4S_418_R64_4_34,,,,,,,,,2025_09_15_Res4StRes_T1_DSV_scores.csv,2.0,,,False,,Unknown,,False,214_R4S_418_R64_4_34
2025_09_15_Res4StRes_T1_DSV,IMG_3189.JPG,214_R4S_418_R64_4_34,,,,,,,,,2025_09_15_Res4StRes_T1_DSV_scores.csv,1.0,,,False,,Unknown,,False,214_R4S_418_R64_4_34
2025_09_15_Res4StRes_T1_DSV,IMG_3190.JPG,215_R4S_237_Lorenz_4_35,,,,,,,,,2025_09_15_Res4StRes_T1_DSV_scores.csv,2.0,,,False,,Unknown,,False,215_R4S_237_Lorenz_4_35
2025_09_15_Res4StRes_T1_DSV,IMG_3191.JPG,215_R4S_237_Lorenz_4_35,,,,,,,,,2025_09_15_Res4StRes_T1_DSV_scores.csv,2.0,,,False,,Unknown,,False,215_R4S_237_Lorenz_4_35
2025_09_15_Res4StRes_T1_DSV,IMG_3192.JPG,215_R4S_237_Lorenz_4_35,,,,,,,,,2025_09_15_Res4StRes_T1_DSV_scores.csv,3.0,,,False,,Unknown,,False,215_R4S_237_Lorenz_4_35
2025_09_15_Res4StRes_T1_DSV,IMG_3193.JPG,216_R4S_550_ALLESANDRO KWS_4_36,,,,,,,,,2025_09_15_Res4StRes_T1_DSV_scores.csv,1.0,,,False,,Unknown,,False,216_R4S_550_ALLESANDRO KWS_4_36
2025_09_15_Res4StRes_T1_DSV,IMG_3194.JPG,216_R4S_550_ALLESANDRO KWS_4_36,,,,,,,,,2025_09_15_Res4StRes_T1_DSV_scores.csv,1.0,,,False,,Unknown,,False,216_R4S_550_ALLESANDRO KWS_4_36
2025_09_15_Res4StRes_T1_DSV,IMG_3195.JPG,216_R4S_550_ALLESANDRO KWS_4_36,,,,,,,,,2025_09_15_Res4StRes_T1_DSV_scores.csv,1.0,,,False,,Unknown,,False,216_R4S_550_ALLESANDRO KWS_4_36
2025_09_15_Res4StRes_T1_DSV,IMG_3196.JPG,217_R4S_365_Palu_4_37,,,,,,,,,2025_09_15_Res4StRes_T1_DSV_scores.csv,2.0,,,False,,Unknown,,False,217_R4S_365_Palu_4_37
2025_09_15_Res4StRes_T1_DSV,IMG_3197.JPG,217_R4S_365_Palu_4_37,,,,,,,,,2025_09_15_Res4StRes_T1_DSV_scores.csv,2.0,,,False,,Unknown,,False,217_R4S_365_Palu_4_37
2025_09_15_Res4StRes_T1_DSV,IMG_3198.JPG,217_R4S_365_Palu_4_37,,,,,,,,,2025_09_15_Res4StRes_T1_DSV_scores.csv,1.0,,,False,,Unknown,,False,217_R4S_365_Palu_4_37
2025_09_15_Res4StRes_T1_DSV,IMG_3199.JPG,218_R4S_238_Viking_4_38,,,,,,,,,2025_09_15_Res4StRes_T1_DSV_scores.csv,2.0,,,False,,Unknown,,False,218_R4S_238_Viking_4_38
2025_09_15_Res4StRes_T1_DSV,IMG_3200.JPG,218_R4S_238_Viking_4_38,,,,,,,,,2025_09_15_Res4StRes_T1_DSV_scores.csv,2.0,,,False,,Unknown,,False,218_R4S_238_Viking_4_38
2025_09_15_Res4StRes_T1_DSV,IMG_3201.JPG,218_R4S_238_Viking_4_38,,,,,,,,,2025_09_15_Res4StRes_T1_DSV_scores.csv,2.0,,,False,,Unknown,,False,218_R4S_238_Viking_4_38
2025_09_15_Res4StRes_T1_DSV,IMG_3202.JPG,219_R4S_334_Sator Oetofte_4_39,,,,,,,,,2025_09_15_Res4StRes_T1_DSV_scores.csv,6.0,,,False,,Unknown,,False,219_R4S_334_Sator Oetofte_4_39
2025_09_15_Res4StRes_T1_DSV,IMG_3203.JPG,219_R4S_334_Sator Oetofte_4_39,,,,,,,,,2025_09_15_Res4StRes_T1_DSV_scores.csv,4.0,,,False,,Unknown,,False,219_R4S_334_Sator Oetofte_4_39
2025_09_15_Res4StRes_T1_DSV,IMG_3204.JPG,219_R4S_334_Sator Oetofte_4_39,,,,,,,,,2025_09_15_Res4StRes_T1_DSV_scores.csv,1.0,,,False,,Unknown,,False,219_R4S_334_Sator Oetofte_4_39
2025_09_15_Res4StRes_T1_DSV,IMG_3205.JPG,220_R4S_206_Resyn-Goe S4_4_40,,,,,,,,,2025_09_15_Res4StRes_T1_DSV_scores.csv,1.0,,,False,,Unknown,,False,220_R4S_206_Resyn-Goe S4_4_40
2025_09_15_Res4StRes_T1_DSV,IMG_3206.JPG,220_R4S_206_Resyn-Goe S4_4_40,,,,,,,,,2025_09_15_Res4StRes_T1_DSV_scores.csv,3.0,,,False,,Unknown,,False,220_R4S_206_Resyn-Goe S4_4_40
2025_09_15_Res4StRes_T1_DSV,IMG_3207.JPG,220_R4S_206_Resyn-Goe S4_4_40,,,,,,,,,2025_09_15_Res4StRes_T1_DSV_scores.csv,4.0,,,False,,Unknown,,False,220_R4S_206_Resyn-Goe S4_4_40
2025_09_15_Res4StRes_T1_DSV,IMG_3208.JPG,221_R4S_339_Tina_4_41,,,,,,,,,2025_09_15_Res4StRes_T1_DSV_scores.csv,1.0,,,False,,Unknown,,False,221_R4S_339_Tina_4_41
2025_09_15_Res4StRes_T1_DSV,IMG_3209.JPG,221_R4S_339_Tina_4_41,,,,,,,,,2025_09_15_Res4StRes_T1_DSV_scores.csv,1.0,,,False,,Unknown,,False,221_R4S_339_Tina_4_41
2025_09_15_Res4StRes_T1_DSV,IMG_3210.JPG,221_R4S_339_Tina_4_41,,,,,,,,,2025_09_15_Res4StRes_T1_DSV_scores.csv,1.0,,,False,,Unknown,,False,221_R4S_339_Tina_4_41
2025_09_15_Res4StRes_T1_DSV,IMG_3211.JPG,222_R4S_315_VOGESA_4_42,,,,,,,,,2025_09_15_Res4StRes_T1_DSV_scores.csv,2.0,,,False,,Unknown,,False,222_R4S_315_VOGESA_4_42
2025_09_15_Res4StRes_T1_DSV,IMG_3212.JPG,222_R4S_315_VOGESA_4_42,,,,,,,,,2025_09_15_Res4StRes_T1_DSV_scores.csv,1.0,,,False,,Unknown,,False,222_R4S_315_VOGESA_4_42
2025_09_15_Res4StRes_T1_DSV,IMG_3214.JPG,222_R4S_315_VOGESA_4_42,,,,,,,,,2025_09_15_Res4StRes_T1_DSV_scores.csv,1.0,,,False,,Unknown,,False,222_R4S_315_VOGESA_4_42
2025_09_15_Res4StRes_T1_DSV,IMG_3215.JPG,223_R4S_533_WINFRED_4_43,,,,,,,,,2025_09_15_Res4StRes_T1_DSV_scores.csv,15.0,,,False,,Unknown,,False,223_R4S_533_WINFRED_4_43
2025_09_15_Res4StRes_T1_DSV,IMG_3216.JPG,223_R4S_533_WINFRED_4_43,,,,,,,,,2025_09_15_Res4StRes_T1_DSV_scores.csv,1.0,,,False,,Unknown,,False,223_R4S_533_WINFRED_4_43
2025_09_15_Res4StRes_T1_DSV,IMG_3217.JPG,223_R4S_533_WINFRED_4_43,,,,,,,,,2025_09_15_Res4StRes_T1_DSV_scores.csv,1.0,,,False,,Unknown,,False,223_R4S_533_WINFRED_4_43
2025_09_15_Res4StRes_T1_DSV,IMG_3218.JPG,224_R4S_264_Allure_4_44,,,,,,,,,2025_09_15_Res4StRes_T1_DSV_scores.csv,1.0,,,False,,Unknown,,False,224_R4S_264_Allure_4_44
2025_09_15_Res4StRes_T1_DSV,IMG_3219.JPG,224_R4S_264_Allure_4_44,,,,,,,,,2025_09_15_Res4StRes_T1_DSV_scores.csv,1.0,,,False,,Unknown,,False,224_R4S_264_Allure_4_44
2025_09_15_Res4StRes_T1_DSV,IMG_3220.JPG,224_R4S_264_Allure_4_44,,,,,,,,,2025_09_15_Res4StRes_T1_DSV_scores.csv,1.0,,,False,,Unknown,,False,224_R4S_264_Allure_4_44
2025_09_15_Res4StRes_T1_DSV,IMG_3221.JPG,225_R4S_488_R12_4_45,,,,,,,,,2025_09_15_Res4StRes_T1_DSV_scores.csv,1.0,,,False,,Unknown,,False,225_R4S_488_R12_4_45
2025_09_15_Res4StRes_T1_DSV,IMG_3222.JPG,225_R4S_488_R12_4_45,,,,,,,,,2025_09_15_Res4StRes_T1_DSV_scores.csv,1.0,,,False,,Unknown,,False,225_R4S_488_R12_4_45
2025_09_15_Res4StRes_T1_DSV,IMG_3223.JPG,225_R4S_488_R12_4_45,,,,,,,,,2025_09_15_Res4StRes_T1_DSV_scores.csv,2.0,,,False,,Unknown,,False,225_R4S_488_R12_4_45
2025_09_15_Res4StRes_T1_DSV,IMG_3224.JPG,226_R4S_392_Janpol_4_46,,,,,,,,,2025_09_15_Res4StRes_T1_DSV_scores.csv,5.0,,,False,,Unknown,,False,226_R4S_392_Janpol_4_46
2025_09_15_Res4StRes_T1_DSV,IMG_3225.JPG,226_R4S_392_Janpol_4_46,,,,,,,,,2025_09_15_Res4StRes_T1_DSV_scores.csv,30.0,,,False,,Unknown,,False,226_R4S_392_Janpol_4_46
2025_09_15_Res4StRes_T1_DSV,IMG_3226.JPG,226_R4S_392_Janpol_4_46,,,,,,,,,2025_09_15_Res4StRes_T1_DSV_scores.csv,3.0,,,False,,Unknown,,False,226_R4S_392_Janpol_4_46
2025_09_15_Res4StRes_T1_DSV,IMG_3227.JPG,227_R4S_368_Dwarf Essex_4_47,,,,,,,,,2025_09_15_Res4StRes_T1_DSV_scores.csv,2.0,,,False,,Unknown,,False,227_R4S_368_Dwarf Essex_4_47
2025_09_15_Res4StRes_T1_DSV,IMG_3228.JPG,227_R4S_368_Dwarf Essex_4_47,,,,,,,,,2025_09_15_Res4StRes_T1_DSV_scores.csv,1.0,,,False,,Unknown,,False,227_R4S_368_Dwarf Essex_4_47
2025_09_15_Res4StRes_T1_DSV,IMG_3229.JPG,227_R4S_368_Dwarf Essex_4_47,,,,,,,,,2025_09_15_Res4StRes_T1_DSV_scores.csv,1.0,,,False,,Unknown,,False,227_R4S_368_Dwarf Essex_4_47
2025_09_15_Res4StRes_T1_DSV,IMG_3230.JPG,228_R4S_485_K29_4_48,,,,,,,,,2025_09_15_Res4StRes_T1_DSV_scores.csv,6.0,,,False,,Unknown,,False,228_R4S_485_K29_4_48
2025_09_15_Res4StRes_T1_DSV,IMG_3231.JPG,228_R4S_485_K29_4_48,,,,,,,,,2025_09_15_Res4StRes_T1_DSV_scores.csv,1.0,,,False,,Unknown,,False,228_R4S_485_K29_4_48
2025_09_15_Res4StRes_T1_DSV,IMG_3232.JPG,228_R4S_485_K29_4_48,,,,,,,,,2025_09_15_Res4StRes_T1_DSV_scores.csv,1.0,,,False,,Unknown,,False,228_R4S_485_K29_4_48
2025_09_15_Res4StRes_T1_DSV,IMG_3233.JPG,229_R4S_260_Boston_4_49,,,,,,,,,2025_09_15_Res4StRes_T1_DSV_scores.csv,21.0,,,False,,Unknown,,False,229_R4S_260_Boston_4_49
2025_09_15_Res4StRes_T1_DSV,IMG_3234.JPG,229_R4S_260_Boston_4_49,,,,,,,,,2025_09_15_Res4StRes_T1_DSV_scores.csv,12.0,,,False,,Unknown,,False,229_R4S_260_Boston_4_49
2025_09_15_Res4StRes_T1_DSV,IMG_3235.JPG,229_R4S_260_Boston_4_49,,,,,,,,,2025_09_15_Res4StRes_T1_DSV_scores.csv,5.0,,,False,,Unknown,,False,229_R4S_260_Boston_4_49
2025_09_15_Res4StRes_T1_DSV,IMG_3236.JPG,230_R4S_435_S45.2.2_4_50,,,,,,,,,2025_09_15_Res4StRes_T1_DSV_scores.csv,1.0,,,False,,Unknown,,False,230_R4S_435_S45.2.2_4_50
2025_09_15_Res4StRes_T1_DSV,IMG_3237.JPG,230_R4S_435_S45.2.2_4_50,,,,,,,,,2025_09_15_Res4StRes_T1_DSV_scores.csv,3.0,,,False,,Unknown,,False,230_R4S_435_S45.2.2_4_50
2025_09_15_Res4StRes_T1_DSV,IMG_3238.JPG,230_R4S_435_S45.2.2_4_50,,,,,,,,,2025_09_15_Res4StRes_T1_DSV_scores.csv,11.0,,,False,,Unknown,,False,230_R4S_435_S45.2.2_4_50
2025_09_15_Res4StRes_T1_DSV,IMG_3239.JPG,231_R4S_401_H231_4_51,,,,,,,,,2025_09_15_Res4StRes_T1_DSV_scores.csv,1.0,,,False,,Unknown,,False,231_R4S_401_H231_4_51
2025_09_15_Res4StRes_T1_DSV,IMG_3240.JPG,231_R4S_401_H231_4_51,,,,,,,,,2025_09_15_Res4StRes_T1_DSV_scores.csv,2.0,,,False,,Unknown,,False,231_R4S_401_H231_4_51
2025_09_15_Res4StRes_T1_DSV,IMG_3241.JPG,231_R4S_401_H231_4_51,,,,,,,,,2025_09_15_Res4StRes_T1_DSV_scores.csv,2.0,,,False,,Unknown,,False,231_R4S_401_H231_4_51
2025_09_15_Res4StRes_T1_DSV,IMG_3242.JPG,232_R4S_179_Ascona_4_52,,,,,,,,,2025_09_15_Res4StRes_T1_DSV_scores.csv,1.0,,,False,,Unknown,,False,232_R4S_179_Ascona_4_52
2025_09_15_Res4StRes_T1_DSV,IMG_3243.JPG,232_R4S_179_Ascona_4_52,,,,,,,,,2025_09_15_Res4StRes_T1_DSV_scores.csv,6.0,,,False,,Unknown,,False,232_R4S_179_Ascona_4_52
2025_09_15_Res4StRes_T1_DSV,IMG_3244.JPG,232_R4S_179_Ascona_4_52,,,,,,,,,2025_09_15_Res4StRes_T1_DSV_scores.csv,9.0,,,False,,Unknown,,False,232_R4S_179_Ascona_4_52
2025_09_15_Res4StRes_T1_DSV,IMG_3245.JPG,233_R4S_200_Darmor_4_53,,,,,,,,,2025_09_15_Res4StRes_T1_DSV_scores.csv,6.0,,,False,,Unknown,,False,233_R4S_200_Darmor_4_53
2025_09_15_Res4StRes_T1_DSV,IMG_3246.JPG,233_R4S_200_Darmor_4_53,,,,,,,,,2025_09_15_Res4StRes_T1_DSV_scores.csv,26.0,,,False,,Unknown,,False,233_R4S_200_Darmor_4_53
2025_09_15_Res4StRes_T1_DSV,IMG_3248.JPG,233_R4S_200_Darmor_4_53,,,,,,,,,2025_09_15_Res4StRes_T1_DSV_scores.csv,2.0,,,False,,Unknown,,False,233_R4S_200_Darmor_4_53
2025_09_15_Res4StRes_T1_DSV,IMG_3249.JPG,234_R4S_148_Rodeo_4_54,,,,,,,,,2025_09_15_Res4StRes_T1_DSV_scores.csv,12.0,,,False,,Unknown,,False,234_R4S_148_Rodeo_4_54
2025_09_15_Res4StRes_T1_DSV,IMG_3250.JPG,234_R4S_148_Rodeo_4_54,,,,,,,,,2025_09_15_Res4StRes_T1_DSV_scores.csv,9.0,,,False,,Unknown,,False,234_R4S_148_Rodeo_4_54
2025_09_15_Res4StRes_T1_DSV,IMG_3251.JPG,234_R4S_148_Rodeo_4_54,,,,,,,,,2025_09_15_Res4StRes_T1_DSV_scores.csv,1.0,,,False,,Unknown,,False,234_R4S_148_Rodeo_4_54
2025_09_15_Res4StRes_T1_DSV,IMG_3252.JPG,235_R4S_397_Brink_4_55,,,,,,,,,2025_09_15_Res4StRes_T1_DSV_scores.csv,3.0,,,False,,Unknown,,False,235_R4S_397_Brink_4_55
2025_09_15_Res4StRes_T1_DSV,IMG_3253.JPG,235_R4S_397_Brink_4_55,,,,,,,,,2025_09_15_Res4StRes_T1_DSV_scores.csv,1.0,,,False,,Unknown,,False,235_R4S_397_Brink_4_55
2025_09_15_Res4StRes_T1_DSV,IMG_3254.JPG,235_R4S_397_Brink_4_55,,,,,,,,,2025_09_15_Res4StRes_T1_DSV_scores.csv,7.0,,,False,,Unknown,,False,235_R4S_397_Brink_4_55
2025_09_15_Res4StRes_T1_DSV,IMG_3255.JPG,236_R4S_492_FELICIANO KWS_4_56,,,,,,,,,2025_09_15_Res4StRes_T1_DSV_scores.csv,2.0,,,False,,Unknown,,False,236_R4S_492_FELICIANO KWS_4_56
2025_09_15_Res4StRes_T1_DSV,IMG_3256.JPG,236_R4S_492_FELICIANO KWS_4_56,,,,,,,,,2025_09_15_Res4StRes_T1_DSV_scores.csv,1.0,,,False,,Unknown,,False,236_R4S_492_FELICIANO KWS_4_56
2025_09_15_Res4StRes_T1_DSV,IMG_3257.JPG,236_R4S_492_FELICIANO KWS_4_56,,,,,,,,,2025_09_15_Res4StRes_T1_DSV_scores.csv,40.0,,,False,,Unknown,,False,236_R4S_492_FELICIANO KWS_4_56
2025_09_15_Res4StRes_T1_DSV,IMG_3257_2.JPG,237_R4S_496_DSV3_4_57,,,,,,,,,2025_09_15_Res4StRes_T1_DSV_scores.csv,7.0,,,False,,Unknown,,False,237_R4S_496_DSV3_4_57
2025_09_15_Res4StRes_T1_DSV,IMG_3259.JPG,237_R4S_496_DSV3_4_57,,,,,,,,,2025_09_15_Res4StRes_T1_DSV_scores.csv,34.0,,,False,,Unknown,,False,237_R4S_496_DSV3_4_57
2025_09_15_Res4StRes_T1_DSV,IMG_3260.JPG,237_R4S_496_DSV3_4_57,,,,,,,,,2025_09_15_Res4StRes_T1_DSV_scores.csv,16.0,,,False,,Unknown,,False,237_R4S_496_DSV3_4_57
2025_09_15_Res4StRes_T1_DSV,IMG_3261.JPG,238_R4S_388_Liporta_4_58,,,,,,,,,2025_09_15_Res4StRes_T1_DSV_scores.csv,7.0,,,False,,Unknown,,False,238_R4S_388_Liporta_4_58
2025_09_15_Res4StRes_T1_DSV,IMG_3262.JPG,238_R4S_388_Liporta_4_58,,,,,,,,,2025_09_15_Res4StRes_T1_DSV_scores.csv,2.0,,,False,,Unknown,,False,238_R4S_388_Liporta_4_58
2025_09_15_Res4StRes_T1_DSV,IMG_3263.JPG,238_R4S_388_Liporta_4_58,,,,,,,,,2025_09_15_Res4StRes_T1_DSV_scores.csv,10.0,,,False,,Unknown,,False,238_R4S_388_Liporta_4_58
2025_09_15_Res4StRes_T1_DSV,IMG_3264.JPG,239_R4S_422_G89_4_59,,,,,,,,,2025_09_15_Res4StRes_T1_DSV_scores.csv,2.0,,,False,,Unknown,,False,239_R4S_422_G89_4_59
2025_09_15_Res4StRes_T1_DSV,IMG_3265.JPG,239_R4S_422_G89_4_59,,,,,,,,,2025_09_15_Res4StRes_T1_DSV_scores.csv,1.0,,,False,,Unknown,,False,239_R4S_422_G89_4_59
2025_09_15_Res4StRes_T1_DSV,IMG_3266.JPG,239_R4S_422_G89_4_59,,,,,,,,,2025_09_15_Res4StRes_T1_DSV_scores.csv,6.0,,,False,,Unknown,,False,239_R4S_422_G89_4_59
2025_09_15_Res4StRes_T1_DSV,IMG_3267.JPG,240_R4S_552_ALLESANDRO KWS_4_60,,,,,,,,,2025_09_15_Res4StRes_T1_DSV_scores.csv,3.0,,,False,,Unknown,,False,240_R4S_552_ALLESANDRO KWS_4_60
2025_09_15_Res4StRes_T1_DSV,IMG_3268.JPG,240_R4S_552_ALLESANDRO KWS_4_60,,,,,,,,,2025_09_15_Res4StRes_T1_DSV_scores.csv,2.0,,,False,,Unknown,,False,240_R4S_552_ALLESANDRO KWS_4_60
2025_09_15_Res4StRes_T1_DSV,IMG_3269.JPG,240_R4S_552_ALLESANDRO KWS_4_60,,,,,,,,,2025_09_15_Res4StRes_T1_DSV_scores.csv,3.0,,,False,,Unknown,,False,240_R4S_552_ALLESANDRO KWS_4_60
2025_09_15_Res4StRes_T1_DSV,IMG_3270.JPG,241_R4S_493_KWS ARIANOS_5_1,,,,,,,,,2025_09_15_Res4StRes_T1_DSV_scores.csv,2.0,,,False,,Unknown,,False,241_R4S_493_KWS ARIANOS_5_1
2025_09_15_Res4StRes_T1_DSV,IMG_3271.JPG,241_R4S_493_KWS ARIANOS_5_1,,,,,,,,,2025_09_15_Res4StRes_T1_DSV_scores.csv,3.0,,,False,,Unknown,,False,241_R4S_493_KWS ARIANOS_5_1
2025_09_15_Res4StRes_T1_DSV,IMG_3272.JPG,241_R4S_493_KWS ARIANOS_5_1,,,,,,,,,2025_09_15_Res4StRes_T1_DSV_scores.csv,5.0,,,False,,Unknown,,False,241_R4S_493_KWS ARIANOS_5_1
2025_09_15_Res4StRes_T1_DSV,IMG_3273.JPG,242_R4S_376_Victor_5_2,,,,,,,,,2025_09_15_Res4StRes_T1_DSV_scores.csv,5.0,,,False,,Unknown,,False,242_R4S_376_Victor_5_2
2025_09_15_Res4StRes_T1_DSV,IMG_3274.JPG,242_R4S_376_Victor_5_2,,,,,,,,,2025_09_15_Res4StRes_T1_DSV_scores.csv,5.0,,,False,,Unknown,,False,242_R4S_376_Victor_5_2
2025_09_15_Res4StRes_T1_DSV,IMG_3275.JPG,242_R4S_376_Victor_5_2,,,,,,,,,2025_09_15_Res4StRes_T1_DSV_scores.csv,2.0,,,False,,Unknown,,False,242_R4S_376_Victor_5_2
2025_09_15_Res4StRes_T1_DSV,IMG_3276.JPG,243_R4S_512_R31_5_3,,,,,,,,,2025_09_15_Res4StRes_T1_DSV_scores.csv,2.0,,,False,,Unknown,,False,243_R4S_512_R31_5_3
2025_09_15_Res4StRes_T1_DSV,IMG_3277.JPG,243_R4S_512_R31_5_3,,,,,,,,,2025_09_15_Res4StRes_T1_DSV_scores.csv,2.0,,,False,,Unknown,,False,243_R4S_512_R31_5_3
2025_09_15_Res4StRes_T1_DSV,IMG_3278.JPG,243_R4S_512_R31_5_3,,,,,,,,,2025_09_15_Res4StRes_T1_DSV_scores.csv,1.0,,,False,,Unknown,,False,243_R4S_512_R31_5_3
2025_09_15_Res4StRes_T1_DSV,IMG_3280.JPG,244_R4S_461_H365_5_4,,,,,,,,,2025_09_15_Res4StRes_T1_DSV_scores.csv,4.0,,,False,,Unknown,,False,244_R4S_461_H365_5_4
2025_09_15_Res4StRes_T1_DSV,IMG_3281.JPG,244_R4S_461_H365_5_4,,,,,,,,,2025_09_15_Res4StRes_T1_DSV_scores.csv,4.0,,,False,,Unknown,,False,244_R4S_461_H365_5_4
2025_09_15_Res4StRes_T1_DSV,IMG_3282.JPG,244_R4S_461_H365_5_4,,,,,,,,,2025_09_15_Res4StRes_T1_DSV_scores.csv,3.0,,,False,,Unknown,,False,244_R4S_461_H365_5_4
2025_09_15_Res4StRes_T1_DSV,IMG_3283.JPG,245_R4S_316_BRONZE TOP_5_5,,,,,,,,,2025_09_15_Res4StRes_T1_DSV_scores.csv,2.0,,,False,,Unknown,,False,245_R4S_316_BRONZE TOP_5_5
2025_09_15_Res4StRes_T1_DSV,IMG_3284.JPG,245_R4S_316_BRONZE TOP_5_5,,,,,,,,,2025_09_15_Res4StRes_T1_DSV_scores.csv,6.0,,,False,,Unknown,,False,245_R4S_316_BRONZE TOP_5_5
2025_09_15_Res4StRes_T1_DSV,IMG_3285.JPG,245_R4S_316_BRONZE TOP_5_5,,,,,,,,,2025_09_15_Res4StRes_T1_DSV_scores.csv,2.0,,,False,,Unknown,,False,245_R4S_316_BRONZE TOP_5_5
2025_09_15_Res4StRes_T1_DSV,IMG_3286.JPG,246_R4S_375_Vinnickij 15/59_5_6,,,,,,,,,2025_09_15_Res4StRes_T1_DSV_scores.csv,3.0,,,False,,Unknown,,False,246_R4S_375_Vinnickij 15/59_5_6
2025_09_15_Res4StRes_T1_DSV,IMG_3287.JPG,246_R4S_375_Vinnickij 15/59_5_6,,,,,,,,,2025_09_15_Res4StRes_T1_DSV_scores.csv,5.0,,,False,,Unknown,,False,246_R4S_375_Vinnickij 15/59_5_6
2025_09_15_Res4StRes_T1_DSV,IMG_3288.JPG,246_R4S_375_Vinnickij 15/59_5_6,,,,,,,,,2025_09_15_Res4StRes_T1_DSV_scores.csv,2.0,,,False,,Unknown,,False,246_R4S_375_Vinnickij 15/59_5_6
2025_09_15_Res4StRes_T1_DSV,IMG_3289.JPG,247_R4S_364_Silona_5_7,,,,,,,,,2025_09_15_Res4StRes_T1_DSV_scores.csv,2.0,,,False,,Unknown,,False,247_R4S_364_Silona_5_7
2025_09_15_Res4StRes_T1_DSV,IMG_3290.JPG,247_R4S_364_Silona_5_7,,,,,,,,,2025_09_15_Res4StRes_T1_DSV_scores.csv,1.0,,,False,,Unknown,,False,247_R4S_364_Silona_5_7
2025_09_15_Res4StRes_T1_DSV,IMG_3291.JPG,247_R4S_364_Silona_5_7,,,,,,,,,2025_09_15_Res4StRes_T1_DSV_scores.csv,4.0,,,False,,Unknown,,False,247_R4S_364_Silona_5_7
2025_09_15_Res4StRes_T1_DSV,IMG_3292.JPG,248_R4S_284_Nemertschanskij 1_5_8,,,,,,,,,2025_09_15_Res4StRes_T1_DSV_scores.csv,1.0,,,False,,Unknown,,False,248_R4S_284_Nemertschanskij 1_5_8
2025_09_15_Res4StRes_T1_DSV,IMG_3293.JPG,248_R4S_284_Nemertschanskij 1_5_8,,,,,,,,,2025_09_15_Res4StRes_T1_DSV_scores.csv,2.0,,,False,,Unknown,,False,248_R4S_284_Nemertschanskij 1_5_8
2025_09_15_Res4StRes_T1_DSV,IMG_3294.JPG,248_R4S_284_Nemertschanskij 1_5_8,,,,,,,,,2025_09_15_Res4StRes_T1_DSV_scores.csv,4.0,,,False,,Unknown,,False,248_R4S_284_Nemertschanskij 1_5_8
2025_09_15_Res4StRes_T1_DSV,IMG_3295.JPG,249_R4S_452_G56_5_9,,,,,,,,,2025_09_15_Res4StRes_T1_DSV_scores.csv,2.0,,,False,,Unknown,,False,249_R4S_452_G56_5_9
2025_09_15_Res4StRes_T1_DSV,IMG_3296.JPG,249_R4S_452_G56_5_9,,,,,,,,,2025_09_15_Res4StRes_T1_DSV_scores.csv,3.0,,,False,,Unknown,,False,249_R4S_452_G56_5_9
2025_09_15_Res4StRes_T1_DSV,IMG_3297.JPG,249_R4S_452_G56_5_9,,,,,,,,,2025_09_15_Res4StRes_T1_DSV_scores.csv,3.0,,,False,,Unknown,,False,249_R4S_452_G56_5_9
2025_09_15_Res4StRes_T1_DSV,IMG_3298.JPG,250_R4S_144_Adder_5_10,,,,,,,,,2025_09_15_Res4StRes_T1_DSV_scores.csv,1.0,,,False,,Unknown,,False,250_R4S_144_Adder_5_10
2025_09_15_Res4StRes_T1_DSV,IMG_3299.JPG,250_R4S_144_Adder_5_10,,,,,,,,,2025_09_15_Res4StRes_T1_DSV_scores.csv,3.0,,,False,,Unknown,,False,250_R4S_144_Adder_5_10
2025_09_15_Res4StRes_T1_DSV,IMG_3300.JPG,250_R4S_144_Adder_5_10,,,,,,,,,2025_09_15_Res4StRes_T1_DSV_scores.csv,23.0,,,False,,Unknown,,False,250_R4S_144_Adder_5_10
2025_09_15_Res4StRes_T1_DSV,IMG_3301.JPG,251_R4S_194_LEMBKES MALCHOWER (LENORA)_5_11,,,,,,,,,2025_09_15_Res4StRes_T1_DSV_scores.csv,5.0,,,False,,Unknown,,False,251_R4S_194_LEMBKES MALCHOWER (LENORA)_5_11
2025_09_15_Res4StRes_T1_DSV,IMG_3302.JPG,251_R4S_194_LEMBKES MALCHOWER (LENORA)_5_11,,,,,,,,,2025_09_15_Res4StRes_T1_DSV_scores.csv,5.0,,,False,,Unknown,,False,251_R4S_194_LEMBKES MALCHOWER (LENORA)_5_11
2025_09_15_Res4StRes_T1_DSV,IMG_3303.JPG,251_R4S_194_LEMBKES MALCHOWER (LENORA)_5_11,,,,,,,,,2025_09_15_Res4StRes_T1_DSV_scores.csv,2.0,,,False,,Unknown,,False,251_R4S_194_LEMBKES MALCHOWER (LENORA)_5_11
2025_09_15_Res4StRes_T1_DSV,IMG_3304.JPG,252_R4S_548_ALLESANDRO KWS_5_12,,,,,,,,,2025_09_15_Res4StRes_T1_DSV_scores.csv,3.0,,,False,,Unknown,,False,252_R4S_548_ALLESANDRO KWS_5_12
2025_09_15_Res4StRes_T1_DSV,IMG_3305.JPG,252_R4S_548_ALLESANDRO KWS_5_12,,,,,,,,,2025_09_15_Res4StRes_T1_DSV_scores.csv,15.0,,,False,,Unknown,,False,252_R4S_548_ALLESANDRO KWS_5_12
2025_09_15_Res4StRes_T1_DSV,IMG_3306.JPG,252_R4S_548_ALLESANDRO KWS_5_12,,,,,,,,,2025_09_15_Res4StRes_T1_DSV_scores.csv,5.0,,,False,,Unknown,,False,252_R4S_548_ALLESANDRO KWS_5_12
2025_09_15_Res4StRes_T1_DSV,IMG_3307.JPG,253_R4S_244_NK Bravour_5_13,,,,,,,,,2025_09_15_Res4StRes_T1_DSV_scores.csv,1.0,,,False,,Unknown,,False,253_R4S_244_NK Bravour_5_13
2025_09_15_Res4StRes_T1_DSV,IMG_3308.JPG,253_R4S_244_NK Bravour_5_13,,,,,,,,,2025_09_15_Res4StRes_T1_DSV_scores.csv,12.0,,,False,,Unknown,,False,253_R4S_244_NK Bravour_5_13
2025_09_15_Res4StRes_T1_DSV,IMG_3309.JPG,253_R4S_244_NK Bravour_5_13,,,,,,,,,2025_09_15_Res4StRes_T1_DSV_scores.csv,8.0,,,False,,Unknown,,False,253_R4S_244_NK Bravour_5_13
2025_09_15_Res4StRes_T1_DSV,IMG_3310.JPG,254_R4S_460_K53_5_14,,,,,,,,,2025_09_15_Res4StRes_T1_DSV_scores.csv,3.0,,,False,,Unknown,,False,254_R4S_460_K53_5_14
2025_09_15_Res4StRes_T1_DSV,IMG_3311.JPG,254_R4S_460_K53_5_14,,,,,,,,,2025_09_15_Res4StRes_T1_DSV_scores.csv,0.0,,,False,,Unknown,,False,254_R4S_460_K53_5_14
2025_09_15_Res4StRes_T1_DSV,IMG_3312.JPG,254_R4S_460_K53_5_14,,,,,,,,,2025_09_15_Res4StRes_T1_DSV_scores.csv,2.0,,,False,,Unknown,,False,254_R4S_460_K53_5_14
2025_09_15_Res4StRes_T1_DSV,IMG_3313.JPG,255_R4S_182_Pollen_5_15,,,,,,,,,2025_09_15_Res4StRes_T1_DSV_scores.csv,13.0,,,False,,Unknown,,False,255_R4S_182_Pollen_5_15
2025_09_15_Res4StRes_T1_DSV,IMG_3314.JPG,255_R4S_182_Pollen_5_15,,,,,,,,,2025_09_15_Res4StRes_T1_DSV_scores.csv,6.0,,,False,,Unknown,,False,255_R4S_182_Pollen_5_15
2025_09_15_Res4StRes_T1_DSV,IMG_3315.JPG,255_R4S_182_Pollen_5_15,,,,,,,,,2025_09_15_Res4StRes_T1_DSV_scores.csv,22.0,,,False,,Unknown,,False,255_R4S_182_Pollen_5_15
2025_09_15_Res4StRes_T1_DSV,IMG_3316.JPG,256_R4S_229_Jessica_5_16,,,,,,,,,2025_09_15_Res4StRes_T1_DSV_scores.csv,3.0,,,False,,Unknown,,False,256_R4S_229_Jessica_5_16
2025_09_15_Res4StRes_T1_DSV,IMG_3317.JPG,256_R4S_229_Jessica_5_16,,,,,,,,,2025_09_15_Res4StRes_T1_DSV_scores.csv,2.0,,,False,,Unknown,,False,256_R4S_229_Jessica_5_16
2025_09_15_Res4StRes_T1_DSV,IMG_3318.JPG,256_R4S_229_Jessica_5_16,,,,,,,,,2025_09_15_Res4StRes_T1_DSV_scores.csv,18.0,,,False,,Unknown,,False,256_R4S_229_Jessica_5_16
2025_09_15_Res4StRes_T1_DSV,IMG_3319.JPG,257_R4S_205_RESYN-H048_5_17,,,,,,,,,2025_09_15_Res4StRes_T1_DSV_scores.csv,21.0,,,False,,Unknown,,False,257_R4S_205_RESYN-H048_5_17
2025_09_15_Res4StRes_T1_DSV,IMG_3320.JPG,257_R4S_205_RESYN-H048_5_17,,,,,,,,,2025_09_15_Res4StRes_T1_DSV_scores.csv,1.0,,,False,,Unknown,,False,257_R4S_205_RESYN-H048_5_17
2025_09_15_Res4StRes_T1_DSV,IMG_3321.JPG,257_R4S_205_RESYN-H048_5_17,,,,,,,,,2025_09_15_Res4StRes_T1_DSV_scores.csv,2.0,,,False,,Unknown,,False,257_R4S_205_RESYN-H048_5_17
2025_09_15_Res4StRes_T1_DSV,IMG_3322.JPG,258_R4S_312_TAIWAN_5_18,,,,,,,,,2025_09_15_Res4StRes_T1_DSV_scores.csv,22.0,,,False,,Unknown,,False,258_R4S_312_TAIWAN_5_18
2025_09_15_Res4StRes_T1_DSV,IMG_3323.JPG,258_R4S_312_TAIWAN_5_18,,,,,,,,,2025_09_15_Res4StRes_T1_DSV_scores.csv,5.0,,,False,,Unknown,,False,258_R4S_312_TAIWAN_5_18
2025_09_15_Res4StRes_T1_DSV,IMG_3324.JPG,258_R4S_312_TAIWAN_5_18,,,,,,,,,2025_09_15_Res4StRes_T1_DSV_scores.csv,23.0,,,False,,Unknown,,False,258_R4S_312_TAIWAN_5_18
2025_09_15_Res4StRes_T1_DSV,IMG_3325.JPG,259_R4S_252_Lirajet_5_19,,,,,,,,,2025_09_15_Res4StRes_T1_DSV_scores.csv,12.0,,,False,,Unknown,,False,259_R4S_252_Lirajet_5_19
2025_09_15_Res4StRes_T1_DSV,IMG_3326.JPG,259_R4S_252_Lirajet_5_19,,,,,,,,,2025_09_15_Res4StRes_T1_DSV_scores.csv,3.0,,,False,,Unknown,,False,259_R4S_252_Lirajet_5_19
2025_09_15_Res4StRes_T1_DSV,IMG_3327.JPG,259_R4S_252_Lirajet_5_19,,,,,,,,,2025_09_15_Res4StRes_T1_DSV_scores.csv,28.0,,,False,,Unknown,,False,259_R4S_252_Lirajet_5_19
2025_09_15_Res4StRes_T1_DSV,IMG_3328.JPG,260_R4S_231_Campari_5_20,,,,,,,,,2025_09_15_Res4StRes_T1_DSV_scores.csv,4.0,,,False,,Unknown,,False,260_R4S_231_Campari_5_20
2025_09_15_Res4StRes_T1_DSV,IMG_3329.JPG,260_R4S_231_Campari_5_20,,,,,,,,,2025_09_15_Res4StRes_T1_DSV_scores.csv,29.0,,,False,,Unknown,,False,260_R4S_231_Campari_5_20
2025_09_15_Res4StRes_T1_DSV,IMG_3330.JPG,260_R4S_231_Campari_5_20,,,,,,,,,2025_09_15_Res4StRes_T1_DSV_scores.csv,4.0,,,False,,Unknown,,False,260_R4S_231_Campari_5_20
2025_09_15_Res4StRes_T1_DSV,IMG_3331.JPG,261_R4S_540_Smaragd_5_21,,,,,,,,,2025_09_15_Res4StRes_T1_DSV_scores.csv,3.0,,,False,,Unknown,,False,261_R4S_540_Smaragd_5_21
2025_09_15_Res4StRes_T1_DSV,IMG_3332.JPG,261_R4S_540_Smaragd_5_21,,,,,,,,,2025_09_15_Res4StRes_T1_DSV_scores.csv,3.0,,,False,,Unknown,,False,261_R4S_540_Smaragd_5_21
2025_09_15_Res4StRes_T1_DSV,IMG_3333.JPG,261_R4S_540_Smaragd_5_21,,,,,,,,,2025_09_15_Res4StRes_T1_DSV_scores.csv,2.0,,,False,,Unknown,,False,261_R4S_540_Smaragd_5_21
2025_09_15_Res4StRes_T1_DSV,IMG_3334.JPG,262_R4S_223_BIENVENU DH4_5_22,,,,,,,,,2025_09_15_Res4StRes_T1_DSV_scores.csv,6.0,,,False,,Unknown,,False,262_R4S_223_BIENVENU DH4_5_22
2025_09_15_Res4StRes_T1_DSV,IMG_3334_2.JPG,262_R4S_223_BIENVENU DH4_5_22,,,,,,,,,2025_09_15_Res4StRes_T1_DSV_scores.csv,3.0,,,False,,Unknown,,False,262_R4S_223_BIENVENU DH4_5_22
2025_09_15_Res4StRes_T1_DSV,IMG_3336.JPG,262_R4S_223_BIENVENU DH4_5_22,,,,,,,,,2025_09_15_Res4StRes_T1_DSV_scores.csv,2.0,,,False,,Unknown,,False,262_R4S_223_BIENVENU DH4_5_22
2025_09_15_Res4StRes_T1_DSV,IMG_3337.JPG,263_R4S_424_R18_5_23,,,,,,,,,2025_09_15_Res4StRes_T1_DSV_scores.csv,8.0,,,False,,Unknown,,False,263_R4S_424_R18_5_23
2025_09_15_Res4StRes_T1_DSV,IMG_3338.JPG,263_R4S_424_R18_5_23,,,,,,,,,2025_09_15_Res4StRes_T1_DSV_scores.csv,3.0,,,False,,Unknown,,False,263_R4S_424_R18_5_23
2025_09_15_Res4StRes_T1_DSV,IMG_3339.JPG,263_R4S_424_R18_5_23,,,,,,,,,2025_09_15_Res4StRes_T1_DSV_scores.csv,4.0,,,False,,Unknown,,False,263_R4S_424_R18_5_23
2025_09_15_Res4StRes_T1_DSV,IMG_3340.JPG,264_R4S_235_Nugget_5_24,,,,,,,,,2025_09_15_Res4StRes_T1_DSV_scores.csv,2.0,,,False,,Unknown,,False,264_R4S_235_Nugget_5_24
2025_09_15_Res4StRes_T1_DSV,IMG_3341.JPG,264_R4S_235_Nugget_5_24,,,,,,,,,2025_09_15_Res4StRes_T1_DSV_scores.csv,2.0,,,False,,Unknown,,False,264_R4S_235_Nugget_5_24
2025_09_15_Res4StRes_T1_DSV,IMG_3342.JPG,264_R4S_235_Nugget_5_24,,,,,,,,,2025_09_15_Res4StRes_T1_DSV_scores.csv,4.0,,,False,,Unknown,,False,264_R4S_235_Nugget_5_24
2025_09_15_Res4StRes_T1_DSV,IMG_3343.JPG,265_R4S_283_Mytnickij_5_25,,,,,,,,,2025_09_15_Res4StRes_T1_DSV_scores.csv,2.0,,,False,,Unknown,,False,265_R4S_283_Mytnickij_5_25
2025_09_15_Res4StRes_T1_DSV,IMG_3343_2.JPG,265_R4S_283_Mytnickij_5_25,,,,,,,,,2025_09_15_Res4StRes_T1_DSV_scores.csv,3.0,,,False,,Unknown,,False,265_R4S_283_Mytnickij_5_25
2025_09_15_Res4StRes_T1_DSV,IMG_3347.JPG,265_R4S_283_Mytnickij_5_25,,,,,,,,,2025_09_15_Res4StRes_T1_DSV_scores.csv,3.0,,,False,,Unknown,,False,265_R4S_283_Mytnickij_5_25
2025_09_15_Res4StRes_T1_DSV,IMG_3348.JPG,266_R4S_188_CANBERRA x COURAGE DH LINE_5_26,,,,,,,,,2025_09_15_Res4StRes_T1_DSV_scores.csv,2.0,,,False,,Unknown,,False,266_R4S_188_CANBERRA x COURAGE DH LINE_5_26
2025_09_15_Res4StRes_T1_DSV,IMG_3349.JPG,266_R4S_188_CANBERRA x COURAGE DH LINE_5_26,,,,,,,,,2025_09_15_Res4StRes_T1_DSV_scores.csv,2.0,,,False,,Unknown,,False,266_R4S_188_CANBERRA x COURAGE DH LINE_5_26
2025_09_15_Res4StRes_T1_DSV,IMG_3350.JPG,266_R4S_188_CANBERRA x COURAGE DH LINE_5_26,,,,,,,,,2025_09_15_Res4StRes_T1_DSV_scores.csv,8.0,,,False,,Unknown,,False,266_R4S_188_CANBERRA x COURAGE DH LINE_5_26
2025_09_15_Res4StRes_T1_DSV,IMG_3351.JPG,267_R4S_277_Krapphauser_5_27,,,,,,,,,2025_09_15_Res4StRes_T1_DSV_scores.csv,8.0,,,False,,Unknown,,False,267_R4S_277_Krapphauser_5_27
2025_09_15_Res4StRes_T1_DSV,IMG_3352.JPG,267_R4S_277_Krapphauser_5_27,,,,,,,,,2025_09_15_Res4StRes_T1_DSV_scores.csv,8.0,,,False,,Unknown,,False,267_R4S_277_Krapphauser_5_27
2025_09_15_Res4StRes_T1_DSV,IMG_3353.JPG,267_R4S_277_Krapphauser_5_27,,,,,,,,,2025_09_15_Res4StRes_T1_DSV_scores.csv,2.0,,,False,,Unknown,,False,267_R4S_277_Krapphauser_5_27
2025_09_15_Res4StRes_T1_DSV,IMG_3354.JPG,268_R4S_514_R31_5_28,,,,,,,,,2025_09_15_Res4StRes_T1_DSV_scores.csv,3.0,,,False,,Unknown,,False,268_R4S_514_R31_5_28
2025_09_15_Res4StRes_T1_DSV,IMG_3355.JPG,268_R4S_514_R31_5_28,,,,,,,,,2025_09_15_Res4StRes_T1_DSV_scores.csv,2.0,,,False,,Unknown,,False,268_R4S_514_R31_5_28
2025_09_15_Res4StRes_T1_DSV,IMG_3357.JPG,268_R4S_514_R31_5_28,,,,,,,,,2025_09_15_Res4StRes_T1_DSV_scores.csv,2.0,,,False,,Unknown,,False,268_R4S_514_R31_5_28
2025_09_15_Res4StRes_T1_DSV,IMG_3358.JPG,269_R4S_444_1012-98_5_29,,,,,,,,,2025_09_15_Res4StRes_T1_DSV_scores.csv,7.0,,,False,,Unknown,,False,269_R4S_444_1012-98_5_29
2025_09_15_Res4StRes_T1_DSV,IMG_3359.JPG,269_R4S_444_1012-98_5_29,,,,,,,,,2025_09_15_Res4StRes_T1_DSV_scores.csv,6.0,,,False,,Unknown,,False,269_R4S_444_1012-98_5_29
2025_09_15_Res4StRes_T1_DSV,IMG_3360.JPG,269_R4S_444_1012-98_5_29,,,,,,,,,2025_09_15_Res4StRes_T1_DSV_scores.csv,6.0,,,False,,Unknown,,False,269_R4S_444_1012-98_5_29
2025_09_15_Res4StRes_T1_DSV,IMG_3361.JPG,270_R4S_145_Milena_5_30,,,,,,,,,2025_09_15_Res4StRes_T1_DSV_scores.csv,2.0,,,False,,Unknown,,False,270_R4S_145_Milena_5_30
2025_09_15_Res4StRes_T1_DSV,IMG_3362.JPG,270_R4S_145_Milena_5_30,,,,,,,,,2025_09_15_Res4StRes_T1_DSV_scores.csv,4.0,,,False,,Unknown,,False,270_R4S_145_Milena_5_30
2025_09_15_Res4StRes_T1_DSV,IMG_3363.JPG,270_R4S_145_Milena_5_30,,,,,,,,,2025_09_15_Res4StRes_T1_DSV_scores.csv,3.0,,,False,,Unknown,,False,270_R4S_145_Milena_5_30
2025_09_15_Res4StRes_T1_DSV,IMG_3364.JPG,271_R4S_466_L90_5_31,,,,,,,,,2025_09_15_Res4StRes_T1_DSV_scores.csv,2.0,,,False,,Unknown,,False,271_R4S_466_L90_5_31
2025_09_15_Res4StRes_T1_DSV,IMG_3365.JPG,271_R4S_466_L90_5_31,,,,,,,,,2025_09_15_Res4StRes_T1_DSV_scores.csv,3.0,,,False,,Unknown,,False,271_R4S_466_L90_5_31
2025_09_15_Res4StRes_T1_DSV,IMG_3366.JPG,271_R4S_466_L90_5_31,,,,,,,,,2025_09_15_Res4StRes_T1_DSV_scores.csv,5.0,,,False,,Unknown,,False,271_R4S_466_L90_5_31
2025_09_15_Res4StRes_T1_DSV,IMG_3367.JPG,272_R4S_245_Roxet_5_32,,,,,,,,,2025_09_15_Res4StRes_T1_DSV_scores.csv,2.0,,,False,,Unknown,,False,272_R4S_245_Roxet_5_32
2025_09_15_Res4StRes_T1_DSV,IMG_3368.JPG,272_R4S_245_Roxet_5_32,,,,,,,,,2025_09_15_Res4StRes_T1_DSV_scores.csv,4.0,,,False,,Unknown,,False,272_R4S_245_Roxet_5_32
2025_09_15_Res4StRes_T1_DSV,IMG_3369.JPG,272_R4S_245_Roxet_5_32,,,,,,,,,2025_09_15_Res4StRes_T1_DSV_scores.csv,3.0,,,False,,Unknown,,False,272_R4S_245_Roxet_5_32
2025_09_15_Res4StRes_T1_DSV,IMG_3370.JPG,273_R4S_218_SHANNON x WINNER DH LINE_5_33,,,,,,,,,2025_09_15_Res4StRes_T1_DSV_scores.csv,7.0,,,False,,Unknown,,False,273_R4S_218_SHANNON x WINNER DH LINE_5_33
2025_09_15_Res4StRes_T1_DSV,IMG_3371.JPG,273_R4S_218_SHANNON x WINNER DH LINE_5_33,,,,,,,,,2025_09_15_Res4StRes_T1_DSV_scores.csv,2.0,,,False,,Unknown,,False,273_R4S_218_SHANNON x WINNER DH LINE_5_33
2025_09_15_Res4StRes_T1_DSV,IMG_3372.JPG,273_R4S_218_SHANNON x WINNER DH LINE_5_33,,,,,,,,,2025_09_15_Res4StRes_T1_DSV_scores.csv,5.0,,,False,,Unknown,,False,273_R4S_218_SHANNON x WINNER DH LINE_5_33
2025_09_15_Res4StRes_T1_DSV,IMG_3373.JPG,274_R4S_230_Caramba_5_34,,,,,,,,,2025_09_15_Res4StRes_T1_DSV_scores.csv,3.0,,,False,,Unknown,,False,274_R4S_230_Caramba_5_34
2025_09_15_Res4StRes_T1_DSV,IMG_3374.JPG,274_R4S_230_Caramba_5_34,,,,,,,,,2025_09_15_Res4StRes_T1_DSV_scores.csv,3.0,,,False,,Unknown,,False,274_R4S_230_Caramba_5_34
2025_09_15_Res4StRes_T1_DSV,IMG_3375.JPG,274_R4S_230_Caramba_5_34,,,,,,,,,2025_09_15_Res4StRes_T1_DSV_scores.csv,5.0,,,False,,Unknown,,False,274_R4S_230_Caramba_5_34
2025_09_15_Res4StRes_T1_DSV,IMG_3376.JPG,275_R4S_463_S101_5_35,,,,,,,,,2025_09_15_Res4StRes_T1_DSV_scores.csv,3.0,,,False,,Unknown,,False,275_R4S_463_S101_5_35
2025_09_15_Res4StRes_T1_DSV,IMG_3377.JPG,275_R4S_463_S101_5_35,,,,,,,,,2025_09_15_Res4StRes_T1_DSV_scores.csv,4.0,,,False,,Unknown,,False,275_R4S_463_S101_5_35
2025_09_15_Res4StRes_T1_DSV,IMG_3378.JPG,275_R4S_463_S101_5_35,,,,,,,,,2025_09_15_Res4StRes_T1_DSV_scores.csv,2.0,,,False,,Unknown,,False,275_R4S_463_S101_5_35
2025_09_15_Res4StRes_T1_DSV,IMG_3379.JPG,276_R4S_465_S4_5_36,,,,,,,,,2025_09_15_Res4StRes_T1_DSV_scores.csv,2.0,,,False,,Unknown,,False,276_R4S_465_S4_5_36
2025_09_15_Res4StRes_T1_DSV,IMG_3380.JPG,276_R4S_465_S4_5_36,,,,,,,,,2025_09_15_Res4StRes_T1_DSV_scores.csv,8.0,,,False,,Unknown,,False,276_R4S_465_S4_5_36
2025_09_15_Res4StRes_T1_DSV,IMG_3381.JPG,276_R4S_465_S4_5_36,,,,,,,,,2025_09_15_Res4StRes_T1_DSV_scores.csv,16.0,,,False,,Unknown,,False,276_R4S_465_S4_5_36
2025_09_15_Res4StRes_T1_DSV,IMG_3382.JPG,277_R4S_153_Manitoba_5_37,,,,,,,,,2025_09_15_Res4StRes_T1_DSV_scores.csv,9.0,,,False,,Unknown,,False,277_R4S_153_Manitoba_5_37
2025_09_15_Res4StRes_T1_DSV,IMG_3383.JPG,277_R4S_153_Manitoba_5_37,,,,,,,,,2025_09_15_Res4StRes_T1_DSV_scores.csv,3.0,,,False,,Unknown,,False,277_R4S_153_Manitoba_5_37
2025_09_15_Res4StRes_T1_DSV,IMG_3384.JPG,277_R4S_153_Manitoba_5_37,,,,,,,,,2025_09_15_Res4StRes_T1_DSV_scores.csv,6.0,,,False,,Unknown,,False,277_R4S_153_Manitoba_5_37
2025_09_15_Res4StRes_T1_DSV,IMG_3385.JPG,278_R4S_449_G50_5_38,,,,,,,,,2025_09_15_Res4StRes_T1_DSV_scores.csv,4.0,,,False,,Unknown,,False,278_R4S_449_G50_5_38
2025_09_15_Res4StRes_T1_DSV,IMG_3386.JPG,278_R4S_449_G50_5_38,,,,,,,,,2025_09_15_Res4StRes_T1_DSV_scores.csv,2.0,,,False,,Unknown,,False,278_R4S_449_G50_5_38
2025_09_15_Res4StRes_T1_DSV,IMG_3387.JPG,278_R4S_449_G50_5_38,,,,,,,,,2025_09_15_Res4StRes_T1_DSV_scores.csv,5.0,,,False,,Unknown,,False,278_R4S_449_G50_5_38
2025_09_15_Res4StRes_T1_DSV,IMG_3388.JPG,279_R4S_378_Sobotkowski_5_39,,,,,,,,,2025_09_15_Res4StRes_T1_DSV_scores.csv,4.0,,,False,,Unknown,,False,279_R4S_378_Sobotkowski_5_39
2025_09_15_Res4StRes_T1_DSV,IMG_3389.JPG,279_R4S_378_Sobotkowski_5_39,,,,,,,,,2025_09_15_Res4StRes_T1_DSV_scores.csv,9.0,,,False,,Unknown,,False,279_R4S_378_Sobotkowski_5_39
2025_09_15_Res4StRes_T1_DSV,IMG_3390.JPG,279_R4S_378_Sobotkowski_5_39,,,,,,,,,2025_09_15_Res4StRes_T1_DSV_scores.csv,3.0,,,False,,Unknown,,False,279_R4S_378_Sobotkowski_5_39
2025_09_15_Res4StRes_T1_DSV,IMG_3391.JPG,280_R4S_227_Wotan_5_40,,,,,,,,,2025_09_15_Res4StRes_T1_DSV_scores.csv,5.0,,,False,,Unknown,,False,280_R4S_227_Wotan_5_40
2025_09_15_Res4StRes_T1_DSV,IMG_3392.JPG,280_R4S_227_Wotan_5_40,,,,,,,,,2025_09_15_Res4StRes_T1_DSV_scores.csv,2.0,,,False,,Unknown,,False,280_R4S_227_Wotan_5_40
2025_09_15_Res4StRes_T1_DSV,IMG_3393.JPG,280_R4S_227_Wotan_5_40,,,,,,,,,2025_09_15_Res4StRes_T1_DSV_scores.csv,2.0,,,False,,Unknown,,False,280_R4S_227_Wotan_5_40
2025_09_15_Res4StRes_T1_DSV,IMG_3394.JPG,281_R4S_202_Mohican_5_41,,,,,,,,,2025_09_15_Res4StRes_T1_DSV_scores.csv,2.0,,,False,,Unknown,,False,281_R4S_202_Mohican_5_41
2025_09_15_Res4StRes_T1_DSV,IMG_3395.JPG,281_R4S_202_Mohican_5_41,,,,,,,,,2025_09_15_Res4StRes_T1_DSV_scores.csv,2.0,,,False,,Unknown,,False,281_R4S_202_Mohican_5_41
2025_09_15_Res4StRes_T1_DSV,IMG_3396.JPG,281_R4S_202_Mohican_5_41,,,,,,,,,2025_09_15_Res4StRes_T1_DSV_scores.csv,3.0,,,False,,Unknown,,False,281_R4S_202_Mohican_5_41
2025_09_15_Res4StRes_T1_DSV,IMG_3398.JPG,282_R4S_524_Taisetsu_5_42,,,,,,,,,2025_09_15_Res4StRes_T1_DSV_scores.csv,6.0,,,False,,Unknown,,False,282_R4S_524_Taisetsu_5_42
2025_09_15_Res4StRes_T1_DSV,IMG_3399.JPG,282_R4S_524_Taisetsu_5_42,,,,,,,,,2025_09_15_Res4StRes_T1_DSV_scores.csv,3.0,,,False,,Unknown,,False,282_R4S_524_Taisetsu_5_42
2025_09_15_Res4StRes_T1_DSV,IMG_3400.JPG,282_R4S_524_Taisetsu_5_42,,,,,,,,,2025_09_15_Res4StRes_T1_DSV_scores.csv,2.0,,,False,,Unknown,,False,282_R4S_524_Taisetsu_5_42
2025_09_15_Res4StRes_T1_DSV,IMG_3401.JPG,283_R4S_222_HANSEN X GASPARD DH LINE_5_43,,,,,,,,,2025_09_15_Res4StRes_T1_DSV_scores.csv,7.0,,,False,,Unknown,,False,283_R4S_222_HANSEN X GASPARD DH LINE_5_43
2025_09_15_Res4StRes_T1_DSV,IMG_3402.JPG,283_R4S_222_HANSEN X GASPARD DH LINE_5_43,,,,,,,,,2025_09_15_Res4StRes_T1_DSV_scores.csv,8.0,,,False,,Unknown,,False,283_R4S_222_HANSEN X GASPARD DH LINE_5_43
2025_09_15_Res4StRes_T1_DSV,IMG_3403.JPG,283_R4S_222_HANSEN X GASPARD DH LINE_5_43,,,,,,,,,2025_09_15_Res4StRes_T1_DSV_scores.csv,5.0,,,False,,Unknown,,False,283_R4S_222_HANSEN X GASPARD DH LINE_5_43
2025_09_15_Res4StRes_T1_DSV,IMG_3404.JPG,284_R4S_393_Gross-Luesewitzer_5_44,,,,,,,,,2025_09_15_Res4StRes_T1_DSV_scores.csv,2.0,,,False,,Unknown,,False,284_R4S_393_Gross-Luesewitzer_5_44
2025_09_15_Res4StRes_T1_DSV,IMG_3405.JPG,284_R4S_393_Gross-Luesewitzer_5_44,,,,,,,,,2025_09_15_Res4StRes_T1_DSV_scores.csv,3.0,,,False,,Unknown,,False,284_R4S_393_Gross-Luesewitzer_5_44
2025_09_15_Res4StRes_T1_DSV,IMG_3406.JPG,284_R4S_393_Gross-Luesewitzer_5_44,,,,,,,,,2025_09_15_Res4StRes_T1_DSV_scores.csv,2.0,,,False,,Unknown,,False,284_R4S_393_Gross-Luesewitzer_5_44
2025_09_15_Res4StRes_T1_DSV,IMG_3407.JPG,285_R4S_306_RAGGED JACK_5_45,,,,,,,,,2025_09_15_Res4StRes_T1_DSV_scores.csv,3.0,,,False,,Unknown,,False,285_R4S_306_RAGGED JACK_5_45
2025_09_15_Res4StRes_T1_DSV,IMG_3408.JPG,285_R4S_306_RAGGED JACK_5_45,,,,,,,,,2025_09_15_Res4StRes_T1_DSV_scores.csv,3.0,,,False,,Unknown,,False,285_R4S_306_RAGGED JACK_5_45
2025_09_15_Res4StRes_T1_DSV,IMG_3409.JPG,285_R4S_306_RAGGED JACK_5_45,,,,,,,,,2025_09_15_Res4StRes_T1_DSV_scores.csv,4.0,,,False,,Unknown,,False,285_R4S_306_RAGGED JACK_5_45
2025_09_15_Res4StRes_T1_DSV,IMG_3410.JPG,286_R4S_293_K26-96_5_46,,,,,,,,,2025_09_15_Res4StRes_T1_DSV_scores.csv,4.0,,,False,,Unknown,,False,286_R4S_293_K26-96_5_46
2025_09_15_Res4StRes_T1_DSV,IMG_3411.JPG,286_R4S_293_K26-96_5_46,,,,,,,,,2025_09_15_Res4StRes_T1_DSV_scores.csv,9.0,,,False,,Unknown,,False,286_R4S_293_K26-96_5_46
2025_09_15_Res4StRes_T1_DSV,IMG_3412.JPG,286_R4S_293_K26-96_5_46,,,,,,,,,2025_09_15_Res4StRes_T1_DSV_scores.csv,4.0,,,False,,Unknown,,False,286_R4S_293_K26-96_5_46
2025_09_15_Res4StRes_T1_DSV,IMG_3413.JPG,287_RAS_320_Best of All_5_47,,,,,,,,,2025_09_15_Res4StRes_T1_DSV_scores.csv,9.0,,,False,,Unknown,,False,287_RAS_320_Best of All_5_47
2025_09_15_Res4StRes_T1_DSV,IMG_3414.JPG,287_RAS_320_Best of All_5_47,,,,,,,,,2025_09_15_Res4StRes_T1_DSV_scores.csv,4.0,,,False,,Unknown,,False,287_RAS_320_Best of All_5_47
2025_09_15_Res4StRes_T1_DSV,IMG_3415.JPG,287_RAS_320_Best of All_5_47,,,,,,,,,2025_09_15_Res4StRes_T1_DSV_scores.csv,3.0,,,False,,Unknown,,False,287_RAS_320_Best of All_5_47
2025_09_15_Res4StRes_T1_DSV,IMG_3416.JPG,288_R4S_447_K306_5_48,,,,,,,,,2025_09_15_Res4StRes_T1_DSV_scores.csv,3.0,,,False,,Unknown,,False,288_R4S_447_K306_5_48
2025_09_15_Res4StRes_T1_DSV,IMG_3417.JPG,288_R4S_447_K306_5_48,,,,,,,,,2025_09_15_Res4StRes_T1_DSV_scores.csv,2.0,,,False,,Unknown,,False,288_R4S_447_K306_5_48
2025_09_15_Res4StRes_T1_DSV,IMG_3418.JPG,288_R4S_447_K306_5_48,,,,,,,,,2025_09_15_Res4StRes_T1_DSV_scores.csv,3.0,,,False,,Unknown,,False,288_R4S_447_K306_5_48
2025_09_15_Res4StRes_T1_DSV,IMG_3419.JPG,289_R4S_193_LICROWN X EXPRESS DH LINE_5_49,,,,,,,,,2025_09_15_Res4StRes_T1_DSV_scores.csv,6.0,,,False,,Unknown,,False,289_R4S_193_LICROWN X EXPRESS DH LINE_5_49
2025_09_15_Res4StRes_T1_DSV,IMG_3420.JPG,289_R4S_193_LICROWN X EXPRESS DH LINE_5_49,,,,,,,,,2025_09_15_Res4StRes_T1_DSV_scores.csv,2.0,,,False,,Unknown,,False,289_R4S_193_LICROWN X EXPRESS DH LINE_5_49
2025_09_15_Res4StRes_T1_DSV,IMG_3421.JPG,289_R4S_193_LICROWN X EXPRESS DH LINE_5_49,,,,,,,,,2025_09_15_Res4StRes_T1_DSV_scores.csv,2.0,,,False,,Unknown,,False,289_R4S_193_LICROWN X EXPRESS DH LINE_5_49
2025_09_15_Res4StRes_T1_DSV,IMG_3423.JPG,290_R4S_356_GRUENER SCHNITTKOHL_5_50,,,,,,,,,2025_09_15_Res4StRes_T1_DSV_scores.csv,4.0,,,False,,Unknown,,False,290_R4S_356_GRUENER SCHNITTKOHL_5_50
2025_09_15_Res4StRes_T1_DSV,IMG_3424.JPG,290_R4S_356_GRUENER SCHNITTKOHL_5_50,,,,,,,,,2025_09_15_Res4StRes_T1_DSV_scores.csv,3.0,,,False,,Unknown,,False,290_R4S_356_GRUENER SCHNITTKOHL_5_50
2025_09_15_Res4StRes_T1_DSV,IMG_3425.JPG,290_R4S_356_GRUENER SCHNITTKOHL_5_50,,,,,,,,,2025_09_15_Res4StRes_T1_DSV_scores.csv,3.0,,,False,,Unknown,,False,290_R4S_356_GRUENER SCHNITTKOHL_5_50
2025_09_15_Res4StRes_T1_DSV,IMG_3426.JPG,291_R4S_456_S17_5_51,,,,,,,,,2025_09_15_Res4StRes_T1_DSV_scores.csv,2.0,,,False,,Unknown,,False,291_R4S_456_S17_5_51
2025_09_15_Res4StRes_T1_DSV,IMG_3427.JPG,291_R4S_456_S17_5_51,,,,,,,,,2025_09_15_Res4StRes_T1_DSV_scores.csv,4.0,,,False,,Unknown,,False,291_R4S_456_S17_5_51
2025_09_15_Res4StRes_T1_DSV,IMG_3428.JPG,291_R4S_456_S17_5_51,,,,,,,,,2025_09_15_Res4StRes_T1_DSV_scores.csv,2.0,,,False,,Unknown,,False,291_R4S_456_S17_5_51
2025_09_15_Res4StRes_T1_DSV,IMG_3429.JPG,292_R4S_516_R31_5_52,,,,,,,,,2025_09_15_Res4StRes_T1_DSV_scores.csv,3.0,,,False,,Unknown,,False,292_R4S_516_R31_5_52
2025_09_15_Res4StRes_T1_DSV,IMG_3430.JPG,292_R4S_516_R31_5_52,,,,,,,,,2025_09_15_Res4StRes_T1_DSV_scores.csv,2.0,,,False,,Unknown,,False,292_R4S_516_R31_5_52
2025_09_15_Res4StRes_T1_DSV,IMG_3431.JPG,292_R4S_516_R31_5_52,,,,,,,,,2025_09_15_Res4StRes_T1_DSV_scores.csv,2.0,,,False,,Unknown,,False,292_R4S_516_R31_5_52
2025_09_15_Res4StRes_T1_DSV,IMG_3432.JPG,293_R4S_383_Moldavia_5_53,,,,,,,,,2025_09_15_Res4StRes_T1_DSV_scores.csv,4.0,,,False,,Unknown,,False,293_R4S_383_Moldavia_5_53
2025_09_15_Res4StRes_T1_DSV,IMG_3433.JPG,293_R4S_383_Moldavia_5_53,,,,,,,,,2025_09_15_Res4StRes_T1_DSV_scores.csv,3.0,,,False,,Unknown,,False,293_R4S_383_Moldavia_5_53
2025_09_15_Res4StRes_T1_DSV,IMG_3434.JPG,293_R4S_383_Moldavia_5_53,,,,,,,,,2025_09_15_Res4StRes_T1_DSV_scores.csv,6.0,,,False,,Unknown,,False,293_R4S_383_Moldavia_5_53
2025_09_15_Res4StRes_T1_DSV,IMG_3435.JPG,294_R4S_232_Beluga_5_54,,,,,,,,,2025_09_15_Res4StRes_T1_DSV_scores.csv,6.0,,,False,,Unknown,,False,294_R4S_232_Beluga_5_54
2025_09_15_Res4StRes_T1_DSV,IMG_3436.JPG,294_R4S_232_Beluga_5_54,,,,,,,,,2025_09_15_Res4StRes_T1_DSV_scores.csv,4.0,,,False,,Unknown,,False,294_R4S_232_Beluga_5_54
2025_09_15_Res4StRes_T1_DSV,IMG_3437.JPG,294_R4S_232_Beluga_5_54,,,,,,,,,2025_09_15_Res4StRes_T1_DSV_scores.csv,2.0,,,False,,Unknown,,False,294_R4S_232_Beluga_5_54
2025_09_15_Res4StRes_T1_DSV,IMG_3438.JPG,295_R4S_171_Falstaff_5_55,,,,,,,,,2025_09_15_Res4StRes_T1_DSV_scores.csv,12.0,,,False,,Unknown,,False,295_R4S_171_Falstaff_5_55
2025_09_15_Res4StRes_T1_DSV,IMG_3439.JPG,295_R4S_171_Falstaff_5_55,,,,,,,,,2025_09_15_Res4StRes_T1_DSV_scores.csv,3.0,,,False,,Unknown,,False,295_R4S_171_Falstaff_5_55
2025_09_15_Res4StRes_T1_DSV,IMG_3440.JPG,295_R4S_171_Falstaff_5_55,,,,,,,,,2025_09_15_Res4StRes_T1_DSV_scores.csv,3.0,,,False,,Unknown,,False,295_R4S_171_Falstaff_5_55
2025_09_15_Res4StRes_T1_DSV,IMG_3441.JPG,296_R4S_332_Hollandse Gele Roodkop_5_56,,,,,,,,,2025_09_15_Res4StRes_T1_DSV_scores.csv,2.0,,,False,,Unknown,,False,296_R4S_332_Hollandse Gele Roodkop_5_56
2025_09_15_Res4StRes_T1_DSV,IMG_3442.JPG,296_R4S_332_Hollandse Gele Roodkop_5_56,,,,,,,,,2025_09_15_Res4StRes_T1_DSV_scores.csv,6.0,,,False,,Unknown,,False,296_R4S_332_Hollandse Gele Roodkop_5_56
2025_09_15_Res4StRes_T1_DSV,IMG_3443.JPG,296_R4S_332_Hollandse Gele Roodkop_5_56,,,,,,,,,2025_09_15_Res4StRes_T1_DSV_scores.csv,2.0,,,False,,Unknown,,False,296_R4S_332_Hollandse Gele Roodkop_5_56
2025_09_15_Res4StRes_T1_DSV,IMG_3444.JPG,297_R4S_429_L122_5_57,,,,,,,,,2025_09_15_Res4StRes_T1_DSV_scores.csv,6.0,,,False,,Unknown,,False,297_R4S_429_L122_5_57
2025_09_15_Res4StRes_T1_DSV,IMG_3445.JPG,297_R4S_429_L122_5_57,,,,,,,,,2025_09_15_Res4StRes_T1_DSV_scores.csv,2.0,,,False,,Unknown,,False,297_R4S_429_L122_5_57
2025_09_15_Res4StRes_T1_DSV,IMG_3447.JPG,297_R4S_429_L122_5_57,,,,,,,,,2025_09_15_Res4StRes_T1_DSV_scores.csv,3.0,,,False,,Unknown,,False,297_R4S_429_L122_5_57
2025_09_15_Res4StRes_T1_DSV,IMG_3448.JPG,298_R4S_228_Orlando_5_58,,,,,,,,,2025_09_15_Res4StRes_T1_DSV_scores.csv,7.0,,,False,,Unknown,,False,298_R4S_228_Orlando_5_58
2025_09_15_Res4StRes_T1_DSV,IMG_3449.JPG,298_R4S_228_Orlando_5_58,,,,,,,,,2025_09_15_Res4StRes_T1_DSV_scores.csv,11.0,,,False,,Unknown,,False,298_R4S_228_Orlando_5_58
2025_09_15_Res4StRes_T1_DSV,IMG_3450.JPG,298_R4S_228_Orlando_5_58,,,,,,,,,2025_09_15_Res4StRes_T1_DSV_scores.csv,3.0,,,False,,Unknown,,False,298_R4S_228_Orlando_5_58
2025_09_15_Res4StRes_T1_DSV,IMG_3451.JPG,299_R4S_272_Doral_5_59,,,,,,,,,2025_09_15_Res4StRes_T1_DSV_scores.csv,4.0,,,False,,Unknown,,False,299_R4S_272_Doral_5_59
2025_09_15_Res4StRes_T1_DSV,IMG_3452.JPG,299_R4S_272_Doral_5_59,,,,,,,,,2025_09_15_Res4StRes_T1_DSV_scores.csv,1.0,,,False,,Unknown,,False,299_R4S_272_Doral_5_59
2025_09_15_Res4StRes_T1_DSV,IMG_3453.JPG,299_R4S_272_Doral_5_59,,,,,,,,,2025_09_15_Res4StRes_T1_DSV_scores.csv,4.0,,,False,,Unknown,,False,299_R4S_272_Doral_5_59
2025_09_15_Res4StRes_T1_DSV,IMG_3454.JPG,300_R4S_180_Duell_5_60,,,,,,,,,2025_09_15_Res4StRes_T1_DSV_scores.csv,1.0,,,False,,Unknown,,False,300_R4S_180_Duell_5_60
2025_09_15_Res4StRes_T1_DSV,IMG_3455.JPG,300_R4S_180_Duell_5_60,,,,,,,,,2025_09_15_Res4StRes_T1_DSV_scores.csv,3.0,,,False,,Unknown,,False,300_R4S_180_Duell_5_60
2025_09_15_Res4StRes_T1_DSV,IMG_3456.JPG,300_R4S_180_Duell_5_60,,,,,,,,,2025_09_15_Res4StRes_T1_DSV_scores.csv,2.0,,,False,,Unknown,,False,300_R4S_180_Duell_5_60
2025_10_07_RSFB-Phenotyping_WG1_JLU,20251007_122629.jpg,1_A4C34_R4S_470_1_1,,,,,,,,,2025_10_07_RSFB-Phenotyping_WG1_JLU_scores.csv,2.0,,,False,,Unknown,../dataset/Pictures_CFSB_leaf_damage/2025_10_07_RSFB-Phenotyping_WG1_JLU/2025_10_07_RSFB-Phenotyping_WG1_JLU/20251007_122629.jpg,True,1_A4C34_R4S_470_1_1
2025_10_07_RSFB-Phenotyping_WG1_JLU,20251007_122640.jpg,1_A4C34_R4S_470_1_1,,,,,,,,,2025_10_07_RSFB-Phenotyping_WG1_JLU_scores.csv,1.0,,,False,,Unknown,../dataset/Pictures_CFSB_leaf_damage/2025_10_07_RSFB-Phenotyping_WG1_JLU/2025_10_07_RSFB-Phenotyping_WG1_JLU/20251007_122640.jpg,True,1_A4C34_R4S_470_1_1
2025_10_07_RSFB-Phenotyping_WG1_JLU,20251007_122700.jpg,1_A4C34_R4S_470_1_1,,,,,,,,,2025_10_07_RSFB-Phenotyping_WG1_JLU_scores.csv,1.0,,,False,,Unknown,../dataset/Pictures_CFSB_leaf_damage/2025_10_07_RSFB-Phenotyping_WG1_JLU/2025_10_07_RSFB-Phenotyping_WG1_JLU/20251007_122700.jpg,True,1_A4C34_R4S_470_1_1
2025_10_07_RSFB-Phenotyping_WG1_JLU,20251007_122749.jpg,2_Askari_R4S_212_1_2,,,,,,,,,2025_10_07_RSFB-Phenotyping_WG1_JLU_scores.csv,1.0,,,False,,Unknown,../dataset/Pictures_CFSB_leaf_damage/2025_10_07_RSFB-Phenotyping_WG1_JLU/2025_10_07_RSFB-Phenotyping_WG1_JLU/20251007_122749.jpg,True,2_Askari_R4S_212_1_2
2025_10_07_RSFB-Phenotyping_WG1_JLU,20251007_122806.jpg,2_Askari_R4S_212_1_2,,,,,,,,,2025_10_07_RSFB-Phenotyping_WG1_JLU_scores.csv,1.0,,,False,,Unknown,../dataset/Pictures_CFSB_leaf_damage/2025_10_07_RSFB-Phenotyping_WG1_JLU/2025_10_07_RSFB-Phenotyping_WG1_JLU/20251007_122806.jpg,True,2_Askari_R4S_212_1_2
2025_10_07_RSFB-Phenotyping_WG1_JLU,20251007_122816.jpg,2_Askari_R4S_212_1_2,,,,,,,,,2025_10_07_RSFB-Phenotyping_WG1_JLU_scores.csv,1.0,,,False,,Unknown,../dataset/Pictures_CFSB_leaf_damage/2025_10_07_RSFB-Phenotyping_WG1_JLU/2025_10_07_RSFB-Phenotyping_WG1_JLU/20251007_122816.jpg,True,2_Askari_R4S_212_1_2
2025_10_07_RSFB-Phenotyping_WG1_JLU,20251007_122850.jpg,3_Wolynski_R4S_291_1_3,,,,,,,,,2025_10_07_RSFB-Phenotyping_WG1_JLU_scores.csv,1.0,,,False,,Unknown,../dataset/Pictures_CFSB_leaf_damage/2025_10_07_RSFB-Phenotyping_WG1_JLU/2025_10_07_RSFB-Phenotyping_WG1_JLU/20251007_122850.jpg,True,3_Wolynski_R4S_291_1_3
2025_10_07_RSFB-Phenotyping_WG1_JLU,20251007_122901.jpg,3_Wolynski_R4S_291_1_3,,,,,,,,,2025_10_07_RSFB-Phenotyping_WG1_JLU_scores.csv,1.0,,,False,,Unknown,../dataset/Pictures_CFSB_leaf_damage/2025_10_07_RSFB-Phenotyping_WG1_JLU/2025_10_07_RSFB-Phenotyping_WG1_JLU/20251007_122901.jpg,True,3_Wolynski_R4S_291_1_3
2025_10_07_RSFB-Phenotyping_WG1_JLU,20251007_122909.jpg,3_Wolynski_R4S_291_1_3,,,,,,,,,2025_10_07_RSFB-Phenotyping_WG1_JLU_scores.csv,1.0,,,False,,Unknown,../dataset/Pictures_CFSB_leaf_damage/2025_10_07_RSFB-Phenotyping_WG1_JLU/2025_10_07_RSFB-Phenotyping_WG1_JLU/20251007_122909.jpg,True,3_Wolynski_R4S_291_1_3
2025_10_07_RSFB-Phenotyping_WG1_JLU,20251007_122945.jpg,4_Lirafit_R4S_387_1_4,,,,,,,,,2025_10_07_RSFB-Phenotyping_WG1_JLU_scores.csv,3.0,,,False,,Unknown,../dataset/Pictures_CFSB_leaf_damage/2025_10_07_RSFB-Phenotyping_WG1_JLU/2025_10_07_RSFB-Phenotyping_WG1_JLU/20251007_122945.jpg,True,4_Lirafit_R4S_387_1_4
2025_10_07_RSFB-Phenotyping_WG1_JLU,20251007_122956.jpg,4_Lirafit_R4S_387_1_4,,,,,,,,,2025_10_07_RSFB-Phenotyping_WG1_JLU_scores.csv,2.0,,,False,,Unknown,../dataset/Pictures_CFSB_leaf_damage/2025_10_07_RSFB-Phenotyping_WG1_JLU/2025_10_07_RSFB-Phenotyping_WG1_JLU/20251007_122956.jpg,True,4_Lirafit_R4S_387_1_4
2025_10_07_RSFB-Phenotyping_WG1_JLU,20251007_123006.jpg,4_Lirafit_R4S_387_1_4,,,,,,,,,2025_10_07_RSFB-Phenotyping_WG1_JLU_scores.csv,2.0,,,False,,Unknown,../dataset/Pictures_CFSB_leaf_damage/2025_10_07_RSFB-Phenotyping_WG1_JLU/2025_10_07_RSFB-Phenotyping_WG1_JLU/20251007_123006.jpg,True,4_Lirafit_R4S_387_1_4
2025_10_07_RSFB-Phenotyping_WG1_JLU,20251007_123042.jpg,5_SEM_R4S_433_1_5,,,,,,,,,2025_10_07_RSFB-Phenotyping_WG1_JLU_scores.csv,12.0,,,False,,Unknown,../dataset/Pictures_CFSB_leaf_damage/2025_10_07_RSFB-Phenotyping_WG1_JLU/2025_10_07_RSFB-Phenotyping_WG1_JLU/20251007_123042.jpg,True,5_SEM_R4S_433_1_5
2025_10_07_RSFB-Phenotyping_WG1_JLU,20251007_123053.jpg,5_SEM_R4S_433_1_5,,,,,,,,,2025_10_07_RSFB-Phenotyping_WG1_JLU_scores.csv,3.0,,,False,,Unknown,../dataset/Pictures_CFSB_leaf_damage/2025_10_07_RSFB-Phenotyping_WG1_JLU/2025_10_07_RSFB-Phenotyping_WG1_JLU/20251007_123053.jpg,True,5_SEM_R4S_433_1_5
2025_10_07_RSFB-Phenotyping_WG1_JLU,20251007_123103.jpg,5_SEM_R4S_433_1_5,,,,,,,,,2025_10_07_RSFB-Phenotyping_WG1_JLU_scores.csv,2.0,,,False,,Unknown,../dataset/Pictures_CFSB_leaf_damage/2025_10_07_RSFB-Phenotyping_WG1_JLU/2025_10_07_RSFB-Phenotyping_WG1_JLU/20251007_123103.jpg,True,5_SEM_R4S_433_1_5
2025_10_07_RSFB-Phenotyping_WG1_JLU,20251007_123132.jpg,6_Taisetsu_R4S_521_1_6,,,,,,,,,2025_10_07_RSFB-Phenotyping_WG1_JLU_scores.csv,3.0,,,False,,Unknown,../dataset/Pictures_CFSB_leaf_damage/2025_10_07_RSFB-Phenotyping_WG1_JLU/2025_10_07_RSFB-Phenotyping_WG1_JLU/20251007_123132.jpg,True,6_Taisetsu_R4S_521_1_6
2025_10_07_RSFB-Phenotyping_WG1_JLU,20251007_123140.jpg,6_Taisetsu_R4S_521_1_6,,,,,,,,,2025_10_07_RSFB-Phenotyping_WG1_JLU_scores.csv,3.0,,,False,,Unknown,../dataset/Pictures_CFSB_leaf_damage/2025_10_07_RSFB-Phenotyping_WG1_JLU/2025_10_07_RSFB-Phenotyping_WG1_JLU/20251007_123140.jpg,True,6_Taisetsu_R4S_521_1_6
2025_10_07_RSFB-Phenotyping_WG1_JLU,20251007_123150.jpg,6_Taisetsu_R4S_521_1_6,,,,,,,,,2025_10_07_RSFB-Phenotyping_WG1_JLU_scores.csv,2.0,,,False,,Unknown,../dataset/Pictures_CFSB_leaf_damage/2025_10_07_RSFB-Phenotyping_WG1_JLU/2025_10_07_RSFB-Phenotyping_WG1_JLU/20251007_123150.jpg,True,6_Taisetsu_R4S_521_1_6
2025_10_07_RSFB-Phenotyping_WG1_JLU,20251007_123236.jpg,7_S30_R4S_406_1_7,,,,,,,,,2025_10_07_RSFB-Phenotyping_WG1_JLU_scores.csv,10.0,,,False,,Unknown,../dataset/Pictures_CFSB_leaf_damage/2025_10_07_RSFB-Phenotyping_WG1_JLU/2025_10_07_RSFB-Phenotyping_WG1_JLU/20251007_123236.jpg,True,7_S30_R4S_406_1_7
2025_10_07_RSFB-Phenotyping_WG1_JLU,20251007_123243.jpg,7_S30_R4S_406_1_7,,,,,,,,,2025_10_07_RSFB-Phenotyping_WG1_JLU_scores.csv,25.0,,,False,,Unknown,../dataset/Pictures_CFSB_leaf_damage/2025_10_07_RSFB-Phenotyping_WG1_JLU/2025_10_07_RSFB-Phenotyping_WG1_JLU/20251007_123243.jpg,True,7_S30_R4S_406_1_7
2025_10_07_RSFB-Phenotyping_WG1_JLU,20251007_123255.jpg,7_S30_R4S_406_1_7,,,,,,,,,2025_10_07_RSFB-Phenotyping_WG1_JLU_scores.csv,20.0,,,False,,Unknown,../dataset/Pictures_CFSB_leaf_damage/2025_10_07_RSFB-Phenotyping_WG1_JLU/2025_10_07_RSFB-Phenotyping_WG1_JLU/20251007_123255.jpg,True,7_S30_R4S_406_1_7
2025_10_07_RSFB-Phenotyping_WG1_JLU,20251007_123335.jpg,8_J 154_R4S_427_1_8,,,,,,,,,2025_10_07_RSFB-Phenotyping_WG1_JLU_scores.csv,15.0,,,False,,Unknown,../dataset/Pictures_CFSB_leaf_damage/2025_10_07_RSFB-Phenotyping_WG1_JLU/2025_10_07_RSFB-Phenotyping_WG1_JLU/20251007_123335.jpg,True,8_J 154_R4S_427_1_8
2025_10_07_RSFB-Phenotyping_WG1_JLU,20251007_123345.jpg,8_J 154_R4S_427_1_8,,,,,,,,,2025_10_07_RSFB-Phenotyping_WG1_JLU_scores.csv,12.0,,,False,,Unknown,../dataset/Pictures_CFSB_leaf_damage/2025_10_07_RSFB-Phenotyping_WG1_JLU/2025_10_07_RSFB-Phenotyping_WG1_JLU/20251007_123345.jpg,True,8_J 154_R4S_427_1_8
2025_10_07_RSFB-Phenotyping_WG1_JLU,20251007_123354.jpg,8_J 154_R4S_427_1_8,,,,,,,,,2025_10_07_RSFB-Phenotyping_WG1_JLU_scores.csv,3.0,,,False,,Unknown,../dataset/Pictures_CFSB_leaf_damage/2025_10_07_RSFB-Phenotyping_WG1_JLU/2025_10_07_RSFB-Phenotyping_WG1_JLU/20251007_123354.jpg,True,8_J 154_R4S_427_1_8
2025_10_07_RSFB-Phenotyping_WG1_JLU,20251007_123430.jpg,9_Falcon_R4S_209_1_9,,,,,,,,,2025_10_07_RSFB-Phenotyping_WG1_JLU_scores.csv,5.0,,,False,,Unknown,../dataset/Pictures_CFSB_leaf_damage/2025_10_07_RSFB-Phenotyping_WG1_JLU/2025_10_07_RSFB-Phenotyping_WG1_JLU/20251007_123430.jpg,True,9_Falcon_R4S_209_1_9
2025_10_07_RSFB-Phenotyping_WG1_JLU,20251007_123439.jpg,9_Falcon_R4S_209_1_9,,,,,,,,,2025_10_07_RSFB-Phenotyping_WG1_JLU_scores.csv,25.0,,,False,,Unknown,../dataset/Pictures_CFSB_leaf_damage/2025_10_07_RSFB-Phenotyping_WG1_JLU/2025_10_07_RSFB-Phenotyping_WG1_JLU/20251007_123439.jpg,True,9_Falcon_R4S_209_1_9
2025_10_07_RSFB-Phenotyping_WG1_JLU,20251007_123447.jpg,9_Falcon_R4S_209_1_9,,,,,,,,,2025_10_07_RSFB-Phenotyping_WG1_JLU_scores.csv,13.0,,,False,,Unknown,../dataset/Pictures_CFSB_leaf_damage/2025_10_07_RSFB-Phenotyping_WG1_JLU/2025_10_07_RSFB-Phenotyping_WG1_JLU/20251007_123447.jpg,True,9_Falcon_R4S_209_1_9
2025_10_07_RSFB-Phenotyping_WG1_JLU,20251007_123532.jpg,10_INL 2_R4S_442_1_10,,,,,,,,,2025_10_07_RSFB-Phenotyping_WG1_JLU_scores.csv,20.0,,,False,,Unknown,../dataset/Pictures_CFSB_leaf_damage/2025_10_07_RSFB-Phenotyping_WG1_JLU/2025_10_07_RSFB-Phenotyping_WG1_JLU/20251007_123532.jpg,True,10_INL 2_R4S_442_1_10
2025_10_07_RSFB-Phenotyping_WG1_JLU,20251007_123539.jpg,10_INL 2_R4S_442_1_10,,,,,,,,,2025_10_07_RSFB-Phenotyping_WG1_JLU_scores.csv,12.0,,,False,,Unknown,../dataset/Pictures_CFSB_leaf_damage/2025_10_07_RSFB-Phenotyping_WG1_JLU/2025_10_07_RSFB-Phenotyping_WG1_JLU/20251007_123539.jpg,True,10_INL 2_R4S_442_1_10
2025_10_07_RSFB-Phenotyping_WG1_JLU,20251007_123547.jpg,10_INL 2_R4S_442_1_10,,,,,,,,,2025_10_07_RSFB-Phenotyping_WG1_JLU_scores.csv,13.0,,,False,,Unknown,../dataset/Pictures_CFSB_leaf_damage/2025_10_07_RSFB-Phenotyping_WG1_JLU/2025_10_07_RSFB-Phenotyping_WG1_JLU/20251007_123547.jpg,True,10_INL 2_R4S_442_1_10
2025_10_07_RSFB-Phenotyping_WG1_JLU,20251007_123909.jpg,11_Major_R4S_386_1_11,,,,,,,,,2025_10_07_RSFB-Phenotyping_WG1_JLU_scores.csv,11.0,,,False,,Unknown,../dataset/Pictures_CFSB_leaf_damage/2025_10_07_RSFB-Phenotyping_WG1_JLU/2025_10_07_RSFB-Phenotyping_WG1_JLU/20251007_123909.jpg,True,11_Major_R4S_386_1_11
2025_10_07_RSFB-Phenotyping_WG1_JLU,20251007_123914.jpg,11_Major_R4S_386_1_11,,,,,,,,,2025_10_07_RSFB-Phenotyping_WG1_JLU_scores.csv,20.0,,,False,,Unknown,../dataset/Pictures_CFSB_leaf_damage/2025_10_07_RSFB-Phenotyping_WG1_JLU/2025_10_07_RSFB-Phenotyping_WG1_JLU/20251007_123914.jpg,True,11_Major_R4S_386_1_11
2025_10_07_RSFB-Phenotyping_WG1_JLU,20251007_123921.jpg,11_Major_R4S_386_1_11,,,,,,,,,2025_10_07_RSFB-Phenotyping_WG1_JLU_scores.csv,30.0,,,False,,Unknown,../dataset/Pictures_CFSB_leaf_damage/2025_10_07_RSFB-Phenotyping_WG1_JLU/2025_10_07_RSFB-Phenotyping_WG1_JLU/20251007_123921.jpg,True,11_Major_R4S_386_1_11
2025_10_07_RSFB-Phenotyping_WG1_JLU,20251007_124014.jpg,12_S2_R4S_437_1_12,,,,,,,,,2025_10_07_RSFB-Phenotyping_WG1_JLU_scores.csv,15.0,,,False,,Unknown,../dataset/Pictures_CFSB_leaf_damage/2025_10_07_RSFB-Phenotyping_WG1_JLU/2025_10_07_RSFB-Phenotyping_WG1_JLU/20251007_124014.jpg,True,12_S2_R4S_437_1_12
2025_10_07_RSFB-Phenotyping_WG1_JLU,20251007_124022.jpg,12_S2_R4S_437_1_12,,,,,,,,,2025_10_07_RSFB-Phenotyping_WG1_JLU_scores.csv,8.0,,,False,,Unknown,../dataset/Pictures_CFSB_leaf_damage/2025_10_07_RSFB-Phenotyping_WG1_JLU/2025_10_07_RSFB-Phenotyping_WG1_JLU/20251007_124022.jpg,True,12_S2_R4S_437_1_12
2025_10_07_RSFB-Phenotyping_WG1_JLU,20251007_124030.jpg,12_S2_R4S_437_1_12,,,,,,,,,2025_10_07_RSFB-Phenotyping_WG1_JLU_scores.csv,16.0,,,False,,Unknown,../dataset/Pictures_CFSB_leaf_damage/2025_10_07_RSFB-Phenotyping_WG1_JLU/2025_10_07_RSFB-Phenotyping_WG1_JLU/20251007_124030.jpg,True,12_S2_R4S_437_1_12
2025_10_07_RSFB-Phenotyping_WG1_JLU,20251007_124053.jpg,13_SLM 0512_R4S_177_1_13,,,,,,,,,2025_10_07_RSFB-Phenotyping_WG1_JLU_scores.csv,23.0,,,False,,Unknown,../dataset/Pictures_CFSB_leaf_damage/2025_10_07_RSFB-Phenotyping_WG1_JLU/2025_10_07_RSFB-Phenotyping_WG1_JLU/20251007_124053.jpg,True,13_SLM 0512_R4S_177_1_13
2025_10_07_RSFB-Phenotyping_WG1_JLU,20251007_124059.jpg,13_SLM 0512_R4S_177_1_13,,,,,,,,,2025_10_07_RSFB-Phenotyping_WG1_JLU_scores.csv,18.0,,,False,,Unknown,../dataset/Pictures_CFSB_leaf_damage/2025_10_07_RSFB-Phenotyping_WG1_JLU/2025_10_07_RSFB-Phenotyping_WG1_JLU/20251007_124059.jpg,True,13_SLM 0512_R4S_177_1_13
2025_10_07_RSFB-Phenotyping_WG1_JLU,20251007_124105.jpg,13_SLM 0512_R4S_177_1_13,,,,,,,,,2025_10_07_RSFB-Phenotyping_WG1_JLU_scores.csv,16.0,,,False,,Unknown,../dataset/Pictures_CFSB_leaf_damage/2025_10_07_RSFB-Phenotyping_WG1_JLU/2025_10_07_RSFB-Phenotyping_WG1_JLU/20251007_124105.jpg,True,13_SLM 0512_R4S_177_1_13
2025_10_07_RSFB-Phenotyping_WG1_JLU,20251007_124124.jpg,14_DH5 Oase x Nugget  PBY061 von NPZ_R4S_408_1_14,,,,,,,,,2025_10_07_RSFB-Phenotyping_WG1_JLU_scores.csv,12.0,,,False,,Unknown,../dataset/Pictures_CFSB_leaf_damage/2025_10_07_RSFB-Phenotyping_WG1_JLU/2025_10_07_RSFB-Phenotyping_WG1_JLU/20251007_124124.jpg,True,14_DH5 Oase x Nugget  PBY061 von NPZ_R4S_408_1_14
2025_10_07_RSFB-Phenotyping_WG1_JLU,20251007_124129.jpg,14_DH5 Oase x Nugget  PBY061 von NPZ_R4S_408_1_14,,,,,,,,,2025_10_07_RSFB-Phenotyping_WG1_JLU_scores.csv,14.0,,,False,,Unknown,../dataset/Pictures_CFSB_leaf_damage/2025_10_07_RSFB-Phenotyping_WG1_JLU/2025_10_07_RSFB-Phenotyping_WG1_JLU/20251007_124129.jpg,True,14_DH5 Oase x Nugget  PBY061 von NPZ_R4S_408_1_14
2025_10_07_RSFB-Phenotyping_WG1_JLU,20251007_124137.jpg,14_DH5 Oase x Nugget  PBY061 von NPZ_R4S_408_1_14,,,,,,,,,2025_10_07_RSFB-Phenotyping_WG1_JLU_scores.csv,10.0,,,False,,Unknown,../dataset/Pictures_CFSB_leaf_damage/2025_10_07_RSFB-Phenotyping_WG1_JLU/2025_10_07_RSFB-Phenotyping_WG1_JLU/20251007_124137.jpg,True,14_DH5 Oase x Nugget  PBY061 von NPZ_R4S_408_1_14
2025_10_07_RSFB-Phenotyping_WG1_JLU,20251007_124155.jpg,15_Librador_R4S_389_1_15,,,,,,,,,2025_10_07_RSFB-Phenotyping_WG1_JLU_scores.csv,13.0,,,False,,Unknown,../dataset/Pictures_CFSB_leaf_damage/2025_10_07_RSFB-Phenotyping_WG1_JLU/2025_10_07_RSFB-Phenotyping_WG1_JLU/20251007_124155.jpg,True,15_Librador_R4S_389_1_15
2025_10_07_RSFB-Phenotyping_WG1_JLU,20251007_124201.jpg,15_Librador_R4S_389_1_15,,,,,,,,,2025_10_07_RSFB-Phenotyping_WG1_JLU_scores.csv,12.0,,,False,,Unknown,../dataset/Pictures_CFSB_leaf_damage/2025_10_07_RSFB-Phenotyping_WG1_JLU/2025_10_07_RSFB-Phenotyping_WG1_JLU/20251007_124201.jpg,True,15_Librador_R4S_389_1_15
2025_10_07_RSFB-Phenotyping_WG1_JLU,20251007_124209.jpg,15_Librador_R4S_389_1_15,,,,,,,,,2025_10_07_RSFB-Phenotyping_WG1_JLU_scores.csv,10.0,,,False,,Unknown,../dataset/Pictures_CFSB_leaf_damage/2025_10_07_RSFB-Phenotyping_WG1_JLU/2025_10_07_RSFB-Phenotyping_WG1_JLU/20251007_124209.jpg,True,15_Librador_R4S_389_1_15
2025_10_07_RSFB-Phenotyping_WG1_JLU,20251007_124230.jpg,16_Pirola_R4S_265_1_16,,,,,,,,,2025_10_07_RSFB-Phenotyping_WG1_JLU_scores.csv,28.0,,,False,,Unknown,../dataset/Pictures_CFSB_leaf_damage/2025_10_07_RSFB-Phenotyping_WG1_JLU/2025_10_07_RSFB-Phenotyping_WG1_JLU/20251007_124230.jpg,True,16_Pirola_R4S_265_1_16
2025_10_07_RSFB-Phenotyping_WG1_JLU,20251007_124238.jpg,16_Pirola_R4S_265_1_16,,,,,,,,,2025_10_07_RSFB-Phenotyping_WG1_JLU_scores.csv,16.0,,,False,,Unknown,../dataset/Pictures_CFSB_leaf_damage/2025_10_07_RSFB-Phenotyping_WG1_JLU/2025_10_07_RSFB-Phenotyping_WG1_JLU/20251007_124238.jpg,True,16_Pirola_R4S_265_1_16
2025_10_07_RSFB-Phenotyping_WG1_JLU,20251007_124243.jpg,16_Pirola_R4S_265_1_16,,,,,,,,,2025_10_07_RSFB-Phenotyping_WG1_JLU_scores.csv,12.0,,,False,,Unknown,../dataset/Pictures_CFSB_leaf_damage/2025_10_07_RSFB-Phenotyping_WG1_JLU/2025_10_07_RSFB-Phenotyping_WG1_JLU/20251007_124243.jpg,True,16_Pirola_R4S_265_1_16
2025_10_07_RSFB-Phenotyping_WG1_JLU,20251007_124300.jpg,17_SWGospel_R4S_242_1_17,,,,,,,,,2025_10_07_RSFB-Phenotyping_WG1_JLU_scores.csv,12.0,,,False,,Unknown,../dataset/Pictures_CFSB_leaf_damage/2025_10_07_RSFB-Phenotyping_WG1_JLU/2025_10_07_RSFB-Phenotyping_WG1_JLU/20251007_124300.jpg,True,17_SWGospel_R4S_242_1_17
2025_10_07_RSFB-Phenotyping_WG1_JLU,20251007_124307.jpg,17_SWGospel_R4S_242_1_17,,,,,,,,,2025_10_07_RSFB-Phenotyping_WG1_JLU_scores.csv,18.0,,,False,,Unknown,../dataset/Pictures_CFSB_leaf_damage/2025_10_07_RSFB-Phenotyping_WG1_JLU/2025_10_07_RSFB-Phenotyping_WG1_JLU/20251007_124307.jpg,True,17_SWGospel_R4S_242_1_17
2025_10_07_RSFB-Phenotyping_WG1_JLU,20251007_124313.jpg,17_SWGospel_R4S_242_1_17,,,,,,,,,2025_10_07_RSFB-Phenotyping_WG1_JLU_scores.csv,8.0,,,False,,Unknown,../dataset/Pictures_CFSB_leaf_damage/2025_10_07_RSFB-Phenotyping_WG1_JLU/2025_10_07_RSFB-Phenotyping_WG1_JLU/20251007_124313.jpg,True,17_SWGospel_R4S_242_1_17
2025_10_07_RSFB-Phenotyping_WG1_JLU,20251007_124330.jpg,18_AMBER X COMMANCHE DH LINE_R4S_187_1_18,,,,,,,,,2025_10_07_RSFB-Phenotyping_WG1_JLU_scores.csv,10.0,,,False,,Unknown,../dataset/Pictures_CFSB_leaf_damage/2025_10_07_RSFB-Phenotyping_WG1_JLU/2025_10_07_RSFB-Phenotyping_WG1_JLU/20251007_124330.jpg,True,18_AMBER X COMMANCHE DH LINE_R4S_187_1_18
2025_10_07_RSFB-Phenotyping_WG1_JLU,20251007_124338.jpg,18_AMBER X COMMANCHE DH LINE_R4S_187_1_18,,,,,,,,,2025_10_07_RSFB-Phenotyping_WG1_JLU_scores.csv,4.0,,,False,,Unknown,../dataset/Pictures_CFSB_leaf_damage/2025_10_07_RSFB-Phenotyping_WG1_JLU/2025_10_07_RSFB-Phenotyping_WG1_JLU/20251007_124338.jpg,True,18_AMBER X COMMANCHE DH LINE_R4S_187_1_18
2025_10_07_RSFB-Phenotyping_WG1_JLU,20251007_124344.jpg,18_AMBER X COMMANCHE DH LINE_R4S_187_1_18,,,,,,,,,2025_10_07_RSFB-Phenotyping_WG1_JLU_scores.csv,11.0,,,False,,Unknown,../dataset/Pictures_CFSB_leaf_damage/2025_10_07_RSFB-Phenotyping_WG1_JLU/2025_10_07_RSFB-Phenotyping_WG1_JLU/20251007_124344.jpg,True,18_AMBER X COMMANCHE DH LINE_R4S_187_1_18
2025_10_07_RSFB-Phenotyping_WG1_JLU,20251007_124402.jpg,19_WINFRED_R4S_531_1_19,,,,,,,,,2025_10_07_RSFB-Phenotyping_WG1_JLU_scores.csv,12.0,,,False,,Unknown,../dataset/Pictures_CFSB_leaf_damage/2025_10_07_RSFB-Phenotyping_WG1_JLU/2025_10_07_RSFB-Phenotyping_WG1_JLU/20251007_124402.jpg,True,19_WINFRED_R4S_531_1_19
2025_10_07_RSFB-Phenotyping_WG1_JLU,20251007_124409.jpg,19_WINFRED_R4S_531_1_19,,,,,,,,,2025_10_07_RSFB-Phenotyping_WG1_JLU_scores.csv,10.0,,,False,,Unknown,../dataset/Pictures_CFSB_leaf_damage/2025_10_07_RSFB-Phenotyping_WG1_JLU/2025_10_07_RSFB-Phenotyping_WG1_JLU/20251007_124409.jpg,True,19_WINFRED_R4S_531_1_19
2025_10_07_RSFB-Phenotyping_WG1_JLU,20251007_124415.jpg,19_WINFRED_R4S_531_1_19,,,,,,,,,2025_10_07_RSFB-Phenotyping_WG1_JLU_scores.csv,8.0,,,False,,Unknown,../dataset/Pictures_CFSB_leaf_damage/2025_10_07_RSFB-Phenotyping_WG1_JLU/2025_10_07_RSFB-Phenotyping_WG1_JLU/20251007_124415.jpg,True,19_WINFRED_R4S_531_1_19
2025_10_07_RSFB-Phenotyping_WG1_JLU,20251007_124434.jpg,20_Picasso_R4S_147_1_20,,,,,,,,,2025_10_07_RSFB-Phenotyping_WG1_JLU_scores.csv,12.0,,,False,,Unknown,../dataset/Pictures_CFSB_leaf_damage/2025_10_07_RSFB-Phenotyping_WG1_JLU/2025_10_07_RSFB-Phenotyping_WG1_JLU/20251007_124434.jpg,True,20_Picasso_R4S_147_1_20
2025_10_07_RSFB-Phenotyping_WG1_JLU,20251007_124441.jpg,20_Picasso_R4S_147_1_20,,,,,,,,,2025_10_07_RSFB-Phenotyping_WG1_JLU_scores.csv,18.0,,,False,,Unknown,../dataset/Pictures_CFSB_leaf_damage/2025_10_07_RSFB-Phenotyping_WG1_JLU/2025_10_07_RSFB-Phenotyping_WG1_JLU/20251007_124441.jpg,True,20_Picasso_R4S_147_1_20
2025_10_07_RSFB-Phenotyping_WG1_JLU,20251007_124451.jpg,20_Picasso_R4S_147_1_20,,,,,,,,,2025_10_07_RSFB-Phenotyping_WG1_JLU_scores.csv,8.0,,,False,,Unknown,../dataset/Pictures_CFSB_leaf_damage/2025_10_07_RSFB-Phenotyping_WG1_JLU/2025_10_07_RSFB-Phenotyping_WG1_JLU/20251007_124451.jpg,True,20_Picasso_R4S_147_1_20
2025_10_07_RSFB-Phenotyping_WG1_JLU,20251007_124508.jpg,21_Alaska_R4S_266_1_21,,,,,,,,,2025_10_07_RSFB-Phenotyping_WG1_JLU_scores.csv,2.0,,,False,,Unknown,../dataset/Pictures_CFSB_leaf_damage/2025_10_07_RSFB-Phenotyping_WG1_JLU/2025_10_07_RSFB-Phenotyping_WG1_JLU/20251007_124508.jpg,True,21_Alaska_R4S_266_1_21
2025_10_07_RSFB-Phenotyping_WG1_JLU,20251007_124515.jpg,21_Alaska_R4S_266_1_21,,,,,,,,,2025_10_07_RSFB-Phenotyping_WG1_JLU_scores.csv,30.0,,,False,,Unknown,../dataset/Pictures_CFSB_leaf_damage/2025_10_07_RSFB-Phenotyping_WG1_JLU/2025_10_07_RSFB-Phenotyping_WG1_JLU/20251007_124515.jpg,True,21_Alaska_R4S_266_1_21
2025_10_07_RSFB-Phenotyping_WG1_JLU,20251007_124522.jpg,21_Alaska_R4S_266_1_21,,,,,,,,,2025_10_07_RSFB-Phenotyping_WG1_JLU_scores.csv,5.0,,,False,,Unknown,../dataset/Pictures_CFSB_leaf_damage/2025_10_07_RSFB-Phenotyping_WG1_JLU/2025_10_07_RSFB-Phenotyping_WG1_JLU/20251007_124522.jpg,True,21_Alaska_R4S_266_1_21
2025_10_07_RSFB-Phenotyping_WG1_JLU,20251007_124541.jpg,22_APEX-93_5 X GINYOU_3 DH LINE_R4S_224_1_22,,,,,,,,,2025_10_07_RSFB-Phenotyping_WG1_JLU_scores.csv,20.0,,,False,,Unknown,../dataset/Pictures_CFSB_leaf_damage/2025_10_07_RSFB-Phenotyping_WG1_JLU/2025_10_07_RSFB-Phenotyping_WG1_JLU/20251007_124541.jpg,True,22_APEX-93_5 X GINYOU_3 DH LINE_R4S_224_1_22
2025_10_07_RSFB-Phenotyping_WG1_JLU,20251007_124548.jpg,22_APEX-93_5 X GINYOU_3 DH LINE_R4S_224_1_22,,,,,,,,,2025_10_07_RSFB-Phenotyping_WG1_JLU_scores.csv,12.0,,,False,,Unknown,../dataset/Pictures_CFSB_leaf_damage/2025_10_07_RSFB-Phenotyping_WG1_JLU/2025_10_07_RSFB-Phenotyping_WG1_JLU/20251007_124548.jpg,True,22_APEX-93_5 X GINYOU_3 DH LINE_R4S_224_1_22
2025_10_07_RSFB-Phenotyping_WG1_JLU,20251007_124555.jpg,22_APEX-93_5 X GINYOU_3 DH LINE_R4S_224_1_22,,,,,,,,,2025_10_07_RSFB-Phenotyping_WG1_JLU_scores.csv,9.0,,,False,,Unknown,../dataset/Pictures_CFSB_leaf_damage/2025_10_07_RSFB-Phenotyping_WG1_JLU/2025_10_07_RSFB-Phenotyping_WG1_JLU/20251007_124555.jpg,True,22_APEX-93_5 X GINYOU_3 DH LINE_R4S_224_1_22
2025_10_07_RSFB-Phenotyping_WG1_JLU,20251007_124614.jpg,23_Skrzeszowicki_R4S_379_1_23,,,,,,,,,2025_10_07_RSFB-Phenotyping_WG1_JLU_scores.csv,8.0,,,False,,Unknown,../dataset/Pictures_CFSB_leaf_damage/2025_10_07_RSFB-Phenotyping_WG1_JLU/2025_10_07_RSFB-Phenotyping_WG1_JLU/20251007_124614.jpg,True,23_Skrzeszowicki_R4S_379_1_23
2025_10_07_RSFB-Phenotyping_WG1_JLU,20251007_124621.jpg,23_Skrzeszowicki_R4S_379_1_23,,,,,,,,,2025_10_07_RSFB-Phenotyping_WG1_JLU_scores.csv,12.0,,,False,,Unknown,../dataset/Pictures_CFSB_leaf_damage/2025_10_07_RSFB-Phenotyping_WG1_JLU/2025_10_07_RSFB-Phenotyping_WG1_JLU/20251007_124621.jpg,True,23_Skrzeszowicki_R4S_379_1_23
2025_10_07_RSFB-Phenotyping_WG1_JLU,20251007_124628.jpg,23_Skrzeszowicki_R4S_379_1_23,,,,,,,,,2025_10_07_RSFB-Phenotyping_WG1_JLU_scores.csv,8.0,,,False,,Unknown,../dataset/Pictures_CFSB_leaf_damage/2025_10_07_RSFB-Phenotyping_WG1_JLU/2025_10_07_RSFB-Phenotyping_WG1_JLU/20251007_124628.jpg,True,23_Skrzeszowicki_R4S_379_1_23
2025_10_07_RSFB-Phenotyping_WG1_JLU,20251007_124649.jpg,24_Mestnij_R4S_384_1_24,,,,,,,,,2025_10_07_RSFB-Phenotyping_WG1_JLU_scores.csv,3.0,,,False,,Unknown,../dataset/Pictures_CFSB_leaf_damage/2025_10_07_RSFB-Phenotyping_WG1_JLU/2025_10_07_RSFB-Phenotyping_WG1_JLU/20251007_124649.jpg,True,24_Mestnij_R4S_384_1_24
2025_10_07_RSFB-Phenotyping_WG1_JLU,20251007_124656.jpg,24_Mestnij_R4S_384_1_24,,,,,,,,,2025_10_07_RSFB-Phenotyping_WG1_JLU_scores.csv,20.0,,,False,,Unknown,../dataset/Pictures_CFSB_leaf_damage/2025_10_07_RSFB-Phenotyping_WG1_JLU/2025_10_07_RSFB-Phenotyping_WG1_JLU/20251007_124656.jpg,True,24_Mestnij_R4S_384_1_24
2025_10_07_RSFB-Phenotyping_WG1_JLU,20251007_124703.jpg,24_Mestnij_R4S_384_1_24,,,,,,,,,2025_10_07_RSFB-Phenotyping_WG1_JLU_scores.csv,25.0,,,False,,Unknown,../dataset/Pictures_CFSB_leaf_damage/2025_10_07_RSFB-Phenotyping_WG1_JLU/2025_10_07_RSFB-Phenotyping_WG1_JLU/20251007_124703.jpg,True,24_Mestnij_R4S_384_1_24
2025_10_07_RSFB-Phenotyping_WG1_JLU,20251007_124721.jpg,25_Conqueror Bronze Green Top_R4S_344_1_25,,,,,,,,,2025_10_07_RSFB-Phenotyping_WG1_JLU_scores.csv,12.0,,,False,,Unknown,../dataset/Pictures_CFSB_leaf_damage/2025_10_07_RSFB-Phenotyping_WG1_JLU/2025_10_07_RSFB-Phenotyping_WG1_JLU/20251007_124721.jpg,True,25_Conqueror Bronze Green Top_R4S_344_1_25
2025_10_07_RSFB-Phenotyping_WG1_JLU,20251007_124729.jpg,25_Conqueror Bronze Green Top_R4S_344_1_25,,,,,,,,,2025_10_07_RSFB-Phenotyping_WG1_JLU_scores.csv,4.0,,,False,,Unknown,../dataset/Pictures_CFSB_leaf_damage/2025_10_07_RSFB-Phenotyping_WG1_JLU/2025_10_07_RSFB-Phenotyping_WG1_JLU/20251007_124729.jpg,True,25_Conqueror Bronze Green Top_R4S_344_1_25
2025_10_07_RSFB-Phenotyping_WG1_JLU,20251007_124735.jpg,25_Conqueror Bronze Green Top_R4S_344_1_25,,,,,,,,,2025_10_07_RSFB-Phenotyping_WG1_JLU_scores.csv,4.0,,,False,,Unknown,../dataset/Pictures_CFSB_leaf_damage/2025_10_07_RSFB-Phenotyping_WG1_JLU/2025_10_07_RSFB-Phenotyping_WG1_JLU/20251007_124735.jpg,True,25_Conqueror Bronze Green Top_R4S_344_1_25
2025_10_07_RSFB-Phenotyping_WG1_JLU,20251007_124753.jpg,26_Barrel_R4S_225_1_26,,,,,,,,,2025_10_07_RSFB-Phenotyping_WG1_JLU_scores.csv,4.0,,,False,,Unknown,../dataset/Pictures_CFSB_leaf_damage/2025_10_07_RSFB-Phenotyping_WG1_JLU/2025_10_07_RSFB-Phenotyping_WG1_JLU/20251007_124753.jpg,True,26_Barrel_R4S_225_1_26
2025_10_07_RSFB-Phenotyping_WG1_JLU,20251007_124800.jpg,26_Barrel_R4S_225_1_26,,,,,,,,,2025_10_07_RSFB-Phenotyping_WG1_JLU_scores.csv,4.0,,,False,,Unknown,../dataset/Pictures_CFSB_leaf_damage/2025_10_07_RSFB-Phenotyping_WG1_JLU/2025_10_07_RSFB-Phenotyping_WG1_JLU/20251007_124800.jpg,True,26_Barrel_R4S_225_1_26
2025_10_07_RSFB-Phenotyping_WG1_JLU,20251007_124805.jpg,26_Barrel_R4S_225_1_26,,,,,,,,,2025_10_07_RSFB-Phenotyping_WG1_JLU_scores.csv,5.0,,,False,,Unknown,../dataset/Pictures_CFSB_leaf_damage/2025_10_07_RSFB-Phenotyping_WG1_JLU/2025_10_07_RSFB-Phenotyping_WG1_JLU/20251007_124805.jpg,True,26_Barrel_R4S_225_1_26
2025_10_07_RSFB-Phenotyping_WG1_JLU,20251007_124823.jpg,27_Peerless (Acme)_R4S_342_1_27,,,,,,,,,2025_10_07_RSFB-Phenotyping_WG1_JLU_scores.csv,3.0,,,False,,Unknown,../dataset/Pictures_CFSB_leaf_damage/2025_10_07_RSFB-Phenotyping_WG1_JLU/2025_10_07_RSFB-Phenotyping_WG1_JLU/20251007_124823.jpg,True,27_Peerless (Acme)_R4S_342_1_27
2025_10_07_RSFB-Phenotyping_WG1_JLU,20251007_124830.jpg,27_Peerless (Acme)_R4S_342_1_27,,,,,,,,,2025_10_07_RSFB-Phenotyping_WG1_JLU_scores.csv,8.0,,,False,,Unknown,../dataset/Pictures_CFSB_leaf_damage/2025_10_07_RSFB-Phenotyping_WG1_JLU/2025_10_07_RSFB-Phenotyping_WG1_JLU/20251007_124830.jpg,True,27_Peerless (Acme)_R4S_342_1_27
2025_10_07_RSFB-Phenotyping_WG1_JLU,20251007_124837.jpg,27_Peerless (Acme)_R4S_342_1_27,,,,,,,,,2025_10_07_RSFB-Phenotyping_WG1_JLU_scores.csv,4.0,,,False,,Unknown,../dataset/Pictures_CFSB_leaf_damage/2025_10_07_RSFB-Phenotyping_WG1_JLU/2025_10_07_RSFB-Phenotyping_WG1_JLU/20251007_124837.jpg,True,27_Peerless (Acme)_R4S_342_1_27
2025_10_07_RSFB-Phenotyping_WG1_JLU,20251007_124855.jpg,28_Rapid_R4S_149_1_28,,,,,,,,,2025_10_07_RSFB-Phenotyping_WG1_JLU_scores.csv,15.0,,,False,,Unknown,../dataset/Pictures_CFSB_leaf_damage/2025_10_07_RSFB-Phenotyping_WG1_JLU/2025_10_07_RSFB-Phenotyping_WG1_JLU/20251007_124855.jpg,True,28_Rapid_R4S_149_1_28
2025_10_07_RSFB-Phenotyping_WG1_JLU,20251007_124903.jpg,28_Rapid_R4S_149_1_28,,,,,,,,,2025_10_07_RSFB-Phenotyping_WG1_JLU_scores.csv,6.0,,,False,,Unknown,../dataset/Pictures_CFSB_leaf_damage/2025_10_07_RSFB-Phenotyping_WG1_JLU/2025_10_07_RSFB-Phenotyping_WG1_JLU/20251007_124903.jpg,True,28_Rapid_R4S_149_1_28
2025_10_07_RSFB-Phenotyping_WG1_JLU,20251007_124910.jpg,28_Rapid_R4S_149_1_28,,,,,,,,,2025_10_07_RSFB-Phenotyping_WG1_JLU_scores.csv,4.0,,,False,,Unknown,../dataset/Pictures_CFSB_leaf_damage/2025_10_07_RSFB-Phenotyping_WG1_JLU/2025_10_07_RSFB-Phenotyping_WG1_JLU/20251007_124910.jpg,True,28_Rapid_R4S_149_1_28
2025_10_07_RSFB-Phenotyping_WG1_JLU,20251007_124927.jpg,29_MADRIGAL x RECITAL DH LINE_R4S_221_1_29,,,,,,,,,2025_10_07_RSFB-Phenotyping_WG1_JLU_scores.csv,8.0,,,False,,Unknown,../dataset/Pictures_CFSB_leaf_damage/2025_10_07_RSFB-Phenotyping_WG1_JLU/2025_10_07_RSFB-Phenotyping_WG1_JLU/20251007_124927.jpg,True,29_MADRIGAL x RECITAL DH LINE_R4S_221_1_29
2025_10_07_RSFB-Phenotyping_WG1_JLU,20251007_124934.jpg,29_MADRIGAL x RECITAL DH LINE_R4S_221_1_29,,,,,,,,,2025_10_07_RSFB-Phenotyping_WG1_JLU_scores.csv,4.0,,,False,,Unknown,../dataset/Pictures_CFSB_leaf_damage/2025_10_07_RSFB-Phenotyping_WG1_JLU/2025_10_07_RSFB-Phenotyping_WG1_JLU/20251007_124934.jpg,True,29_MADRIGAL x RECITAL DH LINE_R4S_221_1_29
2025_10_07_RSFB-Phenotyping_WG1_JLU,20251007_124942.jpg,29_MADRIGAL x RECITAL DH LINE_R4S_221_1_29,,,,,,,,,2025_10_07_RSFB-Phenotyping_WG1_JLU_scores.csv,8.0,,,False,,Unknown,../dataset/Pictures_CFSB_leaf_damage/2025_10_07_RSFB-Phenotyping_WG1_JLU/2025_10_07_RSFB-Phenotyping_WG1_JLU/20251007_124942.jpg,True,29_MADRIGAL x RECITAL DH LINE_R4S_221_1_29
2025_10_07_RSFB-Phenotyping_WG1_JLU,20251007_125005.jpg,30_EMERALD_R4S_296_1_30,,,,,,,,,2025_10_07_RSFB-Phenotyping_WG1_JLU_scores.csv,4.0,,,False,,Unknown,../dataset/Pictures_CFSB_leaf_damage/2025_10_07_RSFB-Phenotyping_WG1_JLU/2025_10_07_RSFB-Phenotyping_WG1_JLU/20251007_125005.jpg,True,30_EMERALD_R4S_296_1_30
2025_10_07_RSFB-Phenotyping_WG1_JLU,20251007_125013.jpg,30_EMERALD_R4S_296_1_30,,,,,,,,,2025_10_07_RSFB-Phenotyping_WG1_JLU_scores.csv,3.0,,,False,,Unknown,../dataset/Pictures_CFSB_leaf_damage/2025_10_07_RSFB-Phenotyping_WG1_JLU/2025_10_07_RSFB-Phenotyping_WG1_JLU/20251007_125013.jpg,True,30_EMERALD_R4S_296_1_30
2025_10_07_RSFB-Phenotyping_WG1_JLU,20251007_125021.jpg,30_EMERALD_R4S_296_1_30,,,,,,,,,2025_10_07_RSFB-Phenotyping_WG1_JLU_scores.csv,3.0,,,False,,Unknown,../dataset/Pictures_CFSB_leaf_damage/2025_10_07_RSFB-Phenotyping_WG1_JLU/2025_10_07_RSFB-Phenotyping_WG1_JLU/20251007_125021.jpg,True,30_EMERALD_R4S_296_1_30
2025_10_07_RSFB-Phenotyping_WG1_JLU,20251007_125037.jpg,31_Express 617_R4S_181_1_31,,,,,,,,,2025_10_07_RSFB-Phenotyping_WG1_JLU_scores.csv,2.0,,,False,,Unknown,../dataset/Pictures_CFSB_leaf_damage/2025_10_07_RSFB-Phenotyping_WG1_JLU/2025_10_07_RSFB-Phenotyping_WG1_JLU/20251007_125037.jpg,True,31_Express 617_R4S_181_1_31
2025_10_07_RSFB-Phenotyping_WG1_JLU,20251007_125045.jpg,31_Express 617_R4S_181_1_31,,,,,,,,,2025_10_07_RSFB-Phenotyping_WG1_JLU_scores.csv,12.0,,,False,,Unknown,../dataset/Pictures_CFSB_leaf_damage/2025_10_07_RSFB-Phenotyping_WG1_JLU/2025_10_07_RSFB-Phenotyping_WG1_JLU/20251007_125045.jpg,True,31_Express 617_R4S_181_1_31
2025_10_07_RSFB-Phenotyping_WG1_JLU,20251007_125051.jpg,31_Express 617_R4S_181_1_31,,,,,,,,,2025_10_07_RSFB-Phenotyping_WG1_JLU_scores.csv,5.0,,,False,,Unknown,../dataset/Pictures_CFSB_leaf_damage/2025_10_07_RSFB-Phenotyping_WG1_JLU/2025_10_07_RSFB-Phenotyping_WG1_JLU/20251007_125051.jpg,True,31_Express 617_R4S_181_1_31
2025_10_07_RSFB-Phenotyping_WG1_JLU,20251007_125111.jpg,32_WINFRED_R4S_532_1_32,,,,,,,,,2025_10_07_RSFB-Phenotyping_WG1_JLU_scores.csv,6.0,,,False,,Unknown,../dataset/Pictures_CFSB_leaf_damage/2025_10_07_RSFB-Phenotyping_WG1_JLU/2025_10_07_RSFB-Phenotyping_WG1_JLU/20251007_125111.jpg,True,32_WINFRED_R4S_532_1_32
2025_10_07_RSFB-Phenotyping_WG1_JLU,20251007_125118.jpg,32_WINFRED_R4S_532_1_32,,,,,,,,,2025_10_07_RSFB-Phenotyping_WG1_JLU_scores.csv,8.0,,,False,,Unknown,../dataset/Pictures_CFSB_leaf_damage/2025_10_07_RSFB-Phenotyping_WG1_JLU/2025_10_07_RSFB-Phenotyping_WG1_JLU/20251007_125118.jpg,True,32_WINFRED_R4S_532_1_32
2025_10_07_RSFB-Phenotyping_WG1_JLU,20251007_125125.jpg,32_WINFRED_R4S_532_1_32,,,,,,,,,2025_10_07_RSFB-Phenotyping_WG1_JLU_scores.csv,1.0,,,False,,Unknown,../dataset/Pictures_CFSB_leaf_damage/2025_10_07_RSFB-Phenotyping_WG1_JLU/2025_10_07_RSFB-Phenotyping_WG1_JLU/20251007_125125.jpg,True,32_WINFRED_R4S_532_1_32
2025_10_07_RSFB-Phenotyping_WG1_JLU,20251007_125152.jpg,33_York_R4S_327_1_33,,,,,,,,,2025_10_07_RSFB-Phenotyping_WG1_JLU_scores.csv,18.0,,,False,,Unknown,../dataset/Pictures_CFSB_leaf_damage/2025_10_07_RSFB-Phenotyping_WG1_JLU/2025_10_07_RSFB-Phenotyping_WG1_JLU/20251007_125152.jpg,True,33_York_R4S_327_1_33
2025_10_07_RSFB-Phenotyping_WG1_JLU,20251007_125200.jpg,33_York_R4S_327_1_33,,,,,,,,,2025_10_07_RSFB-Phenotyping_WG1_JLU_scores.csv,2.0,,,False,,Unknown,../dataset/Pictures_CFSB_leaf_damage/2025_10_07_RSFB-Phenotyping_WG1_JLU/2025_10_07_RSFB-Phenotyping_WG1_JLU/20251007_125200.jpg,True,33_York_R4S_327_1_33
2025_10_07_RSFB-Phenotyping_WG1_JLU,20251007_125207.jpg,33_York_R4S_327_1_33,,,,,,,,,2025_10_07_RSFB-Phenotyping_WG1_JLU_scores.csv,7.0,,,False,,Unknown,../dataset/Pictures_CFSB_leaf_damage/2025_10_07_RSFB-Phenotyping_WG1_JLU/2025_10_07_RSFB-Phenotyping_WG1_JLU/20251007_125207.jpg,True,33_York_R4S_327_1_33
2025_10_07_RSFB-Phenotyping_WG1_JLU,20251007_125227.jpg,34_PI271452_R4S_358_1_34,,,,,,,,,2025_10_07_RSFB-Phenotyping_WG1_JLU_scores.csv,16.0,,,False,,Unknown,../dataset/Pictures_CFSB_leaf_damage/2025_10_07_RSFB-Phenotyping_WG1_JLU/2025_10_07_RSFB-Phenotyping_WG1_JLU/20251007_125227.jpg,True,34_PI271452_R4S_358_1_34
2025_10_07_RSFB-Phenotyping_WG1_JLU,20251007_125234.jpg,34_PI271452_R4S_358_1_34,,,,,,,,,2025_10_07_RSFB-Phenotyping_WG1_JLU_scores.csv,4.0,,,False,,Unknown,../dataset/Pictures_CFSB_leaf_damage/2025_10_07_RSFB-Phenotyping_WG1_JLU/2025_10_07_RSFB-Phenotyping_WG1_JLU/20251007_125234.jpg,True,34_PI271452_R4S_358_1_34
2025_10_07_RSFB-Phenotyping_WG1_JLU,20251007_125242.jpg,34_PI271452_R4S_358_1_34,,,,,,,,,2025_10_07_RSFB-Phenotyping_WG1_JLU_scores.csv,8.0,,,False,,Unknown,../dataset/Pictures_CFSB_leaf_damage/2025_10_07_RSFB-Phenotyping_WG1_JLU/2025_10_07_RSFB-Phenotyping_WG1_JLU/20251007_125242.jpg,True,34_PI271452_R4S_358_1_34
2025_10_07_RSFB-Phenotyping_WG1_JLU,20251007_125300.jpg,35_Nunsdale_R4S_366_1_35,,,,,,,,,2025_10_07_RSFB-Phenotyping_WG1_JLU_scores.csv,12.0,,,False,,Unknown,../dataset/Pictures_CFSB_leaf_damage/2025_10_07_RSFB-Phenotyping_WG1_JLU/2025_10_07_RSFB-Phenotyping_WG1_JLU/20251007_125300.jpg,True,35_Nunsdale_R4S_366_1_35
2025_10_07_RSFB-Phenotyping_WG1_JLU,20251007_125308.jpg,35_Nunsdale_R4S_366_1_35,,,,,,,,,2025_10_07_RSFB-Phenotyping_WG1_JLU_scores.csv,4.0,,,False,,Unknown,../dataset/Pictures_CFSB_leaf_damage/2025_10_07_RSFB-Phenotyping_WG1_JLU/2025_10_07_RSFB-Phenotyping_WG1_JLU/20251007_125308.jpg,True,35_Nunsdale_R4S_366_1_35
2025_10_07_RSFB-Phenotyping_WG1_JLU,20251007_125315.jpg,35_Nunsdale_R4S_366_1_35,,,,,,,,,2025_10_07_RSFB-Phenotyping_WG1_JLU_scores.csv,4.0,,,False,,Unknown,../dataset/Pictures_CFSB_leaf_damage/2025_10_07_RSFB-Phenotyping_WG1_JLU/2025_10_07_RSFB-Phenotyping_WG1_JLU/20251007_125315.jpg,True,35_Nunsdale_R4S_366_1_35
2025_10_07_RSFB-Phenotyping_WG1_JLU,20251007_125336.jpg,36_SIBERISCHE BOERENKOOL_R4S_359_1_36,,,,,,,,,2025_10_07_RSFB-Phenotyping_WG1_JLU_scores.csv,15.0,,,False,,Unknown,../dataset/Pictures_CFSB_leaf_damage/2025_10_07_RSFB-Phenotyping_WG1_JLU/2025_10_07_RSFB-Phenotyping_WG1_JLU/20251007_125336.jpg,True,36_SIBERISCHE BOERENKOOL_R4S_359_1_36
2025_10_07_RSFB-Phenotyping_WG1_JLU,20251007_125344.jpg,36_SIBERISCHE BOERENKOOL_R4S_359_1_36,,,,,,,,,2025_10_07_RSFB-Phenotyping_WG1_JLU_scores.csv,5.0,,,False,,Unknown,../dataset/Pictures_CFSB_leaf_damage/2025_10_07_RSFB-Phenotyping_WG1_JLU/2025_10_07_RSFB-Phenotyping_WG1_JLU/20251007_125344.jpg,True,36_SIBERISCHE BOERENKOOL_R4S_359_1_36
2025_10_07_RSFB-Phenotyping_WG1_JLU,20251007_125352.jpg,36_SIBERISCHE BOERENKOOL_R4S_359_1_36,,,,,,,,,2025_10_07_RSFB-Phenotyping_WG1_JLU_scores.csv,4.0,,,False,,Unknown,../dataset/Pictures_CFSB_leaf_damage/2025_10_07_RSFB-Phenotyping_WG1_JLU/2025_10_07_RSFB-Phenotyping_WG1_JLU/20251007_125352.jpg,True,36_SIBERISCHE BOERENKOOL_R4S_359_1_36
2025_10_07_RSFB-Phenotyping_WG1_JLU,20251007_125410.jpg,37_Baltia_R4S_269_1_37,,,,,,,,,2025_10_07_RSFB-Phenotyping_WG1_JLU_scores.csv,15.0,,,False,,Unknown,../dataset/Pictures_CFSB_leaf_damage/2025_10_07_RSFB-Phenotyping_WG1_JLU/2025_10_07_RSFB-Phenotyping_WG1_JLU/20251007_125410.jpg,True,37_Baltia_R4S_269_1_37
2025_10_07_RSFB-Phenotyping_WG1_JLU,20251007_125419.jpg,37_Baltia_R4S_269_1_37,,,,,,,,,2025_10_07_RSFB-Phenotyping_WG1_JLU_scores.csv,8.0,,,False,,Unknown,../dataset/Pictures_CFSB_leaf_damage/2025_10_07_RSFB-Phenotyping_WG1_JLU/2025_10_07_RSFB-Phenotyping_WG1_JLU/20251007_125419.jpg,True,37_Baltia_R4S_269_1_37
2025_10_07_RSFB-Phenotyping_WG1_JLU,20251007_125428.jpg,37_Baltia_R4S_269_1_37,,,,,,,,,2025_10_07_RSFB-Phenotyping_WG1_JLU_scores.csv,15.0,,,False,,Unknown,../dataset/Pictures_CFSB_leaf_damage/2025_10_07_RSFB-Phenotyping_WG1_JLU/2025_10_07_RSFB-Phenotyping_WG1_JLU/20251007_125428.jpg,True,37_Baltia_R4S_269_1_37
2025_10_07_RSFB-Phenotyping_WG1_JLU,20251007_125446.jpg,38_OLIMPIADE_R4S_216_1_38,,,,,,,,,2025_10_07_RSFB-Phenotyping_WG1_JLU_scores.csv,4.0,,,False,,Unknown,../dataset/Pictures_CFSB_leaf_damage/2025_10_07_RSFB-Phenotyping_WG1_JLU/2025_10_07_RSFB-Phenotyping_WG1_JLU/20251007_125446.jpg,True,38_OLIMPIADE_R4S_216_1_38
2025_10_07_RSFB-Phenotyping_WG1_JLU,20251007_125454.jpg,38_OLIMPIADE_R4S_216_1_38,,,,,,,,,2025_10_07_RSFB-Phenotyping_WG1_JLU_scores.csv,3.0,,,False,,Unknown,../dataset/Pictures_CFSB_leaf_damage/2025_10_07_RSFB-Phenotyping_WG1_JLU/2025_10_07_RSFB-Phenotyping_WG1_JLU/20251007_125454.jpg,True,38_OLIMPIADE_R4S_216_1_38
2025_10_07_RSFB-Phenotyping_WG1_JLU,20251007_125500.jpg,38_OLIMPIADE_R4S_216_1_38,,,,,,,,,2025_10_07_RSFB-Phenotyping_WG1_JLU_scores.csv,16.0,,,False,,Unknown,../dataset/Pictures_CFSB_leaf_damage/2025_10_07_RSFB-Phenotyping_WG1_JLU/2025_10_07_RSFB-Phenotyping_WG1_JLU/20251007_125500.jpg,True,38_OLIMPIADE_R4S_216_1_38
2025_10_07_RSFB-Phenotyping_WG1_JLU,20251007_125520.jpg,39_LSF 0519_R4S_233_1_39,,,,,,,,,2025_10_07_RSFB-Phenotyping_WG1_JLU_scores.csv,18.0,,,False,,Unknown,../dataset/Pictures_CFSB_leaf_damage/2025_10_07_RSFB-Phenotyping_WG1_JLU/2025_10_07_RSFB-Phenotyping_WG1_JLU/20251007_125520.jpg,True,39_LSF 0519_R4S_233_1_39
2025_10_07_RSFB-Phenotyping_WG1_JLU,20251007_125527.jpg,39_LSF 0519_R4S_233_1_39,,,,,,,,,2025_10_07_RSFB-Phenotyping_WG1_JLU_scores.csv,15.0,,,False,,Unknown,../dataset/Pictures_CFSB_leaf_damage/2025_10_07_RSFB-Phenotyping_WG1_JLU/2025_10_07_RSFB-Phenotyping_WG1_JLU/20251007_125527.jpg,True,39_LSF 0519_R4S_233_1_39
2025_10_07_RSFB-Phenotyping_WG1_JLU,20251007_125535.jpg,39_LSF 0519_R4S_233_1_39,,,,,,,,,2025_10_07_RSFB-Phenotyping_WG1_JLU_scores.csv,18.0,,,False,,Unknown,../dataset/Pictures_CFSB_leaf_damage/2025_10_07_RSFB-Phenotyping_WG1_JLU/2025_10_07_RSFB-Phenotyping_WG1_JLU/20251007_125535.jpg,True,39_LSF 0519_R4S_233_1_39
2025_10_07_RSFB-Phenotyping_WG1_JLU,20251007_125552.jpg,40_NORIN_R4S_195_1_40,,,,,,,,,2025_10_07_RSFB-Phenotyping_WG1_JLU_scores.csv,12.0,,,False,,Unknown,../dataset/Pictures_CFSB_leaf_damage/2025_10_07_RSFB-Phenotyping_WG1_JLU/2025_10_07_RSFB-Phenotyping_WG1_JLU/20251007_125552.jpg,True,40_NORIN_R4S_195_1_40
2025_10_07_RSFB-Phenotyping_WG1_JLU,20251007_125603.jpg,40_NORIN_R4S_195_1_40,,,,,,,,,2025_10_07_RSFB-Phenotyping_WG1_JLU_scores.csv,3.0,,,False,,Unknown,../dataset/Pictures_CFSB_leaf_damage/2025_10_07_RSFB-Phenotyping_WG1_JLU/2025_10_07_RSFB-Phenotyping_WG1_JLU/20251007_125603.jpg,True,40_NORIN_R4S_195_1_40
2025_10_07_RSFB-Phenotyping_WG1_JLU,20251007_125612.jpg,40_NORIN_R4S_195_1_40,,,,,,,,,2025_10_07_RSFB-Phenotyping_WG1_JLU_scores.csv,3.0,,,False,,Unknown,../dataset/Pictures_CFSB_leaf_damage/2025_10_07_RSFB-Phenotyping_WG1_JLU/2025_10_07_RSFB-Phenotyping_WG1_JLU/20251007_125612.jpg,True,40_NORIN_R4S_195_1_40
2025_10_07_RSFB-Phenotyping_WG1_JLU,20251007_125630.jpg,41_H61_R4S_471_1_41,,,,,,,,,2025_10_07_RSFB-Phenotyping_WG1_JLU_scores.csv,4.0,,,False,,Unknown,../dataset/Pictures_CFSB_leaf_damage/2025_10_07_RSFB-Phenotyping_WG1_JLU/2025_10_07_RSFB-Phenotyping_WG1_JLU/20251007_125630.jpg,True,41_H61_R4S_471_1_41
2025_10_07_RSFB-Phenotyping_WG1_JLU,20251007_125639.jpg,41_H61_R4S_471_1_41,,,,,,,,,2025_10_07_RSFB-Phenotyping_WG1_JLU_scores.csv,1.0,,,False,,Unknown,../dataset/Pictures_CFSB_leaf_damage/2025_10_07_RSFB-Phenotyping_WG1_JLU/2025_10_07_RSFB-Phenotyping_WG1_JLU/20251007_125639.jpg,True,41_H61_R4S_471_1_41
2025_10_07_RSFB-Phenotyping_WG1_JLU,20251007_125647.jpg,41_H61_R4S_471_1_41,,,,,,,,,2025_10_07_RSFB-Phenotyping_WG1_JLU_scores.csv,2.0,,,False,,Unknown,../dataset/Pictures_CFSB_leaf_damage/2025_10_07_RSFB-Phenotyping_WG1_JLU/2025_10_07_RSFB-Phenotyping_WG1_JLU/20251007_125647.jpg,True,41_H61_R4S_471_1_41
2025_10_07_RSFB-Phenotyping_WG1_JLU,20251007_125709.jpg,42_Slovenska Krajova_R4S_288_1_42,,,,,,,,,2025_10_07_RSFB-Phenotyping_WG1_JLU_scores.csv,3.0,,,False,,Unknown,../dataset/Pictures_CFSB_leaf_damage/2025_10_07_RSFB-Phenotyping_WG1_JLU/2025_10_07_RSFB-Phenotyping_WG1_JLU/20251007_125709.jpg,True,42_Slovenska Krajova_R4S_288_1_42
2025_10_07_RSFB-Phenotyping_WG1_JLU,20251007_125718.jpg,42_Slovenska Krajova_R4S_288_1_42,,,,,,,,,2025_10_07_RSFB-Phenotyping_WG1_JLU_scores.csv,3.0,,,False,,Unknown,../dataset/Pictures_CFSB_leaf_damage/2025_10_07_RSFB-Phenotyping_WG1_JLU/2025_10_07_RSFB-Phenotyping_WG1_JLU/20251007_125718.jpg,True,42_Slovenska Krajova_R4S_288_1_42
2025_10_07_RSFB-Phenotyping_WG1_JLU,20251007_125726.jpg,42_Slovenska Krajova_R4S_288_1_42,,,,,,,,,2025_10_07_RSFB-Phenotyping_WG1_JLU_scores.csv,15.0,,,False,,Unknown,../dataset/Pictures_CFSB_leaf_damage/2025_10_07_RSFB-Phenotyping_WG1_JLU/2025_10_07_RSFB-Phenotyping_WG1_JLU/20251007_125726.jpg,True,42_Slovenska Krajova_R4S_288_1_42
2025_10_07_RSFB-Phenotyping_WG1_JLU,20251007_125758.jpg,43_COUVE NABICA_R4S_305_1_43,,,,,,,,,2025_10_07_RSFB-Phenotyping_WG1_JLU_scores.csv,12.0,,,False,,Unknown,../dataset/Pictures_CFSB_leaf_damage/2025_10_07_RSFB-Phenotyping_WG1_JLU/2025_10_07_RSFB-Phenotyping_WG1_JLU/20251007_125758.jpg,True,43_COUVE NABICA_R4S_305_1_43
2025_10_07_RSFB-Phenotyping_WG1_JLU,20251007_125807.jpg,43_COUVE NABICA_R4S_305_1_43,,,,,,,,,2025_10_07_RSFB-Phenotyping_WG1_JLU_scores.csv,13.0,,,False,,Unknown,../dataset/Pictures_CFSB_leaf_damage/2025_10_07_RSFB-Phenotyping_WG1_JLU/2025_10_07_RSFB-Phenotyping_WG1_JLU/20251007_125807.jpg,True,43_COUVE NABICA_R4S_305_1_43
2025_10_07_RSFB-Phenotyping_WG1_JLU,20251007_125817.jpg,43_COUVE NABICA_R4S_305_1_43,,,,,,,,,2025_10_07_RSFB-Phenotyping_WG1_JLU_scores.csv,4.0,,,False,,Unknown,../dataset/Pictures_CFSB_leaf_damage/2025_10_07_RSFB-Phenotyping_WG1_JLU/2025_10_07_RSFB-Phenotyping_WG1_JLU/20251007_125817.jpg,True,43_COUVE NABICA_R4S_305_1_43
2025_10_07_RSFB-Phenotyping_WG1_JLU,20251007_125835.jpg,44_CAPRICORN DH1_R4S_189_1_44,,,,,,,,,2025_10_07_RSFB-Phenotyping_WG1_JLU_scores.csv,18.0,,,False,,Unknown,../dataset/Pictures_CFSB_leaf_damage/2025_10_07_RSFB-Phenotyping_WG1_JLU/2025_10_07_RSFB-Phenotyping_WG1_JLU/20251007_125835.jpg,True,44_CAPRICORN DH1_R4S_189_1_44
2025_10_07_RSFB-Phenotyping_WG1_JLU,20251007_125845.jpg,44_CAPRICORN DH1_R4S_189_1_44,,,,,,,,,2025_10_07_RSFB-Phenotyping_WG1_JLU_scores.csv,15.0,,,False,,Unknown,../dataset/Pictures_CFSB_leaf_damage/2025_10_07_RSFB-Phenotyping_WG1_JLU/2025_10_07_RSFB-Phenotyping_WG1_JLU/20251007_125845.jpg,True,44_CAPRICORN DH1_R4S_189_1_44
2025_10_07_RSFB-Phenotyping_WG1_JLU,20251007_125853.jpg,44_CAPRICORN DH1_R4S_189_1_44,,,,,,,,,2025_10_07_RSFB-Phenotyping_WG1_JLU_scores.csv,16.0,,,False,,Unknown,../dataset/Pictures_CFSB_leaf_damage/2025_10_07_RSFB-Phenotyping_WG1_JLU/2025_10_07_RSFB-Phenotyping_WG1_JLU/20251007_125853.jpg,True,44_CAPRICORN DH1_R4S_189_1_44
2025_10_07_RSFB-Phenotyping_WG1_JLU,20251007_125911.jpg,45_Markus_R4S_385_1_45,,,,,,,,,2025_10_07_RSFB-Phenotyping_WG1_JLU_scores.csv,5.0,,,False,,Unknown,../dataset/Pictures_CFSB_leaf_damage/2025_10_07_RSFB-Phenotyping_WG1_JLU/2025_10_07_RSFB-Phenotyping_WG1_JLU/20251007_125911.jpg,True,45_Markus_R4S_385_1_45
2025_10_07_RSFB-Phenotyping_WG1_JLU,20251007_125918.jpg,45_Markus_R4S_385_1_45,,,,,,,,,2025_10_07_RSFB-Phenotyping_WG1_JLU_scores.csv,5.0,,,False,,Unknown,../dataset/Pictures_CFSB_leaf_damage/2025_10_07_RSFB-Phenotyping_WG1_JLU/2025_10_07_RSFB-Phenotyping_WG1_JLU/20251007_125918.jpg,True,45_Markus_R4S_385_1_45
2025_10_07_RSFB-Phenotyping_WG1_JLU,20251007_125926.jpg,45_Markus_R4S_385_1_45,,,,,,,,,2025_10_07_RSFB-Phenotyping_WG1_JLU_scores.csv,6.0,,,False,,Unknown,../dataset/Pictures_CFSB_leaf_damage/2025_10_07_RSFB-Phenotyping_WG1_JLU/2025_10_07_RSFB-Phenotyping_WG1_JLU/20251007_125926.jpg,True,45_Markus_R4S_385_1_45
2025_10_07_RSFB-Phenotyping_WG1_JLU,20251007_125944.jpg,46_Lirakotta_R4S_280_1_46,,,,,,,,,2025_10_07_RSFB-Phenotyping_WG1_JLU_scores.csv,13.0,,,False,,Unknown,../dataset/Pictures_CFSB_leaf_damage/2025_10_07_RSFB-Phenotyping_WG1_JLU/2025_10_07_RSFB-Phenotyping_WG1_JLU/20251007_125944.jpg,True,46_Lirakotta_R4S_280_1_46
2025_10_07_RSFB-Phenotyping_WG1_JLU,20251007_125951.jpg,46_Lirakotta_R4S_280_1_46,,,,,,,,,2025_10_07_RSFB-Phenotyping_WG1_JLU_scores.csv,10.0,,,False,,Unknown,../dataset/Pictures_CFSB_leaf_damage/2025_10_07_RSFB-Phenotyping_WG1_JLU/2025_10_07_RSFB-Phenotyping_WG1_JLU/20251007_125951.jpg,True,46_Lirakotta_R4S_280_1_46
2025_10_07_RSFB-Phenotyping_WG1_JLU,20251007_125959.jpg,46_Lirakotta_R4S_280_1_46,,,,,,,,,2025_10_07_RSFB-Phenotyping_WG1_JLU_scores.csv,15.0,,,False,,Unknown,../dataset/Pictures_CFSB_leaf_damage/2025_10_07_RSFB-Phenotyping_WG1_JLU/2025_10_07_RSFB-Phenotyping_WG1_JLU/20251007_125959.jpg,True,46_Lirakotta_R4S_280_1_46
2025_10_07_RSFB-Phenotyping_WG1_JLU,20251007_130018.jpg,47_ALLESANDRO KWS_R4S_551_1_47,,,,,,,,,2025_10_07_RSFB-Phenotyping_WG1_JLU_scores.csv,4.0,,,False,,Unknown,../dataset/Pictures_CFSB_leaf_damage/2025_10_07_RSFB-Phenotyping_WG1_JLU/2025_10_07_RSFB-Phenotyping_WG1_JLU/20251007_130018.jpg,True,47_ALLESANDRO KWS_R4S_551_1_47
2025_10_07_RSFB-Phenotyping_WG1_JLU,20251007_130026.jpg,47_ALLESANDRO KWS_R4S_551_1_47,,,,,,,,,2025_10_07_RSFB-Phenotyping_WG1_JLU_scores.csv,8.0,,,False,,Unknown,../dataset/Pictures_CFSB_leaf_damage/2025_10_07_RSFB-Phenotyping_WG1_JLU/2025_10_07_RSFB-Phenotyping_WG1_JLU/20251007_130026.jpg,True,47_ALLESANDRO KWS_R4S_551_1_47
2025_10_07_RSFB-Phenotyping_WG1_JLU,20251007_130033.jpg,47_ALLESANDRO KWS_R4S_551_1_47,,,,,,,,,2025_10_07_RSFB-Phenotyping_WG1_JLU_scores.csv,3.0,,,False,,Unknown,../dataset/Pictures_CFSB_leaf_damage/2025_10_07_RSFB-Phenotyping_WG1_JLU/2025_10_07_RSFB-Phenotyping_WG1_JLU/20251007_130033.jpg,True,47_ALLESANDRO KWS_R4S_551_1_47
2025_10_07_RSFB-Phenotyping_WG1_JLU,20251007_130102.jpg,48_Cooper_R4S_154_1_48,,,,,,,,,2025_10_07_RSFB-Phenotyping_WG1_JLU_scores.csv,2.0,,,False,,Unknown,../dataset/Pictures_CFSB_leaf_damage/2025_10_07_RSFB-Phenotyping_WG1_JLU/2025_10_07_RSFB-Phenotyping_WG1_JLU/20251007_130102.jpg,True,48_Cooper_R4S_154_1_48
2025_10_07_RSFB-Phenotyping_WG1_JLU,20251007_130110.jpg,48_Cooper_R4S_154_1_48,,,,,,,,,2025_10_07_RSFB-Phenotyping_WG1_JLU_scores.csv,17.0,,,False,,Unknown,../dataset/Pictures_CFSB_leaf_damage/2025_10_07_RSFB-Phenotyping_WG1_JLU/2025_10_07_RSFB-Phenotyping_WG1_JLU/20251007_130110.jpg,True,48_Cooper_R4S_154_1_48
2025_10_07_RSFB-Phenotyping_WG1_JLU,20251007_130118.jpg,48_Cooper_R4S_154_1_48,,,,,,,,,2025_10_07_RSFB-Phenotyping_WG1_JLU_scores.csv,3.0,,,False,,Unknown,../dataset/Pictures_CFSB_leaf_damage/2025_10_07_RSFB-Phenotyping_WG1_JLU/2025_10_07_RSFB-Phenotyping_WG1_JLU/20251007_130118.jpg,True,48_Cooper_R4S_154_1_48
2025_10_07_RSFB-Phenotyping_WG1_JLU,20251007_130138.jpg,49_Express 617_R4S507_1_49,,,,,,,,,2025_10_07_RSFB-Phenotyping_WG1_JLU_scores.csv,3.0,,,False,,Unknown,../dataset/Pictures_CFSB_leaf_damage/2025_10_07_RSFB-Phenotyping_WG1_JLU/2025_10_07_RSFB-Phenotyping_WG1_JLU/20251007_130138.jpg,True,49_Express 617_R4S507_1_49
2025_10_07_RSFB-Phenotyping_WG1_JLU,20251007_130145.jpg,49_Express 617_R4S507_1_49,,,,,,,,,2025_10_07_RSFB-Phenotyping_WG1_JLU_scores.csv,1.0,,,False,,Unknown,../dataset/Pictures_CFSB_leaf_damage/2025_10_07_RSFB-Phenotyping_WG1_JLU/2025_10_07_RSFB-Phenotyping_WG1_JLU/20251007_130145.jpg,True,49_Express 617_R4S507_1_49
2025_10_07_RSFB-Phenotyping_WG1_JLU,20251007_130154.jpg,49_Express 617_R4S507_1_49,,,,,,,,,2025_10_07_RSFB-Phenotyping_WG1_JLU_scores.csv,2.0,,,False,,Unknown,../dataset/Pictures_CFSB_leaf_damage/2025_10_07_RSFB-Phenotyping_WG1_JLU/2025_10_07_RSFB-Phenotyping_WG1_JLU/20251007_130154.jpg,True,49_Express 617_R4S507_1_49
2025_10_07_RSFB-Phenotyping_WG1_JLU,20251007_130215.jpg,50_Hokkai 3-Go_R4S_275_1_50,,,,,,,,,2025_10_07_RSFB-Phenotyping_WG1_JLU_scores.csv,2.0,,,False,,Unknown,../dataset/Pictures_CFSB_leaf_damage/2025_10_07_RSFB-Phenotyping_WG1_JLU/2025_10_07_RSFB-Phenotyping_WG1_JLU/20251007_130215.jpg,True,50_Hokkai 3-Go_R4S_275_1_50
2025_10_07_RSFB-Phenotyping_WG1_JLU,20251007_130224.jpg,50_Hokkai 3-Go_R4S_275_1_50,,,,,,,,,2025_10_07_RSFB-Phenotyping_WG1_JLU_scores.csv,3.0,,,False,,Unknown,../dataset/Pictures_CFSB_leaf_damage/2025_10_07_RSFB-Phenotyping_WG1_JLU/2025_10_07_RSFB-Phenotyping_WG1_JLU/20251007_130224.jpg,True,50_Hokkai 3-Go_R4S_275_1_50
2025_10_07_RSFB-Phenotyping_WG1_JLU,20251007_130234.jpg,50_Hokkai 3-Go_R4S_275_1_50,,,,,,,,,2025_10_07_RSFB-Phenotyping_WG1_JLU_scores.csv,3.0,,,False,,Unknown,../dataset/Pictures_CFSB_leaf_damage/2025_10_07_RSFB-Phenotyping_WG1_JLU/2025_10_07_RSFB-Phenotyping_WG1_JLU/20251007_130234.jpg,True,50_Hokkai 3-Go_R4S_275_1_50
2025_10_07_RSFB-Phenotyping_WG1_JLU,20251007_130253.jpg,51_NK Nemax_R4S_184_1_51,,,,,,,,,2025_10_07_RSFB-Phenotyping_WG1_JLU_scores.csv,8.0,,,False,,Unknown,../dataset/Pictures_CFSB_leaf_damage/2025_10_07_RSFB-Phenotyping_WG1_JLU/2025_10_07_RSFB-Phenotyping_WG1_JLU/20251007_130253.jpg,True,51_NK Nemax_R4S_184_1_51
2025_10_07_RSFB-Phenotyping_WG1_JLU,20251007_130304.jpg,51_NK Nemax_R4S_184_1_51,,,,,,,,,2025_10_07_RSFB-Phenotyping_WG1_JLU_scores.csv,4.0,,,False,,Unknown,../dataset/Pictures_CFSB_leaf_damage/2025_10_07_RSFB-Phenotyping_WG1_JLU/2025_10_07_RSFB-Phenotyping_WG1_JLU/20251007_130304.jpg,True,51_NK Nemax_R4S_184_1_51
2025_10_07_RSFB-Phenotyping_WG1_JLU,20251007_130312.jpg,51_NK Nemax_R4S_184_1_51,,,,,,,,,2025_10_07_RSFB-Phenotyping_WG1_JLU_scores.csv,1.0,,,False,,Unknown,../dataset/Pictures_CFSB_leaf_damage/2025_10_07_RSFB-Phenotyping_WG1_JLU/2025_10_07_RSFB-Phenotyping_WG1_JLU/20251007_130312.jpg,True,51_NK Nemax_R4S_184_1_51
2025_10_07_RSFB-Phenotyping_WG1_JLU,20251007_130332.jpg,52_Dippes_R4S_395_1_52,,,,,,,,,2025_10_07_RSFB-Phenotyping_WG1_JLU_scores.csv,2.0,,,False,,Unknown,../dataset/Pictures_CFSB_leaf_damage/2025_10_07_RSFB-Phenotyping_WG1_JLU/2025_10_07_RSFB-Phenotyping_WG1_JLU/20251007_130332.jpg,True,52_Dippes_R4S_395_1_52
2025_10_07_RSFB-Phenotyping_WG1_JLU,20251007_130342.jpg,52_Dippes_R4S_395_1_52,,,,,,,,,2025_10_07_RSFB-Phenotyping_WG1_JLU_scores.csv,3.0,,,False,,Unknown,../dataset/Pictures_CFSB_leaf_damage/2025_10_07_RSFB-Phenotyping_WG1_JLU/2025_10_07_RSFB-Phenotyping_WG1_JLU/20251007_130342.jpg,True,52_Dippes_R4S_395_1_52
2025_10_07_RSFB-Phenotyping_WG1_JLU,20251007_130349.jpg,52_Dippes_R4S_395_1_52,,,,,,,,,2025_10_07_RSFB-Phenotyping_WG1_JLU_scores.csv,2.0,,,False,,Unknown,../dataset/Pictures_CFSB_leaf_damage/2025_10_07_RSFB-Phenotyping_WG1_JLU/2025_10_07_RSFB-Phenotyping_WG1_JLU/20251007_130349.jpg,True,52_Dippes_R4S_395_1_52
2025_10_07_RSFB-Phenotyping_WG1_JLU,20251007_130409.jpg,53_Maplus_R4S_199_1_53,,,,,,,,,2025_10_07_RSFB-Phenotyping_WG1_JLU_scores.csv,10.0,,,False,,Unknown,../dataset/Pictures_CFSB_leaf_damage/2025_10_07_RSFB-Phenotyping_WG1_JLU/2025_10_07_RSFB-Phenotyping_WG1_JLU/20251007_130409.jpg,True,53_Maplus_R4S_199_1_53
2025_10_07_RSFB-Phenotyping_WG1_JLU,20251007_130417.jpg,53_Maplus_R4S_199_1_53,,,,,,,,,2025_10_07_RSFB-Phenotyping_WG1_JLU_scores.csv,8.0,,,False,,Unknown,../dataset/Pictures_CFSB_leaf_damage/2025_10_07_RSFB-Phenotyping_WG1_JLU/2025_10_07_RSFB-Phenotyping_WG1_JLU/20251007_130417.jpg,True,53_Maplus_R4S_199_1_53
2025_10_07_RSFB-Phenotyping_WG1_JLU,20251007_130424.jpg,53_Maplus_R4S_199_1_53,,,,,,,,,2025_10_07_RSFB-Phenotyping_WG1_JLU_scores.csv,23.0,,,False,,Unknown,../dataset/Pictures_CFSB_leaf_damage/2025_10_07_RSFB-Phenotyping_WG1_JLU/2025_10_07_RSFB-Phenotyping_WG1_JLU/20251007_130424.jpg,True,53_Maplus_R4S_199_1_53
2025_10_07_RSFB-Phenotyping_WG1_JLU,20251007_130444.jpg,54_Taisetsu_R4S_525_1_54,,,,,,,,,2025_10_07_RSFB-Phenotyping_WG1_JLU_scores.csv,12.0,,,False,,Unknown,../dataset/Pictures_CFSB_leaf_damage/2025_10_07_RSFB-Phenotyping_WG1_JLU/2025_10_07_RSFB-Phenotyping_WG1_JLU/20251007_130444.jpg,True,54_Taisetsu_R4S_525_1_54
2025_10_07_RSFB-Phenotyping_WG1_JLU,20251007_130454.jpg,54_Taisetsu_R4S_525_1_54,,,,,,,,,2025_10_07_RSFB-Phenotyping_WG1_JLU_scores.csv,3.0,,,False,,Unknown,../dataset/Pictures_CFSB_leaf_damage/2025_10_07_RSFB-Phenotyping_WG1_JLU/2025_10_07_RSFB-Phenotyping_WG1_JLU/20251007_130454.jpg,True,54_Taisetsu_R4S_525_1_54
2025_10_07_RSFB-Phenotyping_WG1_JLU,20251007_130504.jpg,54_Taisetsu_R4S_525_1_54,,,,,,,,,2025_10_07_RSFB-Phenotyping_WG1_JLU_scores.csv,4.0,,,False,,Unknown,../dataset/Pictures_CFSB_leaf_damage/2025_10_07_RSFB-Phenotyping_WG1_JLU/2025_10_07_RSFB-Phenotyping_WG1_JLU/20251007_130504.jpg,True,54_Taisetsu_R4S_525_1_54
2025_10_07_RSFB-Phenotyping_WG1_JLU,20251007_130526.jpg,55_Musette_R4S_240_1_55,,,,,,,,,2025_10_07_RSFB-Phenotyping_WG1_JLU_scores.csv,4.0,,,False,,Unknown,../dataset/Pictures_CFSB_leaf_damage/2025_10_07_RSFB-Phenotyping_WG1_JLU/2025_10_07_RSFB-Phenotyping_WG1_JLU/20251007_130526.jpg,True,55_Musette_R4S_240_1_55
2025_10_07_RSFB-Phenotyping_WG1_JLU,20251007_130534.jpg,55_Musette_R4S_240_1_55,,,,,,,,,2025_10_07_RSFB-Phenotyping_WG1_JLU_scores.csv,13.0,,,False,,Unknown,../dataset/Pictures_CFSB_leaf_damage/2025_10_07_RSFB-Phenotyping_WG1_JLU/2025_10_07_RSFB-Phenotyping_WG1_JLU/20251007_130534.jpg,True,55_Musette_R4S_240_1_55
2025_10_07_RSFB-Phenotyping_WG1_JLU,20251007_130543.jpg,55_Musette_R4S_240_1_55,,,,,,,,,2025_10_07_RSFB-Phenotyping_WG1_JLU_scores.csv,5.0,,,False,,Unknown,../dataset/Pictures_CFSB_leaf_damage/2025_10_07_RSFB-Phenotyping_WG1_JLU/2025_10_07_RSFB-Phenotyping_WG1_JLU/20251007_130543.jpg,True,55_Musette_R4S_240_1_55
2025_10_07_RSFB-Phenotyping_WG1_JLU,20251007_130612.jpg,56_R53_R4S_294_1_56,,,,,,,,,2025_10_07_RSFB-Phenotyping_WG1_JLU_scores.csv,2.0,,,False,,Unknown,../dataset/Pictures_CFSB_leaf_damage/2025_10_07_RSFB-Phenotyping_WG1_JLU/2025_10_07_RSFB-Phenotyping_WG1_JLU/20251007_130612.jpg,True,56_R53_R4S_294_1_56
2025_10_07_RSFB-Phenotyping_WG1_JLU,20251007_130619.jpg,56_R53_R4S_294_1_56,,,,,,,,,2025_10_07_RSFB-Phenotyping_WG1_JLU_scores.csv,2.0,,,False,,Unknown,../dataset/Pictures_CFSB_leaf_damage/2025_10_07_RSFB-Phenotyping_WG1_JLU/2025_10_07_RSFB-Phenotyping_WG1_JLU/20251007_130619.jpg,True,56_R53_R4S_294_1_56
2025_10_07_RSFB-Phenotyping_WG1_JLU,20251007_130627.jpg,56_R53_R4S_294_1_56,,,,,,,,,2025_10_07_RSFB-Phenotyping_WG1_JLU_scores.csv,1.0,,,False,,Unknown,../dataset/Pictures_CFSB_leaf_damage/2025_10_07_RSFB-Phenotyping_WG1_JLU/2025_10_07_RSFB-Phenotyping_WG1_JLU/20251007_130627.jpg,True,56_R53_R4S_294_1_56
2025_10_07_RSFB-Phenotyping_WG1_JLU,20251007_130648.jpg,57_JANETZKIS SCHLESISCHER_R4S_217_1_57,,,,,,,,,2025_10_07_RSFB-Phenotyping_WG1_JLU_scores.csv,4.0,,,False,,Unknown,../dataset/Pictures_CFSB_leaf_damage/2025_10_07_RSFB-Phenotyping_WG1_JLU/2025_10_07_RSFB-Phenotyping_WG1_JLU/20251007_130648.jpg,True,57_JANETZKIS SCHLESISCHER_R4S_217_1_57
2025_10_07_RSFB-Phenotyping_WG1_JLU,20251007_130656.jpg,57_JANETZKIS SCHLESISCHER_R4S_217_1_57,,,,,,,,,2025_10_07_RSFB-Phenotyping_WG1_JLU_scores.csv,2.0,,,False,,Unknown,../dataset/Pictures_CFSB_leaf_damage/2025_10_07_RSFB-Phenotyping_WG1_JLU/2025_10_07_RSFB-Phenotyping_WG1_JLU/20251007_130656.jpg,True,57_JANETZKIS SCHLESISCHER_R4S_217_1_57
2025_10_07_RSFB-Phenotyping_WG1_JLU,20251007_130705.jpg,57_JANETZKIS SCHLESISCHER_R4S_217_1_57,,,,,,,,,2025_10_07_RSFB-Phenotyping_WG1_JLU_scores.csv,18.0,,,False,,Unknown,../dataset/Pictures_CFSB_leaf_damage/2025_10_07_RSFB-Phenotyping_WG1_JLU/2025_10_07_RSFB-Phenotyping_WG1_JLU/20251007_130705.jpg,True,57_JANETZKIS SCHLESISCHER_R4S_217_1_57
2025_10_07_RSFB-Phenotyping_WG1_JLU,20251007_130726.jpg,58_Bolko_R4S_398_1_58,,,,,,,,,2025_10_07_RSFB-Phenotyping_WG1_JLU_scores.csv,14.0,,,False,,Unknown,../dataset/Pictures_CFSB_leaf_damage/2025_10_07_RSFB-Phenotyping_WG1_JLU/2025_10_07_RSFB-Phenotyping_WG1_JLU/20251007_130726.jpg,True,58_Bolko_R4S_398_1_58
2025_10_07_RSFB-Phenotyping_WG1_JLU,20251007_130733.jpg,58_Bolko_R4S_398_1_58,,,,,,,,,2025_10_07_RSFB-Phenotyping_WG1_JLU_scores.csv,4.0,,,False,,Unknown,../dataset/Pictures_CFSB_leaf_damage/2025_10_07_RSFB-Phenotyping_WG1_JLU/2025_10_07_RSFB-Phenotyping_WG1_JLU/20251007_130733.jpg,True,58_Bolko_R4S_398_1_58
2025_10_07_RSFB-Phenotyping_WG1_JLU,20251007_130740.jpg,58_Bolko_R4S_398_1_58,,,,,,,,,2025_10_07_RSFB-Phenotyping_WG1_JLU_scores.csv,2.0,,,False,,Unknown,../dataset/Pictures_CFSB_leaf_damage/2025_10_07_RSFB-Phenotyping_WG1_JLU/2025_10_07_RSFB-Phenotyping_WG1_JLU/20251007_130740.jpg,True,58_Bolko_R4S_398_1_58
2025_10_07_RSFB-Phenotyping_WG1_JLU,20251007_130758.jpg,59_LG Avenger_R4S_501_1_59,,,,,,,,,2025_10_07_RSFB-Phenotyping_WG1_JLU_scores.csv,13.0,,,False,,Unknown,../dataset/Pictures_CFSB_leaf_damage/2025_10_07_RSFB-Phenotyping_WG1_JLU/2025_10_07_RSFB-Phenotyping_WG1_JLU/20251007_130758.jpg,True,59_LG Avenger_R4S_501_1_59
2025_10_07_RSFB-Phenotyping_WG1_JLU,20251007_130804.jpg,59_LG Avenger_R4S_501_1_59,,,,,,,,,2025_10_07_RSFB-Phenotyping_WG1_JLU_scores.csv,8.0,,,False,,Unknown,../dataset/Pictures_CFSB_leaf_damage/2025_10_07_RSFB-Phenotyping_WG1_JLU/2025_10_07_RSFB-Phenotyping_WG1_JLU/20251007_130804.jpg,True,59_LG Avenger_R4S_501_1_59
2025_10_07_RSFB-Phenotyping_WG1_JLU,20251007_130811.jpg,59_LG Avenger_R4S_501_1_59,,,,,,,,,2025_10_07_RSFB-Phenotyping_WG1_JLU_scores.csv,3.0,,,False,,Unknown,../dataset/Pictures_CFSB_leaf_damage/2025_10_07_RSFB-Phenotyping_WG1_JLU/2025_10_07_RSFB-Phenotyping_WG1_JLU/20251007_130811.jpg,True,59_LG Avenger_R4S_501_1_59
2025_10_07_RSFB-Phenotyping_WG1_JLU,20251007_130830.jpg,60_R8_R4S_490_1_60,,,,,,,,,2025_10_07_RSFB-Phenotyping_WG1_JLU_scores.csv,8.0,,,False,,Unknown,../dataset/Pictures_CFSB_leaf_damage/2025_10_07_RSFB-Phenotyping_WG1_JLU/2025_10_07_RSFB-Phenotyping_WG1_JLU/20251007_130830.jpg,True,60_R8_R4S_490_1_60
2025_10_07_RSFB-Phenotyping_WG1_JLU,20251007_130838.jpg,60_R8_R4S_490_1_60,,,,,,,,,2025_10_07_RSFB-Phenotyping_WG1_JLU_scores.csv,2.0,,,False,,Unknown,../dataset/Pictures_CFSB_leaf_damage/2025_10_07_RSFB-Phenotyping_WG1_JLU/2025_10_07_RSFB-Phenotyping_WG1_JLU/20251007_130838.jpg,True,60_R8_R4S_490_1_60
2025_10_07_RSFB-Phenotyping_WG1_JLU,20251007_130845.jpg,60_R8_R4S_490_1_60,,,,,,,,,2025_10_07_RSFB-Phenotyping_WG1_JLU_scores.csv,8.0,,,False,,Unknown,../dataset/Pictures_CFSB_leaf_damage/2025_10_07_RSFB-Phenotyping_WG1_JLU/2025_10_07_RSFB-Phenotyping_WG1_JLU/20251007_130845.jpg,True,60_R8_R4S_490_1_60
2025_10_07_RSFB-Phenotyping_WG1_JLU,20251007_130925.jpg,120_Wilhelmsburger Reform_R4S_336_2_60,,,,,,,,,2025_10_07_RSFB-Phenotyping_WG1_JLU_scores.csv,3.0,,,False,,Unknown,../dataset/Pictures_CFSB_leaf_damage/2025_10_07_RSFB-Phenotyping_WG1_JLU/2025_10_07_RSFB-Phenotyping_WG1_JLU/20251007_130925.jpg,True,120_Wilhelmsburger Reform_R4S_336_2_60
2025_10_07_RSFB-Phenotyping_WG1_JLU,20251007_130934.jpg,120_Wilhelmsburger Reform_R4S_336_2_60,,,,,,,,,2025_10_07_RSFB-Phenotyping_WG1_JLU_scores.csv,1.0,,,False,,Unknown,../dataset/Pictures_CFSB_leaf_damage/2025_10_07_RSFB-Phenotyping_WG1_JLU/2025_10_07_RSFB-Phenotyping_WG1_JLU/20251007_130934.jpg,True,120_Wilhelmsburger Reform_R4S_336_2_60
2025_10_07_RSFB-Phenotyping_WG1_JLU,20251007_130943.jpg,120_Wilhelmsburger Reform_R4S_336_2_60,,,,,,,,,2025_10_07_RSFB-Phenotyping_WG1_JLU_scores.csv,2.0,,,False,,Unknown,../dataset/Pictures_CFSB_leaf_damage/2025_10_07_RSFB-Phenotyping_WG1_JLU/2025_10_07_RSFB-Phenotyping_WG1_JLU/20251007_130943.jpg,True,120_Wilhelmsburger Reform_R4S_336_2_60
2025_10_07_RSFB-Phenotyping_WG1_JLU,20251007_131006.jpg,119_R59_R4S_440_2_59,,,,,,,,,2025_10_07_RSFB-Phenotyping_WG1_JLU_scores.csv,4.0,,,False,,Unknown,../dataset/Pictures_CFSB_leaf_damage/2025_10_07_RSFB-Phenotyping_WG1_JLU/2025_10_07_RSFB-Phenotyping_WG1_JLU/20251007_131006.jpg,True,119_R59_R4S_440_2_59
2025_10_07_RSFB-Phenotyping_WG1_JLU,20251007_131014.jpg,119_R59_R4S_440_2_59,,,,,,,,,2025_10_07_RSFB-Phenotyping_WG1_JLU_scores.csv,19.0,,,False,,Unknown,../dataset/Pictures_CFSB_leaf_damage/2025_10_07_RSFB-Phenotyping_WG1_JLU/2025_10_07_RSFB-Phenotyping_WG1_JLU/20251007_131014.jpg,True,119_R59_R4S_440_2_59
2025_10_07_RSFB-Phenotyping_WG1_JLU,20251007_131021.jpg,119_R59_R4S_440_2_59,,,,,,,,,2025_10_07_RSFB-Phenotyping_WG1_JLU_scores.csv,2.0,,,False,,Unknown,../dataset/Pictures_CFSB_leaf_damage/2025_10_07_RSFB-Phenotyping_WG1_JLU/2025_10_07_RSFB-Phenotyping_WG1_JLU/20251007_131021.jpg,True,119_R59_R4S_440_2_59
2025_10_07_RSFB-Phenotyping_WG1_JLU,20251007_131039.jpg,118_Smaragd_R4S_543_2_58,,,,,,,,,2025_10_07_RSFB-Phenotyping_WG1_JLU_scores.csv,2.0,,,False,,Unknown,../dataset/Pictures_CFSB_leaf_damage/2025_10_07_RSFB-Phenotyping_WG1_JLU/2025_10_07_RSFB-Phenotyping_WG1_JLU/20251007_131039.jpg,True,118_Smaragd_R4S_543_2_58
2025_10_07_RSFB-Phenotyping_WG1_JLU,20251007_131046.jpg,118_Smaragd_R4S_543_2_58,,,,,,,,,2025_10_07_RSFB-Phenotyping_WG1_JLU_scores.csv,3.0,,,False,,Unknown,../dataset/Pictures_CFSB_leaf_damage/2025_10_07_RSFB-Phenotyping_WG1_JLU/2025_10_07_RSFB-Phenotyping_WG1_JLU/20251007_131046.jpg,True,118_Smaragd_R4S_543_2_58
2025_10_07_RSFB-Phenotyping_WG1_JLU,20251007_131053.jpg,118_Smaragd_R4S_543_2_58,,,,,,,,,2025_10_07_RSFB-Phenotyping_WG1_JLU_scores.csv,1.0,,,False,,Unknown,../dataset/Pictures_CFSB_leaf_damage/2025_10_07_RSFB-Phenotyping_WG1_JLU/2025_10_07_RSFB-Phenotyping_WG1_JLU/20251007_131053.jpg,True,118_Smaragd_R4S_543_2_58
2025_10_07_RSFB-Phenotyping_WG1_JLU,20251007_131116.jpg,117_Tipperary (Magnificent)_R4S_326_2_57,,,,,,,,,2025_10_07_RSFB-Phenotyping_WG1_JLU_scores.csv,1.0,,,False,,Unknown,../dataset/Pictures_CFSB_leaf_damage/2025_10_07_RSFB-Phenotyping_WG1_JLU/2025_10_07_RSFB-Phenotyping_WG1_JLU/20251007_131116.jpg,True,117_Tipperary (Magnificent)_R4S_326_2_57
2025_10_07_RSFB-Phenotyping_WG1_JLU,20251007_131123.jpg,117_Tipperary (Magnificent)_R4S_326_2_57,,,,,,,,,2025_10_07_RSFB-Phenotyping_WG1_JLU_scores.csv,1.0,,,False,,Unknown,../dataset/Pictures_CFSB_leaf_damage/2025_10_07_RSFB-Phenotyping_WG1_JLU/2025_10_07_RSFB-Phenotyping_WG1_JLU/20251007_131123.jpg,True,117_Tipperary (Magnificent)_R4S_326_2_57
2025_10_07_RSFB-Phenotyping_WG1_JLU,20251007_131133.jpg,117_Tipperary (Magnificent)_R4S_326_2_57,,,,,,,,,2025_10_07_RSFB-Phenotyping_WG1_JLU_scores.csv,2.0,,,False,,Unknown,../dataset/Pictures_CFSB_leaf_damage/2025_10_07_RSFB-Phenotyping_WG1_JLU/2025_10_07_RSFB-Phenotyping_WG1_JLU/20251007_131133.jpg,True,117_Tipperary (Magnificent)_R4S_326_2_57
2025_10_07_RSFB-Phenotyping_WG1_JLU,20251007_131150.jpg,116_Kvintett_R4S_170_2_56,,,,,,,,,2025_10_07_RSFB-Phenotyping_WG1_JLU_scores.csv,1.0,,,False,,Unknown,../dataset/Pictures_CFSB_leaf_damage/2025_10_07_RSFB-Phenotyping_WG1_JLU/2025_10_07_RSFB-Phenotyping_WG1_JLU/20251007_131150.jpg,True,116_Kvintett_R4S_170_2_56
2025_10_07_RSFB-Phenotyping_WG1_JLU,20251007_131200.jpg,116_Kvintett_R4S_170_2_56,,,,,,,,,2025_10_07_RSFB-Phenotyping_WG1_JLU_scores.csv,4.0,,,False,,Unknown,../dataset/Pictures_CFSB_leaf_damage/2025_10_07_RSFB-Phenotyping_WG1_JLU/2025_10_07_RSFB-Phenotyping_WG1_JLU/20251007_131200.jpg,True,116_Kvintett_R4S_170_2_56
2025_10_07_RSFB-Phenotyping_WG1_JLU,20251007_131207.jpg,116_Kvintett_R4S_170_2_56,,,,,,,,,2025_10_07_RSFB-Phenotyping_WG1_JLU_scores.csv,3.0,,,False,,Unknown,../dataset/Pictures_CFSB_leaf_damage/2025_10_07_RSFB-Phenotyping_WG1_JLU/2025_10_07_RSFB-Phenotyping_WG1_JLU/20251007_131207.jpg,True,116_Kvintett_R4S_170_2_56
2025_10_07_RSFB-Phenotyping_WG1_JLU,20251007_131225.jpg,115_Sonnengold_R4S_377_2_55,,,,,,,,,2025_10_07_RSFB-Phenotyping_WG1_JLU_scores.csv,10.0,,,False,,Unknown,../dataset/Pictures_CFSB_leaf_damage/2025_10_07_RSFB-Phenotyping_WG1_JLU/2025_10_07_RSFB-Phenotyping_WG1_JLU/20251007_131225.jpg,True,115_Sonnengold_R4S_377_2_55
2025_10_07_RSFB-Phenotyping_WG1_JLU,20251007_131232.jpg,115_Sonnengold_R4S_377_2_55,,,,,,,,,2025_10_07_RSFB-Phenotyping_WG1_JLU_scores.csv,16.0,,,False,,Unknown,../dataset/Pictures_CFSB_leaf_damage/2025_10_07_RSFB-Phenotyping_WG1_JLU/2025_10_07_RSFB-Phenotyping_WG1_JLU/20251007_131232.jpg,True,115_Sonnengold_R4S_377_2_55
2025_10_07_RSFB-Phenotyping_WG1_JLU,20251007_131240.jpg,115_Sonnengold_R4S_377_2_55,,,,,,,,,2025_10_07_RSFB-Phenotyping_WG1_JLU_scores.csv,3.0,,,False,,Unknown,../dataset/Pictures_CFSB_leaf_damage/2025_10_07_RSFB-Phenotyping_WG1_JLU/2025_10_07_RSFB-Phenotyping_WG1_JLU/20251007_131240.jpg,True,115_Sonnengold_R4S_377_2_55
2025_10_07_RSFB-Phenotyping_WG1_JLU,20251007_131259.jpg,114_Baros_R4S_236_2_54,,,,,,,,,2025_10_07_RSFB-Phenotyping_WG1_JLU_scores.csv,8.0,,,False,,Unknown,../dataset/Pictures_CFSB_leaf_damage/2025_10_07_RSFB-Phenotyping_WG1_JLU/2025_10_07_RSFB-Phenotyping_WG1_JLU/20251007_131259.jpg,True,114_Baros_R4S_236_2_54
2025_10_07_RSFB-Phenotyping_WG1_JLU,20251007_131305.jpg,114_Baros_R4S_236_2_54,,,,,,,,,2025_10_07_RSFB-Phenotyping_WG1_JLU_scores.csv,3.0,,,False,,Unknown,../dataset/Pictures_CFSB_leaf_damage/2025_10_07_RSFB-Phenotyping_WG1_JLU/2025_10_07_RSFB-Phenotyping_WG1_JLU/20251007_131305.jpg,True,114_Baros_R4S_236_2_54
2025_10_07_RSFB-Phenotyping_WG1_JLU,20251007_131312.jpg,114_Baros_R4S_236_2_54,,,,,,,,,2025_10_07_RSFB-Phenotyping_WG1_JLU_scores.csv,3.0,,,False,,Unknown,../dataset/Pictures_CFSB_leaf_damage/2025_10_07_RSFB-Phenotyping_WG1_JLU/2025_10_07_RSFB-Phenotyping_WG1_JLU/20251007_131312.jpg,True,114_Baros_R4S_236_2_54
2025_10_07_RSFB-Phenotyping_WG1_JLU,20251007_131332.jpg,113_J 134_R4S_434_2_53,,,,,,,,,2025_10_07_RSFB-Phenotyping_WG1_JLU_scores.csv,12.0,,,False,,Unknown,../dataset/Pictures_CFSB_leaf_damage/2025_10_07_RSFB-Phenotyping_WG1_JLU/2025_10_07_RSFB-Phenotyping_WG1_JLU/20251007_131332.jpg,True,113_J 134_R4S_434_2_53
2025_10_07_RSFB-Phenotyping_WG1_JLU,20251007_131339.jpg,113_J 134_R4S_434_2_53,,,,,,,,,2025_10_07_RSFB-Phenotyping_WG1_JLU_scores.csv,4.0,,,False,,Unknown,../dataset/Pictures_CFSB_leaf_damage/2025_10_07_RSFB-Phenotyping_WG1_JLU/2025_10_07_RSFB-Phenotyping_WG1_JLU/20251007_131339.jpg,True,113_J 134_R4S_434_2_53
2025_10_07_RSFB-Phenotyping_WG1_JLU,20251007_131348.jpg,113_J 134_R4S_434_2_53,,,,,,,,,2025_10_07_RSFB-Phenotyping_WG1_JLU_scores.csv,5.0,,,False,,Unknown,../dataset/Pictures_CFSB_leaf_damage/2025_10_07_RSFB-Phenotyping_WG1_JLU/2025_10_07_RSFB-Phenotyping_WG1_JLU/20251007_131348.jpg,True,113_J 134_R4S_434_2_53
2025_10_07_RSFB-Phenotyping_WG1_JLU,20251007_131407.jpg,112_Ramses_R4S_286_2_52,,,,,,,,,2025_10_07_RSFB-Phenotyping_WG1_JLU_scores.csv,2.0,,,False,,Unknown,../dataset/Pictures_CFSB_leaf_damage/2025_10_07_RSFB-Phenotyping_WG1_JLU/2025_10_07_RSFB-Phenotyping_WG1_JLU/20251007_131407.jpg,True,112_Ramses_R4S_286_2_52
2025_10_07_RSFB-Phenotyping_WG1_JLU,20251007_131414.jpg,112_Ramses_R4S_286_2_52,,,,,,,,,2025_10_07_RSFB-Phenotyping_WG1_JLU_scores.csv,3.0,,,False,,Unknown,../dataset/Pictures_CFSB_leaf_damage/2025_10_07_RSFB-Phenotyping_WG1_JLU/2025_10_07_RSFB-Phenotyping_WG1_JLU/20251007_131414.jpg,True,112_Ramses_R4S_286_2_52
2025_10_07_RSFB-Phenotyping_WG1_JLU,20251007_131420.jpg,112_Ramses_R4S_286_2_52,,,,,,,,,2025_10_07_RSFB-Phenotyping_WG1_JLU_scores.csv,4.0,,,False,,Unknown,../dataset/Pictures_CFSB_leaf_damage/2025_10_07_RSFB-Phenotyping_WG1_JLU/2025_10_07_RSFB-Phenotyping_WG1_JLU/20251007_131420.jpg,True,112_Ramses_R4S_286_2_52
2025_10_07_RSFB-Phenotyping_WG1_JLU,20251007_131438.jpg,111_SENSATION NZ_R4S_318_2_51,,,,,,,,,2025_10_07_RSFB-Phenotyping_WG1_JLU_scores.csv,3.0,,,False,,Unknown,../dataset/Pictures_CFSB_leaf_damage/2025_10_07_RSFB-Phenotyping_WG1_JLU/2025_10_07_RSFB-Phenotyping_WG1_JLU/20251007_131438.jpg,True,111_SENSATION NZ_R4S_318_2_51
2025_10_07_RSFB-Phenotyping_WG1_JLU,20251007_131445.jpg,111_SENSATION NZ_R4S_318_2_51,,,,,,,,,2025_10_07_RSFB-Phenotyping_WG1_JLU_scores.csv,2.0,,,False,,Unknown,../dataset/Pictures_CFSB_leaf_damage/2025_10_07_RSFB-Phenotyping_WG1_JLU/2025_10_07_RSFB-Phenotyping_WG1_JLU/20251007_131445.jpg,True,111_SENSATION NZ_R4S_318_2_51
2025_10_07_RSFB-Phenotyping_WG1_JLU,20251007_131452.jpg,111_SENSATION NZ_R4S_318_2_51,,,,,,,,,2025_10_07_RSFB-Phenotyping_WG1_JLU_scores.csv,2.0,,,False,,Unknown,../dataset/Pictures_CFSB_leaf_damage/2025_10_07_RSFB-Phenotyping_WG1_JLU/2025_10_07_RSFB-Phenotyping_WG1_JLU/20251007_131452.jpg,True,111_SENSATION NZ_R4S_318_2_51
2025_10_07_RSFB-Phenotyping_WG1_JLU,20251007_131511.jpg,110_Norde_R4S_382_2_50,,,,,,,,,2025_10_07_RSFB-Phenotyping_WG1_JLU_scores.csv,3.0,,,False,,Unknown,../dataset/Pictures_CFSB_leaf_damage/2025_10_07_RSFB-Phenotyping_WG1_JLU/2025_10_07_RSFB-Phenotyping_WG1_JLU/20251007_131511.jpg,True,110_Norde_R4S_382_2_50
2025_10_07_RSFB-Phenotyping_WG1_JLU,20251007_131518.jpg,110_Norde_R4S_382_2_50,,,,,,,,,2025_10_07_RSFB-Phenotyping_WG1_JLU_scores.csv,2.0,,,False,,Unknown,../dataset/Pictures_CFSB_leaf_damage/2025_10_07_RSFB-Phenotyping_WG1_JLU/2025_10_07_RSFB-Phenotyping_WG1_JLU/20251007_131518.jpg,True,110_Norde_R4S_382_2_50
2025_10_07_RSFB-Phenotyping_WG1_JLU,20251007_131525.jpg,110_Norde_R4S_382_2_50,,,,,,,,,2025_10_07_RSFB-Phenotyping_WG1_JLU_scores.csv,2.0,,,False,,Unknown,../dataset/Pictures_CFSB_leaf_damage/2025_10_07_RSFB-Phenotyping_WG1_JLU/2025_10_07_RSFB-Phenotyping_WG1_JLU/20251007_131525.jpg,True,110_Norde_R4S_382_2_50
2025_10_07_RSFB-Phenotyping_WG1_JLU,20251007_131545.jpg,109_Robust_R4S_143_2_49,,,,,,,,,2025_10_07_RSFB-Phenotyping_WG1_JLU_scores.csv,4.0,,,False,,Unknown,../dataset/Pictures_CFSB_leaf_damage/2025_10_07_RSFB-Phenotyping_WG1_JLU/2025_10_07_RSFB-Phenotyping_WG1_JLU/20251007_131545.jpg,True,109_Robust_R4S_143_2_49
2025_10_07_RSFB-Phenotyping_WG1_JLU,20251007_131553.jpg,109_Robust_R4S_143_2_49,,,,,,,,,2025_10_07_RSFB-Phenotyping_WG1_JLU_scores.csv,2.0,,,False,,Unknown,../dataset/Pictures_CFSB_leaf_damage/2025_10_07_RSFB-Phenotyping_WG1_JLU/2025_10_07_RSFB-Phenotyping_WG1_JLU/20251007_131553.jpg,True,109_Robust_R4S_143_2_49
2025_10_07_RSFB-Phenotyping_WG1_JLU,20251007_131559.jpg,109_Robust_R4S_143_2_49,,,,,,,,,2025_10_07_RSFB-Phenotyping_WG1_JLU_scores.csv,1.0,,,False,,Unknown,../dataset/Pictures_CFSB_leaf_damage/2025_10_07_RSFB-Phenotyping_WG1_JLU/2025_10_07_RSFB-Phenotyping_WG1_JLU/20251007_131559.jpg,True,109_Robust_R4S_143_2_49
2025_10_07_RSFB-Phenotyping_WG1_JLU,20251007_131619.jpg,108_Lirabon_R4S_211_2_48,,,,,,,,,2025_10_07_RSFB-Phenotyping_WG1_JLU_scores.csv,1.0,,,False,,Unknown,../dataset/Pictures_CFSB_leaf_damage/2025_10_07_RSFB-Phenotyping_WG1_JLU/2025_10_07_RSFB-Phenotyping_WG1_JLU/20251007_131619.jpg,True,108_Lirabon_R4S_211_2_48
2025_10_07_RSFB-Phenotyping_WG1_JLU,20251007_131626.jpg,108_Lirabon_R4S_211_2_48,,,,,,,,,2025_10_07_RSFB-Phenotyping_WG1_JLU_scores.csv,3.0,,,False,,Unknown,../dataset/Pictures_CFSB_leaf_damage/2025_10_07_RSFB-Phenotyping_WG1_JLU/2025_10_07_RSFB-Phenotyping_WG1_JLU/20251007_131626.jpg,True,108_Lirabon_R4S_211_2_48
2025_10_07_RSFB-Phenotyping_WG1_JLU,20251007_131632.jpg,108_Lirabon_R4S_211_2_48,,,,,,,,,2025_10_07_RSFB-Phenotyping_WG1_JLU_scores.csv,1.0,,,False,,Unknown,../dataset/Pictures_CFSB_leaf_damage/2025_10_07_RSFB-Phenotyping_WG1_JLU/2025_10_07_RSFB-Phenotyping_WG1_JLU/20251007_131632.jpg,True,108_Lirabon_R4S_211_2_48
2025_10_07_RSFB-Phenotyping_WG1_JLU,20251007_131654.jpg,107_OASE_R4S_161_2_47,,,,,,,,,2025_10_07_RSFB-Phenotyping_WG1_JLU_scores.csv,1.0,,,False,,Unknown,../dataset/Pictures_CFSB_leaf_damage/2025_10_07_RSFB-Phenotyping_WG1_JLU/2025_10_07_RSFB-Phenotyping_WG1_JLU/20251007_131654.jpg,True,107_OASE_R4S_161_2_47
2025_10_07_RSFB-Phenotyping_WG1_JLU,20251007_131702.jpg,107_OASE_R4S_161_2_47,,,,,,,,,2025_10_07_RSFB-Phenotyping_WG1_JLU_scores.csv,3.0,,,False,,Unknown,../dataset/Pictures_CFSB_leaf_damage/2025_10_07_RSFB-Phenotyping_WG1_JLU/2025_10_07_RSFB-Phenotyping_WG1_JLU/20251007_131702.jpg,True,107_OASE_R4S_161_2_47
2025_10_07_RSFB-Phenotyping_WG1_JLU,20251007_131709.jpg,107_OASE_R4S_161_2_47,,,,,,,,,2025_10_07_RSFB-Phenotyping_WG1_JLU_scores.csv,2.0,,,False,,Unknown,../dataset/Pictures_CFSB_leaf_damage/2025_10_07_RSFB-Phenotyping_WG1_JLU/2025_10_07_RSFB-Phenotyping_WG1_JLU/20251007_131709.jpg,True,107_OASE_R4S_161_2_47
2025_10_07_RSFB-Phenotyping_WG1_JLU,20251007_131724.jpg,106_Erra_R4S_394_2_46,,,,,,,,,2025_10_07_RSFB-Phenotyping_WG1_JLU_scores.csv,1.0,,,False,,Unknown,../dataset/Pictures_CFSB_leaf_damage/2025_10_07_RSFB-Phenotyping_WG1_JLU/2025_10_07_RSFB-Phenotyping_WG1_JLU/20251007_131724.jpg,True,106_Erra_R4S_394_2_46
2025_10_07_RSFB-Phenotyping_WG1_JLU,20251007_131732.jpg,106_Erra_R4S_394_2_46,,,,,,,,,2025_10_07_RSFB-Phenotyping_WG1_JLU_scores.csv,2.0,,,False,,Unknown,../dataset/Pictures_CFSB_leaf_damage/2025_10_07_RSFB-Phenotyping_WG1_JLU/2025_10_07_RSFB-Phenotyping_WG1_JLU/20251007_131732.jpg,True,106_Erra_R4S_394_2_46
2025_10_07_RSFB-Phenotyping_WG1_JLU,20251007_131738.jpg,106_Erra_R4S_394_2_46,,,,,,,,,2025_10_07_RSFB-Phenotyping_WG1_JLU_scores.csv,4.0,,,False,,Unknown,../dataset/Pictures_CFSB_leaf_damage/2025_10_07_RSFB-Phenotyping_WG1_JLU/2025_10_07_RSFB-Phenotyping_WG1_JLU/20251007_131738.jpg,True,106_Erra_R4S_394_2_46
2025_10_07_RSFB-Phenotyping_WG1_JLU,20251007_131800.jpg,105_ABUKUMA NATANE_R4S_308_2_45,,,,,,,,,2025_10_07_RSFB-Phenotyping_WG1_JLU_scores.csv,2.0,,,False,,Unknown,../dataset/Pictures_CFSB_leaf_damage/2025_10_07_RSFB-Phenotyping_WG1_JLU/2025_10_07_RSFB-Phenotyping_WG1_JLU/20251007_131800.jpg,True,105_ABUKUMA NATANE_R4S_308_2_45
2025_10_07_RSFB-Phenotyping_WG1_JLU,20251007_131807.jpg,105_ABUKUMA NATANE_R4S_308_2_45,,,,,,,,,2025_10_07_RSFB-Phenotyping_WG1_JLU_scores.csv,6.0,,,False,,Unknown,../dataset/Pictures_CFSB_leaf_damage/2025_10_07_RSFB-Phenotyping_WG1_JLU/2025_10_07_RSFB-Phenotyping_WG1_JLU/20251007_131807.jpg,True,105_ABUKUMA NATANE_R4S_308_2_45
2025_10_07_RSFB-Phenotyping_WG1_JLU,20251007_131814.jpg,105_ABUKUMA NATANE_R4S_308_2_45,,,,,,,,,2025_10_07_RSFB-Phenotyping_WG1_JLU_scores.csv,4.0,,,False,,Unknown,../dataset/Pictures_CFSB_leaf_damage/2025_10_07_RSFB-Phenotyping_WG1_JLU/2025_10_07_RSFB-Phenotyping_WG1_JLU/20251007_131814.jpg,True,105_ABUKUMA NATANE_R4S_308_2_45
2025_10_07_RSFB-Phenotyping_WG1_JLU,20251007_131834.jpg,104_Dalo Trifolium_R4S_335_2_44,,,,,,,,,2025_10_07_RSFB-Phenotyping_WG1_JLU_scores.csv,2.0,,,False,,Unknown,../dataset/Pictures_CFSB_leaf_damage/2025_10_07_RSFB-Phenotyping_WG1_JLU/2025_10_07_RSFB-Phenotyping_WG1_JLU/20251007_131834.jpg,True,104_Dalo Trifolium_R4S_335_2_44
2025_10_07_RSFB-Phenotyping_WG1_JLU,20251007_131841.jpg,104_Dalo Trifolium_R4S_335_2_44,,,,,,,,,2025_10_07_RSFB-Phenotyping_WG1_JLU_scores.csv,12.0,,,False,,Unknown,../dataset/Pictures_CFSB_leaf_damage/2025_10_07_RSFB-Phenotyping_WG1_JLU/2025_10_07_RSFB-Phenotyping_WG1_JLU/20251007_131841.jpg,True,104_Dalo Trifolium_R4S_335_2_44
2025_10_07_RSFB-Phenotyping_WG1_JLU,20251007_131849.jpg,104_Dalo Trifolium_R4S_335_2_44,,,,,,,,,2025_10_07_RSFB-Phenotyping_WG1_JLU_scores.csv,9.0,,,False,,Unknown,../dataset/Pictures_CFSB_leaf_damage/2025_10_07_RSFB-Phenotyping_WG1_JLU/2025_10_07_RSFB-Phenotyping_WG1_JLU/20251007_131849.jpg,True,104_Dalo Trifolium_R4S_335_2_44
2025_10_07_RSFB-Phenotyping_WG1_JLU,20251007_131911.jpg,103_Atlantic_R4S_255_2_43,,,,,,,,,2025_10_07_RSFB-Phenotyping_WG1_JLU_scores.csv,10.0,,,False,,Unknown,../dataset/Pictures_CFSB_leaf_damage/2025_10_07_RSFB-Phenotyping_WG1_JLU/2025_10_07_RSFB-Phenotyping_WG1_JLU/20251007_131911.jpg,True,103_Atlantic_R4S_255_2_43
2025_10_07_RSFB-Phenotyping_WG1_JLU,20251007_131918.jpg,103_Atlantic_R4S_255_2_43,,,,,,,,,2025_10_07_RSFB-Phenotyping_WG1_JLU_scores.csv,4.0,,,False,,Unknown,../dataset/Pictures_CFSB_leaf_damage/2025_10_07_RSFB-Phenotyping_WG1_JLU/2025_10_07_RSFB-Phenotyping_WG1_JLU/20251007_131918.jpg,True,103_Atlantic_R4S_255_2_43
2025_10_07_RSFB-Phenotyping_WG1_JLU,20251007_131928.jpg,103_Atlantic_R4S_255_2_43,,,,,,,,,2025_10_07_RSFB-Phenotyping_WG1_JLU_scores.csv,6.0,,,False,,Unknown,../dataset/Pictures_CFSB_leaf_damage/2025_10_07_RSFB-Phenotyping_WG1_JLU/2025_10_07_RSFB-Phenotyping_WG1_JLU/20251007_131928.jpg,True,103_Atlantic_R4S_255_2_43
2025_10_07_RSFB-Phenotyping_WG1_JLU,20251007_131945.jpg,102_R4S_NPZ1_R4S_497_2_42,,,,,,,,,2025_10_07_RSFB-Phenotyping_WG1_JLU_scores.csv,4.0,,,False,,Unknown,../dataset/Pictures_CFSB_leaf_damage/2025_10_07_RSFB-Phenotyping_WG1_JLU/2025_10_07_RSFB-Phenotyping_WG1_JLU/20251007_131945.jpg,True,102_R4S_NPZ1_R4S_497_2_42
2025_10_07_RSFB-Phenotyping_WG1_JLU,20251007_131953.jpg,102_R4S_NPZ1_R4S_497_2_42,,,,,,,,,2025_10_07_RSFB-Phenotyping_WG1_JLU_scores.csv,4.0,,,False,,Unknown,../dataset/Pictures_CFSB_leaf_damage/2025_10_07_RSFB-Phenotyping_WG1_JLU/2025_10_07_RSFB-Phenotyping_WG1_JLU/20251007_131953.jpg,True,102_R4S_NPZ1_R4S_497_2_42
2025_10_07_RSFB-Phenotyping_WG1_JLU,20251007_131959.jpg,102_R4S_NPZ1_R4S_497_2_42,,,,,,,,,2025_10_07_RSFB-Phenotyping_WG1_JLU_scores.csv,10.0,,,False,,Unknown,../dataset/Pictures_CFSB_leaf_damage/2025_10_07_RSFB-Phenotyping_WG1_JLU/2025_10_07_RSFB-Phenotyping_WG1_JLU/20251007_131959.jpg,True,102_R4S_NPZ1_R4S_497_2_42
2025_10_07_RSFB-Phenotyping_WG1_JLU,20251007_132016.jpg,101_Escort_R4S_259_2_41,,,,,,,,,2025_10_07_RSFB-Phenotyping_WG1_JLU_scores.csv,3.0,,,False,,Unknown,../dataset/Pictures_CFSB_leaf_damage/2025_10_07_RSFB-Phenotyping_WG1_JLU/2025_10_07_RSFB-Phenotyping_WG1_JLU/20251007_132016.jpg,True,101_Escort_R4S_259_2_41
2025_10_07_RSFB-Phenotyping_WG1_JLU,20251007_132023.jpg,101_Escort_R4S_259_2_41,,,,,,,,,2025_10_07_RSFB-Phenotyping_WG1_JLU_scores.csv,4.0,,,False,,Unknown,../dataset/Pictures_CFSB_leaf_damage/2025_10_07_RSFB-Phenotyping_WG1_JLU/2025_10_07_RSFB-Phenotyping_WG1_JLU/20251007_132023.jpg,True,101_Escort_R4S_259_2_41
2025_10_07_RSFB-Phenotyping_WG1_JLU,20251007_132031.jpg,101_Escort_R4S_259_2_41,,,,,,,,,2025_10_07_RSFB-Phenotyping_WG1_JLU_scores.csv,3.0,,,False,,Unknown,../dataset/Pictures_CFSB_leaf_damage/2025_10_07_RSFB-Phenotyping_WG1_JLU/2025_10_07_RSFB-Phenotyping_WG1_JLU/20251007_132031.jpg,True,101_Escort_R4S_259_2_41
2025_10_07_RSFB-Phenotyping_WG1_JLU,20251007_132051.jpg,100_Edita_R4S_273_2_40,,,,,,,,,2025_10_07_RSFB-Phenotyping_WG1_JLU_scores.csv,8.0,,,False,,Unknown,../dataset/Pictures_CFSB_leaf_damage/2025_10_07_RSFB-Phenotyping_WG1_JLU/2025_10_07_RSFB-Phenotyping_WG1_JLU/20251007_132051.jpg,True,100_Edita_R4S_273_2_40
2025_10_07_RSFB-Phenotyping_WG1_JLU,20251007_132058.jpg,100_Edita_R4S_273_2_40,,,,,,,,,2025_10_07_RSFB-Phenotyping_WG1_JLU_scores.csv,7.0,,,False,,Unknown,../dataset/Pictures_CFSB_leaf_damage/2025_10_07_RSFB-Phenotyping_WG1_JLU/2025_10_07_RSFB-Phenotyping_WG1_JLU/20251007_132058.jpg,True,100_Edita_R4S_273_2_40
2025_10_07_RSFB-Phenotyping_WG1_JLU,20251007_132107.jpg,100_Edita_R4S_273_2_40,,,,,,,,,2025_10_07_RSFB-Phenotyping_WG1_JLU_scores.csv,7.0,,,False,,Unknown,../dataset/Pictures_CFSB_leaf_damage/2025_10_07_RSFB-Phenotyping_WG1_JLU/2025_10_07_RSFB-Phenotyping_WG1_JLU/20251007_132107.jpg,True,100_Edita_R4S_273_2_40
2025_10_07_RSFB-Phenotyping_WG1_JLU,20251007_132124.jpg,99_SHANG-YOU_R4S_215_2_39,,,,,,,,,2025_10_07_RSFB-Phenotyping_WG1_JLU_scores.csv,6.0,,,False,,Unknown,../dataset/Pictures_CFSB_leaf_damage/2025_10_07_RSFB-Phenotyping_WG1_JLU/2025_10_07_RSFB-Phenotyping_WG1_JLU/20251007_132124.jpg,True,99_SHANG-YOU_R4S_215_2_39
2025_10_07_RSFB-Phenotyping_WG1_JLU,20251007_132132.jpg,99_SHANG-YOU_R4S_215_2_39,,,,,,,,,2025_10_07_RSFB-Phenotyping_WG1_JLU_scores.csv,2.0,,,False,,Unknown,../dataset/Pictures_CFSB_leaf_damage/2025_10_07_RSFB-Phenotyping_WG1_JLU/2025_10_07_RSFB-Phenotyping_WG1_JLU/20251007_132132.jpg,True,99_SHANG-YOU_R4S_215_2_39
2025_10_07_RSFB-Phenotyping_WG1_JLU,20251007_132138.jpg,99_SHANG-YOU_R4S_215_2_39,,,,,,,,,2025_10_07_RSFB-Phenotyping_WG1_JLU_scores.csv,5.0,,,False,,Unknown,../dataset/Pictures_CFSB_leaf_damage/2025_10_07_RSFB-Phenotyping_WG1_JLU/2025_10_07_RSFB-Phenotyping_WG1_JLU/20251007_132138.jpg,True,99_SHANG-YOU_R4S_215_2_39
2025_10_07_RSFB-Phenotyping_WG1_JLU,20251007_132205.jpg,98_Purple Top_R4S_341_2_38,,,,,,,,,2025_10_07_RSFB-Phenotyping_WG1_JLU_scores.csv,4.0,,,False,,Unknown,../dataset/Pictures_CFSB_leaf_damage/2025_10_07_RSFB-Phenotyping_WG1_JLU/2025_10_07_RSFB-Phenotyping_WG1_JLU/20251007_132205.jpg,True,98_Purple Top_R4S_341_2_38
2025_10_07_RSFB-Phenotyping_WG1_JLU,20251007_132215.jpg,98_Purple Top_R4S_341_2_38,,,,,,,,,2025_10_07_RSFB-Phenotyping_WG1_JLU_scores.csv,2.0,,,False,,Unknown,../dataset/Pictures_CFSB_leaf_damage/2025_10_07_RSFB-Phenotyping_WG1_JLU/2025_10_07_RSFB-Phenotyping_WG1_JLU/20251007_132215.jpg,True,98_Purple Top_R4S_341_2_38
2025_10_07_RSFB-Phenotyping_WG1_JLU,20251007_132222.jpg,98_Purple Top_R4S_341_2_38,,,,,,,,,2025_10_07_RSFB-Phenotyping_WG1_JLU_scores.csv,15.0,,,False,,Unknown,../dataset/Pictures_CFSB_leaf_damage/2025_10_07_RSFB-Phenotyping_WG1_JLU/2025_10_07_RSFB-Phenotyping_WG1_JLU/20251007_132222.jpg,True,98_Purple Top_R4S_341_2_38
2025_10_07_RSFB-Phenotyping_WG1_JLU,20251007_132241.jpg,97_Express 617_R4S_506_2_37,,,,,,,,,2025_10_07_RSFB-Phenotyping_WG1_JLU_scores.csv,12.0,,,False,,Unknown,../dataset/Pictures_CFSB_leaf_damage/2025_10_07_RSFB-Phenotyping_WG1_JLU/2025_10_07_RSFB-Phenotyping_WG1_JLU/20251007_132241.jpg,True,97_Express 617_R4S_506_2_37
2025_10_07_RSFB-Phenotyping_WG1_JLU,20251007_132249.jpg,97_Express 617_R4S_506_2_37,,,,,,,,,2025_10_07_RSFB-Phenotyping_WG1_JLU_scores.csv,8.0,,,False,,Unknown,../dataset/Pictures_CFSB_leaf_damage/2025_10_07_RSFB-Phenotyping_WG1_JLU/2025_10_07_RSFB-Phenotyping_WG1_JLU/20251007_132249.jpg,True,97_Express 617_R4S_506_2_37
2025_10_07_RSFB-Phenotyping_WG1_JLU,20251007_132255.jpg,97_Express 617_R4S_506_2_37,,,,,,,,,2025_10_07_RSFB-Phenotyping_WG1_JLU_scores.csv,2.0,,,False,,Unknown,../dataset/Pictures_CFSB_leaf_damage/2025_10_07_RSFB-Phenotyping_WG1_JLU/2025_10_07_RSFB-Phenotyping_WG1_JLU/20251007_132255.jpg,True,97_Express 617_R4S_506_2_37
2025_10_07_RSFB-Phenotyping_WG1_JLU,20251007_132326.jpg,96_R4S_NPZ2_R4S_498_2_36,,,,,,,,,2025_10_07_RSFB-Phenotyping_WG1_JLU_scores.csv,2.0,,,False,,Unknown,../dataset/Pictures_CFSB_leaf_damage/2025_10_07_RSFB-Phenotyping_WG1_JLU/2025_10_07_RSFB-Phenotyping_WG1_JLU/20251007_132326.jpg,True,96_R4S_NPZ2_R4S_498_2_36
2025_10_07_RSFB-Phenotyping_WG1_JLU,20251007_132334.jpg,96_R4S_NPZ2_R4S_498_2_36,,,,,,,,,2025_10_07_RSFB-Phenotyping_WG1_JLU_scores.csv,1.0,,,False,,Unknown,../dataset/Pictures_CFSB_leaf_damage/2025_10_07_RSFB-Phenotyping_WG1_JLU/2025_10_07_RSFB-Phenotyping_WG1_JLU/20251007_132334.jpg,True,96_R4S_NPZ2_R4S_498_2_36
2025_10_07_RSFB-Phenotyping_WG1_JLU,20251007_132341.jpg,96_R4S_NPZ2_R4S_498_2_36,,,,,,,,,2025_10_07_RSFB-Phenotyping_WG1_JLU_scores.csv,3.0,,,False,,Unknown,../dataset/Pictures_CFSB_leaf_damage/2025_10_07_RSFB-Phenotyping_WG1_JLU/2025_10_07_RSFB-Phenotyping_WG1_JLU/20251007_132341.jpg,True,96_R4S_NPZ2_R4S_498_2_36
2025_10_07_RSFB-Phenotyping_WG1_JLU,20251007_132401.jpg,95_FS94.3_R4S_458_2_35,,,,,,,,,2025_10_07_RSFB-Phenotyping_WG1_JLU_scores.csv,9.0,,,False,,Unknown,../dataset/Pictures_CFSB_leaf_damage/2025_10_07_RSFB-Phenotyping_WG1_JLU/2025_10_07_RSFB-Phenotyping_WG1_JLU/20251007_132401.jpg,True,95_FS94.3_R4S_458_2_35
2025_10_07_RSFB-Phenotyping_WG1_JLU,20251007_132411.jpg,95_FS94.3_R4S_458_2_35,,,,,,,,,2025_10_07_RSFB-Phenotyping_WG1_JLU_scores.csv,7.0,,,False,,Unknown,../dataset/Pictures_CFSB_leaf_damage/2025_10_07_RSFB-Phenotyping_WG1_JLU/2025_10_07_RSFB-Phenotyping_WG1_JLU/20251007_132411.jpg,True,95_FS94.3_R4S_458_2_35
2025_10_07_RSFB-Phenotyping_WG1_JLU,20251007_132423.jpg,95_FS94.3_R4S_458_2_35,,,,,,,,,2025_10_07_RSFB-Phenotyping_WG1_JLU_scores.csv,8.0,,,False,,Unknown,../dataset/Pictures_CFSB_leaf_damage/2025_10_07_RSFB-Phenotyping_WG1_JLU/2025_10_07_RSFB-Phenotyping_WG1_JLU/20251007_132423.jpg,True,95_FS94.3_R4S_458_2_35
2025_10_07_RSFB-Phenotyping_WG1_JLU,20251007_132441.jpg,94_S16_R4S_489_2_34,,,,,,,,,2025_10_07_RSFB-Phenotyping_WG1_JLU_scores.csv,12.0,,,False,,Unknown,../dataset/Pictures_CFSB_leaf_damage/2025_10_07_RSFB-Phenotyping_WG1_JLU/2025_10_07_RSFB-Phenotyping_WG1_JLU/20251007_132441.jpg,True,94_S16_R4S_489_2_34
2025_10_07_RSFB-Phenotyping_WG1_JLU,20251007_132447.jpg,94_S16_R4S_489_2_34,,,,,,,,,2025_10_07_RSFB-Phenotyping_WG1_JLU_scores.csv,2.0,,,False,,Unknown,../dataset/Pictures_CFSB_leaf_damage/2025_10_07_RSFB-Phenotyping_WG1_JLU/2025_10_07_RSFB-Phenotyping_WG1_JLU/20251007_132447.jpg,True,94_S16_R4S_489_2_34
2025_10_07_RSFB-Phenotyping_WG1_JLU,20251007_132453.jpg,94_S16_R4S_489_2_34,,,,,,,,,2025_10_07_RSFB-Phenotyping_WG1_JLU_scores.csv,3.0,,,False,,Unknown,../dataset/Pictures_CFSB_leaf_damage/2025_10_07_RSFB-Phenotyping_WG1_JLU/2025_10_07_RSFB-Phenotyping_WG1_JLU/20251007_132453.jpg,True,94_S16_R4S_489_2_34
2025_10_07_RSFB-Phenotyping_WG1_JLU,20251007_132516.jpg,93_R99_R4S_438_2_33,,,,,,,,,2025_10_07_RSFB-Phenotyping_WG1_JLU_scores.csv,1.0,,,False,,Unknown,../dataset/Pictures_CFSB_leaf_damage/2025_10_07_RSFB-Phenotyping_WG1_JLU/2025_10_07_RSFB-Phenotyping_WG1_JLU/20251007_132516.jpg,True,93_R99_R4S_438_2_33
2025_10_07_RSFB-Phenotyping_WG1_JLU,20251007_132524.jpg,93_R99_R4S_438_2_33,,,,,,,,,2025_10_07_RSFB-Phenotyping_WG1_JLU_scores.csv,5.0,,,False,,Unknown,../dataset/Pictures_CFSB_leaf_damage/2025_10_07_RSFB-Phenotyping_WG1_JLU/2025_10_07_RSFB-Phenotyping_WG1_JLU/20251007_132524.jpg,True,93_R99_R4S_438_2_33
2025_10_07_RSFB-Phenotyping_WG1_JLU,20251007_132532.jpg,93_R99_R4S_438_2_33,,,,,,,,,2025_10_07_RSFB-Phenotyping_WG1_JLU_scores.csv,5.0,,,False,,Unknown,../dataset/Pictures_CFSB_leaf_damage/2025_10_07_RSFB-Phenotyping_WG1_JLU/2025_10_07_RSFB-Phenotyping_WG1_JLU/20251007_132532.jpg,True,93_R99_R4S_438_2_33
2025_10_07_RSFB-Phenotyping_WG1_JLU,20251007_132552.jpg,92_S35_R4S_428_2_32,,,,,,,,,2025_10_07_RSFB-Phenotyping_WG1_JLU_scores.csv,3.0,,,False,,Unknown,../dataset/Pictures_CFSB_leaf_damage/2025_10_07_RSFB-Phenotyping_WG1_JLU/2025_10_07_RSFB-Phenotyping_WG1_JLU/20251007_132552.jpg,True,92_S35_R4S_428_2_32
2025_10_07_RSFB-Phenotyping_WG1_JLU,20251007_132600.jpg,92_S35_R4S_428_2_32,,,,,,,,,2025_10_07_RSFB-Phenotyping_WG1_JLU_scores.csv,4.0,,,False,,Unknown,../dataset/Pictures_CFSB_leaf_damage/2025_10_07_RSFB-Phenotyping_WG1_JLU/2025_10_07_RSFB-Phenotyping_WG1_JLU/20251007_132600.jpg,True,92_S35_R4S_428_2_32
2025_10_07_RSFB-Phenotyping_WG1_JLU,20251007_132608.jpg,92_S35_R4S_428_2_32,,,,,,,,,2025_10_07_RSFB-Phenotyping_WG1_JLU_scores.csv,3.0,,,False,,Unknown,../dataset/Pictures_CFSB_leaf_damage/2025_10_07_RSFB-Phenotyping_WG1_JLU/2025_10_07_RSFB-Phenotyping_WG1_JLU/20251007_132608.jpg,True,92_S35_R4S_428_2_32
2025_10_07_RSFB-Phenotyping_WG1_JLU,20251007_132629.jpg,91_R4S_NPZ3_R4S_499_2_31,,,,,,,,,2025_10_07_RSFB-Phenotyping_WG1_JLU_scores.csv,4.0,,,False,,Unknown,../dataset/Pictures_CFSB_leaf_damage/2025_10_07_RSFB-Phenotyping_WG1_JLU/2025_10_07_RSFB-Phenotyping_WG1_JLU/20251007_132629.jpg,True,91_R4S_NPZ3_R4S_499_2_31
2025_10_07_RSFB-Phenotyping_WG1_JLU,20251007_132635.jpg,91_R4S_NPZ3_R4S_499_2_31,,,,,,,,,2025_10_07_RSFB-Phenotyping_WG1_JLU_scores.csv,9.0,,,False,,Unknown,../dataset/Pictures_CFSB_leaf_damage/2025_10_07_RSFB-Phenotyping_WG1_JLU/2025_10_07_RSFB-Phenotyping_WG1_JLU/20251007_132635.jpg,True,91_R4S_NPZ3_R4S_499_2_31
2025_10_07_RSFB-Phenotyping_WG1_JLU,20251007_132644.jpg,91_R4S_NPZ3_R4S_499_2_31,,,,,,,,,2025_10_07_RSFB-Phenotyping_WG1_JLU_scores.csv,8.0,,,False,,Unknown,../dataset/Pictures_CFSB_leaf_damage/2025_10_07_RSFB-Phenotyping_WG1_JLU/2025_10_07_RSFB-Phenotyping_WG1_JLU/20251007_132644.jpg,True,91_R4S_NPZ3_R4S_499_2_31
2025_10_07_RSFB-Phenotyping_WG1_JLU,20251007_132705.jpg,90_Anja_R4S_268_2_30,,,,,,,,,2025_10_07_RSFB-Phenotyping_WG1_JLU_scores.csv,2.0,,,False,,Unknown,../dataset/Pictures_CFSB_leaf_damage/2025_10_07_RSFB-Phenotyping_WG1_JLU/2025_10_07_RSFB-Phenotyping_WG1_JLU/20251007_132705.jpg,True,90_Anja_R4S_268_2_30
2025_10_07_RSFB-Phenotyping_WG1_JLU,20251007_132715.jpg,90_Anja_R4S_268_2_30,,,,,,,,,2025_10_07_RSFB-Phenotyping_WG1_JLU_scores.csv,6.0,,,False,,Unknown,../dataset/Pictures_CFSB_leaf_damage/2025_10_07_RSFB-Phenotyping_WG1_JLU/2025_10_07_RSFB-Phenotyping_WG1_JLU/20251007_132715.jpg,True,90_Anja_R4S_268_2_30
2025_10_07_RSFB-Phenotyping_WG1_JLU,20251007_132725.jpg,90_Anja_R4S_268_2_30,,,,,,,,,2025_10_07_RSFB-Phenotyping_WG1_JLU_scores.csv,2.0,,,False,,Unknown,../dataset/Pictures_CFSB_leaf_damage/2025_10_07_RSFB-Phenotyping_WG1_JLU/2025_10_07_RSFB-Phenotyping_WG1_JLU/20251007_132725.jpg,True,90_Anja_R4S_268_2_30
2025_10_07_RSFB-Phenotyping_WG1_JLU,20251007_132745.jpg,89_Agalon_R4S_263_2_29,,,,,,,,,2025_10_07_RSFB-Phenotyping_WG1_JLU_scores.csv,2.0,,,False,,Unknown,../dataset/Pictures_CFSB_leaf_damage/2025_10_07_RSFB-Phenotyping_WG1_JLU/2025_10_07_RSFB-Phenotyping_WG1_JLU/20251007_132745.jpg,True,89_Agalon_R4S_263_2_29
2025_10_07_RSFB-Phenotyping_WG1_JLU,20251007_132750.jpg,89_Agalon_R4S_263_2_29,,,,,,,,,2025_10_07_RSFB-Phenotyping_WG1_JLU_scores.csv,6.0,,,False,,Unknown,../dataset/Pictures_CFSB_leaf_damage/2025_10_07_RSFB-Phenotyping_WG1_JLU/2025_10_07_RSFB-Phenotyping_WG1_JLU/20251007_132750.jpg,True,89_Agalon_R4S_263_2_29
2025_10_07_RSFB-Phenotyping_WG1_JLU,20251007_132756.jpg,89_Agalon_R4S_263_2_29,,,,,,,,,2025_10_07_RSFB-Phenotyping_WG1_JLU_scores.csv,5.0,,,False,,Unknown,../dataset/Pictures_CFSB_leaf_damage/2025_10_07_RSFB-Phenotyping_WG1_JLU/2025_10_07_RSFB-Phenotyping_WG1_JLU/20251007_132756.jpg,True,89_Agalon_R4S_263_2_29
2025_10_07_RSFB-Phenotyping_WG1_JLU,20251007_132816.jpg,88_Quedlinburger Platzfester_R4S_285_2_28,,,,,,,,,2025_10_07_RSFB-Phenotyping_WG1_JLU_scores.csv,9.0,,,False,,Unknown,../dataset/Pictures_CFSB_leaf_damage/2025_10_07_RSFB-Phenotyping_WG1_JLU/2025_10_07_RSFB-Phenotyping_WG1_JLU/20251007_132816.jpg,True,88_Quedlinburger Platzfester_R4S_285_2_28
2025_10_07_RSFB-Phenotyping_WG1_JLU,20251007_132823.jpg,88_Quedlinburger Platzfester_R4S_285_2_28,,,,,,,,,2025_10_07_RSFB-Phenotyping_WG1_JLU_scores.csv,6.0,,,False,,Unknown,../dataset/Pictures_CFSB_leaf_damage/2025_10_07_RSFB-Phenotyping_WG1_JLU/2025_10_07_RSFB-Phenotyping_WG1_JLU/20251007_132823.jpg,True,88_Quedlinburger Platzfester_R4S_285_2_28
2025_10_07_RSFB-Phenotyping_WG1_JLU,20251007_132832.jpg,88_Quedlinburger Platzfester_R4S_285_2_28,,,,,,,,,2025_10_07_RSFB-Phenotyping_WG1_JLU_scores.csv,7.0,,,False,,Unknown,../dataset/Pictures_CFSB_leaf_damage/2025_10_07_RSFB-Phenotyping_WG1_JLU/2025_10_07_RSFB-Phenotyping_WG1_JLU/20251007_132832.jpg,True,88_Quedlinburger Platzfester_R4S_285_2_28
2025_10_07_RSFB-Phenotyping_WG1_JLU,20251007_132852.jpg,87_BRISTOL_R4S_157_2_27,,,,,,,,,2025_10_07_RSFB-Phenotyping_WG1_JLU_scores.csv,10.0,,,False,,Unknown,../dataset/Pictures_CFSB_leaf_damage/2025_10_07_RSFB-Phenotyping_WG1_JLU/2025_10_07_RSFB-Phenotyping_WG1_JLU/20251007_132852.jpg,True,87_BRISTOL_R4S_157_2_27
2025_10_07_RSFB-Phenotyping_WG1_JLU,20251007_132858.jpg,87_BRISTOL_R4S_157_2_27,,,,,,,,,2025_10_07_RSFB-Phenotyping_WG1_JLU_scores.csv,8.0,,,False,,Unknown,../dataset/Pictures_CFSB_leaf_damage/2025_10_07_RSFB-Phenotyping_WG1_JLU/2025_10_07_RSFB-Phenotyping_WG1_JLU/20251007_132858.jpg,True,87_BRISTOL_R4S_157_2_27
2025_10_07_RSFB-Phenotyping_WG1_JLU,20251007_132905.jpg,87_BRISTOL_R4S_157_2_27,,,,,,,,,2025_10_07_RSFB-Phenotyping_WG1_JLU_scores.csv,5.0,,,False,,Unknown,../dataset/Pictures_CFSB_leaf_damage/2025_10_07_RSFB-Phenotyping_WG1_JLU/2025_10_07_RSFB-Phenotyping_WG1_JLU/20251007_132905.jpg,True,87_BRISTOL_R4S_157_2_27
2025_10_07_RSFB-Phenotyping_WG1_JLU,20251007_132926.jpg,86_Express 617_R4S_505_2_26,,,,,,,,,2025_10_07_RSFB-Phenotyping_WG1_JLU_scores.csv,4.0,,,False,,Unknown,../dataset/Pictures_CFSB_leaf_damage/2025_10_07_RSFB-Phenotyping_WG1_JLU/2025_10_07_RSFB-Phenotyping_WG1_JLU/20251007_132926.jpg,True,86_Express 617_R4S_505_2_26
2025_10_07_RSFB-Phenotyping_WG1_JLU,20251007_132931.jpg,86_Express 617_R4S_505_2_26,,,,,,,,,2025_10_07_RSFB-Phenotyping_WG1_JLU_scores.csv,4.0,,,False,,Unknown,../dataset/Pictures_CFSB_leaf_damage/2025_10_07_RSFB-Phenotyping_WG1_JLU/2025_10_07_RSFB-Phenotyping_WG1_JLU/20251007_132931.jpg,True,86_Express 617_R4S_505_2_26
2025_10_07_RSFB-Phenotyping_WG1_JLU,20251007_132938.jpg,86_Express 617_R4S_505_2_26,,,,,,,,,2025_10_07_RSFB-Phenotyping_WG1_JLU_scores.csv,3.0,,,False,,Unknown,../dataset/Pictures_CFSB_leaf_damage/2025_10_07_RSFB-Phenotyping_WG1_JLU/2025_10_07_RSFB-Phenotyping_WG1_JLU/20251007_132938.jpg,True,86_Express 617_R4S_505_2_26
2025_10_07_RSFB-Phenotyping_WG1_JLU,20251007_133000.jpg,85_RAFAL DH1_R4S_190_2_25,,,,,,,,,2025_10_07_RSFB-Phenotyping_WG1_JLU_scores.csv,9.0,,,False,,Unknown,../dataset/Pictures_CFSB_leaf_damage/2025_10_07_RSFB-Phenotyping_WG1_JLU/2025_10_07_RSFB-Phenotyping_WG1_JLU/20251007_133000.jpg,True,85_RAFAL DH1_R4S_190_2_25
2025_10_07_RSFB-Phenotyping_WG1_JLU,20251007_133007.jpg,85_RAFAL DH1_R4S_190_2_25,,,,,,,,,2025_10_07_RSFB-Phenotyping_WG1_JLU_scores.csv,7.0,,,False,,Unknown,../dataset/Pictures_CFSB_leaf_damage/2025_10_07_RSFB-Phenotyping_WG1_JLU/2025_10_07_RSFB-Phenotyping_WG1_JLU/20251007_133007.jpg,True,85_RAFAL DH1_R4S_190_2_25
2025_10_07_RSFB-Phenotyping_WG1_JLU,20251007_133014.jpg,85_RAFAL DH1_R4S_190_2_25,,,,,,,,,2025_10_07_RSFB-Phenotyping_WG1_JLU_scores.csv,9.0,,,False,,Unknown,../dataset/Pictures_CFSB_leaf_damage/2025_10_07_RSFB-Phenotyping_WG1_JLU/2025_10_07_RSFB-Phenotyping_WG1_JLU/20251007_133014.jpg,True,85_RAFAL DH1_R4S_190_2_25
2025_10_07_RSFB-Phenotyping_WG1_JLU,20251007_133035.jpg,84_Sansibar_R4S_243_2_24,,,,,,,,,2025_10_07_RSFB-Phenotyping_WG1_JLU_scores.csv,4.0,,,False,,Unknown,../dataset/Pictures_CFSB_leaf_damage/2025_10_07_RSFB-Phenotyping_WG1_JLU/2025_10_07_RSFB-Phenotyping_WG1_JLU/20251007_133035.jpg,True,84_Sansibar_R4S_243_2_24
2025_10_07_RSFB-Phenotyping_WG1_JLU,20251007_133042.jpg,84_Sansibar_R4S_243_2_24,,,,,,,,,2025_10_07_RSFB-Phenotyping_WG1_JLU_scores.csv,2.0,,,False,,Unknown,../dataset/Pictures_CFSB_leaf_damage/2025_10_07_RSFB-Phenotyping_WG1_JLU/2025_10_07_RSFB-Phenotyping_WG1_JLU/20251007_133042.jpg,True,84_Sansibar_R4S_243_2_24
2025_10_07_RSFB-Phenotyping_WG1_JLU,20251007_133049.jpg,84_Sansibar_R4S_243_2_24,,,,,,,,,2025_10_07_RSFB-Phenotyping_WG1_JLU_scores.csv,9.0,,,False,,Unknown,../dataset/Pictures_CFSB_leaf_damage/2025_10_07_RSFB-Phenotyping_WG1_JLU/2025_10_07_RSFB-Phenotyping_WG1_JLU/20251007_133049.jpg,True,84_Sansibar_R4S_243_2_24
2025_10_07_RSFB-Phenotyping_WG1_JLU,20251007_133113.jpg,83_Start_R4S_289_2_23,,,,,,,,,2025_10_07_RSFB-Phenotyping_WG1_JLU_scores.csv,5.0,,,False,,Unknown,../dataset/Pictures_CFSB_leaf_damage/2025_10_07_RSFB-Phenotyping_WG1_JLU/2025_10_07_RSFB-Phenotyping_WG1_JLU/20251007_133113.jpg,True,83_Start_R4S_289_2_23
2025_10_07_RSFB-Phenotyping_WG1_JLU,20251007_133120.jpg,83_Start_R4S_289_2_23,,,,,,,,,2025_10_07_RSFB-Phenotyping_WG1_JLU_scores.csv,8.0,,,False,,Unknown,../dataset/Pictures_CFSB_leaf_damage/2025_10_07_RSFB-Phenotyping_WG1_JLU/2025_10_07_RSFB-Phenotyping_WG1_JLU/20251007_133120.jpg,True,83_Start_R4S_289_2_23
2025_10_07_RSFB-Phenotyping_WG1_JLU,20251007_133127.jpg,83_Start_R4S_289_2_23,,,,,,,,,2025_10_07_RSFB-Phenotyping_WG1_JLU_scores.csv,8.0,,,False,,Unknown,../dataset/Pictures_CFSB_leaf_damage/2025_10_07_RSFB-Phenotyping_WG1_JLU/2025_10_07_RSFB-Phenotyping_WG1_JLU/20251007_133127.jpg,True,83_Start_R4S_289_2_23
2025_10_07_RSFB-Phenotyping_WG1_JLU,20251007_133147.jpg,82_Bangholm PT_R4S_345_2_22,,,,,,,,,2025_10_07_RSFB-Phenotyping_WG1_JLU_scores.csv,7.0,,,False,,Unknown,../dataset/Pictures_CFSB_leaf_damage/2025_10_07_RSFB-Phenotyping_WG1_JLU/2025_10_07_RSFB-Phenotyping_WG1_JLU/20251007_133147.jpg,True,82_Bangholm PT_R4S_345_2_22
2025_10_07_RSFB-Phenotyping_WG1_JLU,20251007_133155.jpg,82_Bangholm PT_R4S_345_2_22,,,,,,,,,2025_10_07_RSFB-Phenotyping_WG1_JLU_scores.csv,7.0,,,False,,Unknown,../dataset/Pictures_CFSB_leaf_damage/2025_10_07_RSFB-Phenotyping_WG1_JLU/2025_10_07_RSFB-Phenotyping_WG1_JLU/20251007_133155.jpg,True,82_Bangholm PT_R4S_345_2_22
2025_10_07_RSFB-Phenotyping_WG1_JLU,20251007_133203.jpg,82_Bangholm PT_R4S_345_2_22,,,,,,,,,2025_10_07_RSFB-Phenotyping_WG1_JLU_scores.csv,8.0,,,False,,Unknown,../dataset/Pictures_CFSB_leaf_damage/2025_10_07_RSFB-Phenotyping_WG1_JLU/2025_10_07_RSFB-Phenotyping_WG1_JLU/20251007_133203.jpg,True,82_Bangholm PT_R4S_345_2_22
2025_10_07_RSFB-Phenotyping_WG1_JLU,20251007_133225.jpg,81_25629-3_R4S_373_2_21,,,,,,,,,2025_10_07_RSFB-Phenotyping_WG1_JLU_scores.csv,6.0,,,False,,Unknown,../dataset/Pictures_CFSB_leaf_damage/2025_10_07_RSFB-Phenotyping_WG1_JLU/2025_10_07_RSFB-Phenotyping_WG1_JLU/20251007_133225.jpg,True,81_25629-3_R4S_373_2_21
2025_10_07_RSFB-Phenotyping_WG1_JLU,20251007_133232.jpg,81_25629-3_R4S_373_2_21,,,,,,,,,2025_10_07_RSFB-Phenotyping_WG1_JLU_scores.csv,3.0,,,False,,Unknown,../dataset/Pictures_CFSB_leaf_damage/2025_10_07_RSFB-Phenotyping_WG1_JLU/2025_10_07_RSFB-Phenotyping_WG1_JLU/20251007_133232.jpg,True,81_25629-3_R4S_373_2_21
2025_10_07_RSFB-Phenotyping_WG1_JLU,20251007_133238.jpg,81_25629-3_R4S_373_2_21,,,,,,,,,2025_10_07_RSFB-Phenotyping_WG1_JLU_scores.csv,13.0,,,False,,Unknown,../dataset/Pictures_CFSB_leaf_damage/2025_10_07_RSFB-Phenotyping_WG1_JLU/2025_10_07_RSFB-Phenotyping_WG1_JLU/20251007_133238.jpg,True,81_25629-3_R4S_373_2_21
2025_10_07_RSFB-Phenotyping_WG1_JLU,20251007_133258.jpg,80_Laser_R4S_246_2_20,,,,,,,,,2025_10_07_RSFB-Phenotyping_WG1_JLU_scores.csv,35.0,,,False,,Unknown,../dataset/Pictures_CFSB_leaf_damage/2025_10_07_RSFB-Phenotyping_WG1_JLU/2025_10_07_RSFB-Phenotyping_WG1_JLU/20251007_133258.jpg,True,80_Laser_R4S_246_2_20
2025_10_07_RSFB-Phenotyping_WG1_JLU,20251007_133307.jpg,80_Laser_R4S_246_2_20,,,,,,,,,2025_10_07_RSFB-Phenotyping_WG1_JLU_scores.csv,4.0,,,False,,Unknown,../dataset/Pictures_CFSB_leaf_damage/2025_10_07_RSFB-Phenotyping_WG1_JLU/2025_10_07_RSFB-Phenotyping_WG1_JLU/20251007_133307.jpg,True,80_Laser_R4S_246_2_20
2025_10_07_RSFB-Phenotyping_WG1_JLU,20251007_133314.jpg,80_Laser_R4S_246_2_20,,,,,,,,,2025_10_07_RSFB-Phenotyping_WG1_JLU_scores.csv,3.0,,,False,,Unknown,../dataset/Pictures_CFSB_leaf_damage/2025_10_07_RSFB-Phenotyping_WG1_JLU/2025_10_07_RSFB-Phenotyping_WG1_JLU/20251007_133314.jpg,True,80_Laser_R4S_246_2_20
2025_10_07_RSFB-Phenotyping_WG1_JLU,20251007_133337.jpg,79_Jantar_R4S_391_2_19,,,,,,,,,2025_10_07_RSFB-Phenotyping_WG1_JLU_scores.csv,5.0,,,False,,Unknown,../dataset/Pictures_CFSB_leaf_damage/2025_10_07_RSFB-Phenotyping_WG1_JLU/2025_10_07_RSFB-Phenotyping_WG1_JLU/20251007_133337.jpg,True,79_Jantar_R4S_391_2_19
2025_10_07_RSFB-Phenotyping_WG1_JLU,20251007_133345.jpg,79_Jantar_R4S_391_2_19,,,,,,,,,2025_10_07_RSFB-Phenotyping_WG1_JLU_scores.csv,4.0,,,False,,Unknown,../dataset/Pictures_CFSB_leaf_damage/2025_10_07_RSFB-Phenotyping_WG1_JLU/2025_10_07_RSFB-Phenotyping_WG1_JLU/20251007_133345.jpg,True,79_Jantar_R4S_391_2_19
2025_10_07_RSFB-Phenotyping_WG1_JLU,20251007_133352.jpg,79_Jantar_R4S_391_2_19,,,,,,,,,2025_10_07_RSFB-Phenotyping_WG1_JLU_scores.csv,5.0,,,False,,Unknown,../dataset/Pictures_CFSB_leaf_damage/2025_10_07_RSFB-Phenotyping_WG1_JLU/2025_10_07_RSFB-Phenotyping_WG1_JLU/20251007_133352.jpg,True,79_Jantar_R4S_391_2_19
2025_10_07_RSFB-Phenotyping_WG1_JLU,20251007_133430.jpg,78_Taisetsu_R4S_522_2_18,,,,,,,,,2025_10_07_RSFB-Phenotyping_WG1_JLU_scores.csv,5.0,,,False,,Unknown,../dataset/Pictures_CFSB_leaf_damage/2025_10_07_RSFB-Phenotyping_WG1_JLU/2025_10_07_RSFB-Phenotyping_WG1_JLU/20251007_133430.jpg,True,78_Taisetsu_R4S_522_2_18
2025_10_07_RSFB-Phenotyping_WG1_JLU,20251007_133437.jpg,78_Taisetsu_R4S_522_2_18,,,,,,,,,2025_10_07_RSFB-Phenotyping_WG1_JLU_scores.csv,12.0,,,False,,Unknown,../dataset/Pictures_CFSB_leaf_damage/2025_10_07_RSFB-Phenotyping_WG1_JLU/2025_10_07_RSFB-Phenotyping_WG1_JLU/20251007_133437.jpg,True,78_Taisetsu_R4S_522_2_18
2025_10_07_RSFB-Phenotyping_WG1_JLU,20251007_133444.jpg,78_Taisetsu_R4S_522_2_18,,,,,,,,,2025_10_07_RSFB-Phenotyping_WG1_JLU_scores.csv,15.0,,,False,,Unknown,../dataset/Pictures_CFSB_leaf_damage/2025_10_07_RSFB-Phenotyping_WG1_JLU/2025_10_07_RSFB-Phenotyping_WG1_JLU/20251007_133444.jpg,True,78_Taisetsu_R4S_522_2_18
2025_10_07_RSFB-Phenotyping_WG1_JLU,20251007_133505.jpg,77_S5_R4S_451_2_17,,,,,,,,,2025_10_07_RSFB-Phenotyping_WG1_JLU_scores.csv,4.0,,,False,,Unknown,../dataset/Pictures_CFSB_leaf_damage/2025_10_07_RSFB-Phenotyping_WG1_JLU/2025_10_07_RSFB-Phenotyping_WG1_JLU/20251007_133505.jpg,True,77_S5_R4S_451_2_17
2025_10_07_RSFB-Phenotyping_WG1_JLU,20251007_133513.jpg,77_S5_R4S_451_2_17,,,,,,,,,2025_10_07_RSFB-Phenotyping_WG1_JLU_scores.csv,9.0,,,False,,Unknown,../dataset/Pictures_CFSB_leaf_damage/2025_10_07_RSFB-Phenotyping_WG1_JLU/2025_10_07_RSFB-Phenotyping_WG1_JLU/20251007_133513.jpg,True,77_S5_R4S_451_2_17
2025_10_07_RSFB-Phenotyping_WG1_JLU,20251007_133520.jpg,77_S5_R4S_451_2_17,,,,,,,,,2025_10_07_RSFB-Phenotyping_WG1_JLU_scores.csv,10.0,,,False,,Unknown,../dataset/Pictures_CFSB_leaf_damage/2025_10_07_RSFB-Phenotyping_WG1_JLU/2025_10_07_RSFB-Phenotyping_WG1_JLU/20251007_133520.jpg,True,77_S5_R4S_451_2_17
2025_10_07_RSFB-Phenotyping_WG1_JLU,20251007_133541.jpg,76_H355_R4S_417_2_16,,,,,,,,,2025_10_07_RSFB-Phenotyping_WG1_JLU_scores.csv,14.0,,,False,,Unknown,../dataset/Pictures_CFSB_leaf_damage/2025_10_07_RSFB-Phenotyping_WG1_JLU/2025_10_07_RSFB-Phenotyping_WG1_JLU/20251007_133541.jpg,True,76_H355_R4S_417_2_16
2025_10_07_RSFB-Phenotyping_WG1_JLU,20251007_133549.jpg,76_H355_R4S_417_2_16,,,,,,,,,2025_10_07_RSFB-Phenotyping_WG1_JLU_scores.csv,8.0,,,False,,Unknown,../dataset/Pictures_CFSB_leaf_damage/2025_10_07_RSFB-Phenotyping_WG1_JLU/2025_10_07_RSFB-Phenotyping_WG1_JLU/20251007_133549.jpg,True,76_H355_R4S_417_2_16
2025_10_07_RSFB-Phenotyping_WG1_JLU,20251007_133558.jpg,76_H355_R4S_417_2_16,,,,,,,,,2025_10_07_RSFB-Phenotyping_WG1_JLU_scores.csv,3.0,,,False,,Unknown,../dataset/Pictures_CFSB_leaf_damage/2025_10_07_RSFB-Phenotyping_WG1_JLU/2025_10_07_RSFB-Phenotyping_WG1_JLU/20251007_133558.jpg,True,76_H355_R4S_417_2_16
2025_10_07_RSFB-Phenotyping_WG1_JLU,20251007_133619.jpg,75_Liglory_R4S_279_2_15,,,,,,,,,2025_10_07_RSFB-Phenotyping_WG1_JLU_scores.csv,4.0,,,False,,Unknown,../dataset/Pictures_CFSB_leaf_damage/2025_10_07_RSFB-Phenotyping_WG1_JLU/2025_10_07_RSFB-Phenotyping_WG1_JLU/20251007_133619.jpg,True,75_Liglory_R4S_279_2_15
2025_10_07_RSFB-Phenotyping_WG1_JLU,20251007_133627.jpg,75_Liglory_R4S_279_2_15,,,,,,,,,2025_10_07_RSFB-Phenotyping_WG1_JLU_scores.csv,17.0,,,False,,Unknown,../dataset/Pictures_CFSB_leaf_damage/2025_10_07_RSFB-Phenotyping_WG1_JLU/2025_10_07_RSFB-Phenotyping_WG1_JLU/20251007_133627.jpg,True,75_Liglory_R4S_279_2_15
2025_10_07_RSFB-Phenotyping_WG1_JLU,20251007_133635.jpg,75_Liglory_R4S_279_2_15,,,,,,,,,2025_10_07_RSFB-Phenotyping_WG1_JLU_scores.csv,19.0,,,False,,Unknown,../dataset/Pictures_CFSB_leaf_damage/2025_10_07_RSFB-Phenotyping_WG1_JLU/2025_10_07_RSFB-Phenotyping_WG1_JLU/20251007_133635.jpg,True,75_Liglory_R4S_279_2_15
2025_10_07_RSFB-Phenotyping_WG1_JLU,20251007_133700.jpg,74_Drummonds Purple Top_R4S_343_2_14,,,,,,,,,2025_10_07_RSFB-Phenotyping_WG1_JLU_scores.csv,9.0,,,False,,Unknown,../dataset/Pictures_CFSB_leaf_damage/2025_10_07_RSFB-Phenotyping_WG1_JLU/2025_10_07_RSFB-Phenotyping_WG1_JLU/20251007_133700.jpg,True,74_Drummonds Purple Top_R4S_343_2_14
2025_10_07_RSFB-Phenotyping_WG1_JLU,20251007_133707.jpg,74_Drummonds Purple Top_R4S_343_2_14,,,,,,,,,2025_10_07_RSFB-Phenotyping_WG1_JLU_scores.csv,8.0,,,False,,Unknown,../dataset/Pictures_CFSB_leaf_damage/2025_10_07_RSFB-Phenotyping_WG1_JLU/2025_10_07_RSFB-Phenotyping_WG1_JLU/20251007_133707.jpg,True,74_Drummonds Purple Top_R4S_343_2_14
2025_10_07_RSFB-Phenotyping_WG1_JLU,20251007_133716.jpg,74_Drummonds Purple Top_R4S_343_2_14,,,,,,,,,2025_10_07_RSFB-Phenotyping_WG1_JLU_scores.csv,4.0,,,False,,Unknown,../dataset/Pictures_CFSB_leaf_damage/2025_10_07_RSFB-Phenotyping_WG1_JLU/2025_10_07_RSFB-Phenotyping_WG1_JLU/20251007_133716.jpg,True,74_Drummonds Purple Top_R4S_343_2_14
2025_10_07_RSFB-Phenotyping_WG1_JLU,20251007_133736.jpg,73_NK Fair_R4S_166_2_13,,,,,,,,,2025_10_07_RSFB-Phenotyping_WG1_JLU_scores.csv,10.0,,,False,,Unknown,../dataset/Pictures_CFSB_leaf_damage/2025_10_07_RSFB-Phenotyping_WG1_JLU/2025_10_07_RSFB-Phenotyping_WG1_JLU/20251007_133736.jpg,True,73_NK Fair_R4S_166_2_13
2025_10_07_RSFB-Phenotyping_WG1_JLU,20251007_133742.jpg,73_NK Fair_R4S_166_2_13,,,,,,,,,2025_10_07_RSFB-Phenotyping_WG1_JLU_scores.csv,12.0,,,False,,Unknown,../dataset/Pictures_CFSB_leaf_damage/2025_10_07_RSFB-Phenotyping_WG1_JLU/2025_10_07_RSFB-Phenotyping_WG1_JLU/20251007_133742.jpg,True,73_NK Fair_R4S_166_2_13
2025_10_07_RSFB-Phenotyping_WG1_JLU,20251007_133748.jpg,73_NK Fair_R4S_166_2_13,,,,,,,,,2025_10_07_RSFB-Phenotyping_WG1_JLU_scores.csv,5.0,,,False,,Unknown,../dataset/Pictures_CFSB_leaf_damage/2025_10_07_RSFB-Phenotyping_WG1_JLU/2025_10_07_RSFB-Phenotyping_WG1_JLU/20251007_133748.jpg,True,73_NK Fair_R4S_166_2_13
2025_10_07_RSFB-Phenotyping_WG1_JLU,20251007_133818.jpg,72_Samourai_R4S_197_2_12,,,,,,,,,2025_10_07_RSFB-Phenotyping_WG1_JLU_scores.csv,,,,False,,Unknown,../dataset/Pictures_CFSB_leaf_damage/2025_10_07_RSFB-Phenotyping_WG1_JLU/2025_10_07_RSFB-Phenotyping_WG1_JLU/20251007_133818.jpg,True,72_Samourai_R4S_197_2_12
2025_10_07_RSFB-Phenotyping_WG1_JLU,20251007_133826.jpg,72_Samourai_R4S_197_2_12,,,,,,,,,2025_10_07_RSFB-Phenotyping_WG1_JLU_scores.csv,50.0,,,False,,Unknown,../dataset/Pictures_CFSB_leaf_damage/2025_10_07_RSFB-Phenotyping_WG1_JLU/2025_10_07_RSFB-Phenotyping_WG1_JLU/20251007_133826.jpg,True,72_Samourai_R4S_197_2_12
2025_10_07_RSFB-Phenotyping_WG1_JLU,20251007_133833.jpg,72_Samourai_R4S_197_2_12,,,,,,,,,2025_10_07_RSFB-Phenotyping_WG1_JLU_scores.csv,1.0,,,False,,Unknown,../dataset/Pictures_CFSB_leaf_damage/2025_10_07_RSFB-Phenotyping_WG1_JLU/2025_10_07_RSFB-Phenotyping_WG1_JLU/20251007_133833.jpg,True,72_Samourai_R4S_197_2_12
2025_10_07_RSFB-Phenotyping_WG1_JLU,20251007_133857.jpg,71_Tenor_R4S_169_2_11,,,,,,,,,2025_10_07_RSFB-Phenotyping_WG1_JLU_scores.csv,8.0,,,False,,Unknown,../dataset/Pictures_CFSB_leaf_damage/2025_10_07_RSFB-Phenotyping_WG1_JLU/2025_10_07_RSFB-Phenotyping_WG1_JLU/20251007_133857.jpg,True,71_Tenor_R4S_169_2_11
2025_10_07_RSFB-Phenotyping_WG1_JLU,20251007_133904.jpg,71_Tenor_R4S_169_2_11,,,,,,,,,2025_10_07_RSFB-Phenotyping_WG1_JLU_scores.csv,4.0,,,False,,Unknown,../dataset/Pictures_CFSB_leaf_damage/2025_10_07_RSFB-Phenotyping_WG1_JLU/2025_10_07_RSFB-Phenotyping_WG1_JLU/20251007_133904.jpg,True,71_Tenor_R4S_169_2_11
2025_10_07_RSFB-Phenotyping_WG1_JLU,20251007_133911.jpg,71_Tenor_R4S_169_2_11,,,,,,,,,2025_10_07_RSFB-Phenotyping_WG1_JLU_scores.csv,18.0,,,False,,Unknown,../dataset/Pictures_CFSB_leaf_damage/2025_10_07_RSFB-Phenotyping_WG1_JLU/2025_10_07_RSFB-Phenotyping_WG1_JLU/20251007_133911.jpg,True,71_Tenor_R4S_169_2_11
2025_10_07_RSFB-Phenotyping_WG1_JLU,20251007_133938.jpg,70_Smaragd_R4S_539_2_10,,,,,,,,,2025_10_07_RSFB-Phenotyping_WG1_JLU_scores.csv,4.0,,,False,,Unknown,../dataset/Pictures_CFSB_leaf_damage/2025_10_07_RSFB-Phenotyping_WG1_JLU/2025_10_07_RSFB-Phenotyping_WG1_JLU/20251007_133938.jpg,True,70_Smaragd_R4S_539_2_10
2025_10_07_RSFB-Phenotyping_WG1_JLU,20251007_133946.jpg,70_Smaragd_R4S_539_2_10,,,,,,,,,2025_10_07_RSFB-Phenotyping_WG1_JLU_scores.csv,3.0,,,False,,Unknown,../dataset/Pictures_CFSB_leaf_damage/2025_10_07_RSFB-Phenotyping_WG1_JLU/2025_10_07_RSFB-Phenotyping_WG1_JLU/20251007_133946.jpg,True,70_Smaragd_R4S_539_2_10
2025_10_07_RSFB-Phenotyping_WG1_JLU,20251007_133957.jpg,70_Smaragd_R4S_539_2_10,,,,,,,,,2025_10_07_RSFB-Phenotyping_WG1_JLU_scores.csv,11.0,,,False,,Unknown,../dataset/Pictures_CFSB_leaf_damage/2025_10_07_RSFB-Phenotyping_WG1_JLU/2025_10_07_RSFB-Phenotyping_WG1_JLU/20251007_133957.jpg,True,70_Smaragd_R4S_539_2_10
2025_10_07_RSFB-Phenotyping_WG1_JLU,20251007_134016.jpg,69_Rotabaggeue_R4S_329_2_9,,,,,,,,,2025_10_07_RSFB-Phenotyping_WG1_JLU_scores.csv,5.0,,,False,,Unknown,../dataset/Pictures_CFSB_leaf_damage/2025_10_07_RSFB-Phenotyping_WG1_JLU/2025_10_07_RSFB-Phenotyping_WG1_JLU/20251007_134016.jpg,True,69_Rotabaggeue_R4S_329_2_9
2025_10_07_RSFB-Phenotyping_WG1_JLU,20251007_134023.jpg,69_Rotabaggeue_R4S_329_2_9,,,,,,,,,2025_10_07_RSFB-Phenotyping_WG1_JLU_scores.csv,3.0,,,False,,Unknown,../dataset/Pictures_CFSB_leaf_damage/2025_10_07_RSFB-Phenotyping_WG1_JLU/2025_10_07_RSFB-Phenotyping_WG1_JLU/20251007_134023.jpg,True,69_Rotabaggeue_R4S_329_2_9
2025_10_07_RSFB-Phenotyping_WG1_JLU,20251007_134030.jpg,69_Rotabaggeue_R4S_329_2_9,,,,,,,,,2025_10_07_RSFB-Phenotyping_WG1_JLU_scores.csv,4.0,,,False,,Unknown,../dataset/Pictures_CFSB_leaf_damage/2025_10_07_RSFB-Phenotyping_WG1_JLU/2025_10_07_RSFB-Phenotyping_WG1_JLU/20251007_134030.jpg,True,69_Rotabaggeue_R4S_329_2_9
2025_10_07_RSFB-Phenotyping_WG1_JLU,20251007_134049.jpg,68_Leopard_R4S_204_2_8,,,,,,,,,2025_10_07_RSFB-Phenotyping_WG1_JLU_scores.csv,2.0,,,False,,Unknown,../dataset/Pictures_CFSB_leaf_damage/2025_10_07_RSFB-Phenotyping_WG1_JLU/2025_10_07_RSFB-Phenotyping_WG1_JLU/20251007_134049.jpg,True,68_Leopard_R4S_204_2_8
2025_10_07_RSFB-Phenotyping_WG1_JLU,20251007_134055.jpg,68_Leopard_R4S_204_2_8,,,,,,,,,2025_10_07_RSFB-Phenotyping_WG1_JLU_scores.csv,3.0,,,False,,Unknown,../dataset/Pictures_CFSB_leaf_damage/2025_10_07_RSFB-Phenotyping_WG1_JLU/2025_10_07_RSFB-Phenotyping_WG1_JLU/20251007_134055.jpg,True,68_Leopard_R4S_204_2_8
2025_10_07_RSFB-Phenotyping_WG1_JLU,20251007_134104.jpg,68_Leopard_R4S_204_2_8,,,,,,,,,2025_10_07_RSFB-Phenotyping_WG1_JLU_scores.csv,8.0,,,False,,Unknown,../dataset/Pictures_CFSB_leaf_damage/2025_10_07_RSFB-Phenotyping_WG1_JLU/2025_10_07_RSFB-Phenotyping_WG1_JLU/20251007_134104.jpg,True,68_Leopard_R4S_204_2_8
2025_10_07_RSFB-Phenotyping_WG1_JLU,20251007_134123.jpg,67_Flip_R4S_203_2_7,,,,,,,,,2025_10_07_RSFB-Phenotyping_WG1_JLU_scores.csv,30.0,,,False,,Unknown,../dataset/Pictures_CFSB_leaf_damage/2025_10_07_RSFB-Phenotyping_WG1_JLU/2025_10_07_RSFB-Phenotyping_WG1_JLU/20251007_134123.jpg,True,67_Flip_R4S_203_2_7
2025_10_07_RSFB-Phenotyping_WG1_JLU,20251007_134130.jpg,67_Flip_R4S_203_2_7,,,,,,,,,2025_10_07_RSFB-Phenotyping_WG1_JLU_scores.csv,20.0,,,False,,Unknown,../dataset/Pictures_CFSB_leaf_damage/2025_10_07_RSFB-Phenotyping_WG1_JLU/2025_10_07_RSFB-Phenotyping_WG1_JLU/20251007_134130.jpg,True,67_Flip_R4S_203_2_7
2025_10_07_RSFB-Phenotyping_WG1_JLU,20251007_134136.jpg,67_Flip_R4S_203_2_7,,,,,,,,,2025_10_07_RSFB-Phenotyping_WG1_JLU_scores.csv,15.0,,,False,,Unknown,../dataset/Pictures_CFSB_leaf_damage/2025_10_07_RSFB-Phenotyping_WG1_JLU/2025_10_07_RSFB-Phenotyping_WG1_JLU/20251007_134136.jpg,True,67_Flip_R4S_203_2_7
2025_10_07_RSFB-Phenotyping_WG1_JLU,20251007_134155.jpg,66_V8_R4S_292_2_6,,,,,,,,,2025_10_07_RSFB-Phenotyping_WG1_JLU_scores.csv,3.0,,,False,,Unknown,../dataset/Pictures_CFSB_leaf_damage/2025_10_07_RSFB-Phenotyping_WG1_JLU/2025_10_07_RSFB-Phenotyping_WG1_JLU/20251007_134155.jpg,True,66_V8_R4S_292_2_6
2025_10_07_RSFB-Phenotyping_WG1_JLU,20251007_134202.jpg,66_V8_R4S_292_2_6,,,,,,,,,2025_10_07_RSFB-Phenotyping_WG1_JLU_scores.csv,2.0,,,False,,Unknown,../dataset/Pictures_CFSB_leaf_damage/2025_10_07_RSFB-Phenotyping_WG1_JLU/2025_10_07_RSFB-Phenotyping_WG1_JLU/20251007_134202.jpg,True,66_V8_R4S_292_2_6
2025_10_07_RSFB-Phenotyping_WG1_JLU,20251007_134209.jpg,66_V8_R4S_292_2_6,,,,,,,,,2025_10_07_RSFB-Phenotyping_WG1_JLU_scores.csv,33.0,,,False,,Unknown,../dataset/Pictures_CFSB_leaf_damage/2025_10_07_RSFB-Phenotyping_WG1_JLU/2025_10_07_RSFB-Phenotyping_WG1_JLU/20251007_134209.jpg,True,66_V8_R4S_292_2_6
2025_10_07_RSFB-Phenotyping_WG1_JLU,20251007_134231.jpg,65_Ontario_R4S_151_2_5,,,,,,,,,2025_10_07_RSFB-Phenotyping_WG1_JLU_scores.csv,4.0,,,False,,Unknown,../dataset/Pictures_CFSB_leaf_damage/2025_10_07_RSFB-Phenotyping_WG1_JLU/2025_10_07_RSFB-Phenotyping_WG1_JLU/20251007_134231.jpg,True,65_Ontario_R4S_151_2_5
2025_10_07_RSFB-Phenotyping_WG1_JLU,20251007_134236.jpg,65_Ontario_R4S_151_2_5,,,,,,,,,2025_10_07_RSFB-Phenotyping_WG1_JLU_scores.csv,2.0,,,False,,Unknown,../dataset/Pictures_CFSB_leaf_damage/2025_10_07_RSFB-Phenotyping_WG1_JLU/2025_10_07_RSFB-Phenotyping_WG1_JLU/20251007_134236.jpg,True,65_Ontario_R4S_151_2_5
2025_10_07_RSFB-Phenotyping_WG1_JLU,20251007_134244.jpg,65_Ontario_R4S_151_2_5,,,,,,,,,2025_10_07_RSFB-Phenotyping_WG1_JLU_scores.csv,5.0,,,False,,Unknown,../dataset/Pictures_CFSB_leaf_damage/2025_10_07_RSFB-Phenotyping_WG1_JLU/2025_10_07_RSFB-Phenotyping_WG1_JLU/20251007_134244.jpg,True,65_Ontario_R4S_151_2_5
2025_10_07_RSFB-Phenotyping_WG1_JLU,20251007_134311.jpg,64_DSV1_R4S_494_2_4,,,,,,,,,2025_10_07_RSFB-Phenotyping_WG1_JLU_scores.csv,22.0,,,False,,Unknown,../dataset/Pictures_CFSB_leaf_damage/2025_10_07_RSFB-Phenotyping_WG1_JLU/2025_10_07_RSFB-Phenotyping_WG1_JLU/20251007_134311.jpg,True,64_DSV1_R4S_494_2_4
2025_10_07_RSFB-Phenotyping_WG1_JLU,20251007_134319.jpg,64_DSV1_R4S_494_2_4,,,,,,,,,2025_10_07_RSFB-Phenotyping_WG1_JLU_scores.csv,7.0,,,False,,Unknown,../dataset/Pictures_CFSB_leaf_damage/2025_10_07_RSFB-Phenotyping_WG1_JLU/2025_10_07_RSFB-Phenotyping_WG1_JLU/20251007_134319.jpg,True,64_DSV1_R4S_494_2_4
2025_10_07_RSFB-Phenotyping_WG1_JLU,20251007_134325.jpg,64_DSV1_R4S_494_2_4,,,,,,,,,2025_10_07_RSFB-Phenotyping_WG1_JLU_scores.csv,12.0,,,False,,Unknown,../dataset/Pictures_CFSB_leaf_damage/2025_10_07_RSFB-Phenotyping_WG1_JLU/2025_10_07_RSFB-Phenotyping_WG1_JLU/20251007_134325.jpg,True,64_DSV1_R4S_494_2_4
2025_10_07_RSFB-Phenotyping_WG1_JLU,20251007_134345.jpg,63_Vivol_R4S_156_2_3,,,,,,,,,2025_10_07_RSFB-Phenotyping_WG1_JLU_scores.csv,4.0,,,False,,Unknown,../dataset/Pictures_CFSB_leaf_damage/2025_10_07_RSFB-Phenotyping_WG1_JLU/2025_10_07_RSFB-Phenotyping_WG1_JLU/20251007_134345.jpg,True,63_Vivol_R4S_156_2_3
2025_10_07_RSFB-Phenotyping_WG1_JLU,20251007_134354.jpg,63_Vivol_R4S_156_2_3,,,,,,,,,2025_10_07_RSFB-Phenotyping_WG1_JLU_scores.csv,26.0,,,False,,Unknown,../dataset/Pictures_CFSB_leaf_damage/2025_10_07_RSFB-Phenotyping_WG1_JLU/2025_10_07_RSFB-Phenotyping_WG1_JLU/20251007_134354.jpg,True,63_Vivol_R4S_156_2_3
2025_10_07_RSFB-Phenotyping_WG1_JLU,20251007_134402.jpg,63_Vivol_R4S_156_2_3,,,,,,,,,2025_10_07_RSFB-Phenotyping_WG1_JLU_scores.csv,3.0,,,False,,Unknown,../dataset/Pictures_CFSB_leaf_damage/2025_10_07_RSFB-Phenotyping_WG1_JLU/2025_10_07_RSFB-Phenotyping_WG1_JLU/20251007_134402.jpg,True,63_Vivol_R4S_156_2_3
2025_10_07_RSFB-Phenotyping_WG1_JLU,20251007_134425.jpg,62_Magres Pajberg_R4S_331_2_2,,,,,,,,,2025_10_07_RSFB-Phenotyping_WG1_JLU_scores.csv,10.0,,,False,,Unknown,../dataset/Pictures_CFSB_leaf_damage/2025_10_07_RSFB-Phenotyping_WG1_JLU/2025_10_07_RSFB-Phenotyping_WG1_JLU/20251007_134425.jpg,True,62_Magres Pajberg_R4S_331_2_2
2025_10_07_RSFB-Phenotyping_WG1_JLU,20251007_134433.jpg,62_Magres Pajberg_R4S_331_2_2,,,,,,,,,2025_10_07_RSFB-Phenotyping_WG1_JLU_scores.csv,7.0,,,False,,Unknown,../dataset/Pictures_CFSB_leaf_damage/2025_10_07_RSFB-Phenotyping_WG1_JLU/2025_10_07_RSFB-Phenotyping_WG1_JLU/20251007_134433.jpg,True,62_Magres Pajberg_R4S_331_2_2
2025_10_07_RSFB-Phenotyping_WG1_JLU,20251007_134442.jpg,62_Magres Pajberg_R4S_331_2_2,,,,,,,,,2025_10_07_RSFB-Phenotyping_WG1_JLU_scores.csv,21.0,,,False,,Unknown,../dataset/Pictures_CFSB_leaf_damage/2025_10_07_RSFB-Phenotyping_WG1_JLU/2025_10_07_RSFB-Phenotyping_WG1_JLU/20251007_134442.jpg,True,62_Magres Pajberg_R4S_331_2_2
2025_10_07_RSFB-Phenotyping_WG1_JLU,20251007_134503.jpg,61_J 104_R4S_443_2_1,,,,,,,,,2025_10_07_RSFB-Phenotyping_WG1_JLU_scores.csv,6.0,,,False,,Unknown,../dataset/Pictures_CFSB_leaf_damage/2025_10_07_RSFB-Phenotyping_WG1_JLU/2025_10_07_RSFB-Phenotyping_WG1_JLU/20251007_134503.jpg,True,61_J 104_R4S_443_2_1
2025_10_07_RSFB-Phenotyping_WG1_JLU,20251007_134510.jpg,61_J 104_R4S_443_2_1,,,,,,,,,2025_10_07_RSFB-Phenotyping_WG1_JLU_scores.csv,20.0,,,False,,Unknown,../dataset/Pictures_CFSB_leaf_damage/2025_10_07_RSFB-Phenotyping_WG1_JLU/2025_10_07_RSFB-Phenotyping_WG1_JLU/20251007_134510.jpg,True,61_J 104_R4S_443_2_1
2025_10_07_RSFB-Phenotyping_WG1_JLU,20251007_134517.jpg,61_J 104_R4S_443_2_1,,,,,,,,,2025_10_07_RSFB-Phenotyping_WG1_JLU_scores.csv,15.0,,,False,,Unknown,../dataset/Pictures_CFSB_leaf_damage/2025_10_07_RSFB-Phenotyping_WG1_JLU/2025_10_07_RSFB-Phenotyping_WG1_JLU/20251007_134517.jpg,True,61_J 104_R4S_443_2_1
2025_10_07_RSFB-Phenotyping_WG1_JLU,20251007_134607.jpg,121_Tankard Bronze Top_R4S_325_3_1,,,,,,,,,2025_10_07_RSFB-Phenotyping_WG1_JLU_scores.csv,7.0,,,False,,Unknown,../dataset/Pictures_CFSB_leaf_damage/2025_10_07_RSFB-Phenotyping_WG1_JLU/2025_10_07_RSFB-Phenotyping_WG1_JLU/20251007_134607.jpg,True,121_Tankard Bronze Top_R4S_325_3_1
2025_10_07_RSFB-Phenotyping_WG1_JLU,20251007_134615.jpg,121_Tankard Bronze Top_R4S_325_3_1,,,,,,,,,2025_10_07_RSFB-Phenotyping_WG1_JLU_scores.csv,6.0,,,False,,Unknown,../dataset/Pictures_CFSB_leaf_damage/2025_10_07_RSFB-Phenotyping_WG1_JLU/2025_10_07_RSFB-Phenotyping_WG1_JLU/20251007_134615.jpg,True,121_Tankard Bronze Top_R4S_325_3_1
2025_10_07_RSFB-Phenotyping_WG1_JLU,20251007_134622.jpg,121_Tankard Bronze Top_R4S_325_3_1,,,,,,,,,2025_10_07_RSFB-Phenotyping_WG1_JLU_scores.csv,4.0,,,False,,Unknown,../dataset/Pictures_CFSB_leaf_damage/2025_10_07_RSFB-Phenotyping_WG1_JLU/2025_10_07_RSFB-Phenotyping_WG1_JLU/20251007_134622.jpg,True,121_Tankard Bronze Top_R4S_325_3_1
2025_10_07_RSFB-Phenotyping_WG1_JLU,20251007_134640.jpg,122_Montego_R4S_150_3_2,,,,,,,,,2025_10_07_RSFB-Phenotyping_WG1_JLU_scores.csv,3.0,,,False,,Unknown,../dataset/Pictures_CFSB_leaf_damage/2025_10_07_RSFB-Phenotyping_WG1_JLU/2025_10_07_RSFB-Phenotyping_WG1_JLU/20251007_134640.jpg,True,122_Montego_R4S_150_3_2
2025_10_07_RSFB-Phenotyping_WG1_JLU,20251007_134648.jpg,122_Montego_R4S_150_3_2,,,,,,,,,2025_10_07_RSFB-Phenotyping_WG1_JLU_scores.csv,4.0,,,False,,Unknown,../dataset/Pictures_CFSB_leaf_damage/2025_10_07_RSFB-Phenotyping_WG1_JLU/2025_10_07_RSFB-Phenotyping_WG1_JLU/20251007_134648.jpg,True,122_Montego_R4S_150_3_2
2025_10_07_RSFB-Phenotyping_WG1_JLU,20251007_134654.jpg,122_Montego_R4S_150_3_2,,,,,,,,,2025_10_07_RSFB-Phenotyping_WG1_JLU_scores.csv,5.0,,,False,,Unknown,../dataset/Pictures_CFSB_leaf_damage/2025_10_07_RSFB-Phenotyping_WG1_JLU/2025_10_07_RSFB-Phenotyping_WG1_JLU/20251007_134654.jpg,True,122_Montego_R4S_150_3_2
2025_10_07_RSFB-Phenotyping_WG1_JLU,20251007_134713.jpg,123_Coriander_R4S_271_3_3,,,,,,,,,2025_10_07_RSFB-Phenotyping_WG1_JLU_scores.csv,2.0,,,False,,Unknown,../dataset/Pictures_CFSB_leaf_damage/2025_10_07_RSFB-Phenotyping_WG1_JLU/2025_10_07_RSFB-Phenotyping_WG1_JLU/20251007_134713.jpg,True,123_Coriander_R4S_271_3_3
2025_10_07_RSFB-Phenotyping_WG1_JLU,20251007_134721.jpg,123_Coriander_R4S_271_3_3,,,,,,,,,2025_10_07_RSFB-Phenotyping_WG1_JLU_scores.csv,5.0,,,False,,Unknown,../dataset/Pictures_CFSB_leaf_damage/2025_10_07_RSFB-Phenotyping_WG1_JLU/2025_10_07_RSFB-Phenotyping_WG1_JLU/20251007_134721.jpg,True,123_Coriander_R4S_271_3_3
2025_10_07_RSFB-Phenotyping_WG1_JLU,20251007_134728.jpg,123_Coriander_R4S_271_3_3,,,,,,,,,2025_10_07_RSFB-Phenotyping_WG1_JLU_scores.csv,7.0,,,False,,Unknown,../dataset/Pictures_CFSB_leaf_damage/2025_10_07_RSFB-Phenotyping_WG1_JLU/2025_10_07_RSFB-Phenotyping_WG1_JLU/20251007_134728.jpg,True,123_Coriander_R4S_271_3_3
2025_10_07_RSFB-Phenotyping_WG1_JLU,20251007_134747.jpg,124_H357_R4S_478_3_4,,,,,,,,,2025_10_07_RSFB-Phenotyping_WG1_JLU_scores.csv,12.0,,,False,,Unknown,../dataset/Pictures_CFSB_leaf_damage/2025_10_07_RSFB-Phenotyping_WG1_JLU/2025_10_07_RSFB-Phenotyping_WG1_JLU/20251007_134747.jpg,True,124_H357_R4S_478_3_4
2025_10_07_RSFB-Phenotyping_WG1_JLU,20251007_134753.jpg,124_H357_R4S_478_3_4,,,,,,,,,2025_10_07_RSFB-Phenotyping_WG1_JLU_scores.csv,8.0,,,False,,Unknown,../dataset/Pictures_CFSB_leaf_damage/2025_10_07_RSFB-Phenotyping_WG1_JLU/2025_10_07_RSFB-Phenotyping_WG1_JLU/20251007_134753.jpg,True,124_H357_R4S_478_3_4
2025_10_07_RSFB-Phenotyping_WG1_JLU,20251007_134803.jpg,124_H357_R4S_478_3_4,,,,,,,,,2025_10_07_RSFB-Phenotyping_WG1_JLU_scores.csv,4.0,,,False,,Unknown,../dataset/Pictures_CFSB_leaf_damage/2025_10_07_RSFB-Phenotyping_WG1_JLU/2025_10_07_RSFB-Phenotyping_WG1_JLU/20251007_134803.jpg,True,124_H357_R4S_478_3_4
2025_10_07_RSFB-Phenotyping_WG1_JLU,20251007_134820.jpg,125_Skziverskij_R4S_287_3_5,,,,,,,,,2025_10_07_RSFB-Phenotyping_WG1_JLU_scores.csv,5.0,,,False,,Unknown,../dataset/Pictures_CFSB_leaf_damage/2025_10_07_RSFB-Phenotyping_WG1_JLU/2025_10_07_RSFB-Phenotyping_WG1_JLU/20251007_134820.jpg,True,125_Skziverskij_R4S_287_3_5
2025_10_07_RSFB-Phenotyping_WG1_JLU,20251007_134828.jpg,125_Skziverskij_R4S_287_3_5,,,,,,,,,2025_10_07_RSFB-Phenotyping_WG1_JLU_scores.csv,7.0,,,False,,Unknown,../dataset/Pictures_CFSB_leaf_damage/2025_10_07_RSFB-Phenotyping_WG1_JLU/2025_10_07_RSFB-Phenotyping_WG1_JLU/20251007_134828.jpg,True,125_Skziverskij_R4S_287_3_5
2025_10_07_RSFB-Phenotyping_WG1_JLU,20251007_134834.jpg,125_Skziverskij_R4S_287_3_5,,,,,,,,,2025_10_07_RSFB-Phenotyping_WG1_JLU_scores.csv,5.0,,,False,,Unknown,../dataset/Pictures_CFSB_leaf_damage/2025_10_07_RSFB-Phenotyping_WG1_JLU/2025_10_07_RSFB-Phenotyping_WG1_JLU/20251007_134834.jpg,True,125_Skziverskij_R4S_287_3_5
2025_10_07_RSFB-Phenotyping_WG1_JLU,20251007_134852.jpg,126_Verona_R4S_168_3_6,,,,,,,,,2025_10_07_RSFB-Phenotyping_WG1_JLU_scores.csv,3.0,,,False,,Unknown,../dataset/Pictures_CFSB_leaf_damage/2025_10_07_RSFB-Phenotyping_WG1_JLU/2025_10_07_RSFB-Phenotyping_WG1_JLU/20251007_134852.jpg,True,126_Verona_R4S_168_3_6
2025_10_07_RSFB-Phenotyping_WG1_JLU,20251007_134900.jpg,126_Verona_R4S_168_3_6,,,,,,,,,2025_10_07_RSFB-Phenotyping_WG1_JLU_scores.csv,3.0,,,False,,Unknown,../dataset/Pictures_CFSB_leaf_damage/2025_10_07_RSFB-Phenotyping_WG1_JLU/2025_10_07_RSFB-Phenotyping_WG1_JLU/20251007_134900.jpg,True,126_Verona_R4S_168_3_6
2025_10_07_RSFB-Phenotyping_WG1_JLU,20251007_134912.jpg,126_Verona_R4S_168_3_6,,,,,,,,,2025_10_07_RSFB-Phenotyping_WG1_JLU_scores.csv,4.0,,,False,,Unknown,../dataset/Pictures_CFSB_leaf_damage/2025_10_07_RSFB-Phenotyping_WG1_JLU/2025_10_07_RSFB-Phenotyping_WG1_JLU/20251007_134912.jpg,True,126_Verona_R4S_168_3_6
2025_10_07_RSFB-Phenotyping_WG1_JLU,20251007_134928_001.jpg,127_WINFRED_R4S_530_3_7,,,,,,,,,2025_10_07_RSFB-Phenotyping_WG1_JLU_scores.csv,1.0,,,False,20251007-134928-001,Unknown,../dataset/Pictures_CFSB_leaf_damage/2025_10_07_RSFB-Phenotyping_WG1_JLU/2025_10_07_RSFB-Phenotyping_WG1_JLU/20251007_134928_001.jpg,True,127_WINFRED_R4S_530_3_7
2025_10_07_RSFB-Phenotyping_WG1_JLU,20251007_134928_002.jpg,127_WINFRED_R4S_530_3_7,,,,,,,,,2025_10_07_RSFB-Phenotyping_WG1_JLU_scores.csv,1.0,,,False,20251007-134928-002,Unknown,../dataset/Pictures_CFSB_leaf_damage/2025_10_07_RSFB-Phenotyping_WG1_JLU/2025_10_07_RSFB-Phenotyping_WG1_JLU/20251007_134928_002.jpg,True,127_WINFRED_R4S_530_3_7
2025_10_07_RSFB-Phenotyping_WG1_JLU,20251007_134929.jpg,127_WINFRED_R4S_530_3_7,,,,,,,,,2025_10_07_RSFB-Phenotyping_WG1_JLU_scores.csv,1.0,,,False,,Unknown,../dataset/Pictures_CFSB_leaf_damage/2025_10_07_RSFB-Phenotyping_WG1_JLU/2025_10_07_RSFB-Phenotyping_WG1_JLU/20251007_134929.jpg,True,127_WINFRED_R4S_530_3_7
2025_10_07_RSFB-Phenotyping_WG1_JLU,20251007_134931.jpg,127_WINFRED_R4S_530_3_7,,,,,,,,,2025_10_07_RSFB-Phenotyping_WG1_JLU_scores.csv,1.0,,,False,,Unknown,../dataset/Pictures_CFSB_leaf_damage/2025_10_07_RSFB-Phenotyping_WG1_JLU/2025_10_07_RSFB-Phenotyping_WG1_JLU/20251007_134931.jpg,True,127_WINFRED_R4S_530_3_7
2025_10_07_RSFB-Phenotyping_WG1_JLU,20251007_134942.jpg,127_WINFRED_R4S_530_3_7,,,,,,,,,2025_10_07_RSFB-Phenotyping_WG1_JLU_scores.csv,1.0,,,False,,Unknown,../dataset/Pictures_CFSB_leaf_damage/2025_10_07_RSFB-Phenotyping_WG1_JLU/2025_10_07_RSFB-Phenotyping_WG1_JLU/20251007_134942.jpg,True,127_WINFRED_R4S_530_3_7
2025_10_07_RSFB-Phenotyping_WG1_JLU,20251007_135028.jpg,127_WINFRED_R4S_530_3_7,,,,,,,,,2025_10_07_RSFB-Phenotyping_WG1_JLU_scores.csv,1.0,,,False,,Unknown,../dataset/Pictures_CFSB_leaf_damage/2025_10_07_RSFB-Phenotyping_WG1_JLU/2025_10_07_RSFB-Phenotyping_WG1_JLU/20251007_135028.jpg,True,127_WINFRED_R4S_530_3_7
2025_10_07_RSFB-Phenotyping_WG1_JLU,20251007_135035.jpg,127_WINFRED_R4S_530_3_7,,,,,,,,,2025_10_07_RSFB-Phenotyping_WG1_JLU_scores.csv,3.0,,,False,,Unknown,../dataset/Pictures_CFSB_leaf_damage/2025_10_07_RSFB-Phenotyping_WG1_JLU/2025_10_07_RSFB-Phenotyping_WG1_JLU/20251007_135035.jpg,True,127_WINFRED_R4S_530_3_7
2025_10_07_RSFB-Phenotyping_WG1_JLU,20251007_135041.jpg,127_WINFRED_R4S_530_3_7,,,,,,,,,2025_10_07_RSFB-Phenotyping_WG1_JLU_scores.csv,2.0,,,False,,Unknown,../dataset/Pictures_CFSB_leaf_damage/2025_10_07_RSFB-Phenotyping_WG1_JLU/2025_10_07_RSFB-Phenotyping_WG1_JLU/20251007_135041.jpg,True,127_WINFRED_R4S_530_3_7
2025_10_07_RSFB-Phenotyping_WG1_JLU,20251007_135048.jpg,127_WINFRED_R4S_530_3_7,,,,,,,,,2025_10_07_RSFB-Phenotyping_WG1_JLU_scores.csv,1.0,,,False,,Unknown,../dataset/Pictures_CFSB_leaf_damage/2025_10_07_RSFB-Phenotyping_WG1_JLU/2025_10_07_RSFB-Phenotyping_WG1_JLU/20251007_135048.jpg,True,127_WINFRED_R4S_530_3_7
2025_10_07_RSFB-Phenotyping_WG1_JLU,20251007_135105.jpg,128_Altasweet_R4S_319_3_8,,,,,,,,,2025_10_07_RSFB-Phenotyping_WG1_JLU_scores.csv,5.0,,,False,,Unknown,../dataset/Pictures_CFSB_leaf_damage/2025_10_07_RSFB-Phenotyping_WG1_JLU/2025_10_07_RSFB-Phenotyping_WG1_JLU/20251007_135105.jpg,True,128_Altasweet_R4S_319_3_8
2025_10_07_RSFB-Phenotyping_WG1_JLU,20251007_135113.jpg,128_Altasweet_R4S_319_3_8,,,,,,,,,2025_10_07_RSFB-Phenotyping_WG1_JLU_scores.csv,10.0,,,False,,Unknown,../dataset/Pictures_CFSB_leaf_damage/2025_10_07_RSFB-Phenotyping_WG1_JLU/2025_10_07_RSFB-Phenotyping_WG1_JLU/20251007_135113.jpg,True,128_Altasweet_R4S_319_3_8
2025_10_07_RSFB-Phenotyping_WG1_JLU,20251007_135120.jpg,128_Altasweet_R4S_319_3_8,,,,,,,,,2025_10_07_RSFB-Phenotyping_WG1_JLU_scores.csv,2.0,,,False,,Unknown,../dataset/Pictures_CFSB_leaf_damage/2025_10_07_RSFB-Phenotyping_WG1_JLU/2025_10_07_RSFB-Phenotyping_WG1_JLU/20251007_135120.jpg,True,128_Altasweet_R4S_319_3_8
2025_10_07_RSFB-Phenotyping_WG1_JLU,20251007_135136.jpg,129_Phil_R4S_207_3_9,,,,,,,,,2025_10_07_RSFB-Phenotyping_WG1_JLU_scores.csv,2.0,,,False,,Unknown,../dataset/Pictures_CFSB_leaf_damage/2025_10_07_RSFB-Phenotyping_WG1_JLU/2025_10_07_RSFB-Phenotyping_WG1_JLU/20251007_135136.jpg,True,129_Phil_R4S_207_3_9
2025_10_07_RSFB-Phenotyping_WG1_JLU,20251007_135142.jpg,129_Phil_R4S_207_3_9,,,,,,,,,2025_10_07_RSFB-Phenotyping_WG1_JLU_scores.csv,4.0,,,False,,Unknown,../dataset/Pictures_CFSB_leaf_damage/2025_10_07_RSFB-Phenotyping_WG1_JLU/2025_10_07_RSFB-Phenotyping_WG1_JLU/20251007_135142.jpg,True,129_Phil_R4S_207_3_9
2025_10_07_RSFB-Phenotyping_WG1_JLU,20251007_135149.jpg,129_Phil_R4S_207_3_9,,,,,,,,,2025_10_07_RSFB-Phenotyping_WG1_JLU_scores.csv,8.0,,,False,,Unknown,../dataset/Pictures_CFSB_leaf_damage/2025_10_07_RSFB-Phenotyping_WG1_JLU/2025_10_07_RSFB-Phenotyping_WG1_JLU/20251007_135149.jpg,True,129_Phil_R4S_207_3_9
2025_10_07_RSFB-Phenotyping_WG1_JLU,20251007_135206.jpg,130_Michinaku natane_R4S_300_3_10,,,,,,,,,2025_10_07_RSFB-Phenotyping_WG1_JLU_scores.csv,15.0,,,False,,Unknown,../dataset/Pictures_CFSB_leaf_damage/2025_10_07_RSFB-Phenotyping_WG1_JLU/2025_10_07_RSFB-Phenotyping_WG1_JLU/20251007_135206.jpg,True,130_Michinaku natane_R4S_300_3_10
2025_10_07_RSFB-Phenotyping_WG1_JLU,20251007_135213.jpg,130_Michinaku natane_R4S_300_3_10,,,,,,,,,2025_10_07_RSFB-Phenotyping_WG1_JLU_scores.csv,5.0,,,False,,Unknown,../dataset/Pictures_CFSB_leaf_damage/2025_10_07_RSFB-Phenotyping_WG1_JLU/2025_10_07_RSFB-Phenotyping_WG1_JLU/20251007_135213.jpg,True,130_Michinaku natane_R4S_300_3_10
2025_10_07_RSFB-Phenotyping_WG1_JLU,20251007_135220.jpg,130_Michinaku natane_R4S_300_3_10,,,,,,,,,2025_10_07_RSFB-Phenotyping_WG1_JLU_scores.csv,4.0,,,False,,Unknown,../dataset/Pictures_CFSB_leaf_damage/2025_10_07_RSFB-Phenotyping_WG1_JLU/2025_10_07_RSFB-Phenotyping_WG1_JLU/20251007_135220.jpg,True,130_Michinaku natane_R4S_300_3_10
2025_10_07_RSFB-Phenotyping_WG1_JLU,20251007_135237.jpg,131_Aurum_R4S_173_3_11,,,,,,,,,2025_10_07_RSFB-Phenotyping_WG1_JLU_scores.csv,12.0,,,False,,Unknown,../dataset/Pictures_CFSB_leaf_damage/2025_10_07_RSFB-Phenotyping_WG1_JLU/2025_10_07_RSFB-Phenotyping_WG1_JLU/20251007_135237.jpg,True,131_Aurum_R4S_173_3_11
2025_10_07_RSFB-Phenotyping_WG1_JLU,20251007_135242.jpg,131_Aurum_R4S_173_3_11,,,,,,,,,2025_10_07_RSFB-Phenotyping_WG1_JLU_scores.csv,5.0,,,False,,Unknown,../dataset/Pictures_CFSB_leaf_damage/2025_10_07_RSFB-Phenotyping_WG1_JLU/2025_10_07_RSFB-Phenotyping_WG1_JLU/20251007_135242.jpg,True,131_Aurum_R4S_173_3_11
2025_10_07_RSFB-Phenotyping_WG1_JLU,20251007_135306.jpg,132_S13_R4S_487_3_12,,,,,,,,,2025_10_07_RSFB-Phenotyping_WG1_JLU_scores.csv,1.0,,,False,,Unknown,../dataset/Pictures_CFSB_leaf_damage/2025_10_07_RSFB-Phenotyping_WG1_JLU/2025_10_07_RSFB-Phenotyping_WG1_JLU/20251007_135306.jpg,True,132_S13_R4S_487_3_12
2025_10_07_RSFB-Phenotyping_WG1_JLU,20251007_135316.jpg,132_S13_R4S_487_3_12,,,,,,,,,2025_10_07_RSFB-Phenotyping_WG1_JLU_scores.csv,2.0,,,False,,Unknown,../dataset/Pictures_CFSB_leaf_damage/2025_10_07_RSFB-Phenotyping_WG1_JLU/2025_10_07_RSFB-Phenotyping_WG1_JLU/20251007_135316.jpg,True,132_S13_R4S_487_3_12
2025_10_07_RSFB-Phenotyping_WG1_JLU,20251007_135322.jpg,132_S13_R4S_487_3_12,,,,,,,,,2025_10_07_RSFB-Phenotyping_WG1_JLU_scores.csv,1.0,,,False,,Unknown,../dataset/Pictures_CFSB_leaf_damage/2025_10_07_RSFB-Phenotyping_WG1_JLU/2025_10_07_RSFB-Phenotyping_WG1_JLU/20251007_135322.jpg,True,132_S13_R4S_487_3_12
2025_10_07_RSFB-Phenotyping_WG1_JLU,20251007_135337.jpg,133_RAPID CYCLING RAPE (CrGC5)_R4S_355_3_13,,,,,,,,,2025_10_07_RSFB-Phenotyping_WG1_JLU_scores.csv,2.0,,,False,,Unknown,../dataset/Pictures_CFSB_leaf_damage/2025_10_07_RSFB-Phenotyping_WG1_JLU/2025_10_07_RSFB-Phenotyping_WG1_JLU/20251007_135337.jpg,True,133_RAPID CYCLING RAPE (CrGC5)_R4S_355_3_13
2025_10_07_RSFB-Phenotyping_WG1_JLU,20251007_135343.jpg,133_RAPID CYCLING RAPE (CrGC5)_R4S_355_3_13,,,,,,,,,2025_10_07_RSFB-Phenotyping_WG1_JLU_scores.csv,4.0,,,False,,Unknown,../dataset/Pictures_CFSB_leaf_damage/2025_10_07_RSFB-Phenotyping_WG1_JLU/2025_10_07_RSFB-Phenotyping_WG1_JLU/20251007_135343.jpg,True,133_RAPID CYCLING RAPE (CrGC5)_R4S_355_3_13
2025_10_07_RSFB-Phenotyping_WG1_JLU,20251007_135349.jpg,133_RAPID CYCLING RAPE (CrGC5)_R4S_355_3_13,,,,,,,,,2025_10_07_RSFB-Phenotyping_WG1_JLU_scores.csv,2.0,,,False,,Unknown,../dataset/Pictures_CFSB_leaf_damage/2025_10_07_RSFB-Phenotyping_WG1_JLU/2025_10_07_RSFB-Phenotyping_WG1_JLU/20251007_135349.jpg,True,133_RAPID CYCLING RAPE (CrGC5)_R4S_355_3_13
2025_10_07_RSFB-Phenotyping_WG1_JLU,20251007_135406.jpg,134_Ladoga_R4S_256_3_14,,,,,,,,,2025_10_07_RSFB-Phenotyping_WG1_JLU_scores.csv,2.0,,,False,,Unknown,../dataset/Pictures_CFSB_leaf_damage/2025_10_07_RSFB-Phenotyping_WG1_JLU/2025_10_07_RSFB-Phenotyping_WG1_JLU/20251007_135406.jpg,True,134_Ladoga_R4S_256_3_14
2025_10_07_RSFB-Phenotyping_WG1_JLU,20251007_135414.jpg,134_Ladoga_R4S_256_3_14,,,,,,,,,2025_10_07_RSFB-Phenotyping_WG1_JLU_scores.csv,3.0,,,False,,Unknown,../dataset/Pictures_CFSB_leaf_damage/2025_10_07_RSFB-Phenotyping_WG1_JLU/2025_10_07_RSFB-Phenotyping_WG1_JLU/20251007_135414.jpg,True,134_Ladoga_R4S_256_3_14
2025_10_07_RSFB-Phenotyping_WG1_JLU,20251007_135420.jpg,134_Ladoga_R4S_256_3_14,,,,,,,,,2025_10_07_RSFB-Phenotyping_WG1_JLU_scores.csv,2.0,,,False,,Unknown,../dataset/Pictures_CFSB_leaf_damage/2025_10_07_RSFB-Phenotyping_WG1_JLU/2025_10_07_RSFB-Phenotyping_WG1_JLU/20251007_135420.jpg,True,134_Ladoga_R4S_256_3_14
2025_10_07_RSFB-Phenotyping_WG1_JLU,20251007_135436.jpg,135_R31_R4S_513_3_15,,,,,,,,,2025_10_07_RSFB-Phenotyping_WG1_JLU_scores.csv,3.0,,,False,,Unknown,../dataset/Pictures_CFSB_leaf_damage/2025_10_07_RSFB-Phenotyping_WG1_JLU/2025_10_07_RSFB-Phenotyping_WG1_JLU/20251007_135436.jpg,True,135_R31_R4S_513_3_15
2025_10_07_RSFB-Phenotyping_WG1_JLU,20251007_135442.jpg,135_R31_R4S_513_3_15,,,,,,,,,2025_10_07_RSFB-Phenotyping_WG1_JLU_scores.csv,5.0,,,False,,Unknown,../dataset/Pictures_CFSB_leaf_damage/2025_10_07_RSFB-Phenotyping_WG1_JLU/2025_10_07_RSFB-Phenotyping_WG1_JLU/20251007_135442.jpg,True,135_R31_R4S_513_3_15
2025_10_07_RSFB-Phenotyping_WG1_JLU,20251007_135447.jpg,135_R31_R4S_513_3_15,,,,,,,,,2025_10_07_RSFB-Phenotyping_WG1_JLU_scores.csv,2.0,,,False,,Unknown,../dataset/Pictures_CFSB_leaf_damage/2025_10_07_RSFB-Phenotyping_WG1_JLU/2025_10_07_RSFB-Phenotyping_WG1_JLU/20251007_135447.jpg,True,135_R31_R4S_513_3_15
2025_10_07_RSFB-Phenotyping_WG1_JLU,20251007_135506.jpg,136_PIKE_R4S_317_3_16,,,,,,,,,2025_10_07_RSFB-Phenotyping_WG1_JLU_scores.csv,1.0,,,False,,Unknown,../dataset/Pictures_CFSB_leaf_damage/2025_10_07_RSFB-Phenotyping_WG1_JLU/2025_10_07_RSFB-Phenotyping_WG1_JLU/20251007_135506.jpg,True,136_PIKE_R4S_317_3_16
2025_10_07_RSFB-Phenotyping_WG1_JLU,20251007_135512.jpg,136_PIKE_R4S_317_3_16,,,,,,,,,2025_10_07_RSFB-Phenotyping_WG1_JLU_scores.csv,1.0,,,False,,Unknown,../dataset/Pictures_CFSB_leaf_damage/2025_10_07_RSFB-Phenotyping_WG1_JLU/2025_10_07_RSFB-Phenotyping_WG1_JLU/20251007_135512.jpg,True,136_PIKE_R4S_317_3_16
2025_10_07_RSFB-Phenotyping_WG1_JLU,20251007_135518.jpg,136_PIKE_R4S_317_3_16,,,,,,,,,2025_10_07_RSFB-Phenotyping_WG1_JLU_scores.csv,2.0,,,False,,Unknown,../dataset/Pictures_CFSB_leaf_damage/2025_10_07_RSFB-Phenotyping_WG1_JLU/2025_10_07_RSFB-Phenotyping_WG1_JLU/20251007_135518.jpg,True,136_PIKE_R4S_317_3_16
2025_10_07_RSFB-Phenotyping_WG1_JLU,20251007_135535.jpg,137_OLL 1_R4S_483_3_17,,,,,,,,,2025_10_07_RSFB-Phenotyping_WG1_JLU_scores.csv,2.0,,,False,,Unknown,../dataset/Pictures_CFSB_leaf_damage/2025_10_07_RSFB-Phenotyping_WG1_JLU/2025_10_07_RSFB-Phenotyping_WG1_JLU/20251007_135535.jpg,True,137_OLL 1_R4S_483_3_17
2025_10_07_RSFB-Phenotyping_WG1_JLU,20251007_135543.jpg,137_OLL 1_R4S_483_3_17,,,,,,,,,2025_10_07_RSFB-Phenotyping_WG1_JLU_scores.csv,8.0,,,False,,Unknown,../dataset/Pictures_CFSB_leaf_damage/2025_10_07_RSFB-Phenotyping_WG1_JLU/2025_10_07_RSFB-Phenotyping_WG1_JLU/20251007_135543.jpg,True,137_OLL 1_R4S_483_3_17
2025_10_07_RSFB-Phenotyping_WG1_JLU,20251007_135550.jpg,137_OLL 1_R4S_483_3_17,,,,,,,,,2025_10_07_RSFB-Phenotyping_WG1_JLU_scores.csv,3.0,,,False,,Unknown,../dataset/Pictures_CFSB_leaf_damage/2025_10_07_RSFB-Phenotyping_WG1_JLU/2025_10_07_RSFB-Phenotyping_WG1_JLU/20251007_135550.jpg,True,137_OLL 1_R4S_483_3_17
2025_10_07_RSFB-Phenotyping_WG1_JLU,20251007_135610.jpg,138_Akela_R4S_213_3_18,,,,,,,,,2025_10_07_RSFB-Phenotyping_WG1_JLU_scores.csv,3.0,,,False,,Unknown,../dataset/Pictures_CFSB_leaf_damage/2025_10_07_RSFB-Phenotyping_WG1_JLU/2025_10_07_RSFB-Phenotyping_WG1_JLU/20251007_135610.jpg,True,138_Akela_R4S_213_3_18
2025_10_07_RSFB-Phenotyping_WG1_JLU,20251007_135616.jpg,138_Akela_R4S_213_3_18,,,,,,,,,2025_10_07_RSFB-Phenotyping_WG1_JLU_scores.csv,2.0,,,False,,Unknown,../dataset/Pictures_CFSB_leaf_damage/2025_10_07_RSFB-Phenotyping_WG1_JLU/2025_10_07_RSFB-Phenotyping_WG1_JLU/20251007_135616.jpg,True,138_Akela_R4S_213_3_18
2025_10_07_RSFB-Phenotyping_WG1_JLU,20251007_135622.jpg,138_Akela_R4S_213_3_18,,,,,,,,,2025_10_07_RSFB-Phenotyping_WG1_JLU_scores.csv,32.0,,,False,,Unknown,../dataset/Pictures_CFSB_leaf_damage/2025_10_07_RSFB-Phenotyping_WG1_JLU/2025_10_07_RSFB-Phenotyping_WG1_JLU/20251007_135622.jpg,True,138_Akela_R4S_213_3_18
2025_10_07_RSFB-Phenotyping_WG1_JLU,20251007_135638.jpg,139_Alesi_R4S_267_3_19,,,,,,,,,2025_10_07_RSFB-Phenotyping_WG1_JLU_scores.csv,2.0,,,False,,Unknown,../dataset/Pictures_CFSB_leaf_damage/2025_10_07_RSFB-Phenotyping_WG1_JLU/2025_10_07_RSFB-Phenotyping_WG1_JLU/20251007_135638.jpg,True,139_Alesi_R4S_267_3_19
2025_10_07_RSFB-Phenotyping_WG1_JLU,20251007_135644.jpg,139_Alesi_R4S_267_3_19,,,,,,,,,2025_10_07_RSFB-Phenotyping_WG1_JLU_scores.csv,4.0,,,False,,Unknown,../dataset/Pictures_CFSB_leaf_damage/2025_10_07_RSFB-Phenotyping_WG1_JLU/2025_10_07_RSFB-Phenotyping_WG1_JLU/20251007_135644.jpg,True,139_Alesi_R4S_267_3_19
2025_10_07_RSFB-Phenotyping_WG1_JLU,20251007_135649.jpg,139_Alesi_R4S_267_3_19,,,,,,,,,2025_10_07_RSFB-Phenotyping_WG1_JLU_scores.csv,1.0,,,False,,Unknown,../dataset/Pictures_CFSB_leaf_damage/2025_10_07_RSFB-Phenotyping_WG1_JLU/2025_10_07_RSFB-Phenotyping_WG1_JLU/20251007_135649.jpg,True,139_Alesi_R4S_267_3_19
2025_10_07_RSFB-Phenotyping_WG1_JLU,20251007_135707.jpg,140_Bladkool_R4S_298_3_20,,,,,,,,,2025_10_07_RSFB-Phenotyping_WG1_JLU_scores.csv,6.0,,,False,,Unknown,../dataset/Pictures_CFSB_leaf_damage/2025_10_07_RSFB-Phenotyping_WG1_JLU/2025_10_07_RSFB-Phenotyping_WG1_JLU/20251007_135707.jpg,True,140_Bladkool_R4S_298_3_20
2025_10_07_RSFB-Phenotyping_WG1_JLU,20251007_135713.jpg,140_Bladkool_R4S_298_3_20,,,,,,,,,2025_10_07_RSFB-Phenotyping_WG1_JLU_scores.csv,3.0,,,False,,Unknown,../dataset/Pictures_CFSB_leaf_damage/2025_10_07_RSFB-Phenotyping_WG1_JLU/2025_10_07_RSFB-Phenotyping_WG1_JLU/20251007_135713.jpg,True,140_Bladkool_R4S_298_3_20
2025_10_07_RSFB-Phenotyping_WG1_JLU,20251007_135720.jpg,140_Bladkool_R4S_298_3_20,,,,,,,,,2025_10_07_RSFB-Phenotyping_WG1_JLU_scores.csv,7.0,,,False,,Unknown,../dataset/Pictures_CFSB_leaf_damage/2025_10_07_RSFB-Phenotyping_WG1_JLU/2025_10_07_RSFB-Phenotyping_WG1_JLU/20251007_135720.jpg,True,140_Bladkool_R4S_298_3_20
2025_10_07_RSFB-Phenotyping_WG1_JLU,20251007_135735.jpg,141_OLY 2_R4S_477_3_21,,,,,,,,,2025_10_07_RSFB-Phenotyping_WG1_JLU_scores.csv,2.0,,,False,,Unknown,../dataset/Pictures_CFSB_leaf_damage/2025_10_07_RSFB-Phenotyping_WG1_JLU/2025_10_07_RSFB-Phenotyping_WG1_JLU/20251007_135735.jpg,True,141_OLY 2_R4S_477_3_21
2025_10_07_RSFB-Phenotyping_WG1_JLU,20251007_135741.jpg,141_OLY 2_R4S_477_3_21,,,,,,,,,2025_10_07_RSFB-Phenotyping_WG1_JLU_scores.csv,4.0,,,False,,Unknown,../dataset/Pictures_CFSB_leaf_damage/2025_10_07_RSFB-Phenotyping_WG1_JLU/2025_10_07_RSFB-Phenotyping_WG1_JLU/20251007_135741.jpg,True,141_OLY 2_R4S_477_3_21
2025_10_07_RSFB-Phenotyping_WG1_JLU,20251007_135746.jpg,141_OLY 2_R4S_477_3_21,,,,,,,,,2025_10_07_RSFB-Phenotyping_WG1_JLU_scores.csv,4.0,,,False,,Unknown,../dataset/Pictures_CFSB_leaf_damage/2025_10_07_RSFB-Phenotyping_WG1_JLU/2025_10_07_RSFB-Phenotyping_WG1_JLU/20251007_135746.jpg,True,141_OLY 2_R4S_477_3_21
2025_10_07_RSFB-Phenotyping_WG1_JLU,20251007_135805.jpg,142_Aviso_R4S_167_3_22,,,,,,,,,2025_10_07_RSFB-Phenotyping_WG1_JLU_scores.csv,2.0,,,False,,Unknown,../dataset/Pictures_CFSB_leaf_damage/2025_10_07_RSFB-Phenotyping_WG1_JLU/2025_10_07_RSFB-Phenotyping_WG1_JLU/20251007_135805.jpg,True,142_Aviso_R4S_167_3_22
2025_10_07_RSFB-Phenotyping_WG1_JLU,20251007_135811.jpg,142_Aviso_R4S_167_3_22,,,,,,,,,2025_10_07_RSFB-Phenotyping_WG1_JLU_scores.csv,2.0,,,False,,Unknown,../dataset/Pictures_CFSB_leaf_damage/2025_10_07_RSFB-Phenotyping_WG1_JLU/2025_10_07_RSFB-Phenotyping_WG1_JLU/20251007_135811.jpg,True,142_Aviso_R4S_167_3_22
2025_10_07_RSFB-Phenotyping_WG1_JLU,20251007_135817.jpg,142_Aviso_R4S_167_3_22,,,,,,,,,2025_10_07_RSFB-Phenotyping_WG1_JLU_scores.csv,3.0,,,False,,Unknown,../dataset/Pictures_CFSB_leaf_damage/2025_10_07_RSFB-Phenotyping_WG1_JLU/2025_10_07_RSFB-Phenotyping_WG1_JLU/20251007_135817.jpg,True,142_Aviso_R4S_167_3_22
2025_10_07_RSFB-Phenotyping_WG1_JLU,20251007_135834.jpg,143_Sollux_R4S_214_3_23,,,,,,,,,2025_10_07_RSFB-Phenotyping_WG1_JLU_scores.csv,4.0,,,False,,Unknown,../dataset/Pictures_CFSB_leaf_damage/2025_10_07_RSFB-Phenotyping_WG1_JLU/2025_10_07_RSFB-Phenotyping_WG1_JLU/20251007_135834.jpg,True,143_Sollux_R4S_214_3_23
2025_10_07_RSFB-Phenotyping_WG1_JLU,20251007_135838.jpg,143_Sollux_R4S_214_3_23,,,,,,,,,2025_10_07_RSFB-Phenotyping_WG1_JLU_scores.csv,3.0,,,False,,Unknown,../dataset/Pictures_CFSB_leaf_damage/2025_10_07_RSFB-Phenotyping_WG1_JLU/2025_10_07_RSFB-Phenotyping_WG1_JLU/20251007_135838.jpg,True,143_Sollux_R4S_214_3_23
2025_10_07_RSFB-Phenotyping_WG1_JLU,20251007_135843.jpg,143_Sollux_R4S_214_3_23,,,,,,,,,2025_10_07_RSFB-Phenotyping_WG1_JLU_scores.csv,5.0,,,False,,Unknown,../dataset/Pictures_CFSB_leaf_damage/2025_10_07_RSFB-Phenotyping_WG1_JLU/2025_10_07_RSFB-Phenotyping_WG1_JLU/20251007_135843.jpg,True,143_Sollux_R4S_214_3_23
2025_10_07_RSFB-Phenotyping_WG1_JLU,20251007_135903.jpg,144_EUROL_R4S_220_3_24,,,,,,,,,2025_10_07_RSFB-Phenotyping_WG1_JLU_scores.csv,3.0,,,False,,Unknown,../dataset/Pictures_CFSB_leaf_damage/2025_10_07_RSFB-Phenotyping_WG1_JLU/2025_10_07_RSFB-Phenotyping_WG1_JLU/20251007_135903.jpg,True,144_EUROL_R4S_220_3_24
2025_10_07_RSFB-Phenotyping_WG1_JLU,20251007_135907.jpg,144_EUROL_R4S_220_3_24,,,,,,,,,2025_10_07_RSFB-Phenotyping_WG1_JLU_scores.csv,7.0,,,False,,Unknown,../dataset/Pictures_CFSB_leaf_damage/2025_10_07_RSFB-Phenotyping_WG1_JLU/2025_10_07_RSFB-Phenotyping_WG1_JLU/20251007_135907.jpg,True,144_EUROL_R4S_220_3_24
2025_10_07_RSFB-Phenotyping_WG1_JLU,20251007_135913.jpg,144_EUROL_R4S_220_3_24,,,,,,,,,2025_10_07_RSFB-Phenotyping_WG1_JLU_scores.csv,6.0,,,False,,Unknown,../dataset/Pictures_CFSB_leaf_damage/2025_10_07_RSFB-Phenotyping_WG1_JLU/2025_10_07_RSFB-Phenotyping_WG1_JLU/20251007_135913.jpg,True,144_EUROL_R4S_220_3_24
2025_10_07_RSFB-Phenotyping_WG1_JLU,20251007_135930.jpg,145_H31_R4S_457_3_25,,,,,,,,,2025_10_07_RSFB-Phenotyping_WG1_JLU_scores.csv,4.0,,,False,,Unknown,../dataset/Pictures_CFSB_leaf_damage/2025_10_07_RSFB-Phenotyping_WG1_JLU/2025_10_07_RSFB-Phenotyping_WG1_JLU/20251007_135930.jpg,True,145_H31_R4S_457_3_25
2025_10_07_RSFB-Phenotyping_WG1_JLU,20251007_135935.jpg,145_H31_R4S_457_3_25,,,,,,,,,2025_10_07_RSFB-Phenotyping_WG1_JLU_scores.csv,2.0,,,False,,Unknown,../dataset/Pictures_CFSB_leaf_damage/2025_10_07_RSFB-Phenotyping_WG1_JLU/2025_10_07_RSFB-Phenotyping_WG1_JLU/20251007_135935.jpg,True,145_H31_R4S_457_3_25
2025_10_07_RSFB-Phenotyping_WG1_JLU,20251007_135941.jpg,145_H31_R4S_457_3_25,,,,,,,,,2025_10_07_RSFB-Phenotyping_WG1_JLU_scores.csv,2.0,,,False,,Unknown,../dataset/Pictures_CFSB_leaf_damage/2025_10_07_RSFB-Phenotyping_WG1_JLU/2025_10_07_RSFB-Phenotyping_WG1_JLU/20251007_135941.jpg,True,145_H31_R4S_457_3_25
2025_10_07_RSFB-Phenotyping_WG1_JLU,20251007_135951.jpg,145_H31_R4S_457_3_25,,,,,,,,,2025_10_07_RSFB-Phenotyping_WG1_JLU_scores.csv,,,,False,,Unknown,../dataset/Pictures_CFSB_leaf_damage/2025_10_07_RSFB-Phenotyping_WG1_JLU/2025_10_07_RSFB-Phenotyping_WG1_JLU/20251007_135951.jpg,True,145_H31_R4S_457_3_25
2025_10_07_RSFB-Phenotyping_WG1_JLU,20251007_135953.jpg,145_H31_R4S_457_3_25,,,,,,,,,2025_10_07_RSFB-Phenotyping_WG1_JLU_scores.csv,,,,False,,Unknown,../dataset/Pictures_CFSB_leaf_damage/2025_10_07_RSFB-Phenotyping_WG1_JLU/2025_10_07_RSFB-Phenotyping_WG1_JLU/20251007_135953.jpg,True,145_H31_R4S_457_3_25
2025_10_07_RSFB-Phenotyping_WG1_JLU,20251007_140002.jpg,146_NK Passion_R4S_185_3_26,,,,,,,,,2025_10_07_RSFB-Phenotyping_WG1_JLU_scores.csv,3.0,,,False,,Unknown,../dataset/Pictures_CFSB_leaf_damage/2025_10_07_RSFB-Phenotyping_WG1_JLU/2025_10_07_RSFB-Phenotyping_WG1_JLU/20251007_140002.jpg,True,146_NK Passion_R4S_185_3_26
2025_10_07_RSFB-Phenotyping_WG1_JLU,20251007_140007.jpg,146_NK Passion_R4S_185_3_26,,,,,,,,,2025_10_07_RSFB-Phenotyping_WG1_JLU_scores.csv,1.0,,,False,,Unknown,../dataset/Pictures_CFSB_leaf_damage/2025_10_07_RSFB-Phenotyping_WG1_JLU/2025_10_07_RSFB-Phenotyping_WG1_JLU/20251007_140007.jpg,True,146_NK Passion_R4S_185_3_26
2025_10_07_RSFB-Phenotyping_WG1_JLU,20251007_140013.jpg,146_NK Passion_R4S_185_3_26,,,,,,,,,2025_10_07_RSFB-Phenotyping_WG1_JLU_scores.csv,5.0,,,False,,Unknown,../dataset/Pictures_CFSB_leaf_damage/2025_10_07_RSFB-Phenotyping_WG1_JLU/2025_10_07_RSFB-Phenotyping_WG1_JLU/20251007_140013.jpg,True,146_NK Passion_R4S_185_3_26
2025_10_07_RSFB-Phenotyping_WG1_JLU,20251007_140028.jpg,147_DSV2_R4S_495_3_27,,,,,,,,,2025_10_07_RSFB-Phenotyping_WG1_JLU_scores.csv,4.0,,,False,,Unknown,../dataset/Pictures_CFSB_leaf_damage/2025_10_07_RSFB-Phenotyping_WG1_JLU/2025_10_07_RSFB-Phenotyping_WG1_JLU/20251007_140028.jpg,True,147_DSV2_R4S_495_3_27
2025_10_07_RSFB-Phenotyping_WG1_JLU,20251007_140034.jpg,147_DSV2_R4S_495_3_27,,,,,,,,,2025_10_07_RSFB-Phenotyping_WG1_JLU_scores.csv,18.0,,,False,,Unknown,../dataset/Pictures_CFSB_leaf_damage/2025_10_07_RSFB-Phenotyping_WG1_JLU/2025_10_07_RSFB-Phenotyping_WG1_JLU/20251007_140034.jpg,True,147_DSV2_R4S_495_3_27
2025_10_07_RSFB-Phenotyping_WG1_JLU,20251007_140039.jpg,147_DSV2_R4S_495_3_27,,,,,,,,,2025_10_07_RSFB-Phenotyping_WG1_JLU_scores.csv,14.0,,,False,,Unknown,../dataset/Pictures_CFSB_leaf_damage/2025_10_07_RSFB-Phenotyping_WG1_JLU/2025_10_07_RSFB-Phenotyping_WG1_JLU/20251007_140039.jpg,True,147_DSV2_R4S_495_3_27
2025_10_07_RSFB-Phenotyping_WG1_JLU,20251007_140055.jpg,148_L16_R4S_453_3_28,,,,,,,,,2025_10_07_RSFB-Phenotyping_WG1_JLU_scores.csv,4.0,,,False,,Unknown,../dataset/Pictures_CFSB_leaf_damage/2025_10_07_RSFB-Phenotyping_WG1_JLU/2025_10_07_RSFB-Phenotyping_WG1_JLU/20251007_140055.jpg,True,148_L16_R4S_453_3_28
2025_10_07_RSFB-Phenotyping_WG1_JLU,20251007_140059(0).jpg,148_L16_R4S_453_3_28,,,,,,,,,2025_10_07_RSFB-Phenotyping_WG1_JLU_scores.csv,3.0,,,False,,Unknown,../dataset/Pictures_CFSB_leaf_damage/2025_10_07_RSFB-Phenotyping_WG1_JLU/2025_10_07_RSFB-Phenotyping_WG1_JLU/20251007_140059(0).jpg,True,148_L16_R4S_453_3_28
2025_10_07_RSFB-Phenotyping_WG1_JLU,20251007_140059.jpg,148_L16_R4S_453_3_28,,,,,,,,,2025_10_07_RSFB-Phenotyping_WG1_JLU_scores.csv,3.0,,,False,,Unknown,../dataset/Pictures_CFSB_leaf_damage/2025_10_07_RSFB-Phenotyping_WG1_JLU/2025_10_07_RSFB-Phenotyping_WG1_JLU/20251007_140059.jpg,True,148_L16_R4S_453_3_28
2025_10_07_RSFB-Phenotyping_WG1_JLU,20251007_140106.jpg,148_L16_R4S_453_3_28,,,,,,,,,2025_10_07_RSFB-Phenotyping_WG1_JLU_scores.csv,6.0,,,False,,Unknown,../dataset/Pictures_CFSB_leaf_damage/2025_10_07_RSFB-Phenotyping_WG1_JLU/2025_10_07_RSFB-Phenotyping_WG1_JLU/20251007_140106.jpg,True,148_L16_R4S_453_3_28
2025_10_07_RSFB-Phenotyping_WG1_JLU,20251007_140125.jpg,149_Resyn-Goe H226_R4S_399_3_29,,,,,,,,,2025_10_07_RSFB-Phenotyping_WG1_JLU_scores.csv,8.0,,,False,,Unknown,../dataset/Pictures_CFSB_leaf_damage/2025_10_07_RSFB-Phenotyping_WG1_JLU/2025_10_07_RSFB-Phenotyping_WG1_JLU/20251007_140125.jpg,True,149_Resyn-Goe H226_R4S_399_3_29
2025_10_07_RSFB-Phenotyping_WG1_JLU,20251007_140130.jpg,149_Resyn-Goe H226_R4S_399_3_29,,,,,,,,,2025_10_07_RSFB-Phenotyping_WG1_JLU_scores.csv,28.0,,,False,,Unknown,../dataset/Pictures_CFSB_leaf_damage/2025_10_07_RSFB-Phenotyping_WG1_JLU/2025_10_07_RSFB-Phenotyping_WG1_JLU/20251007_140130.jpg,True,149_Resyn-Goe H226_R4S_399_3_29
2025_10_07_RSFB-Phenotyping_WG1_JLU,20251007_140135.jpg,149_Resyn-Goe H226_R4S_399_3_29,,,,,,,,,2025_10_07_RSFB-Phenotyping_WG1_JLU_scores.csv,3.0,,,False,,Unknown,../dataset/Pictures_CFSB_leaf_damage/2025_10_07_RSFB-Phenotyping_WG1_JLU/2025_10_07_RSFB-Phenotyping_WG1_JLU/20251007_140135.jpg,True,149_Resyn-Goe H226_R4S_399_3_29
2025_10_07_RSFB-Phenotyping_WG1_JLU,20251007_140152.jpg,150_Capitol_R4S_254_3_30,,,,,,,,,2025_10_07_RSFB-Phenotyping_WG1_JLU_scores.csv,2.0,,,False,,Unknown,../dataset/Pictures_CFSB_leaf_damage/2025_10_07_RSFB-Phenotyping_WG1_JLU/2025_10_07_RSFB-Phenotyping_WG1_JLU/20251007_140152.jpg,True,150_Capitol_R4S_254_3_30
2025_10_07_RSFB-Phenotyping_WG1_JLU,20251007_140200.jpg,150_Capitol_R4S_254_3_30,,,,,,,,,2025_10_07_RSFB-Phenotyping_WG1_JLU_scores.csv,3.0,,,False,,Unknown,../dataset/Pictures_CFSB_leaf_damage/2025_10_07_RSFB-Phenotyping_WG1_JLU/2025_10_07_RSFB-Phenotyping_WG1_JLU/20251007_140200.jpg,True,150_Capitol_R4S_254_3_30
2025_10_07_RSFB-Phenotyping_WG1_JLU,20251007_140206.jpg,150_Capitol_R4S_254_3_30,,,,,,,,,2025_10_07_RSFB-Phenotyping_WG1_JLU_scores.csv,4.0,,,False,,Unknown,../dataset/Pictures_CFSB_leaf_damage/2025_10_07_RSFB-Phenotyping_WG1_JLU/2025_10_07_RSFB-Phenotyping_WG1_JLU/20251007_140206.jpg,True,150_Capitol_R4S_254_3_30
2025_10_07_RSFB-Phenotyping_WG1_JLU,20251007_140229.jpg,151_E94197_R4S_357_3_31,,,,,,,,,2025_10_07_RSFB-Phenotyping_WG1_JLU_scores.csv,2.0,,,False,,Unknown,../dataset/Pictures_CFSB_leaf_damage/2025_10_07_RSFB-Phenotyping_WG1_JLU/2025_10_07_RSFB-Phenotyping_WG1_JLU/20251007_140229.jpg,True,151_E94197_R4S_357_3_31
2025_10_07_RSFB-Phenotyping_WG1_JLU,20251007_140235.jpg,151_E94197_R4S_357_3_31,,,,,,,,,2025_10_07_RSFB-Phenotyping_WG1_JLU_scores.csv,7.0,,,False,,Unknown,../dataset/Pictures_CFSB_leaf_damage/2025_10_07_RSFB-Phenotyping_WG1_JLU/2025_10_07_RSFB-Phenotyping_WG1_JLU/20251007_140235.jpg,True,151_E94197_R4S_357_3_31
2025_10_07_RSFB-Phenotyping_WG1_JLU,20251007_140241.jpg,151_E94197_R4S_357_3_31,,,,,,,,,2025_10_07_RSFB-Phenotyping_WG1_JLU_scores.csv,3.0,,,False,,Unknown,../dataset/Pictures_CFSB_leaf_damage/2025_10_07_RSFB-Phenotyping_WG1_JLU/2025_10_07_RSFB-Phenotyping_WG1_JLU/20251007_140241.jpg,True,151_E94197_R4S_357_3_31
2025_10_07_RSFB-Phenotyping_WG1_JLU,20251007_140304.jpg,152_English Giant_R4S_367_3_32,,,,,,,,,2025_10_07_RSFB-Phenotyping_WG1_JLU_scores.csv,6.0,,,False,,Unknown,../dataset/Pictures_CFSB_leaf_damage/2025_10_07_RSFB-Phenotyping_WG1_JLU/2025_10_07_RSFB-Phenotyping_WG1_JLU/20251007_140304.jpg,True,152_English Giant_R4S_367_3_32
2025_10_07_RSFB-Phenotyping_WG1_JLU,20251007_140310.jpg,152_English Giant_R4S_367_3_32,,,,,,,,,2025_10_07_RSFB-Phenotyping_WG1_JLU_scores.csv,3.0,,,False,,Unknown,../dataset/Pictures_CFSB_leaf_damage/2025_10_07_RSFB-Phenotyping_WG1_JLU/2025_10_07_RSFB-Phenotyping_WG1_JLU/20251007_140310.jpg,True,152_English Giant_R4S_367_3_32
2025_10_07_RSFB-Phenotyping_WG1_JLU,20251007_140315.jpg,152_English Giant_R4S_367_3_32,,,,,,,,,2025_10_07_RSFB-Phenotyping_WG1_JLU_scores.csv,5.0,,,False,,Unknown,../dataset/Pictures_CFSB_leaf_damage/2025_10_07_RSFB-Phenotyping_WG1_JLU/2025_10_07_RSFB-Phenotyping_WG1_JLU/20251007_140315.jpg,True,152_English Giant_R4S_367_3_32
2025_10_07_RSFB-Phenotyping_WG1_JLU,20251007_140330.jpg,153_Lion_R4S_160_3_33,,,,,,,,,2025_10_07_RSFB-Phenotyping_WG1_JLU_scores.csv,2.0,,,False,,Unknown,../dataset/Pictures_CFSB_leaf_damage/2025_10_07_RSFB-Phenotyping_WG1_JLU/2025_10_07_RSFB-Phenotyping_WG1_JLU/20251007_140330.jpg,True,153_Lion_R4S_160_3_33
2025_10_07_RSFB-Phenotyping_WG1_JLU,20251007_140334.jpg,153_Lion_R4S_160_3_33,,,,,,,,,2025_10_07_RSFB-Phenotyping_WG1_JLU_scores.csv,2.0,,,False,,Unknown,../dataset/Pictures_CFSB_leaf_damage/2025_10_07_RSFB-Phenotyping_WG1_JLU/2025_10_07_RSFB-Phenotyping_WG1_JLU/20251007_140334.jpg,True,153_Lion_R4S_160_3_33
2025_10_07_RSFB-Phenotyping_WG1_JLU,20251007_140340.jpg,153_Lion_R4S_160_3_33,,,,,,,,,2025_10_07_RSFB-Phenotyping_WG1_JLU_scores.csv,4.0,,,False,,Unknown,../dataset/Pictures_CFSB_leaf_damage/2025_10_07_RSFB-Phenotyping_WG1_JLU/2025_10_07_RSFB-Phenotyping_WG1_JLU/20251007_140340.jpg,True,153_Lion_R4S_160_3_33
2025_10_07_RSFB-Phenotyping_WG1_JLU,20251007_140356.jpg,154_Smaragd_R4S_541_3_34,,,,,,,,,2025_10_07_RSFB-Phenotyping_WG1_JLU_scores.csv,2.0,,,False,,Unknown,../dataset/Pictures_CFSB_leaf_damage/2025_10_07_RSFB-Phenotyping_WG1_JLU/2025_10_07_RSFB-Phenotyping_WG1_JLU/20251007_140356.jpg,True,154_Smaragd_R4S_541_3_34
2025_10_07_RSFB-Phenotyping_WG1_JLU,20251007_140400.jpg,154_Smaragd_R4S_541_3_34,,,,,,,,,2025_10_07_RSFB-Phenotyping_WG1_JLU_scores.csv,2.0,,,False,,Unknown,../dataset/Pictures_CFSB_leaf_damage/2025_10_07_RSFB-Phenotyping_WG1_JLU/2025_10_07_RSFB-Phenotyping_WG1_JLU/20251007_140400.jpg,True,154_Smaragd_R4S_541_3_34
2025_10_07_RSFB-Phenotyping_WG1_JLU,20251007_140405.jpg,154_Smaragd_R4S_541_3_34,,,,,,,,,2025_10_07_RSFB-Phenotyping_WG1_JLU_scores.csv,3.0,,,False,,Unknown,../dataset/Pictures_CFSB_leaf_damage/2025_10_07_RSFB-Phenotyping_WG1_JLU/2025_10_07_RSFB-Phenotyping_WG1_JLU/20251007_140405.jpg,True,154_Smaragd_R4S_541_3_34
2025_10_07_RSFB-Phenotyping_WG1_JLU,20251007_140421.jpg,155_Ceres_R4S_270_3_35,,,,,,,,,2025_10_07_RSFB-Phenotyping_WG1_JLU_scores.csv,2.0,,,False,,Unknown,../dataset/Pictures_CFSB_leaf_damage/2025_10_07_RSFB-Phenotyping_WG1_JLU/2025_10_07_RSFB-Phenotyping_WG1_JLU/20251007_140421.jpg,True,155_Ceres_R4S_270_3_35
2025_10_07_RSFB-Phenotyping_WG1_JLU,20251007_140426.jpg,155_Ceres_R4S_270_3_35,,,,,,,,,2025_10_07_RSFB-Phenotyping_WG1_JLU_scores.csv,6.0,,,False,,Unknown,../dataset/Pictures_CFSB_leaf_damage/2025_10_07_RSFB-Phenotyping_WG1_JLU/2025_10_07_RSFB-Phenotyping_WG1_JLU/20251007_140426.jpg,True,155_Ceres_R4S_270_3_35
2025_10_07_RSFB-Phenotyping_WG1_JLU,20251007_140432.jpg,155_Ceres_R4S_270_3_35,,,,,,,,,2025_10_07_RSFB-Phenotyping_WG1_JLU_scores.csv,9.0,,,False,,Unknown,../dataset/Pictures_CFSB_leaf_damage/2025_10_07_RSFB-Phenotyping_WG1_JLU/2025_10_07_RSFB-Phenotyping_WG1_JLU/20251007_140432.jpg,True,155_Ceres_R4S_270_3_35
2025_10_07_RSFB-Phenotyping_WG1_JLU,20251007_140450.jpg,156_CHEMBERE DZAGUMHANA_R4S_361_3_36,,,,,,,,,2025_10_07_RSFB-Phenotyping_WG1_JLU_scores.csv,1.0,,,False,,Unknown,../dataset/Pictures_CFSB_leaf_damage/2025_10_07_RSFB-Phenotyping_WG1_JLU/2025_10_07_RSFB-Phenotyping_WG1_JLU/20251007_140450.jpg,True,156_CHEMBERE DZAGUMHANA_R4S_361_3_36
2025_10_07_RSFB-Phenotyping_WG1_JLU,20251007_140458.jpg,156_CHEMBERE DZAGUMHANA_R4S_361_3_36,,,,,,,,,2025_10_07_RSFB-Phenotyping_WG1_JLU_scores.csv,3.0,,,False,,Unknown,../dataset/Pictures_CFSB_leaf_damage/2025_10_07_RSFB-Phenotyping_WG1_JLU/2025_10_07_RSFB-Phenotyping_WG1_JLU/20251007_140458.jpg,True,156_CHEMBERE DZAGUMHANA_R4S_361_3_36
2025_10_07_RSFB-Phenotyping_WG1_JLU,20251007_140502.jpg,156_CHEMBERE DZAGUMHANA_R4S_361_3_36,,,,,,,,,2025_10_07_RSFB-Phenotyping_WG1_JLU_scores.csv,2.0,,,False,,Unknown,../dataset/Pictures_CFSB_leaf_damage/2025_10_07_RSFB-Phenotyping_WG1_JLU/2025_10_07_RSFB-Phenotyping_WG1_JLU/20251007_140502.jpg,True,156_CHEMBERE DZAGUMHANA_R4S_361_3_36
2025_10_07_RSFB-Phenotyping_WG1_JLU,20251007_140507.jpg,156_CHEMBERE DZAGUMHANA_R4S_361_3_36,,,,,,,,,2025_10_07_RSFB-Phenotyping_WG1_JLU_scores.csv,3.0,,,False,,Unknown,../dataset/Pictures_CFSB_leaf_damage/2025_10_07_RSFB-Phenotyping_WG1_JLU/2025_10_07_RSFB-Phenotyping_WG1_JLU/20251007_140507.jpg,True,156_CHEMBERE DZAGUMHANA_R4S_361_3_36
2025_10_07_RSFB-Phenotyping_WG1_JLU,20251007_140522.jpg,157_Samo_R4S_302_3_37,,,,,,,,,2025_10_07_RSFB-Phenotyping_WG1_JLU_scores.csv,1.0,,,False,,Unknown,../dataset/Pictures_CFSB_leaf_damage/2025_10_07_RSFB-Phenotyping_WG1_JLU/2025_10_07_RSFB-Phenotyping_WG1_JLU/20251007_140522.jpg,True,157_Samo_R4S_302_3_37
2025_10_07_RSFB-Phenotyping_WG1_JLU,20251007_140527.jpg,157_Samo_R4S_302_3_37,,,,,,,,,2025_10_07_RSFB-Phenotyping_WG1_JLU_scores.csv,4.0,,,False,,Unknown,../dataset/Pictures_CFSB_leaf_damage/2025_10_07_RSFB-Phenotyping_WG1_JLU/2025_10_07_RSFB-Phenotyping_WG1_JLU/20251007_140527.jpg,True,157_Samo_R4S_302_3_37
2025_10_07_RSFB-Phenotyping_WG1_JLU,20251007_140533.jpg,157_Samo_R4S_302_3_37,,,,,,,,,2025_10_07_RSFB-Phenotyping_WG1_JLU_scores.csv,3.0,,,False,,Unknown,../dataset/Pictures_CFSB_leaf_damage/2025_10_07_RSFB-Phenotyping_WG1_JLU/2025_10_07_RSFB-Phenotyping_WG1_JLU/20251007_140533.jpg,True,157_Samo_R4S_302_3_37
2025_10_07_RSFB-Phenotyping_WG1_JLU,20251007_140550.jpg,158_L239_R4S_405_3_38,,,,,,,,,2025_10_07_RSFB-Phenotyping_WG1_JLU_scores.csv,2.0,,,False,,Unknown,../dataset/Pictures_CFSB_leaf_damage/2025_10_07_RSFB-Phenotyping_WG1_JLU/2025_10_07_RSFB-Phenotyping_WG1_JLU/20251007_140550.jpg,True,158_L239_R4S_405_3_38
2025_10_07_RSFB-Phenotyping_WG1_JLU,20251007_140555.jpg,158_L239_R4S_405_3_38,,,,,,,,,2025_10_07_RSFB-Phenotyping_WG1_JLU_scores.csv,3.0,,,False,,Unknown,../dataset/Pictures_CFSB_leaf_damage/2025_10_07_RSFB-Phenotyping_WG1_JLU/2025_10_07_RSFB-Phenotyping_WG1_JLU/20251007_140555.jpg,True,158_L239_R4S_405_3_38
2025_10_07_RSFB-Phenotyping_WG1_JLU,20251007_140601.jpg,158_L239_R4S_405_3_38,,,,,,,,,2025_10_07_RSFB-Phenotyping_WG1_JLU_scores.csv,4.0,,,False,,Unknown,../dataset/Pictures_CFSB_leaf_damage/2025_10_07_RSFB-Phenotyping_WG1_JLU/2025_10_07_RSFB-Phenotyping_WG1_JLU/20251007_140601.jpg,True,158_L239_R4S_405_3_38
2025_10_07_RSFB-Phenotyping_WG1_JLU,20251007_140616.jpg,159_Recital_R4S_162_3_39,,,,,,,,,2025_10_07_RSFB-Phenotyping_WG1_JLU_scores.csv,3.0,,,False,,Unknown,../dataset/Pictures_CFSB_leaf_damage/2025_10_07_RSFB-Phenotyping_WG1_JLU/2025_10_07_RSFB-Phenotyping_WG1_JLU/20251007_140616.jpg,True,159_Recital_R4S_162_3_39
2025_10_07_RSFB-Phenotyping_WG1_JLU,20251007_140620.jpg,159_Recital_R4S_162_3_39,,,,,,,,,2025_10_07_RSFB-Phenotyping_WG1_JLU_scores.csv,1.0,,,False,,Unknown,../dataset/Pictures_CFSB_leaf_damage/2025_10_07_RSFB-Phenotyping_WG1_JLU/2025_10_07_RSFB-Phenotyping_WG1_JLU/20251007_140620.jpg,True,159_Recital_R4S_162_3_39
2025_10_07_RSFB-Phenotyping_WG1_JLU,20251007_140626.jpg,159_Recital_R4S_162_3_39,,,,,,,,,2025_10_07_RSFB-Phenotyping_WG1_JLU_scores.csv,7.0,,,False,,Unknown,../dataset/Pictures_CFSB_leaf_damage/2025_10_07_RSFB-Phenotyping_WG1_JLU/2025_10_07_RSFB-Phenotyping_WG1_JLU/20251007_140626.jpg,True,159_Recital_R4S_162_3_39
2025_10_07_RSFB-Phenotyping_WG1_JLU,20251007_140645.jpg,160_R31_R4S_515_3_40,,,,,,,,,2025_10_07_RSFB-Phenotyping_WG1_JLU_scores.csv,2.0,,,False,,Unknown,../dataset/Pictures_CFSB_leaf_damage/2025_10_07_RSFB-Phenotyping_WG1_JLU/2025_10_07_RSFB-Phenotyping_WG1_JLU/20251007_140645.jpg,True,160_R31_R4S_515_3_40
2025_10_07_RSFB-Phenotyping_WG1_JLU,20251007_140652.jpg,160_R31_R4S_515_3_40,,,,,,,,,2025_10_07_RSFB-Phenotyping_WG1_JLU_scores.csv,4.0,,,False,,Unknown,../dataset/Pictures_CFSB_leaf_damage/2025_10_07_RSFB-Phenotyping_WG1_JLU/2025_10_07_RSFB-Phenotyping_WG1_JLU/20251007_140652.jpg,True,160_R31_R4S_515_3_40
2025_10_07_RSFB-Phenotyping_WG1_JLU,20251007_140657.jpg,160_R31_R4S_515_3_40,,,,,,,,,2025_10_07_RSFB-Phenotyping_WG1_JLU_scores.csv,8.0,,,False,,Unknown,../dataset/Pictures_CFSB_leaf_damage/2025_10_07_RSFB-Phenotyping_WG1_JLU/2025_10_07_RSFB-Phenotyping_WG1_JLU/20251007_140657.jpg,True,160_R31_R4S_515_3_40
2025_10_07_RSFB-Phenotyping_WG1_JLU,20251007_140713.jpg,161_Liragruen_R4S_299_3_41,,,,,,,,,2025_10_07_RSFB-Phenotyping_WG1_JLU_scores.csv,7.0,,,False,,Unknown,../dataset/Pictures_CFSB_leaf_damage/2025_10_07_RSFB-Phenotyping_WG1_JLU/2025_10_07_RSFB-Phenotyping_WG1_JLU/20251007_140713.jpg,True,161_Liragruen_R4S_299_3_41
2025_10_07_RSFB-Phenotyping_WG1_JLU,20251007_140719.jpg,161_Liragruen_R4S_299_3_41,,,,,,,,,2025_10_07_RSFB-Phenotyping_WG1_JLU_scores.csv,12.0,,,False,,Unknown,../dataset/Pictures_CFSB_leaf_damage/2025_10_07_RSFB-Phenotyping_WG1_JLU/2025_10_07_RSFB-Phenotyping_WG1_JLU/20251007_140719.jpg,True,161_Liragruen_R4S_299_3_41
2025_10_07_RSFB-Phenotyping_WG1_JLU,20251007_140724.jpg,161_Liragruen_R4S_299_3_41,,,,,,,,,2025_10_07_RSFB-Phenotyping_WG1_JLU_scores.csv,14.0,,,False,,Unknown,../dataset/Pictures_CFSB_leaf_damage/2025_10_07_RSFB-Phenotyping_WG1_JLU/2025_10_07_RSFB-Phenotyping_WG1_JLU/20251007_140724.jpg,True,161_Liragruen_R4S_299_3_41
2025_10_07_RSFB-Phenotyping_WG1_JLU,20251007_140740.jpg,162_Lilian_R4S_226_3_42,,,,,,,,,2025_10_07_RSFB-Phenotyping_WG1_JLU_scores.csv,4.0,,,False,,Unknown,../dataset/Pictures_CFSB_leaf_damage/2025_10_07_RSFB-Phenotyping_WG1_JLU/2025_10_07_RSFB-Phenotyping_WG1_JLU/20251007_140740.jpg,True,162_Lilian_R4S_226_3_42
2025_10_07_RSFB-Phenotyping_WG1_JLU,20251007_140747.jpg,162_Lilian_R4S_226_3_42,,,,,,,,,2025_10_07_RSFB-Phenotyping_WG1_JLU_scores.csv,3.0,,,False,,Unknown,../dataset/Pictures_CFSB_leaf_damage/2025_10_07_RSFB-Phenotyping_WG1_JLU/2025_10_07_RSFB-Phenotyping_WG1_JLU/20251007_140747.jpg,True,162_Lilian_R4S_226_3_42
2025_10_07_RSFB-Phenotyping_WG1_JLU,20251007_140755.jpg,162_Lilian_R4S_226_3_42,,,,,,,,,2025_10_07_RSFB-Phenotyping_WG1_JLU_scores.csv,8.0,,,False,,Unknown,../dataset/Pictures_CFSB_leaf_damage/2025_10_07_RSFB-Phenotyping_WG1_JLU/2025_10_07_RSFB-Phenotyping_WG1_JLU/20251007_140755.jpg,True,162_Lilian_R4S_226_3_42
2025_10_07_RSFB-Phenotyping_WG1_JLU,20251007_140812.jpg,163_Zephir_R4S_234_3_43,,,,,,,,,2025_10_07_RSFB-Phenotyping_WG1_JLU_scores.csv,2.0,,,False,,Unknown,../dataset/Pictures_CFSB_leaf_damage/2025_10_07_RSFB-Phenotyping_WG1_JLU/2025_10_07_RSFB-Phenotyping_WG1_JLU/20251007_140812.jpg,True,163_Zephir_R4S_234_3_43
2025_10_07_RSFB-Phenotyping_WG1_JLU,20251007_140818.jpg,163_Zephir_R4S_234_3_43,,,,,,,,,2025_10_07_RSFB-Phenotyping_WG1_JLU_scores.csv,2.0,,,False,,Unknown,../dataset/Pictures_CFSB_leaf_damage/2025_10_07_RSFB-Phenotyping_WG1_JLU/2025_10_07_RSFB-Phenotyping_WG1_JLU/20251007_140818.jpg,True,163_Zephir_R4S_234_3_43
2025_10_07_RSFB-Phenotyping_WG1_JLU,20251007_140823.jpg,163_Zephir_R4S_234_3_43,,,,,,,,,2025_10_07_RSFB-Phenotyping_WG1_JLU_scores.csv,3.0,,,False,,Unknown,../dataset/Pictures_CFSB_leaf_damage/2025_10_07_RSFB-Phenotyping_WG1_JLU/2025_10_07_RSFB-Phenotyping_WG1_JLU/20251007_140823.jpg,True,163_Zephir_R4S_234_3_43
2025_10_07_RSFB-Phenotyping_WG1_JLU,20251007_140839.jpg,164_Trebicska_R4S_290_3_44,,,,,,,,,2025_10_07_RSFB-Phenotyping_WG1_JLU_scores.csv,3.0,,,False,,Unknown,../dataset/Pictures_CFSB_leaf_damage/2025_10_07_RSFB-Phenotyping_WG1_JLU/2025_10_07_RSFB-Phenotyping_WG1_JLU/20251007_140839.jpg,True,164_Trebicska_R4S_290_3_44
2025_10_07_RSFB-Phenotyping_WG1_JLU,20251007_140845.jpg,164_Trebicska_R4S_290_3_44,,,,,,,,,2025_10_07_RSFB-Phenotyping_WG1_JLU_scores.csv,9.0,,,False,,Unknown,../dataset/Pictures_CFSB_leaf_damage/2025_10_07_RSFB-Phenotyping_WG1_JLU/2025_10_07_RSFB-Phenotyping_WG1_JLU/20251007_140845.jpg,True,164_Trebicska_R4S_290_3_44
2025_10_07_RSFB-Phenotyping_WG1_JLU,20251007_140851.jpg,164_Trebicska_R4S_290_3_44,,,,,,,,,2025_10_07_RSFB-Phenotyping_WG1_JLU_scores.csv,9.0,,,False,,Unknown,../dataset/Pictures_CFSB_leaf_damage/2025_10_07_RSFB-Phenotyping_WG1_JLU/2025_10_07_RSFB-Phenotyping_WG1_JLU/20251007_140851.jpg,True,164_Trebicska_R4S_290_3_44
2025_10_07_RSFB-Phenotyping_WG1_JLU,20251007_140908.jpg,165_Magnum_R4S_163_3_45,,,,,,,,,2025_10_07_RSFB-Phenotyping_WG1_JLU_scores.csv,4.0,,,False,,Unknown,../dataset/Pictures_CFSB_leaf_damage/2025_10_07_RSFB-Phenotyping_WG1_JLU/2025_10_07_RSFB-Phenotyping_WG1_JLU/20251007_140908.jpg,True,165_Magnum_R4S_163_3_45
2025_10_07_RSFB-Phenotyping_WG1_JLU,20251007_140913.jpg,165_Magnum_R4S_163_3_45,,,,,,,,,2025_10_07_RSFB-Phenotyping_WG1_JLU_scores.csv,9.0,,,False,,Unknown,../dataset/Pictures_CFSB_leaf_damage/2025_10_07_RSFB-Phenotyping_WG1_JLU/2025_10_07_RSFB-Phenotyping_WG1_JLU/20251007_140913.jpg,True,165_Magnum_R4S_163_3_45
2025_10_07_RSFB-Phenotyping_WG1_JLU,20251007_140919.jpg,165_Magnum_R4S_163_3_45,,,,,,,,,2025_10_07_RSFB-Phenotyping_WG1_JLU_scores.csv,9.0,,,False,,Unknown,../dataset/Pictures_CFSB_leaf_damage/2025_10_07_RSFB-Phenotyping_WG1_JLU/2025_10_07_RSFB-Phenotyping_WG1_JLU/20251007_140919.jpg,True,165_Magnum_R4S_163_3_45
2025_10_07_RSFB-Phenotyping_WG1_JLU,20251007_140935.jpg,166_Smaragd_R4S_542_3_46,,,,,,,,,2025_10_07_RSFB-Phenotyping_WG1_JLU_scores.csv,3.0,,,False,,Unknown,../dataset/Pictures_CFSB_leaf_damage/2025_10_07_RSFB-Phenotyping_WG1_JLU/2025_10_07_RSFB-Phenotyping_WG1_JLU/20251007_140935.jpg,True,166_Smaragd_R4S_542_3_46
2025_10_07_RSFB-Phenotyping_WG1_JLU,20251007_140939.jpg,166_Smaragd_R4S_542_3_46,,,,,,,,,2025_10_07_RSFB-Phenotyping_WG1_JLU_scores.csv,10.0,,,False,,Unknown,../dataset/Pictures_CFSB_leaf_damage/2025_10_07_RSFB-Phenotyping_WG1_JLU/2025_10_07_RSFB-Phenotyping_WG1_JLU/20251007_140939.jpg,True,166_Smaragd_R4S_542_3_46
2025_10_07_RSFB-Phenotyping_WG1_JLU,20251007_140945.jpg,166_Smaragd_R4S_542_3_46,,,,,,,,,2025_10_07_RSFB-Phenotyping_WG1_JLU_scores.csv,6.0,,,False,,Unknown,../dataset/Pictures_CFSB_leaf_damage/2025_10_07_RSFB-Phenotyping_WG1_JLU/2025_10_07_RSFB-Phenotyping_WG1_JLU/20251007_140945.jpg,True,166_Smaragd_R4S_542_3_46
2025_10_07_RSFB-Phenotyping_WG1_JLU,20251007_141001.jpg,167_Lord_R4S_262_3_47,,,,,,,,,2025_10_07_RSFB-Phenotyping_WG1_JLU_scores.csv,1.0,,,False,,Unknown,../dataset/Pictures_CFSB_leaf_damage/2025_10_07_RSFB-Phenotyping_WG1_JLU/2025_10_07_RSFB-Phenotyping_WG1_JLU/20251007_141001.jpg,True,167_Lord_R4S_262_3_47
2025_10_07_RSFB-Phenotyping_WG1_JLU,20251007_141005.jpg,167_Lord_R4S_262_3_47,,,,,,,,,2025_10_07_RSFB-Phenotyping_WG1_JLU_scores.csv,18.0,,,False,,Unknown,../dataset/Pictures_CFSB_leaf_damage/2025_10_07_RSFB-Phenotyping_WG1_JLU/2025_10_07_RSFB-Phenotyping_WG1_JLU/20251007_141005.jpg,True,167_Lord_R4S_262_3_47
2025_10_07_RSFB-Phenotyping_WG1_JLU,20251007_141012.jpg,167_Lord_R4S_262_3_47,,,,,,,,,2025_10_07_RSFB-Phenotyping_WG1_JLU_scores.csv,20.0,,,False,,Unknown,../dataset/Pictures_CFSB_leaf_damage/2025_10_07_RSFB-Phenotyping_WG1_JLU/2025_10_07_RSFB-Phenotyping_WG1_JLU/20251007_141012.jpg,True,167_Lord_R4S_262_3_47
2025_10_07_RSFB-Phenotyping_WG1_JLU,20251007_141028.jpg,168_BRAUNER SCHNITTKOHL_R4S_362_3_48,,,,,,,,,2025_10_07_RSFB-Phenotyping_WG1_JLU_scores.csv,6.0,,,False,,Unknown,../dataset/Pictures_CFSB_leaf_damage/2025_10_07_RSFB-Phenotyping_WG1_JLU/2025_10_07_RSFB-Phenotyping_WG1_JLU/20251007_141028.jpg,True,168_BRAUNER SCHNITTKOHL_R4S_362_3_48
2025_10_07_RSFB-Phenotyping_WG1_JLU,20251007_141033.jpg,168_BRAUNER SCHNITTKOHL_R4S_362_3_48,,,,,,,,,2025_10_07_RSFB-Phenotyping_WG1_JLU_scores.csv,7.0,,,False,,Unknown,../dataset/Pictures_CFSB_leaf_damage/2025_10_07_RSFB-Phenotyping_WG1_JLU/2025_10_07_RSFB-Phenotyping_WG1_JLU/20251007_141033.jpg,True,168_BRAUNER SCHNITTKOHL_R4S_362_3_48
2025_10_07_RSFB-Phenotyping_WG1_JLU,20251007_141039.jpg,168_BRAUNER SCHNITTKOHL_R4S_362_3_48,,,,,,,,,2025_10_07_RSFB-Phenotyping_WG1_JLU_scores.csv,4.0,,,False,,Unknown,../dataset/Pictures_CFSB_leaf_damage/2025_10_07_RSFB-Phenotyping_WG1_JLU/2025_10_07_RSFB-Phenotyping_WG1_JLU/20251007_141039.jpg,True,168_BRAUNER SCHNITTKOHL_R4S_362_3_48
2025_10_07_RSFB-Phenotyping_WG1_JLU,20251007_141056.jpg,169_R75_R4S_484_3_49,,,,,,,,,2025_10_07_RSFB-Phenotyping_WG1_JLU_scores.csv,8.0,,,False,,Unknown,../dataset/Pictures_CFSB_leaf_damage/2025_10_07_RSFB-Phenotyping_WG1_JLU/2025_10_07_RSFB-Phenotyping_WG1_JLU/20251007_141056.jpg,True,169_R75_R4S_484_3_49
2025_10_07_RSFB-Phenotyping_WG1_JLU,20251007_141103.jpg,169_R75_R4S_484_3_49,,,,,,,,,2025_10_07_RSFB-Phenotyping_WG1_JLU_scores.csv,7.0,,,False,,Unknown,../dataset/Pictures_CFSB_leaf_damage/2025_10_07_RSFB-Phenotyping_WG1_JLU/2025_10_07_RSFB-Phenotyping_WG1_JLU/20251007_141103.jpg,True,169_R75_R4S_484_3_49
2025_10_07_RSFB-Phenotyping_WG1_JLU,20251007_141108.jpg,169_R75_R4S_484_3_49,,,,,,,,,2025_10_07_RSFB-Phenotyping_WG1_JLU_scores.csv,19.0,,,False,,Unknown,../dataset/Pictures_CFSB_leaf_damage/2025_10_07_RSFB-Phenotyping_WG1_JLU/2025_10_07_RSFB-Phenotyping_WG1_JLU/20251007_141108.jpg,True,169_R75_R4S_484_3_49
2025_10_07_RSFB-Phenotyping_WG1_JLU,20251007_141126.jpg,170_Parapluie_R4S_301_3_50,,,,,,,,,2025_10_07_RSFB-Phenotyping_WG1_JLU_scores.csv,11.0,,,False,,Unknown,../dataset/Pictures_CFSB_leaf_damage/2025_10_07_RSFB-Phenotyping_WG1_JLU/2025_10_07_RSFB-Phenotyping_WG1_JLU/20251007_141126.jpg,True,170_Parapluie_R4S_301_3_50
2025_10_07_RSFB-Phenotyping_WG1_JLU,20251007_141134.jpg,170_Parapluie_R4S_301_3_50,,,,,,,,,2025_10_07_RSFB-Phenotyping_WG1_JLU_scores.csv,6.0,,,False,,Unknown,../dataset/Pictures_CFSB_leaf_damage/2025_10_07_RSFB-Phenotyping_WG1_JLU/2025_10_07_RSFB-Phenotyping_WG1_JLU/20251007_141134.jpg,True,170_Parapluie_R4S_301_3_50
2025_10_07_RSFB-Phenotyping_WG1_JLU,20251007_141139.jpg,170_Parapluie_R4S_301_3_50,,,,,,,,,2025_10_07_RSFB-Phenotyping_WG1_JLU_scores.csv,4.0,,,False,,Unknown,../dataset/Pictures_CFSB_leaf_damage/2025_10_07_RSFB-Phenotyping_WG1_JLU/2025_10_07_RSFB-Phenotyping_WG1_JLU/20251007_141139.jpg,True,170_Parapluie_R4S_301_3_50
2025_10_07_RSFB-Phenotyping_WG1_JLU,20251007_141154.jpg,171_Madrigal_R4S_247_3_51,,,,,,,,,2025_10_07_RSFB-Phenotyping_WG1_JLU_scores.csv,4.0,,,False,,Unknown,../dataset/Pictures_CFSB_leaf_damage/2025_10_07_RSFB-Phenotyping_WG1_JLU/2025_10_07_RSFB-Phenotyping_WG1_JLU/20251007_141154.jpg,True,171_Madrigal_R4S_247_3_51
2025_10_07_RSFB-Phenotyping_WG1_JLU,20251007_141159.jpg,171_Madrigal_R4S_247_3_51,,,,,,,,,2025_10_07_RSFB-Phenotyping_WG1_JLU_scores.csv,2.0,,,False,,Unknown,../dataset/Pictures_CFSB_leaf_damage/2025_10_07_RSFB-Phenotyping_WG1_JLU/2025_10_07_RSFB-Phenotyping_WG1_JLU/20251007_141159.jpg,True,171_Madrigal_R4S_247_3_51
2025_10_07_RSFB-Phenotyping_WG1_JLU,20251007_141204.jpg,171_Madrigal_R4S_247_3_51,,,,,,,,,2025_10_07_RSFB-Phenotyping_WG1_JLU_scores.csv,4.0,,,False,,Unknown,../dataset/Pictures_CFSB_leaf_damage/2025_10_07_RSFB-Phenotyping_WG1_JLU/2025_10_07_RSFB-Phenotyping_WG1_JLU/20251007_141204.jpg,True,171_Madrigal_R4S_247_3_51
2025_10_07_RSFB-Phenotyping_WG1_JLU,20251007_141221.jpg,172_S3_R4S_454_3_52,,,,,,,,,2025_10_07_RSFB-Phenotyping_WG1_JLU_scores.csv,3.0,,,False,,Unknown,../dataset/Pictures_CFSB_leaf_damage/2025_10_07_RSFB-Phenotyping_WG1_JLU/2025_10_07_RSFB-Phenotyping_WG1_JLU/20251007_141221.jpg,True,172_S3_R4S_454_3_52
2025_10_07_RSFB-Phenotyping_WG1_JLU,20251007_141226.jpg,172_S3_R4S_454_3_52,,,,,,,,,2025_10_07_RSFB-Phenotyping_WG1_JLU_scores.csv,3.0,,,False,,Unknown,../dataset/Pictures_CFSB_leaf_damage/2025_10_07_RSFB-Phenotyping_WG1_JLU/2025_10_07_RSFB-Phenotyping_WG1_JLU/20251007_141226.jpg,True,172_S3_R4S_454_3_52
2025_10_07_RSFB-Phenotyping_WG1_JLU,20251007_141232.jpg,172_S3_R4S_454_3_52,,,,,,,,,2025_10_07_RSFB-Phenotyping_WG1_JLU_scores.csv,2.0,,,False,,Unknown,../dataset/Pictures_CFSB_leaf_damage/2025_10_07_RSFB-Phenotyping_WG1_JLU/2025_10_07_RSFB-Phenotyping_WG1_JLU/20251007_141232.jpg,True,172_S3_R4S_454_3_52
2025_10_07_RSFB-Phenotyping_WG1_JLU,20251007_141249.jpg,173_Diamant_R4S_396_3_53,,,,,,,,,2025_10_07_RSFB-Phenotyping_WG1_JLU_scores.csv,2.0,,,False,,Unknown,../dataset/Pictures_CFSB_leaf_damage/2025_10_07_RSFB-Phenotyping_WG1_JLU/2025_10_07_RSFB-Phenotyping_WG1_JLU/20251007_141249.jpg,True,173_Diamant_R4S_396_3_53
2025_10_07_RSFB-Phenotyping_WG1_JLU,20251007_141254.jpg,173_Diamant_R4S_396_3_53,,,,,,,,,2025_10_07_RSFB-Phenotyping_WG1_JLU_scores.csv,3.0,,,False,,Unknown,../dataset/Pictures_CFSB_leaf_damage/2025_10_07_RSFB-Phenotyping_WG1_JLU/2025_10_07_RSFB-Phenotyping_WG1_JLU/20251007_141254.jpg,True,173_Diamant_R4S_396_3_53
2025_10_07_RSFB-Phenotyping_WG1_JLU,20251007_141259.jpg,173_Diamant_R4S_396_3_53,,,,,,,,,2025_10_07_RSFB-Phenotyping_WG1_JLU_scores.csv,4.0,,,False,,Unknown,../dataset/Pictures_CFSB_leaf_damage/2025_10_07_RSFB-Phenotyping_WG1_JLU/2025_10_07_RSFB-Phenotyping_WG1_JLU/20251007_141259.jpg,True,173_Diamant_R4S_396_3_53
2025_10_07_RSFB-Phenotyping_WG1_JLU,20251007_141316.jpg,174_Fortis_R4S_164_3_54,,,,,,,,,2025_10_07_RSFB-Phenotyping_WG1_JLU_scores.csv,10.0,,,False,,Unknown,../dataset/Pictures_CFSB_leaf_damage/2025_10_07_RSFB-Phenotyping_WG1_JLU/2025_10_07_RSFB-Phenotyping_WG1_JLU/20251007_141316.jpg,True,174_Fortis_R4S_164_3_54
2025_10_07_RSFB-Phenotyping_WG1_JLU,20251007_141322.jpg,174_Fortis_R4S_164_3_54,,,,,,,,,2025_10_07_RSFB-Phenotyping_WG1_JLU_scores.csv,4.0,,,False,,Unknown,../dataset/Pictures_CFSB_leaf_damage/2025_10_07_RSFB-Phenotyping_WG1_JLU/2025_10_07_RSFB-Phenotyping_WG1_JLU/20251007_141322.jpg,True,174_Fortis_R4S_164_3_54
2025_10_07_RSFB-Phenotyping_WG1_JLU,20251007_141328.jpg,174_Fortis_R4S_164_3_54,,,,,,,,,2025_10_07_RSFB-Phenotyping_WG1_JLU_scores.csv,21.0,,,False,,Unknown,../dataset/Pictures_CFSB_leaf_damage/2025_10_07_RSFB-Phenotyping_WG1_JLU/2025_10_07_RSFB-Phenotyping_WG1_JLU/20251007_141328.jpg,True,174_Fortis_R4S_164_3_54
2025_10_07_RSFB-Phenotyping_WG1_JLU,20251007_141344.jpg,175_WINFRED_R4S_534_3_55,,,,,,,,,2025_10_07_RSFB-Phenotyping_WG1_JLU_scores.csv,6.0,,,False,,Unknown,../dataset/Pictures_CFSB_leaf_damage/2025_10_07_RSFB-Phenotyping_WG1_JLU/2025_10_07_RSFB-Phenotyping_WG1_JLU/20251007_141344.jpg,True,175_WINFRED_R4S_534_3_55
2025_10_07_RSFB-Phenotyping_WG1_JLU,20251007_141349.jpg,175_WINFRED_R4S_534_3_55,,,,,,,,,2025_10_07_RSFB-Phenotyping_WG1_JLU_scores.csv,12.0,,,False,,Unknown,../dataset/Pictures_CFSB_leaf_damage/2025_10_07_RSFB-Phenotyping_WG1_JLU/2025_10_07_RSFB-Phenotyping_WG1_JLU/20251007_141349.jpg,True,175_WINFRED_R4S_534_3_55
2025_10_07_RSFB-Phenotyping_WG1_JLU,20251007_141355.jpg,175_WINFRED_R4S_534_3_55,,,,,,,,,2025_10_07_RSFB-Phenotyping_WG1_JLU_scores.csv,9.0,,,False,,Unknown,../dataset/Pictures_CFSB_leaf_damage/2025_10_07_RSFB-Phenotyping_WG1_JLU/2025_10_07_RSFB-Phenotyping_WG1_JLU/20251007_141355.jpg,True,175_WINFRED_R4S_534_3_55
2025_10_07_RSFB-Phenotyping_WG1_JLU,20251007_141414.jpg,176_Essex Model_R4S_322_3_56,,,,,,,,,2025_10_07_RSFB-Phenotyping_WG1_JLU_scores.csv,3.0,,,False,,Unknown,../dataset/Pictures_CFSB_leaf_damage/2025_10_07_RSFB-Phenotyping_WG1_JLU/2025_10_07_RSFB-Phenotyping_WG1_JLU/20251007_141414.jpg,True,176_Essex Model_R4S_322_3_56
2025_10_07_RSFB-Phenotyping_WG1_JLU,20251007_141419.jpg,176_Essex Model_R4S_322_3_56,,,,,,,,,2025_10_07_RSFB-Phenotyping_WG1_JLU_scores.csv,8.0,,,False,,Unknown,../dataset/Pictures_CFSB_leaf_damage/2025_10_07_RSFB-Phenotyping_WG1_JLU/2025_10_07_RSFB-Phenotyping_WG1_JLU/20251007_141419.jpg,True,176_Essex Model_R4S_322_3_56
2025_10_07_RSFB-Phenotyping_WG1_JLU,20251007_141427.jpg,176_Essex Model_R4S_322_3_56,,,,,,,,,2025_10_07_RSFB-Phenotyping_WG1_JLU_scores.csv,4.0,,,False,,Unknown,../dataset/Pictures_CFSB_leaf_damage/2025_10_07_RSFB-Phenotyping_WG1_JLU/2025_10_07_RSFB-Phenotyping_WG1_JLU/20251007_141427.jpg,True,176_Essex Model_R4S_322_3_56
2025_10_07_RSFB-Phenotyping_WG1_JLU,20251007_141443.jpg,177_MOANA MOANA RAPE_R4S_371_3_57,,,,,,,,,2025_10_07_RSFB-Phenotyping_WG1_JLU_scores.csv,3.0,,,False,,Unknown,../dataset/Pictures_CFSB_leaf_damage/2025_10_07_RSFB-Phenotyping_WG1_JLU/2025_10_07_RSFB-Phenotyping_WG1_JLU/20251007_141443.jpg,True,177_MOANA MOANA RAPE_R4S_371_3_57
2025_10_07_RSFB-Phenotyping_WG1_JLU,20251007_141449.jpg,177_MOANA MOANA RAPE_R4S_371_3_57,,,,,,,,,2025_10_07_RSFB-Phenotyping_WG1_JLU_scores.csv,3.0,,,False,,Unknown,../dataset/Pictures_CFSB_leaf_damage/2025_10_07_RSFB-Phenotyping_WG1_JLU/2025_10_07_RSFB-Phenotyping_WG1_JLU/20251007_141449.jpg,True,177_MOANA MOANA RAPE_R4S_371_3_57
2025_10_07_RSFB-Phenotyping_WG1_JLU,20251007_141453.jpg,177_MOANA MOANA RAPE_R4S_371_3_57,,,,,,,,,2025_10_07_RSFB-Phenotyping_WG1_JLU_scores.csv,4.0,,,False,,Unknown,../dataset/Pictures_CFSB_leaf_damage/2025_10_07_RSFB-Phenotyping_WG1_JLU/2025_10_07_RSFB-Phenotyping_WG1_JLU/20251007_141453.jpg,True,177_MOANA MOANA RAPE_R4S_371_3_57
2025_10_07_RSFB-Phenotyping_WG1_JLU,20251007_141512.jpg,178_FORTIN FAMILY_R4S_313_3_58,,,,,,,,,2025_10_07_RSFB-Phenotyping_WG1_JLU_scores.csv,14.0,,,False,,Unknown,../dataset/Pictures_CFSB_leaf_damage/2025_10_07_RSFB-Phenotyping_WG1_JLU/2025_10_07_RSFB-Phenotyping_WG1_JLU/20251007_141512.jpg,True,178_FORTIN FAMILY_R4S_313_3_58
2025_10_07_RSFB-Phenotyping_WG1_JLU,20251007_141519.jpg,178_FORTIN FAMILY_R4S_313_3_58,,,,,,,,,2025_10_07_RSFB-Phenotyping_WG1_JLU_scores.csv,11.0,,,False,,Unknown,../dataset/Pictures_CFSB_leaf_damage/2025_10_07_RSFB-Phenotyping_WG1_JLU/2025_10_07_RSFB-Phenotyping_WG1_JLU/20251007_141519.jpg,True,178_FORTIN FAMILY_R4S_313_3_58
2025_10_07_RSFB-Phenotyping_WG1_JLU,20251007_141526.jpg,178_FORTIN FAMILY_R4S_313_3_58,,,,,,,,,2025_10_07_RSFB-Phenotyping_WG1_JLU_scores.csv,3.0,,,False,,Unknown,../dataset/Pictures_CFSB_leaf_damage/2025_10_07_RSFB-Phenotyping_WG1_JLU/2025_10_07_RSFB-Phenotyping_WG1_JLU/20251007_141526.jpg,True,178_FORTIN FAMILY_R4S_313_3_58
2025_10_07_RSFB-Phenotyping_WG1_JLU,20251007_141542.jpg,179_Lesira_R4S_219_3_59,,,,,,,,,2025_10_07_RSFB-Phenotyping_WG1_JLU_scores.csv,8.0,,,False,,Unknown,../dataset/Pictures_CFSB_leaf_damage/2025_10_07_RSFB-Phenotyping_WG1_JLU/2025_10_07_RSFB-Phenotyping_WG1_JLU/20251007_141542.jpg,True,179_Lesira_R4S_219_3_59
2025_10_07_RSFB-Phenotyping_WG1_JLU,20251007_141547.jpg,179_Lesira_R4S_219_3_59,,,,,,,,,2025_10_07_RSFB-Phenotyping_WG1_JLU_scores.csv,10.0,,,False,,Unknown,../dataset/Pictures_CFSB_leaf_damage/2025_10_07_RSFB-Phenotyping_WG1_JLU/2025_10_07_RSFB-Phenotyping_WG1_JLU/20251007_141547.jpg,True,179_Lesira_R4S_219_3_59
2025_10_07_RSFB-Phenotyping_WG1_JLU,20251007_141556.jpg,179_Lesira_R4S_219_3_59,,,,,,,,,2025_10_07_RSFB-Phenotyping_WG1_JLU_scores.csv,4.0,,,False,,Unknown,../dataset/Pictures_CFSB_leaf_damage/2025_10_07_RSFB-Phenotyping_WG1_JLU/2025_10_07_RSFB-Phenotyping_WG1_JLU/20251007_141556.jpg,True,179_Lesira_R4S_219_3_59
2025_10_07_RSFB-Phenotyping_WG1_JLU,20251007_141613.jpg,180_Guelzower Oelquell_R4S_274_3_60,,,,,,,,,2025_10_07_RSFB-Phenotyping_WG1_JLU_scores.csv,5.0,,,False,,Unknown,../dataset/Pictures_CFSB_leaf_damage/2025_10_07_RSFB-Phenotyping_WG1_JLU/2025_10_07_RSFB-Phenotyping_WG1_JLU/20251007_141613.jpg,True,180_Guelzower Oelquell_R4S_274_3_60
2025_10_07_RSFB-Phenotyping_WG1_JLU,20251007_141618.jpg,180_Guelzower Oelquell_R4S_274_3_60,,,,,,,,,2025_10_07_RSFB-Phenotyping_WG1_JLU_scores.csv,8.0,,,False,,Unknown,../dataset/Pictures_CFSB_leaf_damage/2025_10_07_RSFB-Phenotyping_WG1_JLU/2025_10_07_RSFB-Phenotyping_WG1_JLU/20251007_141618.jpg,True,180_Guelzower Oelquell_R4S_274_3_60
2025_10_07_RSFB-Phenotyping_WG1_JLU,20251007_141623.jpg,180_Guelzower Oelquell_R4S_274_3_60,,,,,,,,,2025_10_07_RSFB-Phenotyping_WG1_JLU_scores.csv,9.0,,,False,,Unknown,../dataset/Pictures_CFSB_leaf_damage/2025_10_07_RSFB-Phenotyping_WG1_JLU/2025_10_07_RSFB-Phenotyping_WG1_JLU/20251007_141623.jpg,True,180_Guelzower Oelquell_R4S_274_3_60
2025_10_07_RSFB-Phenotyping_WG1_JLU,20251007_141702.jpg,240_ALLESANDRO KWS_R4S_552_4_60,,,,,,,,,2025_10_07_RSFB-Phenotyping_WG1_JLU_scores.csv,8.0,,,False,,Unknown,../dataset/Pictures_CFSB_leaf_damage/2025_10_07_RSFB-Phenotyping_WG1_JLU/2025_10_07_RSFB-Phenotyping_WG1_JLU/20251007_141702.jpg,True,240_ALLESANDRO KWS_R4S_552_4_60
2025_10_07_RSFB-Phenotyping_WG1_JLU,20251007_141707.jpg,240_ALLESANDRO KWS_R4S_552_4_60,,,,,,,,,2025_10_07_RSFB-Phenotyping_WG1_JLU_scores.csv,4.0,,,False,,Unknown,../dataset/Pictures_CFSB_leaf_damage/2025_10_07_RSFB-Phenotyping_WG1_JLU/2025_10_07_RSFB-Phenotyping_WG1_JLU/20251007_141707.jpg,True,240_ALLESANDRO KWS_R4S_552_4_60
2025_10_07_RSFB-Phenotyping_WG1_JLU,20251007_141712.jpg,240_ALLESANDRO KWS_R4S_552_4_60,,,,,,,,,2025_10_07_RSFB-Phenotyping_WG1_JLU_scores.csv,5.0,,,False,,Unknown,../dataset/Pictures_CFSB_leaf_damage/2025_10_07_RSFB-Phenotyping_WG1_JLU/2025_10_07_RSFB-Phenotyping_WG1_JLU/20251007_141712.jpg,True,240_ALLESANDRO KWS_R4S_552_4_60
2025_10_07_RSFB-Phenotyping_WG1_JLU,20251007_141723.jpg,239_G89_R4S_422_4_59,,,,,,,,,2025_10_07_RSFB-Phenotyping_WG1_JLU_scores.csv,9.0,,,False,,Unknown,../dataset/Pictures_CFSB_leaf_damage/2025_10_07_RSFB-Phenotyping_WG1_JLU/2025_10_07_RSFB-Phenotyping_WG1_JLU/20251007_141723.jpg,True,239_G89_R4S_422_4_59
2025_10_07_RSFB-Phenotyping_WG1_JLU,20251007_141729.jpg,239_G89_R4S_422_4_59,,,,,,,,,2025_10_07_RSFB-Phenotyping_WG1_JLU_scores.csv,4.0,,,False,,Unknown,../dataset/Pictures_CFSB_leaf_damage/2025_10_07_RSFB-Phenotyping_WG1_JLU/2025_10_07_RSFB-Phenotyping_WG1_JLU/20251007_141729.jpg,True,239_G89_R4S_422_4_59
2025_10_07_RSFB-Phenotyping_WG1_JLU,20251007_141735.jpg,239_G89_R4S_422_4_59,,,,,,,,,2025_10_07_RSFB-Phenotyping_WG1_JLU_scores.csv,5.0,,,False,,Unknown,../dataset/Pictures_CFSB_leaf_damage/2025_10_07_RSFB-Phenotyping_WG1_JLU/2025_10_07_RSFB-Phenotyping_WG1_JLU/20251007_141735.jpg,True,239_G89_R4S_422_4_59
2025_10_07_RSFB-Phenotyping_WG1_JLU,20251007_141749.jpg,238_Liporta_R4S_388_4_58,,,,,,,,,2025_10_07_RSFB-Phenotyping_WG1_JLU_scores.csv,7.0,,,False,,Unknown,../dataset/Pictures_CFSB_leaf_damage/2025_10_07_RSFB-Phenotyping_WG1_JLU/2025_10_07_RSFB-Phenotyping_WG1_JLU/20251007_141749.jpg,True,238_Liporta_R4S_388_4_58
2025_10_07_RSFB-Phenotyping_WG1_JLU,20251007_141756.jpg,238_Liporta_R4S_388_4_58,,,,,,,,,2025_10_07_RSFB-Phenotyping_WG1_JLU_scores.csv,10.0,,,False,,Unknown,../dataset/Pictures_CFSB_leaf_damage/2025_10_07_RSFB-Phenotyping_WG1_JLU/2025_10_07_RSFB-Phenotyping_WG1_JLU/20251007_141756.jpg,True,238_Liporta_R4S_388_4_58
2025_10_07_RSFB-Phenotyping_WG1_JLU,20251007_141801.jpg,238_Liporta_R4S_388_4_58,,,,,,,,,2025_10_07_RSFB-Phenotyping_WG1_JLU_scores.csv,4.0,,,False,,Unknown,../dataset/Pictures_CFSB_leaf_damage/2025_10_07_RSFB-Phenotyping_WG1_JLU/2025_10_07_RSFB-Phenotyping_WG1_JLU/20251007_141801.jpg,True,238_Liporta_R4S_388_4_58
2025_10_07_RSFB-Phenotyping_WG1_JLU,20251007_141817.jpg,237_DSV3_R4S_496_4_57,,,,,,,,,2025_10_07_RSFB-Phenotyping_WG1_JLU_scores.csv,8.0,,,False,,Unknown,../dataset/Pictures_CFSB_leaf_damage/2025_10_07_RSFB-Phenotyping_WG1_JLU/2025_10_07_RSFB-Phenotyping_WG1_JLU/20251007_141817.jpg,True,237_DSV3_R4S_496_4_57
2025_10_07_RSFB-Phenotyping_WG1_JLU,20251007_141823.jpg,237_DSV3_R4S_496_4_57,,,,,,,,,2025_10_07_RSFB-Phenotyping_WG1_JLU_scores.csv,3.0,,,False,,Unknown,../dataset/Pictures_CFSB_leaf_damage/2025_10_07_RSFB-Phenotyping_WG1_JLU/2025_10_07_RSFB-Phenotyping_WG1_JLU/20251007_141823.jpg,True,237_DSV3_R4S_496_4_57
2025_10_07_RSFB-Phenotyping_WG1_JLU,20251007_141829.jpg,237_DSV3_R4S_496_4_57,,,,,,,,,2025_10_07_RSFB-Phenotyping_WG1_JLU_scores.csv,14.0,,,False,,Unknown,../dataset/Pictures_CFSB_leaf_damage/2025_10_07_RSFB-Phenotyping_WG1_JLU/2025_10_07_RSFB-Phenotyping_WG1_JLU/20251007_141829.jpg,True,237_DSV3_R4S_496_4_57
2025_10_07_RSFB-Phenotyping_WG1_JLU,20251007_141846.jpg,236_FELICIANO KWS_R4S_492_4_56,,,,,,,,,2025_10_07_RSFB-Phenotyping_WG1_JLU_scores.csv,6.0,,,False,,Unknown,../dataset/Pictures_CFSB_leaf_damage/2025_10_07_RSFB-Phenotyping_WG1_JLU/2025_10_07_RSFB-Phenotyping_WG1_JLU/20251007_141846.jpg,True,236_FELICIANO KWS_R4S_492_4_56
2025_10_07_RSFB-Phenotyping_WG1_JLU,20251007_141853.jpg,236_FELICIANO KWS_R4S_492_4_56,,,,,,,,,2025_10_07_RSFB-Phenotyping_WG1_JLU_scores.csv,11.0,,,False,,Unknown,../dataset/Pictures_CFSB_leaf_damage/2025_10_07_RSFB-Phenotyping_WG1_JLU/2025_10_07_RSFB-Phenotyping_WG1_JLU/20251007_141853.jpg,True,236_FELICIANO KWS_R4S_492_4_56
2025_10_07_RSFB-Phenotyping_WG1_JLU,20251007_141858.jpg,236_FELICIANO KWS_R4S_492_4_56,,,,,,,,,2025_10_07_RSFB-Phenotyping_WG1_JLU_scores.csv,12.0,,,False,,Unknown,../dataset/Pictures_CFSB_leaf_damage/2025_10_07_RSFB-Phenotyping_WG1_JLU/2025_10_07_RSFB-Phenotyping_WG1_JLU/20251007_141858.jpg,True,236_FELICIANO KWS_R4S_492_4_56
2025_10_07_RSFB-Phenotyping_WG1_JLU,20251007_141915.jpg,235_Brink_R4S_397_4_55,,,,,,,,,2025_10_07_RSFB-Phenotyping_WG1_JLU_scores.csv,1.0,,,False,,Unknown,../dataset/Pictures_CFSB_leaf_damage/2025_10_07_RSFB-Phenotyping_WG1_JLU/2025_10_07_RSFB-Phenotyping_WG1_JLU/20251007_141915.jpg,True,235_Brink_R4S_397_4_55
2025_10_07_RSFB-Phenotyping_WG1_JLU,20251007_141919.jpg,235_Brink_R4S_397_4_55,,,,,,,,,2025_10_07_RSFB-Phenotyping_WG1_JLU_scores.csv,4.0,,,False,,Unknown,../dataset/Pictures_CFSB_leaf_damage/2025_10_07_RSFB-Phenotyping_WG1_JLU/2025_10_07_RSFB-Phenotyping_WG1_JLU/20251007_141919.jpg,True,235_Brink_R4S_397_4_55
2025_10_07_RSFB-Phenotyping_WG1_JLU,20251007_141924.jpg,235_Brink_R4S_397_4_55,,,,,,,,,2025_10_07_RSFB-Phenotyping_WG1_JLU_scores.csv,5.0,,,False,,Unknown,../dataset/Pictures_CFSB_leaf_damage/2025_10_07_RSFB-Phenotyping_WG1_JLU/2025_10_07_RSFB-Phenotyping_WG1_JLU/20251007_141924.jpg,True,235_Brink_R4S_397_4_55
2025_10_07_RSFB-Phenotyping_WG1_JLU,20251007_141943.jpg,234_Rodeo_R4S_148_4_54,,,,,,,,,2025_10_07_RSFB-Phenotyping_WG1_JLU_scores.csv,3.0,,,False,,Unknown,../dataset/Pictures_CFSB_leaf_damage/2025_10_07_RSFB-Phenotyping_WG1_JLU/2025_10_07_RSFB-Phenotyping_WG1_JLU/20251007_141943.jpg,True,234_Rodeo_R4S_148_4_54
2025_10_07_RSFB-Phenotyping_WG1_JLU,20251007_141948.jpg,234_Rodeo_R4S_148_4_54,,,,,,,,,2025_10_07_RSFB-Phenotyping_WG1_JLU_scores.csv,4.0,,,False,,Unknown,../dataset/Pictures_CFSB_leaf_damage/2025_10_07_RSFB-Phenotyping_WG1_JLU/2025_10_07_RSFB-Phenotyping_WG1_JLU/20251007_141948.jpg,True,234_Rodeo_R4S_148_4_54
2025_10_07_RSFB-Phenotyping_WG1_JLU,20251007_141954.jpg,234_Rodeo_R4S_148_4_54,,,,,,,,,2025_10_07_RSFB-Phenotyping_WG1_JLU_scores.csv,3.0,,,False,,Unknown,../dataset/Pictures_CFSB_leaf_damage/2025_10_07_RSFB-Phenotyping_WG1_JLU/2025_10_07_RSFB-Phenotyping_WG1_JLU/20251007_141954.jpg,True,234_Rodeo_R4S_148_4_54
2025_10_07_RSFB-Phenotyping_WG1_JLU,20251007_142011.jpg,233_Darmor_R4S_200_4_53,,,,,,,,,2025_10_07_RSFB-Phenotyping_WG1_JLU_scores.csv,2.0,,,False,,Unknown,../dataset/Pictures_CFSB_leaf_damage/2025_10_07_RSFB-Phenotyping_WG1_JLU/2025_10_07_RSFB-Phenotyping_WG1_JLU/20251007_142011.jpg,True,233_Darmor_R4S_200_4_53
2025_10_07_RSFB-Phenotyping_WG1_JLU,20251007_142016.jpg,233_Darmor_R4S_200_4_53,,,,,,,,,2025_10_07_RSFB-Phenotyping_WG1_JLU_scores.csv,2.0,,,False,,Unknown,../dataset/Pictures_CFSB_leaf_damage/2025_10_07_RSFB-Phenotyping_WG1_JLU/2025_10_07_RSFB-Phenotyping_WG1_JLU/20251007_142016.jpg,True,233_Darmor_R4S_200_4_53
2025_10_07_RSFB-Phenotyping_WG1_JLU,20251007_142022.jpg,233_Darmor_R4S_200_4_53,,,,,,,,,2025_10_07_RSFB-Phenotyping_WG1_JLU_scores.csv,4.0,,,False,,Unknown,../dataset/Pictures_CFSB_leaf_damage/2025_10_07_RSFB-Phenotyping_WG1_JLU/2025_10_07_RSFB-Phenotyping_WG1_JLU/20251007_142022.jpg,True,233_Darmor_R4S_200_4_53
2025_10_07_RSFB-Phenotyping_WG1_JLU,20251007_142036.jpg,232_Ascona_R4S_179_4_52,,,,,,,,,2025_10_07_RSFB-Phenotyping_WG1_JLU_scores.csv,1.0,,,False,,Unknown,../dataset/Pictures_CFSB_leaf_damage/2025_10_07_RSFB-Phenotyping_WG1_JLU/2025_10_07_RSFB-Phenotyping_WG1_JLU/20251007_142036.jpg,True,232_Ascona_R4S_179_4_52
2025_10_07_RSFB-Phenotyping_WG1_JLU,20251007_142041.jpg,232_Ascona_R4S_179_4_52,,,,,,,,,2025_10_07_RSFB-Phenotyping_WG1_JLU_scores.csv,2.0,,,False,,Unknown,../dataset/Pictures_CFSB_leaf_damage/2025_10_07_RSFB-Phenotyping_WG1_JLU/2025_10_07_RSFB-Phenotyping_WG1_JLU/20251007_142041.jpg,True,232_Ascona_R4S_179_4_52
2025_10_07_RSFB-Phenotyping_WG1_JLU,20251007_142047.jpg,232_Ascona_R4S_179_4_52,,,,,,,,,2025_10_07_RSFB-Phenotyping_WG1_JLU_scores.csv,10.0,,,False,,Unknown,../dataset/Pictures_CFSB_leaf_damage/2025_10_07_RSFB-Phenotyping_WG1_JLU/2025_10_07_RSFB-Phenotyping_WG1_JLU/20251007_142047.jpg,True,232_Ascona_R4S_179_4_52
2025_10_07_RSFB-Phenotyping_WG1_JLU,20251007_142103.jpg,231_H231_R4S_401_4_51,,,,,,,,,2025_10_07_RSFB-Phenotyping_WG1_JLU_scores.csv,2.0,,,False,,Unknown,../dataset/Pictures_CFSB_leaf_damage/2025_10_07_RSFB-Phenotyping_WG1_JLU/2025_10_07_RSFB-Phenotyping_WG1_JLU/20251007_142103.jpg,True,231_H231_R4S_401_4_51
2025_10_07_RSFB-Phenotyping_WG1_JLU,20251007_142112.jpg,231_H231_R4S_401_4_51,,,,,,,,,2025_10_07_RSFB-Phenotyping_WG1_JLU_scores.csv,8.0,,,False,,Unknown,../dataset/Pictures_CFSB_leaf_damage/2025_10_07_RSFB-Phenotyping_WG1_JLU/2025_10_07_RSFB-Phenotyping_WG1_JLU/20251007_142112.jpg,True,231_H231_R4S_401_4_51
2025_10_07_RSFB-Phenotyping_WG1_JLU,20251007_142117.jpg,231_H231_R4S_401_4_51,,,,,,,,,2025_10_07_RSFB-Phenotyping_WG1_JLU_scores.csv,20.0,,,False,,Unknown,../dataset/Pictures_CFSB_leaf_damage/2025_10_07_RSFB-Phenotyping_WG1_JLU/2025_10_07_RSFB-Phenotyping_WG1_JLU/20251007_142117.jpg,True,231_H231_R4S_401_4_51
2025_10_07_RSFB-Phenotyping_WG1_JLU,20251007_142137.jpg,230_S45.2.2_R4S_435_4_50,,,,,,,,,2025_10_07_RSFB-Phenotyping_WG1_JLU_scores.csv,5.0,,,False,,Unknown,../dataset/Pictures_CFSB_leaf_damage/2025_10_07_RSFB-Phenotyping_WG1_JLU/2025_10_07_RSFB-Phenotyping_WG1_JLU/20251007_142137.jpg,True,230_S45.2.2_R4S_435_4_50
2025_10_07_RSFB-Phenotyping_WG1_JLU,20251007_142143.jpg,230_S45.2.2_R4S_435_4_50,,,,,,,,,2025_10_07_RSFB-Phenotyping_WG1_JLU_scores.csv,2.0,,,False,,Unknown,../dataset/Pictures_CFSB_leaf_damage/2025_10_07_RSFB-Phenotyping_WG1_JLU/2025_10_07_RSFB-Phenotyping_WG1_JLU/20251007_142143.jpg,True,230_S45.2.2_R4S_435_4_50
2025_10_07_RSFB-Phenotyping_WG1_JLU,20251007_142149.jpg,230_S45.2.2_R4S_435_4_50,,,,,,,,,2025_10_07_RSFB-Phenotyping_WG1_JLU_scores.csv,2.0,,,False,,Unknown,../dataset/Pictures_CFSB_leaf_damage/2025_10_07_RSFB-Phenotyping_WG1_JLU/2025_10_07_RSFB-Phenotyping_WG1_JLU/20251007_142149.jpg,True,230_S45.2.2_R4S_435_4_50
2025_10_07_RSFB-Phenotyping_WG1_JLU,20251007_142210.jpg,229_Boston_R4S_260_4_49,,,,,,,,,2025_10_07_RSFB-Phenotyping_WG1_JLU_scores.csv,13.0,,,False,,Unknown,../dataset/Pictures_CFSB_leaf_damage/2025_10_07_RSFB-Phenotyping_WG1_JLU/2025_10_07_RSFB-Phenotyping_WG1_JLU/20251007_142210.jpg,True,229_Boston_R4S_260_4_49
2025_10_07_RSFB-Phenotyping_WG1_JLU,20251007_142217.jpg,229_Boston_R4S_260_4_49,,,,,,,,,2025_10_07_RSFB-Phenotyping_WG1_JLU_scores.csv,3.0,,,False,,Unknown,../dataset/Pictures_CFSB_leaf_damage/2025_10_07_RSFB-Phenotyping_WG1_JLU/2025_10_07_RSFB-Phenotyping_WG1_JLU/20251007_142217.jpg,True,229_Boston_R4S_260_4_49
2025_10_07_RSFB-Phenotyping_WG1_JLU,20251007_142222.jpg,229_Boston_R4S_260_4_49,,,,,,,,,2025_10_07_RSFB-Phenotyping_WG1_JLU_scores.csv,5.0,,,False,,Unknown,../dataset/Pictures_CFSB_leaf_damage/2025_10_07_RSFB-Phenotyping_WG1_JLU/2025_10_07_RSFB-Phenotyping_WG1_JLU/20251007_142222.jpg,True,229_Boston_R4S_260_4_49
2025_10_07_RSFB-Phenotyping_WG1_JLU,20251007_142240.jpg,228_K29_R4S_485_4_48,,,,,,,,,2025_10_07_RSFB-Phenotyping_WG1_JLU_scores.csv,3.0,,,False,,Unknown,../dataset/Pictures_CFSB_leaf_damage/2025_10_07_RSFB-Phenotyping_WG1_JLU/2025_10_07_RSFB-Phenotyping_WG1_JLU/20251007_142240.jpg,True,228_K29_R4S_485_4_48
2025_10_07_RSFB-Phenotyping_WG1_JLU,20251007_142245.jpg,228_K29_R4S_485_4_48,,,,,,,,,2025_10_07_RSFB-Phenotyping_WG1_JLU_scores.csv,3.0,,,False,,Unknown,../dataset/Pictures_CFSB_leaf_damage/2025_10_07_RSFB-Phenotyping_WG1_JLU/2025_10_07_RSFB-Phenotyping_WG1_JLU/20251007_142245.jpg,True,228_K29_R4S_485_4_48
2025_10_07_RSFB-Phenotyping_WG1_JLU,20251007_142252.jpg,228_K29_R4S_485_4_48,,,,,,,,,2025_10_07_RSFB-Phenotyping_WG1_JLU_scores.csv,1.0,,,False,,Unknown,../dataset/Pictures_CFSB_leaf_damage/2025_10_07_RSFB-Phenotyping_WG1_JLU/2025_10_07_RSFB-Phenotyping_WG1_JLU/20251007_142252.jpg,True,228_K29_R4S_485_4_48
2025_10_07_RSFB-Phenotyping_WG1_JLU,20251007_142306.jpg,227_Dwarf Essex_R4S_368_4_47,,,,,,,,,2025_10_07_RSFB-Phenotyping_WG1_JLU_scores.csv,2.0,,,False,,Unknown,../dataset/Pictures_CFSB_leaf_damage/2025_10_07_RSFB-Phenotyping_WG1_JLU/2025_10_07_RSFB-Phenotyping_WG1_JLU/20251007_142306.jpg,True,227_Dwarf Essex_R4S_368_4_47
2025_10_07_RSFB-Phenotyping_WG1_JLU,20251007_142313.jpg,227_Dwarf Essex_R4S_368_4_47,,,,,,,,,2025_10_07_RSFB-Phenotyping_WG1_JLU_scores.csv,3.0,,,False,,Unknown,../dataset/Pictures_CFSB_leaf_damage/2025_10_07_RSFB-Phenotyping_WG1_JLU/2025_10_07_RSFB-Phenotyping_WG1_JLU/20251007_142313.jpg,True,227_Dwarf Essex_R4S_368_4_47
2025_10_07_RSFB-Phenotyping_WG1_JLU,20251007_142319.jpg,227_Dwarf Essex_R4S_368_4_47,,,,,,,,,2025_10_07_RSFB-Phenotyping_WG1_JLU_scores.csv,4.0,,,False,,Unknown,../dataset/Pictures_CFSB_leaf_damage/2025_10_07_RSFB-Phenotyping_WG1_JLU/2025_10_07_RSFB-Phenotyping_WG1_JLU/20251007_142319.jpg,True,227_Dwarf Essex_R4S_368_4_47
2025_10_07_RSFB-Phenotyping_WG1_JLU,20251007_142334.jpg,226_Janpol_R4S_392_4_46,,,,,,,,,2025_10_07_RSFB-Phenotyping_WG1_JLU_scores.csv,2.0,,,False,,Unknown,../dataset/Pictures_CFSB_leaf_damage/2025_10_07_RSFB-Phenotyping_WG1_JLU/2025_10_07_RSFB-Phenotyping_WG1_JLU/20251007_142334.jpg,True,226_Janpol_R4S_392_4_46
2025_10_07_RSFB-Phenotyping_WG1_JLU,20251007_142339.jpg,226_Janpol_R4S_392_4_46,,,,,,,,,2025_10_07_RSFB-Phenotyping_WG1_JLU_scores.csv,2.0,,,False,,Unknown,../dataset/Pictures_CFSB_leaf_damage/2025_10_07_RSFB-Phenotyping_WG1_JLU/2025_10_07_RSFB-Phenotyping_WG1_JLU/20251007_142339.jpg,True,226_Janpol_R4S_392_4_46
2025_10_07_RSFB-Phenotyping_WG1_JLU,20251007_142347.jpg,226_Janpol_R4S_392_4_46,,,,,,,,,2025_10_07_RSFB-Phenotyping_WG1_JLU_scores.csv,19.0,,,False,,Unknown,../dataset/Pictures_CFSB_leaf_damage/2025_10_07_RSFB-Phenotyping_WG1_JLU/2025_10_07_RSFB-Phenotyping_WG1_JLU/20251007_142347.jpg,True,226_Janpol_R4S_392_4_46
2025_10_07_RSFB-Phenotyping_WG1_JLU,20251007_142403.jpg,225_R12_R4S_488_4_45,,,,,,,,,2025_10_07_RSFB-Phenotyping_WG1_JLU_scores.csv,4.0,,,False,,Unknown,../dataset/Pictures_CFSB_leaf_damage/2025_10_07_RSFB-Phenotyping_WG1_JLU/2025_10_07_RSFB-Phenotyping_WG1_JLU/20251007_142403.jpg,True,225_R12_R4S_488_4_45
2025_10_07_RSFB-Phenotyping_WG1_JLU,20251007_142410.jpg,225_R12_R4S_488_4_45,,,,,,,,,2025_10_07_RSFB-Phenotyping_WG1_JLU_scores.csv,4.0,,,False,,Unknown,../dataset/Pictures_CFSB_leaf_damage/2025_10_07_RSFB-Phenotyping_WG1_JLU/2025_10_07_RSFB-Phenotyping_WG1_JLU/20251007_142410.jpg,True,225_R12_R4S_488_4_45
2025_10_07_RSFB-Phenotyping_WG1_JLU,20251007_142415.jpg,225_R12_R4S_488_4_45,,,,,,,,,2025_10_07_RSFB-Phenotyping_WG1_JLU_scores.csv,5.0,,,False,,Unknown,../dataset/Pictures_CFSB_leaf_damage/2025_10_07_RSFB-Phenotyping_WG1_JLU/2025_10_07_RSFB-Phenotyping_WG1_JLU/20251007_142415.jpg,True,225_R12_R4S_488_4_45
2025_10_07_RSFB-Phenotyping_WG1_JLU,20251007_142430.jpg,224_Allure_R4S_264_4_44,,,,,,,,,2025_10_07_RSFB-Phenotyping_WG1_JLU_scores.csv,7.0,,,False,,Unknown,../dataset/Pictures_CFSB_leaf_damage/2025_10_07_RSFB-Phenotyping_WG1_JLU/2025_10_07_RSFB-Phenotyping_WG1_JLU/20251007_142430.jpg,True,224_Allure_R4S_264_4_44
2025_10_07_RSFB-Phenotyping_WG1_JLU,20251007_142435.jpg,224_Allure_R4S_264_4_44,,,,,,,,,2025_10_07_RSFB-Phenotyping_WG1_JLU_scores.csv,3.0,,,False,,Unknown,../dataset/Pictures_CFSB_leaf_damage/2025_10_07_RSFB-Phenotyping_WG1_JLU/2025_10_07_RSFB-Phenotyping_WG1_JLU/20251007_142435.jpg,True,224_Allure_R4S_264_4_44
2025_10_07_RSFB-Phenotyping_WG1_JLU,20251007_142441.jpg,224_Allure_R4S_264_4_44,,,,,,,,,2025_10_07_RSFB-Phenotyping_WG1_JLU_scores.csv,9.0,,,False,,Unknown,../dataset/Pictures_CFSB_leaf_damage/2025_10_07_RSFB-Phenotyping_WG1_JLU/2025_10_07_RSFB-Phenotyping_WG1_JLU/20251007_142441.jpg,True,224_Allure_R4S_264_4_44
2025_10_07_RSFB-Phenotyping_WG1_JLU,20251007_142455.jpg,223_WINFRED_R4S_533_4_43,,,,,,,,,2025_10_07_RSFB-Phenotyping_WG1_JLU_scores.csv,7.0,,,False,,Unknown,../dataset/Pictures_CFSB_leaf_damage/2025_10_07_RSFB-Phenotyping_WG1_JLU/2025_10_07_RSFB-Phenotyping_WG1_JLU/20251007_142455.jpg,True,223_WINFRED_R4S_533_4_43
2025_10_07_RSFB-Phenotyping_WG1_JLU,20251007_142503.jpg,223_WINFRED_R4S_533_4_43,,,,,,,,,2025_10_07_RSFB-Phenotyping_WG1_JLU_scores.csv,4.0,,,False,,Unknown,../dataset/Pictures_CFSB_leaf_damage/2025_10_07_RSFB-Phenotyping_WG1_JLU/2025_10_07_RSFB-Phenotyping_WG1_JLU/20251007_142503.jpg,True,223_WINFRED_R4S_533_4_43
2025_10_07_RSFB-Phenotyping_WG1_JLU,20251007_142508.jpg,223_WINFRED_R4S_533_4_43,,,,,,,,,2025_10_07_RSFB-Phenotyping_WG1_JLU_scores.csv,6.0,,,False,,Unknown,../dataset/Pictures_CFSB_leaf_damage/2025_10_07_RSFB-Phenotyping_WG1_JLU/2025_10_07_RSFB-Phenotyping_WG1_JLU/20251007_142508.jpg,True,223_WINFRED_R4S_533_4_43
2025_10_07_RSFB-Phenotyping_WG1_JLU,20251007_142525.jpg,222_VOGESA_R4S_315_4_42,,,,,,,,,2025_10_07_RSFB-Phenotyping_WG1_JLU_scores.csv,2.0,,,False,,Unknown,../dataset/Pictures_CFSB_leaf_damage/2025_10_07_RSFB-Phenotyping_WG1_JLU/2025_10_07_RSFB-Phenotyping_WG1_JLU/20251007_142525.jpg,True,222_VOGESA_R4S_315_4_42
2025_10_07_RSFB-Phenotyping_WG1_JLU,20251007_142530.jpg,222_VOGESA_R4S_315_4_42,,,,,,,,,2025_10_07_RSFB-Phenotyping_WG1_JLU_scores.csv,3.0,,,False,,Unknown,../dataset/Pictures_CFSB_leaf_damage/2025_10_07_RSFB-Phenotyping_WG1_JLU/2025_10_07_RSFB-Phenotyping_WG1_JLU/20251007_142530.jpg,True,222_VOGESA_R4S_315_4_42
2025_10_07_RSFB-Phenotyping_WG1_JLU,20251007_142535.jpg,222_VOGESA_R4S_315_4_42,,,,,,,,,2025_10_07_RSFB-Phenotyping_WG1_JLU_scores.csv,2.0,,,False,,Unknown,../dataset/Pictures_CFSB_leaf_damage/2025_10_07_RSFB-Phenotyping_WG1_JLU/2025_10_07_RSFB-Phenotyping_WG1_JLU/20251007_142535.jpg,True,222_VOGESA_R4S_315_4_42
2025_10_07_RSFB-Phenotyping_WG1_JLU,20251007_142550.jpg,221_Tina_R4S_339_4_41,,,,,,,,,2025_10_07_RSFB-Phenotyping_WG1_JLU_scores.csv,1.0,,,False,,Unknown,../dataset/Pictures_CFSB_leaf_damage/2025_10_07_RSFB-Phenotyping_WG1_JLU/2025_10_07_RSFB-Phenotyping_WG1_JLU/20251007_142550.jpg,True,221_Tina_R4S_339_4_41
2025_10_07_RSFB-Phenotyping_WG1_JLU,20251007_142558.jpg,221_Tina_R4S_339_4_41,,,,,,,,,2025_10_07_RSFB-Phenotyping_WG1_JLU_scores.csv,1.0,,,False,,Unknown,../dataset/Pictures_CFSB_leaf_damage/2025_10_07_RSFB-Phenotyping_WG1_JLU/2025_10_07_RSFB-Phenotyping_WG1_JLU/20251007_142558.jpg,True,221_Tina_R4S_339_4_41
2025_10_07_RSFB-Phenotyping_WG1_JLU,20251007_142608.jpg,221_Tina_R4S_339_4_41,,,,,,,,,2025_10_07_RSFB-Phenotyping_WG1_JLU_scores.csv,2.0,,,False,,Unknown,../dataset/Pictures_CFSB_leaf_damage/2025_10_07_RSFB-Phenotyping_WG1_JLU/2025_10_07_RSFB-Phenotyping_WG1_JLU/20251007_142608.jpg,True,221_Tina_R4S_339_4_41
2025_10_07_RSFB-Phenotyping_WG1_JLU,20251007_142627.jpg,220_Resyn-Goe S4_R4S_206_4_40,,,,,,,,,2025_10_07_RSFB-Phenotyping_WG1_JLU_scores.csv,1.0,,,False,,Unknown,../dataset/Pictures_CFSB_leaf_damage/2025_10_07_RSFB-Phenotyping_WG1_JLU/2025_10_07_RSFB-Phenotyping_WG1_JLU/20251007_142627.jpg,True,220_Resyn-Goe S4_R4S_206_4_40
2025_10_07_RSFB-Phenotyping_WG1_JLU,20251007_142633.jpg,220_Resyn-Goe S4_R4S_206_4_40,,,,,,,,,2025_10_07_RSFB-Phenotyping_WG1_JLU_scores.csv,2.0,,,False,,Unknown,../dataset/Pictures_CFSB_leaf_damage/2025_10_07_RSFB-Phenotyping_WG1_JLU/2025_10_07_RSFB-Phenotyping_WG1_JLU/20251007_142633.jpg,True,220_Resyn-Goe S4_R4S_206_4_40
2025_10_07_RSFB-Phenotyping_WG1_JLU,20251007_142639.jpg,220_Resyn-Goe S4_R4S_206_4_40,,,,,,,,,2025_10_07_RSFB-Phenotyping_WG1_JLU_scores.csv,3.0,,,False,,Unknown,../dataset/Pictures_CFSB_leaf_damage/2025_10_07_RSFB-Phenotyping_WG1_JLU/2025_10_07_RSFB-Phenotyping_WG1_JLU/20251007_142639.jpg,True,220_Resyn-Goe S4_R4S_206_4_40
2025_10_07_RSFB-Phenotyping_WG1_JLU,20251007_142655.jpg,219_Sator Oetofte_R4S_334_4_39,,,,,,,,,2025_10_07_RSFB-Phenotyping_WG1_JLU_scores.csv,1.0,,,False,,Unknown,../dataset/Pictures_CFSB_leaf_damage/2025_10_07_RSFB-Phenotyping_WG1_JLU/2025_10_07_RSFB-Phenotyping_WG1_JLU/20251007_142655.jpg,True,219_Sator Oetofte_R4S_334_4_39
2025_10_07_RSFB-Phenotyping_WG1_JLU,20251007_142702.jpg,219_Sator Oetofte_R4S_334_4_39,,,,,,,,,2025_10_07_RSFB-Phenotyping_WG1_JLU_scores.csv,1.0,,,False,,Unknown,../dataset/Pictures_CFSB_leaf_damage/2025_10_07_RSFB-Phenotyping_WG1_JLU/2025_10_07_RSFB-Phenotyping_WG1_JLU/20251007_142702.jpg,True,219_Sator Oetofte_R4S_334_4_39
2025_10_07_RSFB-Phenotyping_WG1_JLU,20251007_142708.jpg,219_Sator Oetofte_R4S_334_4_39,,,,,,,,,2025_10_07_RSFB-Phenotyping_WG1_JLU_scores.csv,4.0,,,False,,Unknown,../dataset/Pictures_CFSB_leaf_damage/2025_10_07_RSFB-Phenotyping_WG1_JLU/2025_10_07_RSFB-Phenotyping_WG1_JLU/20251007_142708.jpg,True,219_Sator Oetofte_R4S_334_4_39
2025_10_07_RSFB-Phenotyping_WG1_JLU,20251007_142723.jpg,218_Viking_R4S_238_4_38,,,,,,,,,2025_10_07_RSFB-Phenotyping_WG1_JLU_scores.csv,1.0,,,False,,Unknown,../dataset/Pictures_CFSB_leaf_damage/2025_10_07_RSFB-Phenotyping_WG1_JLU/2025_10_07_RSFB-Phenotyping_WG1_JLU/20251007_142723.jpg,True,218_Viking_R4S_238_4_38
2025_10_07_RSFB-Phenotyping_WG1_JLU,20251007_142728.jpg,218_Viking_R4S_238_4_38,,,,,,,,,2025_10_07_RSFB-Phenotyping_WG1_JLU_scores.csv,1.0,,,False,,Unknown,../dataset/Pictures_CFSB_leaf_damage/2025_10_07_RSFB-Phenotyping_WG1_JLU/2025_10_07_RSFB-Phenotyping_WG1_JLU/20251007_142728.jpg,True,218_Viking_R4S_238_4_38
2025_10_07_RSFB-Phenotyping_WG1_JLU,20251007_142734.jpg,218_Viking_R4S_238_4_38,,,,,,,,,2025_10_07_RSFB-Phenotyping_WG1_JLU_scores.csv,2.0,,,False,,Unknown,../dataset/Pictures_CFSB_leaf_damage/2025_10_07_RSFB-Phenotyping_WG1_JLU/2025_10_07_RSFB-Phenotyping_WG1_JLU/20251007_142734.jpg,True,218_Viking_R4S_238_4_38
2025_10_07_RSFB-Phenotyping_WG1_JLU,20251007_142749.jpg,217_Palu_R4S_365_4_37,,,,,,,,,2025_10_07_RSFB-Phenotyping_WG1_JLU_scores.csv,3.0,,,False,,Unknown,../dataset/Pictures_CFSB_leaf_damage/2025_10_07_RSFB-Phenotyping_WG1_JLU/2025_10_07_RSFB-Phenotyping_WG1_JLU/20251007_142749.jpg,True,217_Palu_R4S_365_4_37
2025_10_07_RSFB-Phenotyping_WG1_JLU,20251007_142754.jpg,217_Palu_R4S_365_4_37,,,,,,,,,2025_10_07_RSFB-Phenotyping_WG1_JLU_scores.csv,6.0,,,False,,Unknown,../dataset/Pictures_CFSB_leaf_damage/2025_10_07_RSFB-Phenotyping_WG1_JLU/2025_10_07_RSFB-Phenotyping_WG1_JLU/20251007_142754.jpg,True,217_Palu_R4S_365_4_37
2025_10_07_RSFB-Phenotyping_WG1_JLU,20251007_142803.jpg,217_Palu_R4S_365_4_37,,,,,,,,,2025_10_07_RSFB-Phenotyping_WG1_JLU_scores.csv,8.0,,,False,,Unknown,../dataset/Pictures_CFSB_leaf_damage/2025_10_07_RSFB-Phenotyping_WG1_JLU/2025_10_07_RSFB-Phenotyping_WG1_JLU/20251007_142803.jpg,True,217_Palu_R4S_365_4_37
2025_10_07_RSFB-Phenotyping_WG1_JLU,20251007_142818.jpg,216_ALLESANDRO KWS_R4S_550_4_36,,,,,,,,,2025_10_07_RSFB-Phenotyping_WG1_JLU_scores.csv,6.0,,,False,,Unknown,../dataset/Pictures_CFSB_leaf_damage/2025_10_07_RSFB-Phenotyping_WG1_JLU/2025_10_07_RSFB-Phenotyping_WG1_JLU/20251007_142818.jpg,True,216_ALLESANDRO KWS_R4S_550_4_36
2025_10_07_RSFB-Phenotyping_WG1_JLU,20251007_142824.jpg,216_ALLESANDRO KWS_R4S_550_4_36,,,,,,,,,2025_10_07_RSFB-Phenotyping_WG1_JLU_scores.csv,4.0,,,False,,Unknown,../dataset/Pictures_CFSB_leaf_damage/2025_10_07_RSFB-Phenotyping_WG1_JLU/2025_10_07_RSFB-Phenotyping_WG1_JLU/20251007_142824.jpg,True,216_ALLESANDRO KWS_R4S_550_4_36
2025_10_07_RSFB-Phenotyping_WG1_JLU,20251007_142831.jpg,216_ALLESANDRO KWS_R4S_550_4_36,,,,,,,,,2025_10_07_RSFB-Phenotyping_WG1_JLU_scores.csv,5.0,,,False,,Unknown,../dataset/Pictures_CFSB_leaf_damage/2025_10_07_RSFB-Phenotyping_WG1_JLU/2025_10_07_RSFB-Phenotyping_WG1_JLU/20251007_142831.jpg,True,216_ALLESANDRO KWS_R4S_550_4_36
2025_10_07_RSFB-Phenotyping_WG1_JLU,20251007_142848.jpg,215_Lorenz_R4S_237_4_35,,,,,,,,,2025_10_07_RSFB-Phenotyping_WG1_JLU_scores.csv,3.0,,,False,,Unknown,../dataset/Pictures_CFSB_leaf_damage/2025_10_07_RSFB-Phenotyping_WG1_JLU/2025_10_07_RSFB-Phenotyping_WG1_JLU/20251007_142848.jpg,True,215_Lorenz_R4S_237_4_35
2025_10_07_RSFB-Phenotyping_WG1_JLU,20251007_142854.jpg,215_Lorenz_R4S_237_4_35,,,,,,,,,2025_10_07_RSFB-Phenotyping_WG1_JLU_scores.csv,2.0,,,False,,Unknown,../dataset/Pictures_CFSB_leaf_damage/2025_10_07_RSFB-Phenotyping_WG1_JLU/2025_10_07_RSFB-Phenotyping_WG1_JLU/20251007_142854.jpg,True,215_Lorenz_R4S_237_4_35
2025_10_07_RSFB-Phenotyping_WG1_JLU,20251007_142900.jpg,215_Lorenz_R4S_237_4_35,,,,,,,,,2025_10_07_RSFB-Phenotyping_WG1_JLU_scores.csv,14.0,,,False,,Unknown,../dataset/Pictures_CFSB_leaf_damage/2025_10_07_RSFB-Phenotyping_WG1_JLU/2025_10_07_RSFB-Phenotyping_WG1_JLU/20251007_142900.jpg,True,215_Lorenz_R4S_237_4_35
2025_10_07_RSFB-Phenotyping_WG1_JLU,20251007_142915.jpg,214_R64_R4S_418_4_34,,,,,,,,,2025_10_07_RSFB-Phenotyping_WG1_JLU_scores.csv,7.0,,,False,,Unknown,../dataset/Pictures_CFSB_leaf_damage/2025_10_07_RSFB-Phenotyping_WG1_JLU/2025_10_07_RSFB-Phenotyping_WG1_JLU/20251007_142915.jpg,True,214_R64_R4S_418_4_34
2025_10_07_RSFB-Phenotyping_WG1_JLU,20251007_142921.jpg,214_R64_R4S_418_4_34,,,,,,,,,2025_10_07_RSFB-Phenotyping_WG1_JLU_scores.csv,2.0,,,False,,Unknown,../dataset/Pictures_CFSB_leaf_damage/2025_10_07_RSFB-Phenotyping_WG1_JLU/2025_10_07_RSFB-Phenotyping_WG1_JLU/20251007_142921.jpg,True,214_R64_R4S_418_4_34
2025_10_07_RSFB-Phenotyping_WG1_JLU,20251007_142927.jpg,214_R64_R4S_418_4_34,,,,,,,,,2025_10_07_RSFB-Phenotyping_WG1_JLU_scores.csv,17.0,,,False,,Unknown,../dataset/Pictures_CFSB_leaf_damage/2025_10_07_RSFB-Phenotyping_WG1_JLU/2025_10_07_RSFB-Phenotyping_WG1_JLU/20251007_142927.jpg,True,214_R64_R4S_418_4_34
2025_10_07_RSFB-Phenotyping_WG1_JLU,20251007_142941.jpg,213_Q100_R4S_304_4_33,,,,,,,,,2025_10_07_RSFB-Phenotyping_WG1_JLU_scores.csv,3.0,,,False,,Unknown,../dataset/Pictures_CFSB_leaf_damage/2025_10_07_RSFB-Phenotyping_WG1_JLU/2025_10_07_RSFB-Phenotyping_WG1_JLU/20251007_142941.jpg,True,213_Q100_R4S_304_4_33
2025_10_07_RSFB-Phenotyping_WG1_JLU,20251007_142947.jpg,213_Q100_R4S_304_4_33,,,,,,,,,2025_10_07_RSFB-Phenotyping_WG1_JLU_scores.csv,3.0,,,False,,Unknown,../dataset/Pictures_CFSB_leaf_damage/2025_10_07_RSFB-Phenotyping_WG1_JLU/2025_10_07_RSFB-Phenotyping_WG1_JLU/20251007_142947.jpg,True,213_Q100_R4S_304_4_33
2025_10_07_RSFB-Phenotyping_WG1_JLU,20251007_142953.jpg,213_Q100_R4S_304_4_33,,,,,,,,,2025_10_07_RSFB-Phenotyping_WG1_JLU_scores.csv,4.0,,,False,,Unknown,../dataset/Pictures_CFSB_leaf_damage/2025_10_07_RSFB-Phenotyping_WG1_JLU/2025_10_07_RSFB-Phenotyping_WG1_JLU/20251007_142953.jpg,True,213_Q100_R4S_304_4_33
2025_10_07_RSFB-Phenotyping_WG1_JLU,20251007_143009.jpg,212_Aberdeenshire Prize_R4S_347_4_32,,,,,,,,,2025_10_07_RSFB-Phenotyping_WG1_JLU_scores.csv,3.0,,,False,,Unknown,../dataset/Pictures_CFSB_leaf_damage/2025_10_07_RSFB-Phenotyping_WG1_JLU/2025_10_07_RSFB-Phenotyping_WG1_JLU/20251007_143009.jpg,True,212_Aberdeenshire Prize_R4S_347_4_32
2025_10_07_RSFB-Phenotyping_WG1_JLU,20251007_143015.jpg,212_Aberdeenshire Prize_R4S_347_4_32,,,,,,,,,2025_10_07_RSFB-Phenotyping_WG1_JLU_scores.csv,2.0,,,False,,Unknown,../dataset/Pictures_CFSB_leaf_damage/2025_10_07_RSFB-Phenotyping_WG1_JLU/2025_10_07_RSFB-Phenotyping_WG1_JLU/20251007_143015.jpg,True,212_Aberdeenshire Prize_R4S_347_4_32
2025_10_07_RSFB-Phenotyping_WG1_JLU,20251007_143021.jpg,212_Aberdeenshire Prize_R4S_347_4_32,,,,,,,,,2025_10_07_RSFB-Phenotyping_WG1_JLU_scores.csv,1.0,,,False,,Unknown,../dataset/Pictures_CFSB_leaf_damage/2025_10_07_RSFB-Phenotyping_WG1_JLU/2025_10_07_RSFB-Phenotyping_WG1_JLU/20251007_143021.jpg,True,212_Aberdeenshire Prize_R4S_347_4_32
2025_10_07_RSFB-Phenotyping_WG1_JLU,20251007_143041.jpg,211_SW Sinatra_R4S_239_4_31,,,,,,,,,2025_10_07_RSFB-Phenotyping_WG1_JLU_scores.csv,4.0,,,False,,Unknown,../dataset/Pictures_CFSB_leaf_damage/2025_10_07_RSFB-Phenotyping_WG1_JLU/2025_10_07_RSFB-Phenotyping_WG1_JLU/20251007_143041.jpg,True,211_SW Sinatra_R4S_239_4_31
2025_10_07_RSFB-Phenotyping_WG1_JLU,20251007_143047.jpg,211_SW Sinatra_R4S_239_4_31,,,,,,,,,2025_10_07_RSFB-Phenotyping_WG1_JLU_scores.csv,3.0,,,False,,Unknown,../dataset/Pictures_CFSB_leaf_damage/2025_10_07_RSFB-Phenotyping_WG1_JLU/2025_10_07_RSFB-Phenotyping_WG1_JLU/20251007_143047.jpg,True,211_SW Sinatra_R4S_239_4_31
2025_10_07_RSFB-Phenotyping_WG1_JLU,20251007_143053.jpg,211_SW Sinatra_R4S_239_4_31,,,,,,,,,2025_10_07_RSFB-Phenotyping_WG1_JLU_scores.csv,3.0,,,False,,Unknown,../dataset/Pictures_CFSB_leaf_damage/2025_10_07_RSFB-Phenotyping_WG1_JLU/2025_10_07_RSFB-Phenotyping_WG1_JLU/20251007_143053.jpg,True,211_SW Sinatra_R4S_239_4_31
2025_10_07_RSFB-Phenotyping_WG1_JLU,20251007_143117.jpg,210_Taisetsu_R4S_523_4_30,,,,,,,,,2025_10_07_RSFB-Phenotyping_WG1_JLU_scores.csv,2.0,,,False,,Unknown,../dataset/Pictures_CFSB_leaf_damage/2025_10_07_RSFB-Phenotyping_WG1_JLU/2025_10_07_RSFB-Phenotyping_WG1_JLU/20251007_143117.jpg,True,210_Taisetsu_R4S_523_4_30
2025_10_07_RSFB-Phenotyping_WG1_JLU,20251007_143122.jpg,210_Taisetsu_R4S_523_4_30,,,,,,,,,2025_10_07_RSFB-Phenotyping_WG1_JLU_scores.csv,8.0,,,False,,Unknown,../dataset/Pictures_CFSB_leaf_damage/2025_10_07_RSFB-Phenotyping_WG1_JLU/2025_10_07_RSFB-Phenotyping_WG1_JLU/20251007_143122.jpg,True,210_Taisetsu_R4S_523_4_30
2025_10_07_RSFB-Phenotyping_WG1_JLU,20251007_143128.jpg,210_Taisetsu_R4S_523_4_30,,,,,,,,,2025_10_07_RSFB-Phenotyping_WG1_JLU_scores.csv,8.0,,,False,,Unknown,../dataset/Pictures_CFSB_leaf_damage/2025_10_07_RSFB-Phenotyping_WG1_JLU/2025_10_07_RSFB-Phenotyping_WG1_JLU/20251007_143128.jpg,True,210_Taisetsu_R4S_523_4_30
2025_10_07_RSFB-Phenotyping_WG1_JLU,20251007_143145.jpg,209_K615_R4S_146_4_29,,,,,,,,,2025_10_07_RSFB-Phenotyping_WG1_JLU_scores.csv,2.0,,,False,,Unknown,../dataset/Pictures_CFSB_leaf_damage/2025_10_07_RSFB-Phenotyping_WG1_JLU/2025_10_07_RSFB-Phenotyping_WG1_JLU/20251007_143145.jpg,True,209_K615_R4S_146_4_29
2025_10_07_RSFB-Phenotyping_WG1_JLU,20251007_143152.jpg,209_K615_R4S_146_4_29,,,,,,,,,2025_10_07_RSFB-Phenotyping_WG1_JLU_scores.csv,2.0,,,False,,Unknown,../dataset/Pictures_CFSB_leaf_damage/2025_10_07_RSFB-Phenotyping_WG1_JLU/2025_10_07_RSFB-Phenotyping_WG1_JLU/20251007_143152.jpg,True,209_K615_R4S_146_4_29
2025_10_07_RSFB-Phenotyping_WG1_JLU,20251007_143157.jpg,209_K615_R4S_146_4_29,,,,,,,,,2025_10_07_RSFB-Phenotyping_WG1_JLU_scores.csv,,,,False,,Unknown,../dataset/Pictures_CFSB_leaf_damage/2025_10_07_RSFB-Phenotyping_WG1_JLU/2025_10_07_RSFB-Phenotyping_WG1_JLU/20251007_143157.jpg,True,209_K615_R4S_146_4_29
2025_10_07_RSFB-Phenotyping_WG1_JLU,20251007_143213.jpg,208_R76_R4S_439_4_28,,,,,,,,,2025_10_07_RSFB-Phenotyping_WG1_JLU_scores.csv,2.0,,,False,,Unknown,../dataset/Pictures_CFSB_leaf_damage/2025_10_07_RSFB-Phenotyping_WG1_JLU/2025_10_07_RSFB-Phenotyping_WG1_JLU/20251007_143213.jpg,True,208_R76_R4S_439_4_28
2025_10_07_RSFB-Phenotyping_WG1_JLU,20251007_143218.jpg,208_R76_R4S_439_4_28,,,,,,,,,2025_10_07_RSFB-Phenotyping_WG1_JLU_scores.csv,2.0,,,False,,Unknown,../dataset/Pictures_CFSB_leaf_damage/2025_10_07_RSFB-Phenotyping_WG1_JLU/2025_10_07_RSFB-Phenotyping_WG1_JLU/20251007_143218.jpg,True,208_R76_R4S_439_4_28
2025_10_07_RSFB-Phenotyping_WG1_JLU,20251007_143224.jpg,208_R76_R4S_439_4_28,,,,,,,,,2025_10_07_RSFB-Phenotyping_WG1_JLU_scores.csv,2.0,,,False,,Unknown,../dataset/Pictures_CFSB_leaf_damage/2025_10_07_RSFB-Phenotyping_WG1_JLU/2025_10_07_RSFB-Phenotyping_WG1_JLU/20251007_143224.jpg,True,208_R76_R4S_439_4_28
2025_10_07_RSFB-Phenotyping_WG1_JLU,20251007_143246.jpg,207_Angus_R4S_346_4_27,,,,,,,,,2025_10_07_RSFB-Phenotyping_WG1_JLU_scores.csv,3.0,,,False,,Unknown,../dataset/Pictures_CFSB_leaf_damage/2025_10_07_RSFB-Phenotyping_WG1_JLU/2025_10_07_RSFB-Phenotyping_WG1_JLU/20251007_143246.jpg,True,207_Angus_R4S_346_4_27
2025_10_07_RSFB-Phenotyping_WG1_JLU,20251007_143252.jpg,207_Angus_R4S_346_4_27,,,,,,,,,2025_10_07_RSFB-Phenotyping_WG1_JLU_scores.csv,3.0,,,False,,Unknown,../dataset/Pictures_CFSB_leaf_damage/2025_10_07_RSFB-Phenotyping_WG1_JLU/2025_10_07_RSFB-Phenotyping_WG1_JLU/20251007_143252.jpg,True,207_Angus_R4S_346_4_27
2025_10_07_RSFB-Phenotyping_WG1_JLU,20251007_143258.jpg,207_Angus_R4S_346_4_27,,,,,,,,,2025_10_07_RSFB-Phenotyping_WG1_JLU_scores.csv,4.0,,,False,,Unknown,../dataset/Pictures_CFSB_leaf_damage/2025_10_07_RSFB-Phenotyping_WG1_JLU/2025_10_07_RSFB-Phenotyping_WG1_JLU/20251007_143258.jpg,True,207_Angus_R4S_346_4_27
2025_10_07_RSFB-Phenotyping_WG1_JLU,20251007_143313.jpg,206_LORD DERBY_R4S_352_4_26,,,,,,,,,2025_10_07_RSFB-Phenotyping_WG1_JLU_scores.csv,2.0,,,False,,Unknown,../dataset/Pictures_CFSB_leaf_damage/2025_10_07_RSFB-Phenotyping_WG1_JLU/2025_10_07_RSFB-Phenotyping_WG1_JLU/20251007_143313.jpg,True,206_LORD DERBY_R4S_352_4_26
2025_10_07_RSFB-Phenotyping_WG1_JLU,20251007_143318.jpg,206_LORD DERBY_R4S_352_4_26,,,,,,,,,2025_10_07_RSFB-Phenotyping_WG1_JLU_scores.csv,3.0,,,False,,Unknown,../dataset/Pictures_CFSB_leaf_damage/2025_10_07_RSFB-Phenotyping_WG1_JLU/2025_10_07_RSFB-Phenotyping_WG1_JLU/20251007_143318.jpg,True,206_LORD DERBY_R4S_352_4_26
2025_10_07_RSFB-Phenotyping_WG1_JLU,20251007_143324.jpg,206_LORD DERBY_R4S_352_4_26,,,,,,,,,2025_10_07_RSFB-Phenotyping_WG1_JLU_scores.csv,3.0,,,False,,Unknown,../dataset/Pictures_CFSB_leaf_damage/2025_10_07_RSFB-Phenotyping_WG1_JLU/2025_10_07_RSFB-Phenotyping_WG1_JLU/20251007_143324.jpg,True,206_LORD DERBY_R4S_352_4_26
2025_10_07_RSFB-Phenotyping_WG1_JLU,20251007_143344.jpg,205_RESYN-H048_R4S_205_4_25,,,,,,,,,2025_10_07_RSFB-Phenotyping_WG1_JLU_scores.csv,4.0,,,False,,Unknown,../dataset/Pictures_CFSB_leaf_damage/2025_10_07_RSFB-Phenotyping_WG1_JLU/2025_10_07_RSFB-Phenotyping_WG1_JLU/20251007_143344.jpg,True,205_RESYN-H048_R4S_205_4_25
2025_10_07_RSFB-Phenotyping_WG1_JLU,20251007_143351.jpg,205_RESYN-H048_R4S_205_4_25,,,,,,,,,2025_10_07_RSFB-Phenotyping_WG1_JLU_scores.csv,5.0,,,False,,Unknown,../dataset/Pictures_CFSB_leaf_damage/2025_10_07_RSFB-Phenotyping_WG1_JLU/2025_10_07_RSFB-Phenotyping_WG1_JLU/20251007_143351.jpg,True,205_RESYN-H048_R4S_205_4_25
2025_10_07_RSFB-Phenotyping_WG1_JLU,20251007_143357.jpg,205_RESYN-H048_R4S_205_4_25,,,,,,,,,2025_10_07_RSFB-Phenotyping_WG1_JLU_scores.csv,4.0,,,False,,Unknown,../dataset/Pictures_CFSB_leaf_damage/2025_10_07_RSFB-Phenotyping_WG1_JLU/2025_10_07_RSFB-Phenotyping_WG1_JLU/20251007_143357.jpg,True,205_RESYN-H048_R4S_205_4_25
2025_10_07_RSFB-Phenotyping_WG1_JLU,20251007_143413.jpg,204_ALLESANDRO KWS_R4S_549_4_24,,,,,,,,,2025_10_07_RSFB-Phenotyping_WG1_JLU_scores.csv,2.0,,,False,,Unknown,../dataset/Pictures_CFSB_leaf_damage/2025_10_07_RSFB-Phenotyping_WG1_JLU/2025_10_07_RSFB-Phenotyping_WG1_JLU/20251007_143413.jpg,True,204_ALLESANDRO KWS_R4S_549_4_24
2025_10_07_RSFB-Phenotyping_WG1_JLU,20251007_143419.jpg,204_ALLESANDRO KWS_R4S_549_4_24,,,,,,,,,2025_10_07_RSFB-Phenotyping_WG1_JLU_scores.csv,4.0,,,False,,Unknown,../dataset/Pictures_CFSB_leaf_damage/2025_10_07_RSFB-Phenotyping_WG1_JLU/2025_10_07_RSFB-Phenotyping_WG1_JLU/20251007_143419.jpg,True,204_ALLESANDRO KWS_R4S_549_4_24
2025_10_07_RSFB-Phenotyping_WG1_JLU,20251007_143425.jpg,204_ALLESANDRO KWS_R4S_549_4_24,,,,,,,,,2025_10_07_RSFB-Phenotyping_WG1_JLU_scores.csv,6.0,,,False,,Unknown,../dataset/Pictures_CFSB_leaf_damage/2025_10_07_RSFB-Phenotyping_WG1_JLU/2025_10_07_RSFB-Phenotyping_WG1_JLU/20251007_143425.jpg,True,204_ALLESANDRO KWS_R4S_549_4_24
2025_10_07_RSFB-Phenotyping_WG1_JLU,20251007_143444.jpg,203_K160.1.1_R4S_448_4_23,,,,,,,,,2025_10_07_RSFB-Phenotyping_WG1_JLU_scores.csv,1.0,,,False,,Unknown,../dataset/Pictures_CFSB_leaf_damage/2025_10_07_RSFB-Phenotyping_WG1_JLU/2025_10_07_RSFB-Phenotyping_WG1_JLU/20251007_143444.jpg,True,203_K160.1.1_R4S_448_4_23
2025_10_07_RSFB-Phenotyping_WG1_JLU,20251007_143450.jpg,203_K160.1.1_R4S_448_4_23,,,,,,,,,2025_10_07_RSFB-Phenotyping_WG1_JLU_scores.csv,1.0,,,False,,Unknown,../dataset/Pictures_CFSB_leaf_damage/2025_10_07_RSFB-Phenotyping_WG1_JLU/2025_10_07_RSFB-Phenotyping_WG1_JLU/20251007_143450.jpg,True,203_K160.1.1_R4S_448_4_23
2025_10_07_RSFB-Phenotyping_WG1_JLU,20251007_143456.jpg,203_K160.1.1_R4S_448_4_23,,,,,,,,,2025_10_07_RSFB-Phenotyping_WG1_JLU_scores.csv,4.0,,,False,,Unknown,../dataset/Pictures_CFSB_leaf_damage/2025_10_07_RSFB-Phenotyping_WG1_JLU/2025_10_07_RSFB-Phenotyping_WG1_JLU/20251007_143456.jpg,True,203_K160.1.1_R4S_448_4_23
2025_10_07_RSFB-Phenotyping_WG1_JLU,20251007_143513.jpg,202_LG Atlas_R4S_500_4_22,,,,,,,,,2025_10_07_RSFB-Phenotyping_WG1_JLU_scores.csv,3.0,,,False,,Unknown,../dataset/Pictures_CFSB_leaf_damage/2025_10_07_RSFB-Phenotyping_WG1_JLU/2025_10_07_RSFB-Phenotyping_WG1_JLU/20251007_143513.jpg,True,202_LG Atlas_R4S_500_4_22
2025_10_07_RSFB-Phenotyping_WG1_JLU,20251007_143518.jpg,202_LG Atlas_R4S_500_4_22,,,,,,,,,2025_10_07_RSFB-Phenotyping_WG1_JLU_scores.csv,3.0,,,False,,Unknown,../dataset/Pictures_CFSB_leaf_damage/2025_10_07_RSFB-Phenotyping_WG1_JLU/2025_10_07_RSFB-Phenotyping_WG1_JLU/20251007_143518.jpg,True,202_LG Atlas_R4S_500_4_22
2025_10_07_RSFB-Phenotyping_WG1_JLU,20251007_143526.jpg,202_LG Atlas_R4S_500_4_22,,,,,,,,,2025_10_07_RSFB-Phenotyping_WG1_JLU_scores.csv,8.0,,,False,,Unknown,../dataset/Pictures_CFSB_leaf_damage/2025_10_07_RSFB-Phenotyping_WG1_JLU/2025_10_07_RSFB-Phenotyping_WG1_JLU/20251007_143526.jpg,True,202_LG Atlas_R4S_500_4_22
2025_10_07_RSFB-Phenotyping_WG1_JLU,20251007_143544.jpg,201_Scotia_R4S_324_4_21,,,,,,,,,2025_10_07_RSFB-Phenotyping_WG1_JLU_scores.csv,2.0,,,False,,Unknown,../dataset/Pictures_CFSB_leaf_damage/2025_10_07_RSFB-Phenotyping_WG1_JLU/2025_10_07_RSFB-Phenotyping_WG1_JLU/20251007_143544.jpg,True,201_Scotia_R4S_324_4_21
2025_10_07_RSFB-Phenotyping_WG1_JLU,20251007_143550.jpg,201_Scotia_R4S_324_4_21,,,,,,,,,2025_10_07_RSFB-Phenotyping_WG1_JLU_scores.csv,2.0,,,False,,Unknown,../dataset/Pictures_CFSB_leaf_damage/2025_10_07_RSFB-Phenotyping_WG1_JLU/2025_10_07_RSFB-Phenotyping_WG1_JLU/20251007_143550.jpg,True,201_Scotia_R4S_324_4_21
2025_10_07_RSFB-Phenotyping_WG1_JLU,20251007_143556.jpg,201_Scotia_R4S_324_4_21,,,,,,,,,2025_10_07_RSFB-Phenotyping_WG1_JLU_scores.csv,18.0,,,False,,Unknown,../dataset/Pictures_CFSB_leaf_damage/2025_10_07_RSFB-Phenotyping_WG1_JLU/2025_10_07_RSFB-Phenotyping_WG1_JLU/20251007_143556.jpg,True,201_Scotia_R4S_324_4_21
2025_10_07_RSFB-Phenotyping_WG1_JLU,20251007_143613.jpg,200_CANARD_R4S_372_4_20,,,,,,,,,2025_10_07_RSFB-Phenotyping_WG1_JLU_scores.csv,7.0,,,False,,Unknown,../dataset/Pictures_CFSB_leaf_damage/2025_10_07_RSFB-Phenotyping_WG1_JLU/2025_10_07_RSFB-Phenotyping_WG1_JLU/20251007_143613.jpg,True,200_CANARD_R4S_372_4_20
2025_10_07_RSFB-Phenotyping_WG1_JLU,20251007_143619.jpg,200_CANARD_R4S_372_4_20,,,,,,,,,2025_10_07_RSFB-Phenotyping_WG1_JLU_scores.csv,2.0,,,False,,Unknown,../dataset/Pictures_CFSB_leaf_damage/2025_10_07_RSFB-Phenotyping_WG1_JLU/2025_10_07_RSFB-Phenotyping_WG1_JLU/20251007_143619.jpg,True,200_CANARD_R4S_372_4_20
2025_10_07_RSFB-Phenotyping_WG1_JLU,20251007_143625.jpg,200_CANARD_R4S_372_4_20,,,,,,,,,2025_10_07_RSFB-Phenotyping_WG1_JLU_scores.csv,4.0,,,False,,Unknown,../dataset/Pictures_CFSB_leaf_damage/2025_10_07_RSFB-Phenotyping_WG1_JLU/2025_10_07_RSFB-Phenotyping_WG1_JLU/20251007_143625.jpg,True,200_CANARD_R4S_372_4_20
2025_10_07_RSFB-Phenotyping_WG1_JLU,20251007_143642.jpg,199_Lipton_R4S_159_4_19 (possibly),,,,,,,,,2025_10_07_RSFB-Phenotyping_WG1_JLU_scores.csv,1.0,,,False,,Unknown,../dataset/Pictures_CFSB_leaf_damage/2025_10_07_RSFB-Phenotyping_WG1_JLU/2025_10_07_RSFB-Phenotyping_WG1_JLU/20251007_143642.jpg,True,199_Lipton_R4S_159_4_19 (possibly)
2025_10_07_RSFB-Phenotyping_WG1_JLU,20251007_143701.jpg,199_Lipton_R4S_159_4_19,,,,,,,,,2025_10_07_RSFB-Phenotyping_WG1_JLU_scores.csv,3.0,,,False,,Unknown,../dataset/Pictures_CFSB_leaf_damage/2025_10_07_RSFB-Phenotyping_WG1_JLU/2025_10_07_RSFB-Phenotyping_WG1_JLU/20251007_143701.jpg,True,199_Lipton_R4S_159_4_19
2025_10_07_RSFB-Phenotyping_WG1_JLU,20251007_143706.jpg,199_Lipton_R4S_159_4_19,,,,,,,,,2025_10_07_RSFB-Phenotyping_WG1_JLU_scores.csv,3.0,,,False,,Unknown,../dataset/Pictures_CFSB_leaf_damage/2025_10_07_RSFB-Phenotyping_WG1_JLU/2025_10_07_RSFB-Phenotyping_WG1_JLU/20251007_143706.jpg,True,199_Lipton_R4S_159_4_19
2025_10_07_RSFB-Phenotyping_WG1_JLU,20251007_143738.jpg,198_S39_R4S_407_4_18,,,,,,,,,2025_10_07_RSFB-Phenotyping_WG1_JLU_scores.csv,1.0,,,False,,Unknown,../dataset/Pictures_CFSB_leaf_damage/2025_10_07_RSFB-Phenotyping_WG1_JLU/2025_10_07_RSFB-Phenotyping_WG1_JLU/20251007_143738.jpg,True,198_S39_R4S_407_4_18
2025_10_07_RSFB-Phenotyping_WG1_JLU,20251007_143744.jpg,198_S39_R4S_407_4_18,,,,,,,,,2025_10_07_RSFB-Phenotyping_WG1_JLU_scores.csv,1.0,,,False,,Unknown,../dataset/Pictures_CFSB_leaf_damage/2025_10_07_RSFB-Phenotyping_WG1_JLU/2025_10_07_RSFB-Phenotyping_WG1_JLU/20251007_143744.jpg,True,198_S39_R4S_407_4_18
2025_10_07_RSFB-Phenotyping_WG1_JLU,20251007_143750.jpg,198_S39_R4S_407_4_18,,,,,,,,,2025_10_07_RSFB-Phenotyping_WG1_JLU_scores.csv,4.0,,,False,,Unknown,../dataset/Pictures_CFSB_leaf_damage/2025_10_07_RSFB-Phenotyping_WG1_JLU/2025_10_07_RSFB-Phenotyping_WG1_JLU/20251007_143750.jpg,True,198_S39_R4S_407_4_18
2025_10_07_RSFB-Phenotyping_WG1_JLU,20251007_143809.jpg,197_Prince_R4S_183_4_17,,,,,,,,,2025_10_07_RSFB-Phenotyping_WG1_JLU_scores.csv,3.0,,,False,,Unknown,../dataset/Pictures_CFSB_leaf_damage/2025_10_07_RSFB-Phenotyping_WG1_JLU/2025_10_07_RSFB-Phenotyping_WG1_JLU/20251007_143809.jpg,True,197_Prince_R4S_183_4_17
2025_10_07_RSFB-Phenotyping_WG1_JLU,20251007_143814.jpg,197_Prince_R4S_183_4_17,,,,,,,,,2025_10_07_RSFB-Phenotyping_WG1_JLU_scores.csv,4.0,,,False,,Unknown,../dataset/Pictures_CFSB_leaf_damage/2025_10_07_RSFB-Phenotyping_WG1_JLU/2025_10_07_RSFB-Phenotyping_WG1_JLU/20251007_143814.jpg,True,197_Prince_R4S_183_4_17
2025_10_07_RSFB-Phenotyping_WG1_JLU,20251007_143818.jpg,197_Prince_R4S_183_4_17,,,,,,,,,2025_10_07_RSFB-Phenotyping_WG1_JLU_scores.csv,2.0,,,False,,Unknown,../dataset/Pictures_CFSB_leaf_damage/2025_10_07_RSFB-Phenotyping_WG1_JLU/2025_10_07_RSFB-Phenotyping_WG1_JLU/20251007_143818.jpg,True,197_Prince_R4S_183_4_17
2025_10_07_RSFB-Phenotyping_WG1_JLU,20251007_143839.jpg,196_Lisabeth_R4S_251_4_16,,,,,,,,,2025_10_07_RSFB-Phenotyping_WG1_JLU_scores.csv,4.0,,,False,,Unknown,../dataset/Pictures_CFSB_leaf_damage/2025_10_07_RSFB-Phenotyping_WG1_JLU/2025_10_07_RSFB-Phenotyping_WG1_JLU/20251007_143839.jpg,True,196_Lisabeth_R4S_251_4_16
2025_10_07_RSFB-Phenotyping_WG1_JLU,20251007_143846.jpg,196_Lisabeth_R4S_251_4_16,,,,,,,,,2025_10_07_RSFB-Phenotyping_WG1_JLU_scores.csv,4.0,,,False,,Unknown,../dataset/Pictures_CFSB_leaf_damage/2025_10_07_RSFB-Phenotyping_WG1_JLU/2025_10_07_RSFB-Phenotyping_WG1_JLU/20251007_143846.jpg,True,196_Lisabeth_R4S_251_4_16
2025_10_07_RSFB-Phenotyping_WG1_JLU,20251007_143851.jpg,196_Lisabeth_R4S_251_4_16,,,,,,,,,2025_10_07_RSFB-Phenotyping_WG1_JLU_scores.csv,3.0,,,False,,Unknown,../dataset/Pictures_CFSB_leaf_damage/2025_10_07_RSFB-Phenotyping_WG1_JLU/2025_10_07_RSFB-Phenotyping_WG1_JLU/20251007_143851.jpg,True,196_Lisabeth_R4S_251_4_16
2025_10_07_RSFB-Phenotyping_WG1_JLU,20251007_143914.jpg,195_LG Aviron_R4S_502_4_15,,,,,,,,,2025_10_07_RSFB-Phenotyping_WG1_JLU_scores.csv,3.0,,,False,,Unknown,../dataset/Pictures_CFSB_leaf_damage/2025_10_07_RSFB-Phenotyping_WG1_JLU/2025_10_07_RSFB-Phenotyping_WG1_JLU/20251007_143914.jpg,True,195_LG Aviron_R4S_502_4_15
2025_10_07_RSFB-Phenotyping_WG1_JLU,20251007_143919.jpg,195_LG Aviron_R4S_502_4_15,,,,,,,,,2025_10_07_RSFB-Phenotyping_WG1_JLU_scores.csv,2.0,,,False,,Unknown,../dataset/Pictures_CFSB_leaf_damage/2025_10_07_RSFB-Phenotyping_WG1_JLU/2025_10_07_RSFB-Phenotyping_WG1_JLU/20251007_143919.jpg,True,195_LG Aviron_R4S_502_4_15
2025_10_07_RSFB-Phenotyping_WG1_JLU,20251007_143924.jpg,195_LG Aviron_R4S_502_4_15,,,,,,,,,2025_10_07_RSFB-Phenotyping_WG1_JLU_scores.csv,2.0,,,False,,Unknown,../dataset/Pictures_CFSB_leaf_damage/2025_10_07_RSFB-Phenotyping_WG1_JLU/2025_10_07_RSFB-Phenotyping_WG1_JLU/20251007_143924.jpg,True,195_LG Aviron_R4S_502_4_15
2025_10_07_RSFB-Phenotyping_WG1_JLU,20251007_143941.jpg,194_Aragon_R4S_172_4_14,,,,,,,,,2025_10_07_RSFB-Phenotyping_WG1_JLU_scores.csv,2.0,,,False,,Unknown,../dataset/Pictures_CFSB_leaf_damage/2025_10_07_RSFB-Phenotyping_WG1_JLU/2025_10_07_RSFB-Phenotyping_WG1_JLU/20251007_143941.jpg,True,194_Aragon_R4S_172_4_14
2025_10_07_RSFB-Phenotyping_WG1_JLU,20251007_143947.jpg,194_Aragon_R4S_172_4_14,,,,,,,,,2025_10_07_RSFB-Phenotyping_WG1_JLU_scores.csv,6.0,,,False,,Unknown,../dataset/Pictures_CFSB_leaf_damage/2025_10_07_RSFB-Phenotyping_WG1_JLU/2025_10_07_RSFB-Phenotyping_WG1_JLU/20251007_143947.jpg,True,194_Aragon_R4S_172_4_14
2025_10_07_RSFB-Phenotyping_WG1_JLU,20251007_143954.jpg,194_Aragon_R4S_172_4_14,,,,,,,,,2025_10_07_RSFB-Phenotyping_WG1_JLU_scores.csv,4.0,,,False,,Unknown,../dataset/Pictures_CFSB_leaf_damage/2025_10_07_RSFB-Phenotyping_WG1_JLU/2025_10_07_RSFB-Phenotyping_WG1_JLU/20251007_143954.jpg,True,194_Aragon_R4S_172_4_14
2025_10_07_RSFB-Phenotyping_WG1_JLU,20251007_144009.jpg,193_Express 617_R4S_504_4_13,,,,,,,,,2025_10_07_RSFB-Phenotyping_WG1_JLU_scores.csv,3.0,,,False,,Unknown,../dataset/Pictures_CFSB_leaf_damage/2025_10_07_RSFB-Phenotyping_WG1_JLU/2025_10_07_RSFB-Phenotyping_WG1_JLU/20251007_144009.jpg,True,193_Express 617_R4S_504_4_13
2025_10_07_RSFB-Phenotyping_WG1_JLU,20251007_144015.jpg,193_Express 617_R4S_504_4_13,,,,,,,,,2025_10_07_RSFB-Phenotyping_WG1_JLU_scores.csv,3.0,,,False,,Unknown,../dataset/Pictures_CFSB_leaf_damage/2025_10_07_RSFB-Phenotyping_WG1_JLU/2025_10_07_RSFB-Phenotyping_WG1_JLU/20251007_144015.jpg,True,193_Express 617_R4S_504_4_13
2025_10_07_RSFB-Phenotyping_WG1_JLU,20251007_144020.jpg,193_Express 617_R4S_504_4_13,,,,,,,,,2025_10_07_RSFB-Phenotyping_WG1_JLU_scores.csv,4.0,,,False,,Unknown,../dataset/Pictures_CFSB_leaf_damage/2025_10_07_RSFB-Phenotyping_WG1_JLU/2025_10_07_RSFB-Phenotyping_WG1_JLU/20251007_144020.jpg,True,193_Express 617_R4S_504_4_13
2025_10_07_RSFB-Phenotyping_WG1_JLU,20251007_144035.jpg,192_Missouri_R4S_152_4_12 (possibly),,,,,,,,,2025_10_07_RSFB-Phenotyping_WG1_JLU_scores.csv,3.0,,,False,,Unknown,../dataset/Pictures_CFSB_leaf_damage/2025_10_07_RSFB-Phenotyping_WG1_JLU/2025_10_07_RSFB-Phenotyping_WG1_JLU/20251007_144035.jpg,True,192_Missouri_R4S_152_4_12 (possibly)
2025_10_07_RSFB-Phenotyping_WG1_JLU,20251007_144040.jpg,192_Missouri_R4S_152_4_12,,,,,,,,,2025_10_07_RSFB-Phenotyping_WG1_JLU_scores.csv,4.0,,,False,,Unknown,../dataset/Pictures_CFSB_leaf_damage/2025_10_07_RSFB-Phenotyping_WG1_JLU/2025_10_07_RSFB-Phenotyping_WG1_JLU/20251007_144040.jpg,True,192_Missouri_R4S_152_4_12
2025_10_07_RSFB-Phenotyping_WG1_JLU,20251007_144045.jpg,192_Missouri_R4S_152_4_12,,,,,,,,,2025_10_07_RSFB-Phenotyping_WG1_JLU_scores.csv,4.0,,,False,,Unknown,../dataset/Pictures_CFSB_leaf_damage/2025_10_07_RSFB-Phenotyping_WG1_JLU/2025_10_07_RSFB-Phenotyping_WG1_JLU/20251007_144045.jpg,True,192_Missouri_R4S_152_4_12
2025_10_07_RSFB-Phenotyping_WG1_JLU,20251007_144102.jpg,191_Jupiter_R4S_276_4_11,,,,,,,,,2025_10_07_RSFB-Phenotyping_WG1_JLU_scores.csv,2.0,,,False,,Unknown,../dataset/Pictures_CFSB_leaf_damage/2025_10_07_RSFB-Phenotyping_WG1_JLU/2025_10_07_RSFB-Phenotyping_WG1_JLU/20251007_144102.jpg,True,191_Jupiter_R4S_276_4_11
2025_10_07_RSFB-Phenotyping_WG1_JLU,20251007_144108.jpg,191_Jupiter_R4S_276_4_11,,,,,,,,,2025_10_07_RSFB-Phenotyping_WG1_JLU_scores.csv,3.0,,,False,,Unknown,../dataset/Pictures_CFSB_leaf_damage/2025_10_07_RSFB-Phenotyping_WG1_JLU/2025_10_07_RSFB-Phenotyping_WG1_JLU/20251007_144108.jpg,True,191_Jupiter_R4S_276_4_11
2025_10_07_RSFB-Phenotyping_WG1_JLU,20251007_144114.jpg,191_Jupiter_R4S_276_4_11,,,,,,,,,2025_10_07_RSFB-Phenotyping_WG1_JLU_scores.csv,2.0,,,False,,Unknown,../dataset/Pictures_CFSB_leaf_damage/2025_10_07_RSFB-Phenotyping_WG1_JLU/2025_10_07_RSFB-Phenotyping_WG1_JLU/20251007_144114.jpg,True,191_Jupiter_R4S_276_4_11
2025_10_07_RSFB-Phenotyping_WG1_JLU,20251007_144129.jpg,190_Parkside_R4S_323_4_10,,,,,,,,,2025_10_07_RSFB-Phenotyping_WG1_JLU_scores.csv,1.0,,,False,,Unknown,../dataset/Pictures_CFSB_leaf_damage/2025_10_07_RSFB-Phenotyping_WG1_JLU/2025_10_07_RSFB-Phenotyping_WG1_JLU/20251007_144129.jpg,True,190_Parkside_R4S_323_4_10
2025_10_07_RSFB-Phenotyping_WG1_JLU,20251007_144136.jpg,190_Parkside_R4S_323_4_10,,,,,,,,,2025_10_07_RSFB-Phenotyping_WG1_JLU_scores.csv,6.0,,,False,,Unknown,../dataset/Pictures_CFSB_leaf_damage/2025_10_07_RSFB-Phenotyping_WG1_JLU/2025_10_07_RSFB-Phenotyping_WG1_JLU/20251007_144136.jpg,True,190_Parkside_R4S_323_4_10
2025_10_07_RSFB-Phenotyping_WG1_JLU,20251007_144140.jpg,190_Parkside_R4S_323_4_10,,,,,,,,,2025_10_07_RSFB-Phenotyping_WG1_JLU_scores.csv,2.0,,,False,,Unknown,../dataset/Pictures_CFSB_leaf_damage/2025_10_07_RSFB-Phenotyping_WG1_JLU/2025_10_07_RSFB-Phenotyping_WG1_JLU/20251007_144140.jpg,True,190_Parkside_R4S_323_4_10
2025_10_07_RSFB-Phenotyping_WG1_JLU,20251007_144203.jpg,189_Sarepta_R4S_380_4_9,,,,,,,,,2025_10_07_RSFB-Phenotyping_WG1_JLU_scores.csv,2.0,,,False,,Unknown,../dataset/Pictures_CFSB_leaf_damage/2025_10_07_RSFB-Phenotyping_WG1_JLU/2025_10_07_RSFB-Phenotyping_WG1_JLU/20251007_144203.jpg,True,189_Sarepta_R4S_380_4_9
2025_10_07_RSFB-Phenotyping_WG1_JLU,20251007_144208.jpg,189_Sarepta_R4S_380_4_9,,,,,,,,,2025_10_07_RSFB-Phenotyping_WG1_JLU_scores.csv,3.0,,,False,,Unknown,../dataset/Pictures_CFSB_leaf_damage/2025_10_07_RSFB-Phenotyping_WG1_JLU/2025_10_07_RSFB-Phenotyping_WG1_JLU/20251007_144208.jpg,True,189_Sarepta_R4S_380_4_9
2025_10_07_RSFB-Phenotyping_WG1_JLU,20251007_144213.jpg,189_Sarepta_R4S_380_4_9,,,,,,,,,2025_10_07_RSFB-Phenotyping_WG1_JLU_scores.csv,2.0,,,False,,Unknown,../dataset/Pictures_CFSB_leaf_damage/2025_10_07_RSFB-Phenotyping_WG1_JLU/2025_10_07_RSFB-Phenotyping_WG1_JLU/20251007_144213.jpg,True,189_Sarepta_R4S_380_4_9
2025_10_07_RSFB-Phenotyping_WG1_JLU,20251007_144232.jpg,188_RS13/6_R4S_436_4_8,,,,,,,,,2025_10_07_RSFB-Phenotyping_WG1_JLU_scores.csv,4.0,,,False,,Unknown,../dataset/Pictures_CFSB_leaf_damage/2025_10_07_RSFB-Phenotyping_WG1_JLU/2025_10_07_RSFB-Phenotyping_WG1_JLU/20251007_144232.jpg,True,188_RS13/6_R4S_436_4_8
2025_10_07_RSFB-Phenotyping_WG1_JLU,20251007_144238.jpg,188_RS13/6_R4S_436_4_8,,,,,,,,,2025_10_07_RSFB-Phenotyping_WG1_JLU_scores.csv,6.0,,,False,,Unknown,../dataset/Pictures_CFSB_leaf_damage/2025_10_07_RSFB-Phenotyping_WG1_JLU/2025_10_07_RSFB-Phenotyping_WG1_JLU/20251007_144238.jpg,True,188_RS13/6_R4S_436_4_8
2025_10_07_RSFB-Phenotyping_WG1_JLU,20251007_144243.jpg,188_RS13/6_R4S_436_4_8,,,,,,,,,2025_10_07_RSFB-Phenotyping_WG1_JLU_scores.csv,2.0,,,False,,Unknown,../dataset/Pictures_CFSB_leaf_damage/2025_10_07_RSFB-Phenotyping_WG1_JLU/2025_10_07_RSFB-Phenotyping_WG1_JLU/20251007_144243.jpg,True,188_RS13/6_R4S_436_4_8
2025_10_07_RSFB-Phenotyping_WG1_JLU,20251007_144310.jpg,187_Lipid_R4S_158_4_7,,,,,,,,,2025_10_07_RSFB-Phenotyping_WG1_JLU_scores.csv,3.0,,,False,,Unknown,../dataset/Pictures_CFSB_leaf_damage/2025_10_07_RSFB-Phenotyping_WG1_JLU/2025_10_07_RSFB-Phenotyping_WG1_JLU/20251007_144310.jpg,True,187_Lipid_R4S_158_4_7
2025_10_07_RSFB-Phenotyping_WG1_JLU,20251007_144318.jpg,187_Lipid_R4S_158_4_7,,,,,,,,,2025_10_07_RSFB-Phenotyping_WG1_JLU_scores.csv,4.0,,,False,,Unknown,../dataset/Pictures_CFSB_leaf_damage/2025_10_07_RSFB-Phenotyping_WG1_JLU/2025_10_07_RSFB-Phenotyping_WG1_JLU/20251007_144318.jpg,True,187_Lipid_R4S_158_4_7
2025_10_07_RSFB-Phenotyping_WG1_JLU,20251007_144323.jpg,187_Lipid_R4S_158_4_7,,,,,,,,,2025_10_07_RSFB-Phenotyping_WG1_JLU_scores.csv,3.0,,,False,,Unknown,../dataset/Pictures_CFSB_leaf_damage/2025_10_07_RSFB-Phenotyping_WG1_JLU/2025_10_07_RSFB-Phenotyping_WG1_JLU/20251007_144323.jpg,True,187_Lipid_R4S_158_4_7
2025_10_07_RSFB-Phenotyping_WG1_JLU,20251007_144339.jpg,186_Panter_R4S_381_4_6,,,,,,,,,2025_10_07_RSFB-Phenotyping_WG1_JLU_scores.csv,7.0,,,False,,Unknown,../dataset/Pictures_CFSB_leaf_damage/2025_10_07_RSFB-Phenotyping_WG1_JLU/2025_10_07_RSFB-Phenotyping_WG1_JLU/20251007_144339.jpg,True,186_Panter_R4S_381_4_6
2025_10_07_RSFB-Phenotyping_WG1_JLU,20251007_144345.jpg,186_Panter_R4S_381_4_6,,,,,,,,,2025_10_07_RSFB-Phenotyping_WG1_JLU_scores.csv,4.0,,,False,,Unknown,../dataset/Pictures_CFSB_leaf_damage/2025_10_07_RSFB-Phenotyping_WG1_JLU/2025_10_07_RSFB-Phenotyping_WG1_JLU/20251007_144345.jpg,True,186_Panter_R4S_381_4_6
2025_10_07_RSFB-Phenotyping_WG1_JLU,20251007_144349.jpg,186_Panter_R4S_381_4_6,,,,,,,,,2025_10_07_RSFB-Phenotyping_WG1_JLU_scores.csv,13.0,,,False,,Unknown,../dataset/Pictures_CFSB_leaf_damage/2025_10_07_RSFB-Phenotyping_WG1_JLU/2025_10_07_RSFB-Phenotyping_WG1_JLU/20251007_144349.jpg,True,186_Panter_R4S_381_4_6
2025_10_07_RSFB-Phenotyping_WG1_JLU,20251007_144404.jpg,185_Madora_R4S_281_4_5,,,,,,,,,2025_10_07_RSFB-Phenotyping_WG1_JLU_scores.csv,2.0,,,False,,Unknown,../dataset/Pictures_CFSB_leaf_damage/2025_10_07_RSFB-Phenotyping_WG1_JLU/2025_10_07_RSFB-Phenotyping_WG1_JLU/20251007_144404.jpg,True,185_Madora_R4S_281_4_5
2025_10_07_RSFB-Phenotyping_WG1_JLU,20251007_152817.jpg,185_Madora_R4S_281_4_5,,,,,,,,,2025_10_07_RSFB-Phenotyping_WG1_JLU_scores.csv,15.0,,,False,,Unknown,../dataset/Pictures_CFSB_leaf_damage/2025_10_07_RSFB-Phenotyping_WG1_JLU/2025_10_07_RSFB-Phenotyping_WG1_JLU/20251007_152817.jpg,True,185_Madora_R4S_281_4_5
2025_10_07_RSFB-Phenotyping_WG1_JLU,20251007_152822.jpg,185_Madora_R4S_281_4_5,,,,,,,,,2025_10_07_RSFB-Phenotyping_WG1_JLU_scores.csv,13.0,,,False,,Unknown,../dataset/Pictures_CFSB_leaf_damage/2025_10_07_RSFB-Phenotyping_WG1_JLU/2025_10_07_RSFB-Phenotyping_WG1_JLU/20251007_152822.jpg,True,185_Madora_R4S_281_4_5
2025_10_07_RSFB-Phenotyping_WG1_JLU,20251007_152829.jpg,185_Madora_R4S_281_4_5,,,,,,,,,2025_10_07_RSFB-Phenotyping_WG1_JLU_scores.csv,8.0,,,False,,Unknown,../dataset/Pictures_CFSB_leaf_damage/2025_10_07_RSFB-Phenotyping_WG1_JLU/2025_10_07_RSFB-Phenotyping_WG1_JLU/20251007_152829.jpg,True,185_Madora_R4S_281_4_5
2025_10_07_RSFB-Phenotyping_WG1_JLU,20251007_152848.jpg,184_Wilhelmsburger_R4S_348_4_4,,,,,,,,,2025_10_07_RSFB-Phenotyping_WG1_JLU_scores.csv,12.0,,,False,,Unknown,../dataset/Pictures_CFSB_leaf_damage/2025_10_07_RSFB-Phenotyping_WG1_JLU/2025_10_07_RSFB-Phenotyping_WG1_JLU/20251007_152848.jpg,True,184_Wilhelmsburger_R4S_348_4_4
2025_10_07_RSFB-Phenotyping_WG1_JLU,20251007_152855.jpg,184_Wilhelmsburger_R4S_348_4_4,,,,,,,,,2025_10_07_RSFB-Phenotyping_WG1_JLU_scores.csv,6.0,,,False,,Unknown,../dataset/Pictures_CFSB_leaf_damage/2025_10_07_RSFB-Phenotyping_WG1_JLU/2025_10_07_RSFB-Phenotyping_WG1_JLU/20251007_152855.jpg,True,184_Wilhelmsburger_R4S_348_4_4
2025_10_07_RSFB-Phenotyping_WG1_JLU,20251007_152900.jpg,184_Wilhelmsburger_R4S_348_4_4,,,,,,,,,2025_10_07_RSFB-Phenotyping_WG1_JLU_scores.csv,18.0,,,False,,Unknown,../dataset/Pictures_CFSB_leaf_damage/2025_10_07_RSFB-Phenotyping_WG1_JLU/2025_10_07_RSFB-Phenotyping_WG1_JLU/20251007_152900.jpg,True,184_Wilhelmsburger_R4S_348_4_4
2025_10_07_RSFB-Phenotyping_WG1_JLU,20251007_152915.jpg,183_Libritta_R4S_278_4_3,,,,,,,,,2025_10_07_RSFB-Phenotyping_WG1_JLU_scores.csv,2.0,,,False,,Unknown,../dataset/Pictures_CFSB_leaf_damage/2025_10_07_RSFB-Phenotyping_WG1_JLU/2025_10_07_RSFB-Phenotyping_WG1_JLU/20251007_152915.jpg,True,183_Libritta_R4S_278_4_3
2025_10_07_RSFB-Phenotyping_WG1_JLU,20251007_152920.jpg,183_Libritta_R4S_278_4_3,,,,,,,,,2025_10_07_RSFB-Phenotyping_WG1_JLU_scores.csv,5.0,,,False,,Unknown,../dataset/Pictures_CFSB_leaf_damage/2025_10_07_RSFB-Phenotyping_WG1_JLU/2025_10_07_RSFB-Phenotyping_WG1_JLU/20251007_152920.jpg,True,183_Libritta_R4S_278_4_3
2025_10_07_RSFB-Phenotyping_WG1_JLU,20251007_152927.jpg,183_Libritta_R4S_278_4_3,,,,,,,,,2025_10_07_RSFB-Phenotyping_WG1_JLU_scores.csv,3.0,,,False,,Unknown,../dataset/Pictures_CFSB_leaf_damage/2025_10_07_RSFB-Phenotyping_WG1_JLU/2025_10_07_RSFB-Phenotyping_WG1_JLU/20251007_152927.jpg,True,183_Libritta_R4S_278_4_3
2025_10_07_RSFB-Phenotyping_WG1_JLU,20251007_152943.jpg,182_S14_R4S_459_4_2,,,,,,,,,2025_10_07_RSFB-Phenotyping_WG1_JLU_scores.csv,2.0,,,False,,Unknown,../dataset/Pictures_CFSB_leaf_damage/2025_10_07_RSFB-Phenotyping_WG1_JLU/2025_10_07_RSFB-Phenotyping_WG1_JLU/20251007_152943.jpg,True,182_S14_R4S_459_4_2
2025_10_07_RSFB-Phenotyping_WG1_JLU,20251007_152950.jpg,182_S14_R4S_459_4_2,,,,,,,,,2025_10_07_RSFB-Phenotyping_WG1_JLU_scores.csv,2.0,,,False,,Unknown,../dataset/Pictures_CFSB_leaf_damage/2025_10_07_RSFB-Phenotyping_WG1_JLU/2025_10_07_RSFB-Phenotyping_WG1_JLU/20251007_152950.jpg,True,182_S14_R4S_459_4_2
2025_10_07_RSFB-Phenotyping_WG1_JLU,20251007_152957.jpg,182_S14_R4S_459_4_2,,,,,,,,,2025_10_07_RSFB-Phenotyping_WG1_JLU_scores.csv,4.0,,,False,,Unknown,../dataset/Pictures_CFSB_leaf_damage/2025_10_07_RSFB-Phenotyping_WG1_JLU/2025_10_07_RSFB-Phenotyping_WG1_JLU/20251007_152957.jpg,True,182_S14_R4S_459_4_2
2025_10_07_RSFB-Phenotyping_WG1_JLU,20251007_153023.jpg,181_Express 617_R4S_503_4_1,,,,,,,,,2025_10_07_RSFB-Phenotyping_WG1_JLU_scores.csv,5.0,,,False,,Unknown,../dataset/Pictures_CFSB_leaf_damage/2025_10_07_RSFB-Phenotyping_WG1_JLU/2025_10_07_RSFB-Phenotyping_WG1_JLU/20251007_153023.jpg,True,181_Express 617_R4S_503_4_1
2025_10_07_RSFB-Phenotyping_WG1_JLU,20251007_153029.jpg,181_Express 617_R4S_503_4_1,,,,,,,,,2025_10_07_RSFB-Phenotyping_WG1_JLU_scores.csv,5.0,,,False,,Unknown,../dataset/Pictures_CFSB_leaf_damage/2025_10_07_RSFB-Phenotyping_WG1_JLU/2025_10_07_RSFB-Phenotyping_WG1_JLU/20251007_153029.jpg,True,181_Express 617_R4S_503_4_1
2025_10_07_RSFB-Phenotyping_WG1_JLU,20251007_153034.jpg,181_Express 617_R4S_503_4_1,,,,,,,,,2025_10_07_RSFB-Phenotyping_WG1_JLU_scores.csv,4.0,,,False,,Unknown,../dataset/Pictures_CFSB_leaf_damage/2025_10_07_RSFB-Phenotyping_WG1_JLU/2025_10_07_RSFB-Phenotyping_WG1_JLU/20251007_153034.jpg,True,181_Express 617_R4S_503_4_1
2025_10_07_RSFB-Phenotyping_WG1_JLU,20251007_153107.jpg,241_KWS ARIANOS_R4S_493_5_1,,,,,,,,,2025_10_07_RSFB-Phenotyping_WG1_JLU_scores.csv,13.0,,,False,,Unknown,../dataset/Pictures_CFSB_leaf_damage/2025_10_07_RSFB-Phenotyping_WG1_JLU/2025_10_07_RSFB-Phenotyping_WG1_JLU/20251007_153107.jpg,True,241_KWS ARIANOS_R4S_493_5_1
2025_10_07_RSFB-Phenotyping_WG1_JLU,20251007_153113.jpg,241_KWS ARIANOS_R4S_493_5_1,,,,,,,,,2025_10_07_RSFB-Phenotyping_WG1_JLU_scores.csv,7.0,,,False,,Unknown,../dataset/Pictures_CFSB_leaf_damage/2025_10_07_RSFB-Phenotyping_WG1_JLU/2025_10_07_RSFB-Phenotyping_WG1_JLU/20251007_153113.jpg,True,241_KWS ARIANOS_R4S_493_5_1
2025_10_07_RSFB-Phenotyping_WG1_JLU,20251007_153119.jpg,241_KWS ARIANOS_R4S_493_5_1,,,,,,,,,2025_10_07_RSFB-Phenotyping_WG1_JLU_scores.csv,8.0,,,False,,Unknown,../dataset/Pictures_CFSB_leaf_damage/2025_10_07_RSFB-Phenotyping_WG1_JLU/2025_10_07_RSFB-Phenotyping_WG1_JLU/20251007_153119.jpg,True,241_KWS ARIANOS_R4S_493_5_1
2025_10_07_RSFB-Phenotyping_WG1_JLU,20251007_153132.jpg,242_Victor_R4S_376_5_2,,,,,,,,,2025_10_07_RSFB-Phenotyping_WG1_JLU_scores.csv,2.0,,,False,,Unknown,../dataset/Pictures_CFSB_leaf_damage/2025_10_07_RSFB-Phenotyping_WG1_JLU/2025_10_07_RSFB-Phenotyping_WG1_JLU/20251007_153132.jpg,True,242_Victor_R4S_376_5_2
2025_10_07_RSFB-Phenotyping_WG1_JLU,20251007_153138.jpg,242_Victor_R4S_376_5_2,,,,,,,,,2025_10_07_RSFB-Phenotyping_WG1_JLU_scores.csv,4.0,,,False,,Unknown,../dataset/Pictures_CFSB_leaf_damage/2025_10_07_RSFB-Phenotyping_WG1_JLU/2025_10_07_RSFB-Phenotyping_WG1_JLU/20251007_153138.jpg,True,242_Victor_R4S_376_5_2
2025_10_07_RSFB-Phenotyping_WG1_JLU,20251007_153143.jpg,242_Victor_R4S_376_5_2,,,,,,,,,2025_10_07_RSFB-Phenotyping_WG1_JLU_scores.csv,3.0,,,False,,Unknown,../dataset/Pictures_CFSB_leaf_damage/2025_10_07_RSFB-Phenotyping_WG1_JLU/2025_10_07_RSFB-Phenotyping_WG1_JLU/20251007_153143.jpg,True,242_Victor_R4S_376_5_2
2025_10_07_RSFB-Phenotyping_WG1_JLU,20251007_153201.jpg,243_R31_R4S_512_5_3,,,,,,,,,2025_10_07_RSFB-Phenotyping_WG1_JLU_scores.csv,6.0,,,False,,Unknown,../dataset/Pictures_CFSB_leaf_damage/2025_10_07_RSFB-Phenotyping_WG1_JLU/2025_10_07_RSFB-Phenotyping_WG1_JLU/20251007_153201.jpg,True,243_R31_R4S_512_5_3
2025_10_07_RSFB-Phenotyping_WG1_JLU,20251007_153206.jpg,243_R31_R4S_512_5_3,,,,,,,,,2025_10_07_RSFB-Phenotyping_WG1_JLU_scores.csv,6.0,,,False,,Unknown,../dataset/Pictures_CFSB_leaf_damage/2025_10_07_RSFB-Phenotyping_WG1_JLU/2025_10_07_RSFB-Phenotyping_WG1_JLU/20251007_153206.jpg,True,243_R31_R4S_512_5_3
2025_10_07_RSFB-Phenotyping_WG1_JLU,20251007_153211.jpg,243_R31_R4S_512_5_3,,,,,,,,,2025_10_07_RSFB-Phenotyping_WG1_JLU_scores.csv,15.0,,,False,,Unknown,../dataset/Pictures_CFSB_leaf_damage/2025_10_07_RSFB-Phenotyping_WG1_JLU/2025_10_07_RSFB-Phenotyping_WG1_JLU/20251007_153211.jpg,True,243_R31_R4S_512_5_3
2025_10_07_RSFB-Phenotyping_WG1_JLU,20251007_153228.jpg,244_H365_R4S_461_5_4,,,,,,,,,2025_10_07_RSFB-Phenotyping_WG1_JLU_scores.csv,6.0,,,False,,Unknown,../dataset/Pictures_CFSB_leaf_damage/2025_10_07_RSFB-Phenotyping_WG1_JLU/2025_10_07_RSFB-Phenotyping_WG1_JLU/20251007_153228.jpg,True,244_H365_R4S_461_5_4
2025_10_07_RSFB-Phenotyping_WG1_JLU,20251007_153233.jpg,244_H365_R4S_461_5_4,,,,,,,,,2025_10_07_RSFB-Phenotyping_WG1_JLU_scores.csv,7.0,,,False,,Unknown,../dataset/Pictures_CFSB_leaf_damage/2025_10_07_RSFB-Phenotyping_WG1_JLU/2025_10_07_RSFB-Phenotyping_WG1_JLU/20251007_153233.jpg,True,244_H365_R4S_461_5_4
2025_10_07_RSFB-Phenotyping_WG1_JLU,20251007_153238.jpg,244_H365_R4S_461_5_4,,,,,,,,,2025_10_07_RSFB-Phenotyping_WG1_JLU_scores.csv,14.0,,,False,,Unknown,../dataset/Pictures_CFSB_leaf_damage/2025_10_07_RSFB-Phenotyping_WG1_JLU/2025_10_07_RSFB-Phenotyping_WG1_JLU/20251007_153238.jpg,True,244_H365_R4S_461_5_4
2025_10_07_RSFB-Phenotyping_WG1_JLU,20251007_153254.jpg,245_BRONZE TOP_R4S_316_5_5,,,,,,,,,2025_10_07_RSFB-Phenotyping_WG1_JLU_scores.csv,3.0,,,False,,Unknown,../dataset/Pictures_CFSB_leaf_damage/2025_10_07_RSFB-Phenotyping_WG1_JLU/2025_10_07_RSFB-Phenotyping_WG1_JLU/20251007_153254.jpg,True,245_BRONZE TOP_R4S_316_5_5
2025_10_07_RSFB-Phenotyping_WG1_JLU,20251007_153258.jpg,245_BRONZE TOP_R4S_316_5_5,,,,,,,,,2025_10_07_RSFB-Phenotyping_WG1_JLU_scores.csv,9.0,,,False,,Unknown,../dataset/Pictures_CFSB_leaf_damage/2025_10_07_RSFB-Phenotyping_WG1_JLU/2025_10_07_RSFB-Phenotyping_WG1_JLU/20251007_153258.jpg,True,245_BRONZE TOP_R4S_316_5_5
2025_10_07_RSFB-Phenotyping_WG1_JLU,20251007_153303.jpg,245_BRONZE TOP_R4S_316_5_5,,,,,,,,,2025_10_07_RSFB-Phenotyping_WG1_JLU_scores.csv,3.0,,,False,,Unknown,../dataset/Pictures_CFSB_leaf_damage/2025_10_07_RSFB-Phenotyping_WG1_JLU/2025_10_07_RSFB-Phenotyping_WG1_JLU/20251007_153303.jpg,True,245_BRONZE TOP_R4S_316_5_5
2025_10_07_RSFB-Phenotyping_WG1_JLU,20251007_153319.jpg,246_Vinnickij 15/59_R4S_375_5_6,,,,,,,,,2025_10_07_RSFB-Phenotyping_WG1_JLU_scores.csv,8.0,,,False,,Unknown,../dataset/Pictures_CFSB_leaf_damage/2025_10_07_RSFB-Phenotyping_WG1_JLU/2025_10_07_RSFB-Phenotyping_WG1_JLU/20251007_153319.jpg,True,246_Vinnickij 15/59_R4S_375_5_6
2025_10_07_RSFB-Phenotyping_WG1_JLU,20251007_153324.jpg,246_Vinnickij 15/59_R4S_375_5_6,,,,,,,,,2025_10_07_RSFB-Phenotyping_WG1_JLU_scores.csv,8.0,,,False,,Unknown,../dataset/Pictures_CFSB_leaf_damage/2025_10_07_RSFB-Phenotyping_WG1_JLU/2025_10_07_RSFB-Phenotyping_WG1_JLU/20251007_153324.jpg,True,246_Vinnickij 15/59_R4S_375_5_6
2025_10_07_RSFB-Phenotyping_WG1_JLU,20251007_153328.jpg,246_Vinnickij 15/59_R4S_375_5_6,,,,,,,,,2025_10_07_RSFB-Phenotyping_WG1_JLU_scores.csv,12.0,,,False,,Unknown,../dataset/Pictures_CFSB_leaf_damage/2025_10_07_RSFB-Phenotyping_WG1_JLU/2025_10_07_RSFB-Phenotyping_WG1_JLU/20251007_153328.jpg,True,246_Vinnickij 15/59_R4S_375_5_6
2025_10_07_RSFB-Phenotyping_WG1_JLU,20251007_153344.jpg,247_Silona_R4S_364_5_7,,,,,,,,,2025_10_07_RSFB-Phenotyping_WG1_JLU_scores.csv,3.0,,,False,,Unknown,../dataset/Pictures_CFSB_leaf_damage/2025_10_07_RSFB-Phenotyping_WG1_JLU/2025_10_07_RSFB-Phenotyping_WG1_JLU/20251007_153344.jpg,True,247_Silona_R4S_364_5_7
2025_10_07_RSFB-Phenotyping_WG1_JLU,20251007_153350.jpg,247_Silona_R4S_364_5_7,,,,,,,,,2025_10_07_RSFB-Phenotyping_WG1_JLU_scores.csv,5.0,,,False,,Unknown,../dataset/Pictures_CFSB_leaf_damage/2025_10_07_RSFB-Phenotyping_WG1_JLU/2025_10_07_RSFB-Phenotyping_WG1_JLU/20251007_153350.jpg,True,247_Silona_R4S_364_5_7
2025_10_07_RSFB-Phenotyping_WG1_JLU,20251007_153357.jpg,247_Silona_R4S_364_5_7,,,,,,,,,2025_10_07_RSFB-Phenotyping_WG1_JLU_scores.csv,22.0,,,False,,Unknown,../dataset/Pictures_CFSB_leaf_damage/2025_10_07_RSFB-Phenotyping_WG1_JLU/2025_10_07_RSFB-Phenotyping_WG1_JLU/20251007_153357.jpg,True,247_Silona_R4S_364_5_7
2025_10_07_RSFB-Phenotyping_WG1_JLU,20251007_153413.jpg,248_Nemertschanskij 1_R4S_284_5_8,,,,,,,,,2025_10_07_RSFB-Phenotyping_WG1_JLU_scores.csv,7.0,,,False,,Unknown,../dataset/Pictures_CFSB_leaf_damage/2025_10_07_RSFB-Phenotyping_WG1_JLU/2025_10_07_RSFB-Phenotyping_WG1_JLU/20251007_153413.jpg,True,248_Nemertschanskij 1_R4S_284_5_8
2025_10_07_RSFB-Phenotyping_WG1_JLU,20251007_153419.jpg,248_Nemertschanskij 1_R4S_284_5_8,,,,,,,,,2025_10_07_RSFB-Phenotyping_WG1_JLU_scores.csv,12.0,,,False,,Unknown,../dataset/Pictures_CFSB_leaf_damage/2025_10_07_RSFB-Phenotyping_WG1_JLU/2025_10_07_RSFB-Phenotyping_WG1_JLU/20251007_153419.jpg,True,248_Nemertschanskij 1_R4S_284_5_8
2025_10_07_RSFB-Phenotyping_WG1_JLU,20251007_153424.jpg,248_Nemertschanskij 1_R4S_284_5_8,,,,,,,,,2025_10_07_RSFB-Phenotyping_WG1_JLU_scores.csv,8.0,,,False,,Unknown,../dataset/Pictures_CFSB_leaf_damage/2025_10_07_RSFB-Phenotyping_WG1_JLU/2025_10_07_RSFB-Phenotyping_WG1_JLU/20251007_153424.jpg,True,248_Nemertschanskij 1_R4S_284_5_8
2025_10_07_RSFB-Phenotyping_WG1_JLU,20251007_153441.jpg,249_G56_R4S_452_5_9,,,,,,,,,2025_10_07_RSFB-Phenotyping_WG1_JLU_scores.csv,4.0,,,False,,Unknown,../dataset/Pictures_CFSB_leaf_damage/2025_10_07_RSFB-Phenotyping_WG1_JLU/2025_10_07_RSFB-Phenotyping_WG1_JLU/20251007_153441.jpg,True,249_G56_R4S_452_5_9
2025_10_07_RSFB-Phenotyping_WG1_JLU,20251007_153449.jpg,249_G56_R4S_452_5_9,,,,,,,,,2025_10_07_RSFB-Phenotyping_WG1_JLU_scores.csv,15.0,,,False,,Unknown,../dataset/Pictures_CFSB_leaf_damage/2025_10_07_RSFB-Phenotyping_WG1_JLU/2025_10_07_RSFB-Phenotyping_WG1_JLU/20251007_153449.jpg,True,249_G56_R4S_452_5_9
2025_10_07_RSFB-Phenotyping_WG1_JLU,20251007_153454.jpg,249_G56_R4S_452_5_9,,,,,,,,,2025_10_07_RSFB-Phenotyping_WG1_JLU_scores.csv,6.0,,,False,,Unknown,../dataset/Pictures_CFSB_leaf_damage/2025_10_07_RSFB-Phenotyping_WG1_JLU/2025_10_07_RSFB-Phenotyping_WG1_JLU/20251007_153454.jpg,True,249_G56_R4S_452_5_9
2025_10_07_RSFB-Phenotyping_WG1_JLU,20251007_153513.jpg,250_Adder_R4S_144_5_10,,,,,,,,,2025_10_07_RSFB-Phenotyping_WG1_JLU_scores.csv,3.0,,,False,,Unknown,../dataset/Pictures_CFSB_leaf_damage/2025_10_07_RSFB-Phenotyping_WG1_JLU/2025_10_07_RSFB-Phenotyping_WG1_JLU/20251007_153513.jpg,True,250_Adder_R4S_144_5_10
2025_10_07_RSFB-Phenotyping_WG1_JLU,20251007_153518.jpg,250_Adder_R4S_144_5_10,,,,,,,,,2025_10_07_RSFB-Phenotyping_WG1_JLU_scores.csv,2.0,,,False,,Unknown,../dataset/Pictures_CFSB_leaf_damage/2025_10_07_RSFB-Phenotyping_WG1_JLU/2025_10_07_RSFB-Phenotyping_WG1_JLU/20251007_153518.jpg,True,250_Adder_R4S_144_5_10
2025_10_07_RSFB-Phenotyping_WG1_JLU,20251007_153523.jpg,250_Adder_R4S_144_5_10,,,,,,,,,2025_10_07_RSFB-Phenotyping_WG1_JLU_scores.csv,4.0,,,False,,Unknown,../dataset/Pictures_CFSB_leaf_damage/2025_10_07_RSFB-Phenotyping_WG1_JLU/2025_10_07_RSFB-Phenotyping_WG1_JLU/20251007_153523.jpg,True,250_Adder_R4S_144_5_10
2025_10_07_RSFB-Phenotyping_WG1_JLU,20251007_153541.jpg,251_LEMBKES MALCHOWER (LENORA)_R4S_194_5_11,,,,,,,,,2025_10_07_RSFB-Phenotyping_WG1_JLU_scores.csv,4.0,,,False,,Unknown,../dataset/Pictures_CFSB_leaf_damage/2025_10_07_RSFB-Phenotyping_WG1_JLU/2025_10_07_RSFB-Phenotyping_WG1_JLU/20251007_153541.jpg,True,251_LEMBKES MALCHOWER (LENORA)_R4S_194_5_11
2025_10_07_RSFB-Phenotyping_WG1_JLU,20251007_153546.jpg,251_LEMBKES MALCHOWER (LENORA)_R4S_194_5_11,,,,,,,,,2025_10_07_RSFB-Phenotyping_WG1_JLU_scores.csv,5.0,,,False,,Unknown,../dataset/Pictures_CFSB_leaf_damage/2025_10_07_RSFB-Phenotyping_WG1_JLU/2025_10_07_RSFB-Phenotyping_WG1_JLU/20251007_153546.jpg,True,251_LEMBKES MALCHOWER (LENORA)_R4S_194_5_11
2025_10_07_RSFB-Phenotyping_WG1_JLU,20251007_153551.jpg,251_LEMBKES MALCHOWER (LENORA)_R4S_194_5_11,,,,,,,,,2025_10_07_RSFB-Phenotyping_WG1_JLU_scores.csv,6.0,,,False,,Unknown,../dataset/Pictures_CFSB_leaf_damage/2025_10_07_RSFB-Phenotyping_WG1_JLU/2025_10_07_RSFB-Phenotyping_WG1_JLU/20251007_153551.jpg,True,251_LEMBKES MALCHOWER (LENORA)_R4S_194_5_11
2025_10_07_RSFB-Phenotyping_WG1_JLU,20251007_153624.jpg,252_ALLESANDRO KWS_R4S_548_5_12,,,,,,,,,2025_10_07_RSFB-Phenotyping_WG1_JLU_scores.csv,7.0,,,False,,Unknown,../dataset/Pictures_CFSB_leaf_damage/2025_10_07_RSFB-Phenotyping_WG1_JLU/2025_10_07_RSFB-Phenotyping_WG1_JLU/20251007_153624.jpg,True,252_ALLESANDRO KWS_R4S_548_5_12
2025_10_07_RSFB-Phenotyping_WG1_JLU,20251007_153632.jpg,252_ALLESANDRO KWS_R4S_548_5_12,,,,,,,,,2025_10_07_RSFB-Phenotyping_WG1_JLU_scores.csv,11.0,,,False,,Unknown,../dataset/Pictures_CFSB_leaf_damage/2025_10_07_RSFB-Phenotyping_WG1_JLU/2025_10_07_RSFB-Phenotyping_WG1_JLU/20251007_153632.jpg,True,252_ALLESANDRO KWS_R4S_548_5_12
2025_10_07_RSFB-Phenotyping_WG1_JLU,20251007_153638.jpg,252_ALLESANDRO KWS_R4S_548_5_12,,,,,,,,,2025_10_07_RSFB-Phenotyping_WG1_JLU_scores.csv,12.0,,,False,,Unknown,../dataset/Pictures_CFSB_leaf_damage/2025_10_07_RSFB-Phenotyping_WG1_JLU/2025_10_07_RSFB-Phenotyping_WG1_JLU/20251007_153638.jpg,True,252_ALLESANDRO KWS_R4S_548_5_12
2025_10_07_RSFB-Phenotyping_WG1_JLU,20251007_153659.jpg,253_NK Bravour_R4S_244_5_13,,,,,,,,,2025_10_07_RSFB-Phenotyping_WG1_JLU_scores.csv,5.0,,,False,,Unknown,../dataset/Pictures_CFSB_leaf_damage/2025_10_07_RSFB-Phenotyping_WG1_JLU/2025_10_07_RSFB-Phenotyping_WG1_JLU/20251007_153659.jpg,True,253_NK Bravour_R4S_244_5_13
2025_10_07_RSFB-Phenotyping_WG1_JLU,20251007_153706.jpg,253_NK Bravour_R4S_244_5_13,,,,,,,,,2025_10_07_RSFB-Phenotyping_WG1_JLU_scores.csv,10.0,,,False,,Unknown,../dataset/Pictures_CFSB_leaf_damage/2025_10_07_RSFB-Phenotyping_WG1_JLU/2025_10_07_RSFB-Phenotyping_WG1_JLU/20251007_153706.jpg,True,253_NK Bravour_R4S_244_5_13
2025_10_07_RSFB-Phenotyping_WG1_JLU,20251007_153717.jpg,253_NK Bravour_R4S_244_5_13,,,,,,,,,2025_10_07_RSFB-Phenotyping_WG1_JLU_scores.csv,15.0,,,False,,Unknown,../dataset/Pictures_CFSB_leaf_damage/2025_10_07_RSFB-Phenotyping_WG1_JLU/2025_10_07_RSFB-Phenotyping_WG1_JLU/20251007_153717.jpg,True,253_NK Bravour_R4S_244_5_13
2025_10_07_RSFB-Phenotyping_WG1_JLU,20251007_153735.jpg,254_K53_R4S_460_5_14,,,,,,,,,2025_10_07_RSFB-Phenotyping_WG1_JLU_scores.csv,12.0,,,False,,Unknown,../dataset/Pictures_CFSB_leaf_damage/2025_10_07_RSFB-Phenotyping_WG1_JLU/2025_10_07_RSFB-Phenotyping_WG1_JLU/20251007_153735.jpg,True,254_K53_R4S_460_5_14
2025_10_07_RSFB-Phenotyping_WG1_JLU,20251007_153742.jpg,254_K53_R4S_460_5_14,,,,,,,,,2025_10_07_RSFB-Phenotyping_WG1_JLU_scores.csv,6.0,,,False,,Unknown,../dataset/Pictures_CFSB_leaf_damage/2025_10_07_RSFB-Phenotyping_WG1_JLU/2025_10_07_RSFB-Phenotyping_WG1_JLU/20251007_153742.jpg,True,254_K53_R4S_460_5_14
2025_10_07_RSFB-Phenotyping_WG1_JLU,20251007_153748.jpg,254_K53_R4S_460_5_14,,,,,,,,,2025_10_07_RSFB-Phenotyping_WG1_JLU_scores.csv,4.0,,,False,,Unknown,../dataset/Pictures_CFSB_leaf_damage/2025_10_07_RSFB-Phenotyping_WG1_JLU/2025_10_07_RSFB-Phenotyping_WG1_JLU/20251007_153748.jpg,True,254_K53_R4S_460_5_14
2025_10_07_RSFB-Phenotyping_WG1_JLU,20251007_153807.jpg,255_Pollen_R4S_182_5_15,,,,,,,,,2025_10_07_RSFB-Phenotyping_WG1_JLU_scores.csv,19.0,,,False,,Unknown,../dataset/Pictures_CFSB_leaf_damage/2025_10_07_RSFB-Phenotyping_WG1_JLU/2025_10_07_RSFB-Phenotyping_WG1_JLU/20251007_153807.jpg,True,255_Pollen_R4S_182_5_15
2025_10_07_RSFB-Phenotyping_WG1_JLU,20251007_153813.jpg,255_Pollen_R4S_182_5_15,,,,,,,,,2025_10_07_RSFB-Phenotyping_WG1_JLU_scores.csv,15.0,,,False,,Unknown,../dataset/Pictures_CFSB_leaf_damage/2025_10_07_RSFB-Phenotyping_WG1_JLU/2025_10_07_RSFB-Phenotyping_WG1_JLU/20251007_153813.jpg,True,255_Pollen_R4S_182_5_15
2025_10_07_RSFB-Phenotyping_WG1_JLU,20251007_153819.jpg,255_Pollen_R4S_182_5_15,,,,,,,,,2025_10_07_RSFB-Phenotyping_WG1_JLU_scores.csv,7.0,,,False,,Unknown,../dataset/Pictures_CFSB_leaf_damage/2025_10_07_RSFB-Phenotyping_WG1_JLU/2025_10_07_RSFB-Phenotyping_WG1_JLU/20251007_153819.jpg,True,255_Pollen_R4S_182_5_15
2025_10_07_RSFB-Phenotyping_WG1_JLU,20251007_153837.jpg,256_Jessica_R4S_229_5_16,,,,,,,,,2025_10_07_RSFB-Phenotyping_WG1_JLU_scores.csv,8.0,,,False,,Unknown,../dataset/Pictures_CFSB_leaf_damage/2025_10_07_RSFB-Phenotyping_WG1_JLU/2025_10_07_RSFB-Phenotyping_WG1_JLU/20251007_153837.jpg,True,256_Jessica_R4S_229_5_16
2025_10_07_RSFB-Phenotyping_WG1_JLU,20251007_153842.jpg,256_Jessica_R4S_229_5_16,,,,,,,,,2025_10_07_RSFB-Phenotyping_WG1_JLU_scores.csv,12.0,,,False,,Unknown,../dataset/Pictures_CFSB_leaf_damage/2025_10_07_RSFB-Phenotyping_WG1_JLU/2025_10_07_RSFB-Phenotyping_WG1_JLU/20251007_153842.jpg,True,256_Jessica_R4S_229_5_16
2025_10_07_RSFB-Phenotyping_WG1_JLU,20251007_153847.jpg,256_Jessica_R4S_229_5_16,,,,,,,,,2025_10_07_RSFB-Phenotyping_WG1_JLU_scores.csv,10.0,,,False,,Unknown,../dataset/Pictures_CFSB_leaf_damage/2025_10_07_RSFB-Phenotyping_WG1_JLU/2025_10_07_RSFB-Phenotyping_WG1_JLU/20251007_153847.jpg,True,256_Jessica_R4S_229_5_16
2025_10_07_RSFB-Phenotyping_WG1_JLU,20251007_153905.jpg,257_RESYN-H048_R4S_553_5_17,,,,,,,,,2025_10_07_RSFB-Phenotyping_WG1_JLU_scores.csv,9.0,,,False,,Unknown,../dataset/Pictures_CFSB_leaf_damage/2025_10_07_RSFB-Phenotyping_WG1_JLU/2025_10_07_RSFB-Phenotyping_WG1_JLU/20251007_153905.jpg,True,257_RESYN-H048_R4S_553_5_17
2025_10_07_RSFB-Phenotyping_WG1_JLU,20251007_153924.jpg,257_RESYN-H048_R4S_553_5_17,,,,,,,,,2025_10_07_RSFB-Phenotyping_WG1_JLU_scores.csv,13.0,,,False,,Unknown,../dataset/Pictures_CFSB_leaf_damage/2025_10_07_RSFB-Phenotyping_WG1_JLU/2025_10_07_RSFB-Phenotyping_WG1_JLU/20251007_153924.jpg,True,257_RESYN-H048_R4S_553_5_17
2025_10_07_RSFB-Phenotyping_WG1_JLU,20251007_153930.jpg,257_RESYN-H048_R4S_553_5_17,,,,,,,,,2025_10_07_RSFB-Phenotyping_WG1_JLU_scores.csv,4.0,,,False,,Unknown,../dataset/Pictures_CFSB_leaf_damage/2025_10_07_RSFB-Phenotyping_WG1_JLU/2025_10_07_RSFB-Phenotyping_WG1_JLU/20251007_153930.jpg,True,257_RESYN-H048_R4S_553_5_17
2025_10_07_RSFB-Phenotyping_WG1_JLU,20251007_153950.jpg,258_TAIWAN_R4S_312_5_18,,,,,,,,,2025_10_07_RSFB-Phenotyping_WG1_JLU_scores.csv,7.0,,,False,,Unknown,../dataset/Pictures_CFSB_leaf_damage/2025_10_07_RSFB-Phenotyping_WG1_JLU/2025_10_07_RSFB-Phenotyping_WG1_JLU/20251007_153950.jpg,True,258_TAIWAN_R4S_312_5_18
2025_10_07_RSFB-Phenotyping_WG1_JLU,20251007_153956.jpg,258_TAIWAN_R4S_312_5_18,,,,,,,,,2025_10_07_RSFB-Phenotyping_WG1_JLU_scores.csv,12.0,,,False,,Unknown,../dataset/Pictures_CFSB_leaf_damage/2025_10_07_RSFB-Phenotyping_WG1_JLU/2025_10_07_RSFB-Phenotyping_WG1_JLU/20251007_153956.jpg,True,258_TAIWAN_R4S_312_5_18
2025_10_07_RSFB-Phenotyping_WG1_JLU,20251007_154004.jpg,258_TAIWAN_R4S_312_5_18,,,,,,,,,2025_10_07_RSFB-Phenotyping_WG1_JLU_scores.csv,13.0,,,False,,Unknown,../dataset/Pictures_CFSB_leaf_damage/2025_10_07_RSFB-Phenotyping_WG1_JLU/2025_10_07_RSFB-Phenotyping_WG1_JLU/20251007_154004.jpg,True,258_TAIWAN_R4S_312_5_18
2025_10_07_RSFB-Phenotyping_WG1_JLU,20251007_154023.jpg,259_Lirajet_R4S_252_5_19,,,,,,,,,2025_10_07_RSFB-Phenotyping_WG1_JLU_scores.csv,7.0,,,False,,Unknown,../dataset/Pictures_CFSB_leaf_damage/2025_10_07_RSFB-Phenotyping_WG1_JLU/2025_10_07_RSFB-Phenotyping_WG1_JLU/20251007_154023.jpg,True,259_Lirajet_R4S_252_5_19
2025_10_07_RSFB-Phenotyping_WG1_JLU,20251007_154028.jpg,259_Lirajet_R4S_252_5_19,,,,,,,,,2025_10_07_RSFB-Phenotyping_WG1_JLU_scores.csv,16.0,,,False,,Unknown,../dataset/Pictures_CFSB_leaf_damage/2025_10_07_RSFB-Phenotyping_WG1_JLU/2025_10_07_RSFB-Phenotyping_WG1_JLU/20251007_154028.jpg,True,259_Lirajet_R4S_252_5_19
2025_10_07_RSFB-Phenotyping_WG1_JLU,20251007_154035.jpg,259_Lirajet_R4S_252_5_19,,,,,,,,,2025_10_07_RSFB-Phenotyping_WG1_JLU_scores.csv,7.0,,,False,,Unknown,../dataset/Pictures_CFSB_leaf_damage/2025_10_07_RSFB-Phenotyping_WG1_JLU/2025_10_07_RSFB-Phenotyping_WG1_JLU/20251007_154035.jpg,True,259_Lirajet_R4S_252_5_19
2025_10_07_RSFB-Phenotyping_WG1_JLU,20251007_154052.jpg,260_Campari_R4S_231_5_20,,,,,,,,,2025_10_07_RSFB-Phenotyping_WG1_JLU_scores.csv,8.0,,,False,,Unknown,../dataset/Pictures_CFSB_leaf_damage/2025_10_07_RSFB-Phenotyping_WG1_JLU/2025_10_07_RSFB-Phenotyping_WG1_JLU/20251007_154052.jpg,True,260_Campari_R4S_231_5_20
2025_10_07_RSFB-Phenotyping_WG1_JLU,20251007_154057.jpg,260_Campari_R4S_231_5_20,,,,,,,,,2025_10_07_RSFB-Phenotyping_WG1_JLU_scores.csv,4.0,,,False,,Unknown,../dataset/Pictures_CFSB_leaf_damage/2025_10_07_RSFB-Phenotyping_WG1_JLU/2025_10_07_RSFB-Phenotyping_WG1_JLU/20251007_154057.jpg,True,260_Campari_R4S_231_5_20
2025_10_07_RSFB-Phenotyping_WG1_JLU,20251007_154103.jpg,260_Campari_R4S_231_5_20,,,,,,,,,2025_10_07_RSFB-Phenotyping_WG1_JLU_scores.csv,11.0,,,False,,Unknown,../dataset/Pictures_CFSB_leaf_damage/2025_10_07_RSFB-Phenotyping_WG1_JLU/2025_10_07_RSFB-Phenotyping_WG1_JLU/20251007_154103.jpg,True,260_Campari_R4S_231_5_20
2025_10_07_RSFB-Phenotyping_WG1_JLU,20251007_154121.jpg,261_Smaragd_R4S_540_5_21,,,,,,,,,2025_10_07_RSFB-Phenotyping_WG1_JLU_scores.csv,8.0,,,False,,Unknown,../dataset/Pictures_CFSB_leaf_damage/2025_10_07_RSFB-Phenotyping_WG1_JLU/2025_10_07_RSFB-Phenotyping_WG1_JLU/20251007_154121.jpg,True,261_Smaragd_R4S_540_5_21
2025_10_07_RSFB-Phenotyping_WG1_JLU,20251007_154126.jpg,261_Smaragd_R4S_540_5_21,,,,,,,,,2025_10_07_RSFB-Phenotyping_WG1_JLU_scores.csv,9.0,,,False,,Unknown,../dataset/Pictures_CFSB_leaf_damage/2025_10_07_RSFB-Phenotyping_WG1_JLU/2025_10_07_RSFB-Phenotyping_WG1_JLU/20251007_154126.jpg,True,261_Smaragd_R4S_540_5_21
2025_10_07_RSFB-Phenotyping_WG1_JLU,20251007_154130.jpg,261_Smaragd_R4S_540_5_21,,,,,,,,,2025_10_07_RSFB-Phenotyping_WG1_JLU_scores.csv,13.0,,,False,,Unknown,../dataset/Pictures_CFSB_leaf_damage/2025_10_07_RSFB-Phenotyping_WG1_JLU/2025_10_07_RSFB-Phenotyping_WG1_JLU/20251007_154130.jpg,True,261_Smaragd_R4S_540_5_21
2025_10_07_RSFB-Phenotyping_WG1_JLU,20251007_154146.jpg,262_BIENVENU DH4_R4S_223_5_22,,,,,,,,,2025_10_07_RSFB-Phenotyping_WG1_JLU_scores.csv,7.0,,,False,,Unknown,../dataset/Pictures_CFSB_leaf_damage/2025_10_07_RSFB-Phenotyping_WG1_JLU/2025_10_07_RSFB-Phenotyping_WG1_JLU/20251007_154146.jpg,True,262_BIENVENU DH4_R4S_223_5_22
2025_10_07_RSFB-Phenotyping_WG1_JLU,20251007_154153.jpg,262_BIENVENU DH4_R4S_223_5_22,,,,,,,,,2025_10_07_RSFB-Phenotyping_WG1_JLU_scores.csv,8.0,,,False,,Unknown,../dataset/Pictures_CFSB_leaf_damage/2025_10_07_RSFB-Phenotyping_WG1_JLU/2025_10_07_RSFB-Phenotyping_WG1_JLU/20251007_154153.jpg,True,262_BIENVENU DH4_R4S_223_5_22
2025_10_07_RSFB-Phenotyping_WG1_JLU,20251007_154159.jpg,262_BIENVENU DH4_R4S_223_5_22,,,,,,,,,2025_10_07_RSFB-Phenotyping_WG1_JLU_scores.csv,11.0,,,False,,Unknown,../dataset/Pictures_CFSB_leaf_damage/2025_10_07_RSFB-Phenotyping_WG1_JLU/2025_10_07_RSFB-Phenotyping_WG1_JLU/20251007_154159.jpg,True,262_BIENVENU DH4_R4S_223_5_22
2025_10_07_RSFB-Phenotyping_WG1_JLU,20251007_154221.jpg,263_R18_R4S_424_5_23,,,,,,,,,2025_10_07_RSFB-Phenotyping_WG1_JLU_scores.csv,9.0,,,False,,Unknown,../dataset/Pictures_CFSB_leaf_damage/2025_10_07_RSFB-Phenotyping_WG1_JLU/2025_10_07_RSFB-Phenotyping_WG1_JLU/20251007_154221.jpg,True,263_R18_R4S_424_5_23
2025_10_07_RSFB-Phenotyping_WG1_JLU,20251007_154227.jpg,263_R18_R4S_424_5_23,,,,,,,,,2025_10_07_RSFB-Phenotyping_WG1_JLU_scores.csv,15.0,,,False,,Unknown,../dataset/Pictures_CFSB_leaf_damage/2025_10_07_RSFB-Phenotyping_WG1_JLU/2025_10_07_RSFB-Phenotyping_WG1_JLU/20251007_154227.jpg,True,263_R18_R4S_424_5_23
2025_10_07_RSFB-Phenotyping_WG1_JLU,20251007_154233.jpg,263_R18_R4S_424_5_23,,,,,,,,,2025_10_07_RSFB-Phenotyping_WG1_JLU_scores.csv,4.0,,,False,,Unknown,../dataset/Pictures_CFSB_leaf_damage/2025_10_07_RSFB-Phenotyping_WG1_JLU/2025_10_07_RSFB-Phenotyping_WG1_JLU/20251007_154233.jpg,True,263_R18_R4S_424_5_23
2025_10_07_RSFB-Phenotyping_WG1_JLU,20251007_154249.jpg,264_Nugget_R4S_235_5_24,,,,,,,,,2025_10_07_RSFB-Phenotyping_WG1_JLU_scores.csv,1.0,,,False,,Unknown,../dataset/Pictures_CFSB_leaf_damage/2025_10_07_RSFB-Phenotyping_WG1_JLU/2025_10_07_RSFB-Phenotyping_WG1_JLU/20251007_154249.jpg,True,264_Nugget_R4S_235_5_24
2025_10_07_RSFB-Phenotyping_WG1_JLU,20251007_154254.jpg,264_Nugget_R4S_235_5_24,,,,,,,,,2025_10_07_RSFB-Phenotyping_WG1_JLU_scores.csv,4.0,,,False,,Unknown,../dataset/Pictures_CFSB_leaf_damage/2025_10_07_RSFB-Phenotyping_WG1_JLU/2025_10_07_RSFB-Phenotyping_WG1_JLU/20251007_154254.jpg,True,264_Nugget_R4S_235_5_24
2025_10_07_RSFB-Phenotyping_WG1_JLU,20251007_154259.jpg,264_Nugget_R4S_235_5_24,,,,,,,,,2025_10_07_RSFB-Phenotyping_WG1_JLU_scores.csv,5.0,,,False,,Unknown,../dataset/Pictures_CFSB_leaf_damage/2025_10_07_RSFB-Phenotyping_WG1_JLU/2025_10_07_RSFB-Phenotyping_WG1_JLU/20251007_154259.jpg,True,264_Nugget_R4S_235_5_24
2025_10_07_RSFB-Phenotyping_WG1_JLU,20251007_154316.jpg,265_Mytnickij_R4S_283_5_25,,,,,,,,,2025_10_07_RSFB-Phenotyping_WG1_JLU_scores.csv,3.0,,,False,,Unknown,../dataset/Pictures_CFSB_leaf_damage/2025_10_07_RSFB-Phenotyping_WG1_JLU/2025_10_07_RSFB-Phenotyping_WG1_JLU/20251007_154316.jpg,True,265_Mytnickij_R4S_283_5_25
2025_10_07_RSFB-Phenotyping_WG1_JLU,20251007_154321.jpg,265_Mytnickij_R4S_283_5_25,,,,,,,,,2025_10_07_RSFB-Phenotyping_WG1_JLU_scores.csv,3.0,,,False,,Unknown,../dataset/Pictures_CFSB_leaf_damage/2025_10_07_RSFB-Phenotyping_WG1_JLU/2025_10_07_RSFB-Phenotyping_WG1_JLU/20251007_154321.jpg,True,265_Mytnickij_R4S_283_5_25
2025_10_07_RSFB-Phenotyping_WG1_JLU,20251007_154326.jpg,265_Mytnickij_R4S_283_5_25,,,,,,,,,2025_10_07_RSFB-Phenotyping_WG1_JLU_scores.csv,7.0,,,False,,Unknown,../dataset/Pictures_CFSB_leaf_damage/2025_10_07_RSFB-Phenotyping_WG1_JLU/2025_10_07_RSFB-Phenotyping_WG1_JLU/20251007_154326.jpg,True,265_Mytnickij_R4S_283_5_25
2025_10_07_RSFB-Phenotyping_WG1_JLU,20251007_154343.jpg,266_CANBERRA x COURAGE DH LINE_R4S_188_5_26,,,,,,,,,2025_10_07_RSFB-Phenotyping_WG1_JLU_scores.csv,12.0,,,False,,Unknown,../dataset/Pictures_CFSB_leaf_damage/2025_10_07_RSFB-Phenotyping_WG1_JLU/2025_10_07_RSFB-Phenotyping_WG1_JLU/20251007_154343.jpg,True,266_CANBERRA x COURAGE DH LINE_R4S_188_5_26
2025_10_07_RSFB-Phenotyping_WG1_JLU,20251007_154348.jpg,266_CANBERRA x COURAGE DH LINE_R4S_188_5_26,,,,,,,,,2025_10_07_RSFB-Phenotyping_WG1_JLU_scores.csv,3.0,,,False,,Unknown,../dataset/Pictures_CFSB_leaf_damage/2025_10_07_RSFB-Phenotyping_WG1_JLU/2025_10_07_RSFB-Phenotyping_WG1_JLU/20251007_154348.jpg,True,266_CANBERRA x COURAGE DH LINE_R4S_188_5_26
2025_10_07_RSFB-Phenotyping_WG1_JLU,20251007_154355.jpg,266_CANBERRA x COURAGE DH LINE_R4S_188_5_26,,,,,,,,,2025_10_07_RSFB-Phenotyping_WG1_JLU_scores.csv,17.0,,,False,,Unknown,../dataset/Pictures_CFSB_leaf_damage/2025_10_07_RSFB-Phenotyping_WG1_JLU/2025_10_07_RSFB-Phenotyping_WG1_JLU/20251007_154355.jpg,True,266_CANBERRA x COURAGE DH LINE_R4S_188_5_26
2025_10_07_RSFB-Phenotyping_WG1_JLU,20251007_154411.jpg,267_Krapphauser_R4S_277_5_27,,,,,,,,,2025_10_07_RSFB-Phenotyping_WG1_JLU_scores.csv,5.0,,,False,,Unknown,../dataset/Pictures_CFSB_leaf_damage/2025_10_07_RSFB-Phenotyping_WG1_JLU/2025_10_07_RSFB-Phenotyping_WG1_JLU/20251007_154411.jpg,True,267_Krapphauser_R4S_277_5_27
2025_10_07_RSFB-Phenotyping_WG1_JLU,20251007_154419.jpg,267_Krapphauser_R4S_277_5_27,,,,,,,,,2025_10_07_RSFB-Phenotyping_WG1_JLU_scores.csv,7.0,,,False,,Unknown,../dataset/Pictures_CFSB_leaf_damage/2025_10_07_RSFB-Phenotyping_WG1_JLU/2025_10_07_RSFB-Phenotyping_WG1_JLU/20251007_154419.jpg,True,267_Krapphauser_R4S_277_5_27
2025_10_07_RSFB-Phenotyping_WG1_JLU,20251007_154425.jpg,267_Krapphauser_R4S_277_5_27,,,,,,,,,2025_10_07_RSFB-Phenotyping_WG1_JLU_scores.csv,19.0,,,False,,Unknown,../dataset/Pictures_CFSB_leaf_damage/2025_10_07_RSFB-Phenotyping_WG1_JLU/2025_10_07_RSFB-Phenotyping_WG1_JLU/20251007_154425.jpg,True,267_Krapphauser_R4S_277_5_27
2025_10_07_RSFB-Phenotyping_WG1_JLU,20251007_154441.jpg,268_R31_R4S_514_5_28,,,,,,,,,2025_10_07_RSFB-Phenotyping_WG1_JLU_scores.csv,4.0,,,False,,Unknown,../dataset/Pictures_CFSB_leaf_damage/2025_10_07_RSFB-Phenotyping_WG1_JLU/2025_10_07_RSFB-Phenotyping_WG1_JLU/20251007_154441.jpg,True,268_R31_R4S_514_5_28
2025_10_07_RSFB-Phenotyping_WG1_JLU,20251007_154447.jpg,268_R31_R4S_514_5_28,,,,,,,,,2025_10_07_RSFB-Phenotyping_WG1_JLU_scores.csv,3.0,,,False,,Unknown,../dataset/Pictures_CFSB_leaf_damage/2025_10_07_RSFB-Phenotyping_WG1_JLU/2025_10_07_RSFB-Phenotyping_WG1_JLU/20251007_154447.jpg,True,268_R31_R4S_514_5_28
2025_10_07_RSFB-Phenotyping_WG1_JLU,20251007_154452.jpg,268_R31_R4S_514_5_28,,,,,,,,,2025_10_07_RSFB-Phenotyping_WG1_JLU_scores.csv,22.0,,,False,,Unknown,../dataset/Pictures_CFSB_leaf_damage/2025_10_07_RSFB-Phenotyping_WG1_JLU/2025_10_07_RSFB-Phenotyping_WG1_JLU/20251007_154452.jpg,True,268_R31_R4S_514_5_28
2025_10_07_RSFB-Phenotyping_WG1_JLU,20251007_154510.jpg,269_1012-98_R4S_444_5_29,,,,,,,,,2025_10_07_RSFB-Phenotyping_WG1_JLU_scores.csv,28.0,,,False,,Unknown,../dataset/Pictures_CFSB_leaf_damage/2025_10_07_RSFB-Phenotyping_WG1_JLU/2025_10_07_RSFB-Phenotyping_WG1_JLU/20251007_154510.jpg,True,269_1012-98_R4S_444_5_29
2025_10_07_RSFB-Phenotyping_WG1_JLU,20251007_154516.jpg,269_1012-98_R4S_444_5_29,,,,,,,,,2025_10_07_RSFB-Phenotyping_WG1_JLU_scores.csv,17.0,,,False,,Unknown,../dataset/Pictures_CFSB_leaf_damage/2025_10_07_RSFB-Phenotyping_WG1_JLU/2025_10_07_RSFB-Phenotyping_WG1_JLU/20251007_154516.jpg,True,269_1012-98_R4S_444_5_29
2025_10_07_RSFB-Phenotyping_WG1_JLU,20251007_154522.jpg,269_1012-98_R4S_444_5_29,,,,,,,,,2025_10_07_RSFB-Phenotyping_WG1_JLU_scores.csv,8.0,,,False,,Unknown,../dataset/Pictures_CFSB_leaf_damage/2025_10_07_RSFB-Phenotyping_WG1_JLU/2025_10_07_RSFB-Phenotyping_WG1_JLU/20251007_154522.jpg,True,269_1012-98_R4S_444_5_29
2025_10_07_RSFB-Phenotyping_WG1_JLU,20251007_154539.jpg,270_Milena_R4S_145_5_30,,,,,,,,,2025_10_07_RSFB-Phenotyping_WG1_JLU_scores.csv,4.0,,,False,,Unknown,../dataset/Pictures_CFSB_leaf_damage/2025_10_07_RSFB-Phenotyping_WG1_JLU/2025_10_07_RSFB-Phenotyping_WG1_JLU/20251007_154539.jpg,True,270_Milena_R4S_145_5_30
2025_10_07_RSFB-Phenotyping_WG1_JLU,20251007_154544.jpg,270_Milena_R4S_145_5_30,,,,,,,,,2025_10_07_RSFB-Phenotyping_WG1_JLU_scores.csv,10.0,,,False,,Unknown,../dataset/Pictures_CFSB_leaf_damage/2025_10_07_RSFB-Phenotyping_WG1_JLU/2025_10_07_RSFB-Phenotyping_WG1_JLU/20251007_154544.jpg,True,270_Milena_R4S_145_5_30
2025_10_07_RSFB-Phenotyping_WG1_JLU,20251007_154553.jpg,270_Milena_R4S_145_5_30,,,,,,,,,2025_10_07_RSFB-Phenotyping_WG1_JLU_scores.csv,30.0,,,False,,Unknown,../dataset/Pictures_CFSB_leaf_damage/2025_10_07_RSFB-Phenotyping_WG1_JLU/2025_10_07_RSFB-Phenotyping_WG1_JLU/20251007_154553.jpg,True,270_Milena_R4S_145_5_30
2025_10_07_RSFB-Phenotyping_WG1_JLU,20251007_154610.jpg,271_L90_R4S_466_5_31,,,,,,,,,2025_10_07_RSFB-Phenotyping_WG1_JLU_scores.csv,3.0,,,False,,Unknown,../dataset/Pictures_CFSB_leaf_damage/2025_10_07_RSFB-Phenotyping_WG1_JLU/2025_10_07_RSFB-Phenotyping_WG1_JLU/20251007_154610.jpg,True,271_L90_R4S_466_5_31
2025_10_07_RSFB-Phenotyping_WG1_JLU,20251007_154614.jpg,271_L90_R4S_466_5_31,,,,,,,,,2025_10_07_RSFB-Phenotyping_WG1_JLU_scores.csv,18.0,,,False,,Unknown,../dataset/Pictures_CFSB_leaf_damage/2025_10_07_RSFB-Phenotyping_WG1_JLU/2025_10_07_RSFB-Phenotyping_WG1_JLU/20251007_154614.jpg,True,271_L90_R4S_466_5_31
2025_10_07_RSFB-Phenotyping_WG1_JLU,20251007_154620.jpg,271_L90_R4S_466_5_31,,,,,,,,,2025_10_07_RSFB-Phenotyping_WG1_JLU_scores.csv,27.0,,,False,,Unknown,../dataset/Pictures_CFSB_leaf_damage/2025_10_07_RSFB-Phenotyping_WG1_JLU/2025_10_07_RSFB-Phenotyping_WG1_JLU/20251007_154620.jpg,True,271_L90_R4S_466_5_31
2025_10_07_RSFB-Phenotyping_WG1_JLU,20251007_154638.jpg,272_Roxet_R4S_245_5_32,,,,,,,,,2025_10_07_RSFB-Phenotyping_WG1_JLU_scores.csv,5.0,,,False,,Unknown,../dataset/Pictures_CFSB_leaf_damage/2025_10_07_RSFB-Phenotyping_WG1_JLU/2025_10_07_RSFB-Phenotyping_WG1_JLU/20251007_154638.jpg,True,272_Roxet_R4S_245_5_32
2025_10_07_RSFB-Phenotyping_WG1_JLU,20251007_154643.jpg,272_Roxet_R4S_245_5_32,,,,,,,,,2025_10_07_RSFB-Phenotyping_WG1_JLU_scores.csv,10.0,,,False,,Unknown,../dataset/Pictures_CFSB_leaf_damage/2025_10_07_RSFB-Phenotyping_WG1_JLU/2025_10_07_RSFB-Phenotyping_WG1_JLU/20251007_154643.jpg,True,272_Roxet_R4S_245_5_32
2025_10_07_RSFB-Phenotyping_WG1_JLU,20251007_154649.jpg,272_Roxet_R4S_245_5_32,,,,,,,,,2025_10_07_RSFB-Phenotyping_WG1_JLU_scores.csv,30.0,,,False,,Unknown,../dataset/Pictures_CFSB_leaf_damage/2025_10_07_RSFB-Phenotyping_WG1_JLU/2025_10_07_RSFB-Phenotyping_WG1_JLU/20251007_154649.jpg,True,272_Roxet_R4S_245_5_32
2025_10_07_RSFB-Phenotyping_WG1_JLU,20251007_154709.jpg,273_SHANNON x WINNER DH LINE_R4S_218_5_33,,,,,,,,,2025_10_07_RSFB-Phenotyping_WG1_JLU_scores.csv,4.0,,,False,,Unknown,../dataset/Pictures_CFSB_leaf_damage/2025_10_07_RSFB-Phenotyping_WG1_JLU/2025_10_07_RSFB-Phenotyping_WG1_JLU/20251007_154709.jpg,True,273_SHANNON x WINNER DH LINE_R4S_218_5_33
2025_10_07_RSFB-Phenotyping_WG1_JLU,20251007_154714.jpg,273_SHANNON x WINNER DH LINE_R4S_218_5_33,,,,,,,,,2025_10_07_RSFB-Phenotyping_WG1_JLU_scores.csv,8.0,,,False,,Unknown,../dataset/Pictures_CFSB_leaf_damage/2025_10_07_RSFB-Phenotyping_WG1_JLU/2025_10_07_RSFB-Phenotyping_WG1_JLU/20251007_154714.jpg,True,273_SHANNON x WINNER DH LINE_R4S_218_5_33
2025_10_07_RSFB-Phenotyping_WG1_JLU,20251007_154720.jpg,273_SHANNON x WINNER DH LINE_R4S_218_5_33,,,,,,,,,2025_10_07_RSFB-Phenotyping_WG1_JLU_scores.csv,15.0,,,False,,Unknown,../dataset/Pictures_CFSB_leaf_damage/2025_10_07_RSFB-Phenotyping_WG1_JLU/2025_10_07_RSFB-Phenotyping_WG1_JLU/20251007_154720.jpg,True,273_SHANNON x WINNER DH LINE_R4S_218_5_33
2025_10_07_RSFB-Phenotyping_WG1_JLU,20251007_154737.jpg,274_Caramba_R4S_230_5_34,,,,,,,,,2025_10_07_RSFB-Phenotyping_WG1_JLU_scores.csv,7.0,,,False,,Unknown,../dataset/Pictures_CFSB_leaf_damage/2025_10_07_RSFB-Phenotyping_WG1_JLU/2025_10_07_RSFB-Phenotyping_WG1_JLU/20251007_154737.jpg,True,274_Caramba_R4S_230_5_34
2025_10_07_RSFB-Phenotyping_WG1_JLU,20251007_154742.jpg,274_Caramba_R4S_230_5_34,,,,,,,,,2025_10_07_RSFB-Phenotyping_WG1_JLU_scores.csv,7.0,,,False,,Unknown,../dataset/Pictures_CFSB_leaf_damage/2025_10_07_RSFB-Phenotyping_WG1_JLU/2025_10_07_RSFB-Phenotyping_WG1_JLU/20251007_154742.jpg,True,274_Caramba_R4S_230_5_34
2025_10_07_RSFB-Phenotyping_WG1_JLU,20251007_154747.jpg,274_Caramba_R4S_230_5_34,,,,,,,,,2025_10_07_RSFB-Phenotyping_WG1_JLU_scores.csv,3.0,,,False,,Unknown,../dataset/Pictures_CFSB_leaf_damage/2025_10_07_RSFB-Phenotyping_WG1_JLU/2025_10_07_RSFB-Phenotyping_WG1_JLU/20251007_154747.jpg,True,274_Caramba_R4S_230_5_34
2025_10_07_RSFB-Phenotyping_WG1_JLU,20251007_154805.jpg,275_S101_R4S_463_5_35,,,,,,,,,2025_10_07_RSFB-Phenotyping_WG1_JLU_scores.csv,21.0,,,False,,Unknown,../dataset/Pictures_CFSB_leaf_damage/2025_10_07_RSFB-Phenotyping_WG1_JLU/2025_10_07_RSFB-Phenotyping_WG1_JLU/20251007_154805.jpg,True,275_S101_R4S_463_5_35
2025_10_07_RSFB-Phenotyping_WG1_JLU,20251007_154810.jpg,275_S101_R4S_463_5_35,,,,,,,,,2025_10_07_RSFB-Phenotyping_WG1_JLU_scores.csv,5.0,,,False,,Unknown,../dataset/Pictures_CFSB_leaf_damage/2025_10_07_RSFB-Phenotyping_WG1_JLU/2025_10_07_RSFB-Phenotyping_WG1_JLU/20251007_154810.jpg,True,275_S101_R4S_463_5_35
2025_10_07_RSFB-Phenotyping_WG1_JLU,20251007_154814.jpg,275_S101_R4S_463_5_35,,,,,,,,,2025_10_07_RSFB-Phenotyping_WG1_JLU_scores.csv,8.0,,,False,,Unknown,../dataset/Pictures_CFSB_leaf_damage/2025_10_07_RSFB-Phenotyping_WG1_JLU/2025_10_07_RSFB-Phenotyping_WG1_JLU/20251007_154814.jpg,True,275_S101_R4S_463_5_35
2025_10_07_RSFB-Phenotyping_WG1_JLU,20251007_154833.jpg,276_S4_R4S_465_5_36,,,,,,,,,2025_10_07_RSFB-Phenotyping_WG1_JLU_scores.csv,6.0,,,False,,Unknown,../dataset/Pictures_CFSB_leaf_damage/2025_10_07_RSFB-Phenotyping_WG1_JLU/2025_10_07_RSFB-Phenotyping_WG1_JLU/20251007_154833.jpg,True,276_S4_R4S_465_5_36
2025_10_07_RSFB-Phenotyping_WG1_JLU,20251007_154837.jpg,276_S4_R4S_465_5_36,,,,,,,,,2025_10_07_RSFB-Phenotyping_WG1_JLU_scores.csv,8.0,,,False,,Unknown,../dataset/Pictures_CFSB_leaf_damage/2025_10_07_RSFB-Phenotyping_WG1_JLU/2025_10_07_RSFB-Phenotyping_WG1_JLU/20251007_154837.jpg,True,276_S4_R4S_465_5_36
2025_10_07_RSFB-Phenotyping_WG1_JLU,20251007_154842.jpg,276_S4_R4S_465_5_36,,,,,,,,,2025_10_07_RSFB-Phenotyping_WG1_JLU_scores.csv,4.0,,,False,,Unknown,../dataset/Pictures_CFSB_leaf_damage/2025_10_07_RSFB-Phenotyping_WG1_JLU/2025_10_07_RSFB-Phenotyping_WG1_JLU/20251007_154842.jpg,True,276_S4_R4S_465_5_36
2025_10_07_RSFB-Phenotyping_WG1_JLU,20251007_154859.jpg,277_Manitoba_R4S_153_5_37,,,,,,,,,2025_10_07_RSFB-Phenotyping_WG1_JLU_scores.csv,3.0,,,False,,Unknown,../dataset/Pictures_CFSB_leaf_damage/2025_10_07_RSFB-Phenotyping_WG1_JLU/2025_10_07_RSFB-Phenotyping_WG1_JLU/20251007_154859.jpg,True,277_Manitoba_R4S_153_5_37
2025_10_07_RSFB-Phenotyping_WG1_JLU,20251007_154903.jpg,277_Manitoba_R4S_153_5_37,,,,,,,,,2025_10_07_RSFB-Phenotyping_WG1_JLU_scores.csv,2.0,,,False,,Unknown,../dataset/Pictures_CFSB_leaf_damage/2025_10_07_RSFB-Phenotyping_WG1_JLU/2025_10_07_RSFB-Phenotyping_WG1_JLU/20251007_154903.jpg,True,277_Manitoba_R4S_153_5_37
2025_10_07_RSFB-Phenotyping_WG1_JLU,20251007_154908.jpg,277_Manitoba_R4S_153_5_37,,,,,,,,,2025_10_07_RSFB-Phenotyping_WG1_JLU_scores.csv,6.0,,,False,,Unknown,../dataset/Pictures_CFSB_leaf_damage/2025_10_07_RSFB-Phenotyping_WG1_JLU/2025_10_07_RSFB-Phenotyping_WG1_JLU/20251007_154908.jpg,True,277_Manitoba_R4S_153_5_37
2025_10_07_RSFB-Phenotyping_WG1_JLU,20251007_154926.jpg,278_G50_R4S_449_5_38,,,,,,,,,2025_10_07_RSFB-Phenotyping_WG1_JLU_scores.csv,2.0,,,False,,Unknown,../dataset/Pictures_CFSB_leaf_damage/2025_10_07_RSFB-Phenotyping_WG1_JLU/2025_10_07_RSFB-Phenotyping_WG1_JLU/20251007_154926.jpg,True,278_G50_R4S_449_5_38
2025_10_07_RSFB-Phenotyping_WG1_JLU,20251007_154932.jpg,278_G50_R4S_449_5_38,,,,,,,,,2025_10_07_RSFB-Phenotyping_WG1_JLU_scores.csv,3.0,,,False,,Unknown,../dataset/Pictures_CFSB_leaf_damage/2025_10_07_RSFB-Phenotyping_WG1_JLU/2025_10_07_RSFB-Phenotyping_WG1_JLU/20251007_154932.jpg,True,278_G50_R4S_449_5_38
2025_10_07_RSFB-Phenotyping_WG1_JLU,20251007_154939.jpg,278_G50_R4S_449_5_38,,,,,,,,,2025_10_07_RSFB-Phenotyping_WG1_JLU_scores.csv,9.0,,,False,,Unknown,../dataset/Pictures_CFSB_leaf_damage/2025_10_07_RSFB-Phenotyping_WG1_JLU/2025_10_07_RSFB-Phenotyping_WG1_JLU/20251007_154939.jpg,True,278_G50_R4S_449_5_38
2025_10_07_RSFB-Phenotyping_WG1_JLU,20251007_154956.jpg,279_Sobotkowski_R4S_378_5_39,,,,,,,,,2025_10_07_RSFB-Phenotyping_WG1_JLU_scores.csv,2.0,,,False,,Unknown,../dataset/Pictures_CFSB_leaf_damage/2025_10_07_RSFB-Phenotyping_WG1_JLU/2025_10_07_RSFB-Phenotyping_WG1_JLU/20251007_154956.jpg,True,279_Sobotkowski_R4S_378_5_39
2025_10_07_RSFB-Phenotyping_WG1_JLU,20251007_155002.jpg,279_Sobotkowski_R4S_378_5_39,,,,,,,,,2025_10_07_RSFB-Phenotyping_WG1_JLU_scores.csv,2.0,,,False,,Unknown,../dataset/Pictures_CFSB_leaf_damage/2025_10_07_RSFB-Phenotyping_WG1_JLU/2025_10_07_RSFB-Phenotyping_WG1_JLU/20251007_155002.jpg,True,279_Sobotkowski_R4S_378_5_39
2025_10_07_RSFB-Phenotyping_WG1_JLU,20251007_155011.jpg,279_Sobotkowski_R4S_378_5_39,,,,,,,,,2025_10_07_RSFB-Phenotyping_WG1_JLU_scores.csv,20.0,,,False,,Unknown,../dataset/Pictures_CFSB_leaf_damage/2025_10_07_RSFB-Phenotyping_WG1_JLU/2025_10_07_RSFB-Phenotyping_WG1_JLU/20251007_155011.jpg,True,279_Sobotkowski_R4S_378_5_39
2025_10_07_RSFB-Phenotyping_WG1_JLU,20251007_155028.jpg,280_Wotan_R4S_227_5_40,,,,,,,,,2025_10_07_RSFB-Phenotyping_WG1_JLU_scores.csv,3.0,,,False,,Unknown,../dataset/Pictures_CFSB_leaf_damage/2025_10_07_RSFB-Phenotyping_WG1_JLU/2025_10_07_RSFB-Phenotyping_WG1_JLU/20251007_155028.jpg,True,280_Wotan_R4S_227_5_40
2025_10_07_RSFB-Phenotyping_WG1_JLU,20251007_155034.jpg,280_Wotan_R4S_227_5_40,,,,,,,,,2025_10_07_RSFB-Phenotyping_WG1_JLU_scores.csv,5.0,,,False,,Unknown,../dataset/Pictures_CFSB_leaf_damage/2025_10_07_RSFB-Phenotyping_WG1_JLU/2025_10_07_RSFB-Phenotyping_WG1_JLU/20251007_155034.jpg,True,280_Wotan_R4S_227_5_40
2025_10_07_RSFB-Phenotyping_WG1_JLU,20251007_155039.jpg,280_Wotan_R4S_227_5_40,,,,,,,,,2025_10_07_RSFB-Phenotyping_WG1_JLU_scores.csv,1.0,,,False,,Unknown,../dataset/Pictures_CFSB_leaf_damage/2025_10_07_RSFB-Phenotyping_WG1_JLU/2025_10_07_RSFB-Phenotyping_WG1_JLU/20251007_155039.jpg,True,280_Wotan_R4S_227_5_40
2025_10_07_RSFB-Phenotyping_WG1_JLU,20251007_155055.jpg,281_Mohican_R4S_202_5_41,,,,,,,,,2025_10_07_RSFB-Phenotyping_WG1_JLU_scores.csv,2.0,,,False,,Unknown,../dataset/Pictures_CFSB_leaf_damage/2025_10_07_RSFB-Phenotyping_WG1_JLU/2025_10_07_RSFB-Phenotyping_WG1_JLU/20251007_155055.jpg,True,281_Mohican_R4S_202_5_41
2025_10_07_RSFB-Phenotyping_WG1_JLU,20251007_155100.jpg,281_Mohican_R4S_202_5_41,,,,,,,,,2025_10_07_RSFB-Phenotyping_WG1_JLU_scores.csv,2.0,,,False,,Unknown,../dataset/Pictures_CFSB_leaf_damage/2025_10_07_RSFB-Phenotyping_WG1_JLU/2025_10_07_RSFB-Phenotyping_WG1_JLU/20251007_155100.jpg,True,281_Mohican_R4S_202_5_41
2025_10_07_RSFB-Phenotyping_WG1_JLU,20251007_155107.jpg,281_Mohican_R4S_202_5_41,,,,,,,,,2025_10_07_RSFB-Phenotyping_WG1_JLU_scores.csv,3.0,,,False,,Unknown,../dataset/Pictures_CFSB_leaf_damage/2025_10_07_RSFB-Phenotyping_WG1_JLU/2025_10_07_RSFB-Phenotyping_WG1_JLU/20251007_155107.jpg,True,281_Mohican_R4S_202_5_41
2025_10_07_RSFB-Phenotyping_WG1_JLU,20251007_155124.jpg,282_Taisetsu_R4S_524_5_42,,,,,,,,,2025_10_07_RSFB-Phenotyping_WG1_JLU_scores.csv,2.0,,,False,,Unknown,../dataset/Pictures_CFSB_leaf_damage/2025_10_07_RSFB-Phenotyping_WG1_JLU/2025_10_07_RSFB-Phenotyping_WG1_JLU/20251007_155124.jpg,True,282_Taisetsu_R4S_524_5_42
2025_10_07_RSFB-Phenotyping_WG1_JLU,20251007_155128.jpg,282_Taisetsu_R4S_524_5_42,,,,,,,,,2025_10_07_RSFB-Phenotyping_WG1_JLU_scores.csv,2.0,,,False,,Unknown,../dataset/Pictures_CFSB_leaf_damage/2025_10_07_RSFB-Phenotyping_WG1_JLU/2025_10_07_RSFB-Phenotyping_WG1_JLU/20251007_155128.jpg,True,282_Taisetsu_R4S_524_5_42
2025_10_07_RSFB-Phenotyping_WG1_JLU,20251007_155135.jpg,282_Taisetsu_R4S_524_5_42,,,,,,,,,2025_10_07_RSFB-Phenotyping_WG1_JLU_scores.csv,4.0,,,False,,Unknown,../dataset/Pictures_CFSB_leaf_damage/2025_10_07_RSFB-Phenotyping_WG1_JLU/2025_10_07_RSFB-Phenotyping_WG1_JLU/20251007_155135.jpg,True,282_Taisetsu_R4S_524_5_42
2025_10_07_RSFB-Phenotyping_WG1_JLU,20251007_155152.jpg,283_HANSEN X GASPARD DH LINE_R4S_222_5_43,,,,,,,,,2025_10_07_RSFB-Phenotyping_WG1_JLU_scores.csv,18.0,,,False,,Unknown,../dataset/Pictures_CFSB_leaf_damage/2025_10_07_RSFB-Phenotyping_WG1_JLU/2025_10_07_RSFB-Phenotyping_WG1_JLU/20251007_155152.jpg,True,283_HANSEN X GASPARD DH LINE_R4S_222_5_43
2025_10_07_RSFB-Phenotyping_WG1_JLU,20251007_155157.jpg,283_HANSEN X GASPARD DH LINE_R4S_222_5_43,,,,,,,,,2025_10_07_RSFB-Phenotyping_WG1_JLU_scores.csv,3.0,,,False,,Unknown,../dataset/Pictures_CFSB_leaf_damage/2025_10_07_RSFB-Phenotyping_WG1_JLU/2025_10_07_RSFB-Phenotyping_WG1_JLU/20251007_155157.jpg,True,283_HANSEN X GASPARD DH LINE_R4S_222_5_43
2025_10_07_RSFB-Phenotyping_WG1_JLU,20251007_155202.jpg,283_HANSEN X GASPARD DH LINE_R4S_222_5_43,,,,,,,,,2025_10_07_RSFB-Phenotyping_WG1_JLU_scores.csv,7.0,,,False,,Unknown,../dataset/Pictures_CFSB_leaf_damage/2025_10_07_RSFB-Phenotyping_WG1_JLU/2025_10_07_RSFB-Phenotyping_WG1_JLU/20251007_155202.jpg,True,283_HANSEN X GASPARD DH LINE_R4S_222_5_43
2025_10_07_RSFB-Phenotyping_WG1_JLU,20251007_155219.jpg,284_Gross-Luesewitzer_R4S_393_5_44,,,,,,,,,2025_10_07_RSFB-Phenotyping_WG1_JLU_scores.csv,4.0,,,False,,Unknown,../dataset/Pictures_CFSB_leaf_damage/2025_10_07_RSFB-Phenotyping_WG1_JLU/2025_10_07_RSFB-Phenotyping_WG1_JLU/20251007_155219.jpg,True,284_Gross-Luesewitzer_R4S_393_5_44
2025_10_07_RSFB-Phenotyping_WG1_JLU,20251007_155225.jpg,284_Gross-Luesewitzer_R4S_393_5_44,,,,,,,,,2025_10_07_RSFB-Phenotyping_WG1_JLU_scores.csv,3.0,,,False,,Unknown,../dataset/Pictures_CFSB_leaf_damage/2025_10_07_RSFB-Phenotyping_WG1_JLU/2025_10_07_RSFB-Phenotyping_WG1_JLU/20251007_155225.jpg,True,284_Gross-Luesewitzer_R4S_393_5_44
2025_10_07_RSFB-Phenotyping_WG1_JLU,20251007_155232.jpg,284_Gross-Luesewitzer_R4S_393_5_44,,,,,,,,,2025_10_07_RSFB-Phenotyping_WG1_JLU_scores.csv,1.0,,,False,,Unknown,../dataset/Pictures_CFSB_leaf_damage/2025_10_07_RSFB-Phenotyping_WG1_JLU/2025_10_07_RSFB-Phenotyping_WG1_JLU/20251007_155232.jpg,True,284_Gross-Luesewitzer_R4S_393_5_44
2025_10_07_RSFB-Phenotyping_WG1_JLU,20251007_155252.jpg,285_RAGGED JACK_R4S_306_5_45,,,,,,,,,2025_10_07_RSFB-Phenotyping_WG1_JLU_scores.csv,3.0,,,False,,Unknown,../dataset/Pictures_CFSB_leaf_damage/2025_10_07_RSFB-Phenotyping_WG1_JLU/2025_10_07_RSFB-Phenotyping_WG1_JLU/20251007_155252.jpg,True,285_RAGGED JACK_R4S_306_5_45
2025_10_07_RSFB-Phenotyping_WG1_JLU,20251007_155256.jpg,285_RAGGED JACK_R4S_306_5_45,,,,,,,,,2025_10_07_RSFB-Phenotyping_WG1_JLU_scores.csv,2.0,,,False,,Unknown,../dataset/Pictures_CFSB_leaf_damage/2025_10_07_RSFB-Phenotyping_WG1_JLU/2025_10_07_RSFB-Phenotyping_WG1_JLU/20251007_155256.jpg,True,285_RAGGED JACK_R4S_306_5_45
2025_10_07_RSFB-Phenotyping_WG1_JLU,20251007_155301.jpg,285_RAGGED JACK_R4S_306_5_45,,,,,,,,,2025_10_07_RSFB-Phenotyping_WG1_JLU_scores.csv,2.0,,,False,,Unknown,../dataset/Pictures_CFSB_leaf_damage/2025_10_07_RSFB-Phenotyping_WG1_JLU/2025_10_07_RSFB-Phenotyping_WG1_JLU/20251007_155301.jpg,True,285_RAGGED JACK_R4S_306_5_45
2025_10_07_RSFB-Phenotyping_WG1_JLU,20251007_155319.jpg,286_K26-96_R4S_293_5_46,,,,,,,,,2025_10_07_RSFB-Phenotyping_WG1_JLU_scores.csv,3.0,,,False,,Unknown,../dataset/Pictures_CFSB_leaf_damage/2025_10_07_RSFB-Phenotyping_WG1_JLU/2025_10_07_RSFB-Phenotyping_WG1_JLU/20251007_155319.jpg,True,286_K26-96_R4S_293_5_46
2025_10_07_RSFB-Phenotyping_WG1_JLU,20251007_155325.jpg,286_K26-96_R4S_293_5_46,,,,,,,,,2025_10_07_RSFB-Phenotyping_WG1_JLU_scores.csv,1.0,,,False,,Unknown,../dataset/Pictures_CFSB_leaf_damage/2025_10_07_RSFB-Phenotyping_WG1_JLU/2025_10_07_RSFB-Phenotyping_WG1_JLU/20251007_155325.jpg,True,286_K26-96_R4S_293_5_46
2025_10_07_RSFB-Phenotyping_WG1_JLU,20251007_155330.jpg,286_K26-96_R4S_293_5_46,,,,,,,,,2025_10_07_RSFB-Phenotyping_WG1_JLU_scores.csv,2.0,,,False,,Unknown,../dataset/Pictures_CFSB_leaf_damage/2025_10_07_RSFB-Phenotyping_WG1_JLU/2025_10_07_RSFB-Phenotyping_WG1_JLU/20251007_155330.jpg,True,286_K26-96_R4S_293_5_46
2025_10_07_RSFB-Phenotyping_WG1_JLU,20251007_155347.jpg,287_Best of All_RAS_320_5_47,,,,,,,,,2025_10_07_RSFB-Phenotyping_WG1_JLU_scores.csv,1.0,,,False,,Unknown,../dataset/Pictures_CFSB_leaf_damage/2025_10_07_RSFB-Phenotyping_WG1_JLU/2025_10_07_RSFB-Phenotyping_WG1_JLU/20251007_155347.jpg,True,287_Best of All_RAS_320_5_47
2025_10_07_RSFB-Phenotyping_WG1_JLU,20251007_155353.jpg,287_Best of All_RAS_320_5_47,,,,,,,,,2025_10_07_RSFB-Phenotyping_WG1_JLU_scores.csv,3.0,,,False,,Unknown,../dataset/Pictures_CFSB_leaf_damage/2025_10_07_RSFB-Phenotyping_WG1_JLU/2025_10_07_RSFB-Phenotyping_WG1_JLU/20251007_155353.jpg,True,287_Best of All_RAS_320_5_47
2025_10_07_RSFB-Phenotyping_WG1_JLU,20251007_155359.jpg,287_Best of All_RAS_320_5_47,,,,,,,,,2025_10_07_RSFB-Phenotyping_WG1_JLU_scores.csv,9.0,,,False,,Unknown,../dataset/Pictures_CFSB_leaf_damage/2025_10_07_RSFB-Phenotyping_WG1_JLU/2025_10_07_RSFB-Phenotyping_WG1_JLU/20251007_155359.jpg,True,287_Best of All_RAS_320_5_47
2025_10_07_RSFB-Phenotyping_WG1_JLU,20251007_155420.jpg,288_K306_R4S_447_5_48,,,,,,,,,2025_10_07_RSFB-Phenotyping_WG1_JLU_scores.csv,6.0,,,False,,Unknown,../dataset/Pictures_CFSB_leaf_damage/2025_10_07_RSFB-Phenotyping_WG1_JLU/2025_10_07_RSFB-Phenotyping_WG1_JLU/20251007_155420.jpg,True,288_K306_R4S_447_5_48
2025_10_07_RSFB-Phenotyping_WG1_JLU,20251007_155426.jpg,288_K306_R4S_447_5_48,,,,,,,,,2025_10_07_RSFB-Phenotyping_WG1_JLU_scores.csv,4.0,,,False,,Unknown,../dataset/Pictures_CFSB_leaf_damage/2025_10_07_RSFB-Phenotyping_WG1_JLU/2025_10_07_RSFB-Phenotyping_WG1_JLU/20251007_155426.jpg,True,288_K306_R4S_447_5_48
2025_10_07_RSFB-Phenotyping_WG1_JLU,20251007_155433.jpg,288_K306_R4S_447_5_48,,,,,,,,,2025_10_07_RSFB-Phenotyping_WG1_JLU_scores.csv,31.0,,,False,,Unknown,../dataset/Pictures_CFSB_leaf_damage/2025_10_07_RSFB-Phenotyping_WG1_JLU/2025_10_07_RSFB-Phenotyping_WG1_JLU/20251007_155433.jpg,True,288_K306_R4S_447_5_48
2025_10_07_RSFB-Phenotyping_WG1_JLU,20251007_155448.jpg,289_LICROWN X EXPRESS DH LINE_R4S_193_5_49,,,,,,,,,2025_10_07_RSFB-Phenotyping_WG1_JLU_scores.csv,3.0,,,False,,Unknown,../dataset/Pictures_CFSB_leaf_damage/2025_10_07_RSFB-Phenotyping_WG1_JLU/2025_10_07_RSFB-Phenotyping_WG1_JLU/20251007_155448.jpg,True,289_LICROWN X EXPRESS DH LINE_R4S_193_5_49
2025_10_07_RSFB-Phenotyping_WG1_JLU,20251007_155453.jpg,289_LICROWN X EXPRESS DH LINE_R4S_193_5_49,,,,,,,,,2025_10_07_RSFB-Phenotyping_WG1_JLU_scores.csv,3.0,,,False,,Unknown,../dataset/Pictures_CFSB_leaf_damage/2025_10_07_RSFB-Phenotyping_WG1_JLU/2025_10_07_RSFB-Phenotyping_WG1_JLU/20251007_155453.jpg,True,289_LICROWN X EXPRESS DH LINE_R4S_193_5_49
2025_10_07_RSFB-Phenotyping_WG1_JLU,20251007_155459.jpg,289_LICROWN X EXPRESS DH LINE_R4S_193_5_49,,,,,,,,,2025_10_07_RSFB-Phenotyping_WG1_JLU_scores.csv,5.0,,,False,,Unknown,../dataset/Pictures_CFSB_leaf_damage/2025_10_07_RSFB-Phenotyping_WG1_JLU/2025_10_07_RSFB-Phenotyping_WG1_JLU/20251007_155459.jpg,True,289_LICROWN X EXPRESS DH LINE_R4S_193_5_49
2025_10_07_RSFB-Phenotyping_WG1_JLU,20251007_155516.jpg,290_GRUENER SCHNITTKOHL_R4S_356_5_50,,,,,,,,,2025_10_07_RSFB-Phenotyping_WG1_JLU_scores.csv,7.0,,,False,,Unknown,../dataset/Pictures_CFSB_leaf_damage/2025_10_07_RSFB-Phenotyping_WG1_JLU/2025_10_07_RSFB-Phenotyping_WG1_JLU/20251007_155516.jpg,True,290_GRUENER SCHNITTKOHL_R4S_356_5_50
2025_10_07_RSFB-Phenotyping_WG1_JLU,20251007_155520.jpg,290_GRUENER SCHNITTKOHL_R4S_356_5_50,,,,,,,,,2025_10_07_RSFB-Phenotyping_WG1_JLU_scores.csv,8.0,,,False,,Unknown,../dataset/Pictures_CFSB_leaf_damage/2025_10_07_RSFB-Phenotyping_WG1_JLU/2025_10_07_RSFB-Phenotyping_WG1_JLU/20251007_155520.jpg,True,290_GRUENER SCHNITTKOHL_R4S_356_5_50
2025_10_07_RSFB-Phenotyping_WG1_JLU,20251007_155529.jpg,290_GRUENER SCHNITTKOHL_R4S_356_5_50,,,,,,,,,2025_10_07_RSFB-Phenotyping_WG1_JLU_scores.csv,2.0,,,False,,Unknown,../dataset/Pictures_CFSB_leaf_damage/2025_10_07_RSFB-Phenotyping_WG1_JLU/2025_10_07_RSFB-Phenotyping_WG1_JLU/20251007_155529.jpg,True,290_GRUENER SCHNITTKOHL_R4S_356_5_50
2025_10_07_RSFB-Phenotyping_WG1_JLU,20251007_155547.jpg,291_S17_R4S_456_5_51,,,,,,,,,2025_10_07_RSFB-Phenotyping_WG1_JLU_scores.csv,18.0,,,False,,Unknown,../dataset/Pictures_CFSB_leaf_damage/2025_10_07_RSFB-Phenotyping_WG1_JLU/2025_10_07_RSFB-Phenotyping_WG1_JLU/20251007_155547.jpg,True,291_S17_R4S_456_5_51
2025_10_07_RSFB-Phenotyping_WG1_JLU,20251007_155554.jpg,291_S17_R4S_456_5_51,,,,,,,,,2025_10_07_RSFB-Phenotyping_WG1_JLU_scores.csv,18.0,,,False,,Unknown,../dataset/Pictures_CFSB_leaf_damage/2025_10_07_RSFB-Phenotyping_WG1_JLU/2025_10_07_RSFB-Phenotyping_WG1_JLU/20251007_155554.jpg,True,291_S17_R4S_456_5_51
2025_10_07_RSFB-Phenotyping_WG1_JLU,20251007_155559.jpg,291_S17_R4S_456_5_51,,,,,,,,,2025_10_07_RSFB-Phenotyping_WG1_JLU_scores.csv,30.0,,,False,,Unknown,../dataset/Pictures_CFSB_leaf_damage/2025_10_07_RSFB-Phenotyping_WG1_JLU/2025_10_07_RSFB-Phenotyping_WG1_JLU/20251007_155559.jpg,True,291_S17_R4S_456_5_51
2025_10_07_RSFB-Phenotyping_WG1_JLU,20251007_155615.jpg,292_R31_R4S_516_5_52,,,,,,,,,2025_10_07_RSFB-Phenotyping_WG1_JLU_scores.csv,19.0,,,False,,Unknown,../dataset/Pictures_CFSB_leaf_damage/2025_10_07_RSFB-Phenotyping_WG1_JLU/2025_10_07_RSFB-Phenotyping_WG1_JLU/20251007_155615.jpg,True,292_R31_R4S_516_5_52
2025_10_07_RSFB-Phenotyping_WG1_JLU,20251007_155620.jpg,292_R31_R4S_516_5_52,,,,,,,,,2025_10_07_RSFB-Phenotyping_WG1_JLU_scores.csv,2.0,,,False,,Unknown,../dataset/Pictures_CFSB_leaf_damage/2025_10_07_RSFB-Phenotyping_WG1_JLU/2025_10_07_RSFB-Phenotyping_WG1_JLU/20251007_155620.jpg,True,292_R31_R4S_516_5_52
2025_10_07_RSFB-Phenotyping_WG1_JLU,20251007_155625.jpg,292_R31_R4S_516_5_52,,,,,,,,,2025_10_07_RSFB-Phenotyping_WG1_JLU_scores.csv,12.0,,,False,,Unknown,../dataset/Pictures_CFSB_leaf_damage/2025_10_07_RSFB-Phenotyping_WG1_JLU/2025_10_07_RSFB-Phenotyping_WG1_JLU/20251007_155625.jpg,True,292_R31_R4S_516_5_52
2025_10_07_RSFB-Phenotyping_WG1_JLU,20251007_155642.jpg,293_Moldavia_R4S_383_5_53,,,,,,,,,2025_10_07_RSFB-Phenotyping_WG1_JLU_scores.csv,2.0,,,False,,Unknown,../dataset/Pictures_CFSB_leaf_damage/2025_10_07_RSFB-Phenotyping_WG1_JLU/2025_10_07_RSFB-Phenotyping_WG1_JLU/20251007_155642.jpg,True,293_Moldavia_R4S_383_5_53
2025_10_07_RSFB-Phenotyping_WG1_JLU,20251007_155647.jpg,293_Moldavia_R4S_383_5_53,,,,,,,,,2025_10_07_RSFB-Phenotyping_WG1_JLU_scores.csv,2.0,,,False,,Unknown,../dataset/Pictures_CFSB_leaf_damage/2025_10_07_RSFB-Phenotyping_WG1_JLU/2025_10_07_RSFB-Phenotyping_WG1_JLU/20251007_155647.jpg,True,293_Moldavia_R4S_383_5_53
2025_10_07_RSFB-Phenotyping_WG1_JLU,20251007_155652.jpg,293_Moldavia_R4S_383_5_53,,,,,,,,,2025_10_07_RSFB-Phenotyping_WG1_JLU_scores.csv,3.0,,,False,,Unknown,../dataset/Pictures_CFSB_leaf_damage/2025_10_07_RSFB-Phenotyping_WG1_JLU/2025_10_07_RSFB-Phenotyping_WG1_JLU/20251007_155652.jpg,True,293_Moldavia_R4S_383_5_53
2025_10_07_RSFB-Phenotyping_WG1_JLU,20251007_155708.jpg,294_Beluga_R4S_232_5_54,,,,,,,,,2025_10_07_RSFB-Phenotyping_WG1_JLU_scores.csv,3.0,,,False,,Unknown,../dataset/Pictures_CFSB_leaf_damage/2025_10_07_RSFB-Phenotyping_WG1_JLU/2025_10_07_RSFB-Phenotyping_WG1_JLU/20251007_155708.jpg,True,294_Beluga_R4S_232_5_54
2025_10_07_RSFB-Phenotyping_WG1_JLU,20251007_155714.jpg,294_Beluga_R4S_232_5_54,,,,,,,,,2025_10_07_RSFB-Phenotyping_WG1_JLU_scores.csv,3.0,,,False,,Unknown,../dataset/Pictures_CFSB_leaf_damage/2025_10_07_RSFB-Phenotyping_WG1_JLU/2025_10_07_RSFB-Phenotyping_WG1_JLU/20251007_155714.jpg,True,294_Beluga_R4S_232_5_54
2025_10_07_RSFB-Phenotyping_WG1_JLU,20251007_155719.jpg,294_Beluga_R4S_232_5_54,,,,,,,,,2025_10_07_RSFB-Phenotyping_WG1_JLU_scores.csv,6.0,,,False,,Unknown,../dataset/Pictures_CFSB_leaf_damage/2025_10_07_RSFB-Phenotyping_WG1_JLU/2025_10_07_RSFB-Phenotyping_WG1_JLU/20251007_155719.jpg,True,294_Beluga_R4S_232_5_54
2025_10_07_RSFB-Phenotyping_WG1_JLU,20251007_155736.jpg,295_Falstaff_R4S_171_5_55,,,,,,,,,2025_10_07_RSFB-Phenotyping_WG1_JLU_scores.csv,5.0,,,False,,Unknown,../dataset/Pictures_CFSB_leaf_damage/2025_10_07_RSFB-Phenotyping_WG1_JLU/2025_10_07_RSFB-Phenotyping_WG1_JLU/20251007_155736.jpg,True,295_Falstaff_R4S_171_5_55
2025_10_07_RSFB-Phenotyping_WG1_JLU,20251007_155742.jpg,295_Falstaff_R4S_171_5_55,,,,,,,,,2025_10_07_RSFB-Phenotyping_WG1_JLU_scores.csv,9.0,,,False,,Unknown,../dataset/Pictures_CFSB_leaf_damage/2025_10_07_RSFB-Phenotyping_WG1_JLU/2025_10_07_RSFB-Phenotyping_WG1_JLU/20251007_155742.jpg,True,295_Falstaff_R4S_171_5_55
2025_10_07_RSFB-Phenotyping_WG1_JLU,20251007_155750.jpg,295_Falstaff_R4S_171_5_55,,,,,,,,,2025_10_07_RSFB-Phenotyping_WG1_JLU_scores.csv,30.0,,,False,,Unknown,../dataset/Pictures_CFSB_leaf_damage/2025_10_07_RSFB-Phenotyping_WG1_JLU/2025_10_07_RSFB-Phenotyping_WG1_JLU/20251007_155750.jpg,True,295_Falstaff_R4S_171_5_55
2025_10_07_RSFB-Phenotyping_WG1_JLU,20251007_155807.jpg,296_Hollandse Gele Roodkop_R4S_332_5_56,,,,,,,,,2025_10_07_RSFB-Phenotyping_WG1_JLU_scores.csv,14.0,,,False,,Unknown,../dataset/Pictures_CFSB_leaf_damage/2025_10_07_RSFB-Phenotyping_WG1_JLU/2025_10_07_RSFB-Phenotyping_WG1_JLU/20251007_155807.jpg,True,296_Hollandse Gele Roodkop_R4S_332_5_56
2025_10_07_RSFB-Phenotyping_WG1_JLU,20251007_155813.jpg,296_Hollandse Gele Roodkop_R4S_332_5_56,,,,,,,,,2025_10_07_RSFB-Phenotyping_WG1_JLU_scores.csv,2.0,,,False,,Unknown,../dataset/Pictures_CFSB_leaf_damage/2025_10_07_RSFB-Phenotyping_WG1_JLU/2025_10_07_RSFB-Phenotyping_WG1_JLU/20251007_155813.jpg,True,296_Hollandse Gele Roodkop_R4S_332_5_56
2025_10_07_RSFB-Phenotyping_WG1_JLU,20251007_155819.jpg,296_Hollandse Gele Roodkop_R4S_332_5_56,,,,,,,,,2025_10_07_RSFB-Phenotyping_WG1_JLU_scores.csv,12.0,,,False,,Unknown,../dataset/Pictures_CFSB_leaf_damage/2025_10_07_RSFB-Phenotyping_WG1_JLU/2025_10_07_RSFB-Phenotyping_WG1_JLU/20251007_155819.jpg,True,296_Hollandse Gele Roodkop_R4S_332_5_56
2025_10_07_RSFB-Phenotyping_WG1_JLU,20251007_155834.jpg,297_L122_R4S_429_5_57,,,,,,,,,2025_10_07_RSFB-Phenotyping_WG1_JLU_scores.csv,4.0,,,False,,Unknown,../dataset/Pictures_CFSB_leaf_damage/2025_10_07_RSFB-Phenotyping_WG1_JLU/2025_10_07_RSFB-Phenotyping_WG1_JLU/20251007_155834.jpg,True,297_L122_R4S_429_5_57
2025_10_07_RSFB-Phenotyping_WG1_JLU,20251007_155839.jpg,297_L122_R4S_429_5_57,,,,,,,,,2025_10_07_RSFB-Phenotyping_WG1_JLU_scores.csv,2.0,,,False,,Unknown,../dataset/Pictures_CFSB_leaf_damage/2025_10_07_RSFB-Phenotyping_WG1_JLU/2025_10_07_RSFB-Phenotyping_WG1_JLU/20251007_155839.jpg,True,297_L122_R4S_429_5_57
2025_10_07_RSFB-Phenotyping_WG1_JLU,20251007_155845.jpg,297_L122_R4S_429_5_57,,,,,,,,,2025_10_07_RSFB-Phenotyping_WG1_JLU_scores.csv,31.0,,,False,,Unknown,../dataset/Pictures_CFSB_leaf_damage/2025_10_07_RSFB-Phenotyping_WG1_JLU/2025_10_07_RSFB-Phenotyping_WG1_JLU/20251007_155845.jpg,True,297_L122_R4S_429_5_57
2025_10_07_RSFB-Phenotyping_WG1_JLU,20251007_155902.jpg,298_Orlando_R4S_228_5_58,,,,,,,,,2025_10_07_RSFB-Phenotyping_WG1_JLU_scores.csv,17.0,,,False,,Unknown,../dataset/Pictures_CFSB_leaf_damage/2025_10_07_RSFB-Phenotyping_WG1_JLU/2025_10_07_RSFB-Phenotyping_WG1_JLU/20251007_155902.jpg,True,298_Orlando_R4S_228_5_58
2025_10_07_RSFB-Phenotyping_WG1_JLU,20251007_155907.jpg,298_Orlando_R4S_228_5_58,,,,,,,,,2025_10_07_RSFB-Phenotyping_WG1_JLU_scores.csv,4.0,,,False,,Unknown,../dataset/Pictures_CFSB_leaf_damage/2025_10_07_RSFB-Phenotyping_WG1_JLU/2025_10_07_RSFB-Phenotyping_WG1_JLU/20251007_155907.jpg,True,298_Orlando_R4S_228_5_58
2025_10_07_RSFB-Phenotyping_WG1_JLU,20251007_155913.jpg,298_Orlando_R4S_228_5_58,,,,,,,,,2025_10_07_RSFB-Phenotyping_WG1_JLU_scores.csv,5.0,,,False,,Unknown,../dataset/Pictures_CFSB_leaf_damage/2025_10_07_RSFB-Phenotyping_WG1_JLU/2025_10_07_RSFB-Phenotyping_WG1_JLU/20251007_155913.jpg,True,298_Orlando_R4S_228_5_58
2025_10_07_RSFB-Phenotyping_WG1_JLU,20251007_155930.jpg,299_Doral_R4S_272_5_59,,,,,,,,,2025_10_07_RSFB-Phenotyping_WG1_JLU_scores.csv,1.0,,,False,,Unknown,../dataset/Pictures_CFSB_leaf_damage/2025_10_07_RSFB-Phenotyping_WG1_JLU/2025_10_07_RSFB-Phenotyping_WG1_JLU/20251007_155930.jpg,True,299_Doral_R4S_272_5_59
2025_10_07_RSFB-Phenotyping_WG1_JLU,20251007_155935.jpg,299_Doral_R4S_272_5_59,,,,,,,,,2025_10_07_RSFB-Phenotyping_WG1_JLU_scores.csv,2.0,,,False,,Unknown,../dataset/Pictures_CFSB_leaf_damage/2025_10_07_RSFB-Phenotyping_WG1_JLU/2025_10_07_RSFB-Phenotyping_WG1_JLU/20251007_155935.jpg,True,299_Doral_R4S_272_5_59
2025_10_07_RSFB-Phenotyping_WG1_JLU,20251007_155940.jpg,299_Doral_R4S_272_5_59,,,,,,,,,2025_10_07_RSFB-Phenotyping_WG1_JLU_scores.csv,4.0,,,False,,Unknown,../dataset/Pictures_CFSB_leaf_damage/2025_10_07_RSFB-Phenotyping_WG1_JLU/2025_10_07_RSFB-Phenotyping_WG1_JLU/20251007_155940.jpg,True,299_Doral_R4S_272_5_59
2025_10_07_RSFB-Phenotyping_WG1_JLU,20251007_155956.jpg,300_Duell_R4S_180_5_60,,,,,,,,,2025_10_07_RSFB-Phenotyping_WG1_JLU_scores.csv,6.0,,,False,,Unknown,../dataset/Pictures_CFSB_leaf_damage/2025_10_07_RSFB-Phenotyping_WG1_JLU/2025_10_07_RSFB-Phenotyping_WG1_JLU/20251007_155956.jpg,True,300_Duell_R4S_180_5_60
2025_10_07_RSFB-Phenotyping_WG1_JLU,20251007_160001.jpg,300_Duell_R4S_180_5_60,,,,,,,,,2025_10_07_RSFB-Phenotyping_WG1_JLU_scores.csv,15.0,,,False,,Unknown,../dataset/Pictures_CFSB_leaf_damage/2025_10_07_RSFB-Phenotyping_WG1_JLU/2025_10_07_RSFB-Phenotyping_WG1_JLU/20251007_160001.jpg,True,300_Duell_R4S_180_5_60
2025_10_07_RSFB-Phenotyping_WG1_JLU,20251007_160007.jpg,300_Duell_R4S_180_5_60,,,,,,,,,2025_10_07_RSFB-Phenotyping_WG1_JLU_scores.csv,16.0,,,False,,Unknown,../dataset/Pictures_CFSB_leaf_damage/2025_10_07_RSFB-Phenotyping_WG1_JLU/2025_10_07_RSFB-Phenotyping_WG1_JLU/20251007_160007.jpg,True,300_Duell_R4S_180_5_60
,20251021_120858.jpg,,,,,,,10.0,10.5,,RSFB-Phenotyping_training_set_scores.csv,,10.25,0.5,True,,Unknown,../dataset/Pictures_CFSB_leaf_damage/2025_10_21_RSFB-Phenotyping_GG1_JLU/2025_10_21_RSFB-Phenotyping_GG1_JLU/20251021_120858.jpg,True,unknown
,20251021_120905.jpg,,,,,,,13.0,16.5,,RSFB-Phenotyping_training_set_scores.csv,,14.75,3.5,True,,Unknown,../dataset/Pictures_CFSB_leaf_damage/2025_10_21_RSFB-Phenotyping_GG1_JLU/2025_10_21_RSFB-Phenotyping_GG1_JLU/20251021_120905.jpg,True,unknown
,20251021_120912.jpg,,,,,,,9.0,6.5,,RSFB-Phenotyping_training_set_scores.csv,,7.75,2.5,True,,Unknown,../dataset/Pictures_CFSB_leaf_damage/2025_10_21_RSFB-Phenotyping_GG1_JLU/2025_10_21_RSFB-Phenotyping_GG1_JLU/20251021_120912.jpg,True,unknown
,20251021_120926.jpg,,,,,,,23.0,19.5,,RSFB-Phenotyping_training_set_scores.csv,,21.25,3.5,True,,Unknown,../dataset/Pictures_CFSB_leaf_damage/2025_10_21_RSFB-Phenotyping_GG1_JLU/2025_10_21_RSFB-Phenotyping_GG1_JLU/20251021_120926.jpg,True,unknown
,20251021_120933.jpg,,,,,,,20.0,21.5,,RSFB-Phenotyping_training_set_scores.csv,,20.75,1.5,True,,Unknown,../dataset/Pictures_CFSB_leaf_damage/2025_10_21_RSFB-Phenotyping_GG1_JLU/2025_10_21_RSFB-Phenotyping_GG1_JLU/20251021_120933.jpg,True,unknown
,20251021_120939.jpg,,,,,,,20.0,20.5,,RSFB-Phenotyping_training_set_scores.csv,,20.25,0.5,True,,Unknown,../dataset/Pictures_CFSB_leaf_damage/2025_10_21_RSFB-Phenotyping_GG1_JLU/2025_10_21_RSFB-Phenotyping_GG1_JLU/20251021_120939.jpg,True,unknown
,20251021_121011.jpg,,,,,,,16.0,14.0,,RSFB-Phenotyping_training_set_scores.csv,,15.0,2.0,True,,Unknown,../dataset/Pictures_CFSB_leaf_damage/2025_10_21_RSFB-Phenotyping_GG1_JLU/2025_10_21_RSFB-Phenotyping_GG1_JLU/20251021_121011.jpg,True,unknown
,20251021_121034.jpg,,,,,,,19.0,16.0,,RSFB-Phenotyping_training_set_scores.csv,,17.5,3.0,True,,Unknown,../dataset/Pictures_CFSB_leaf_damage/2025_10_21_RSFB-Phenotyping_GG1_JLU/2025_10_21_RSFB-Phenotyping_GG1_JLU/20251021_121034.jpg,True,unknown
,20251021_121047.jpg,,,,,,,20.0,20.5,,RSFB-Phenotyping_training_set_scores.csv,,20.25,0.5,True,,Unknown,../dataset/Pictures_CFSB_leaf_damage/2025_10_21_RSFB-Phenotyping_GG1_JLU/2025_10_21_RSFB-Phenotyping_GG1_JLU/20251021_121047.jpg,True,unknown
,20251021_121100.jpg,,,,,,,20.0,19.0,,RSFB-Phenotyping_training_set_scores.csv,,19.5,1.0,True,,Unknown,../dataset/Pictures_CFSB_leaf_damage/2025_10_21_RSFB-Phenotyping_GG1_JLU/2025_10_21_RSFB-Phenotyping_GG1_JLU/20251021_121100.jpg,True,unknown
,20251021_121120.jpg,,,,,,,9.0,14.0,,RSFB-Phenotyping_training_set_scores.csv,,11.5,5.0,False,,Unknown,../dataset/Pictures_CFSB_leaf_damage/2025_10_21_RSFB-Phenotyping_GG1_JLU/2025_10_21_RSFB-Phenotyping_GG1_JLU/20251021_121120.jpg,True,unknown
,20251021_121149.jpg,,,,,,,14.0,18.0,,RSFB-Phenotyping_training_set_scores.csv,,16.0,4.0,True,,Unknown,../dataset/Pictures_CFSB_leaf_damage/2025_10_21_RSFB-Phenotyping_GG1_JLU/2025_10_21_RSFB-Phenotyping_GG1_JLU/20251021_121149.jpg,True,unknown
,20251021_121203.jpg,,,,,,,24.0,20.5,,RSFB-Phenotyping_training_set_scores.csv,,22.25,3.5,True,,Unknown,../dataset/Pictures_CFSB_leaf_damage/2025_10_21_RSFB-Phenotyping_GG1_JLU/2025_10_21_RSFB-Phenotyping_GG1_JLU/20251021_121203.jpg,True,unknown
,20251021_121218.jpg,,,,,,,17.0,13.5,,RSFB-Phenotyping_training_set_scores.csv,,15.25,3.5,True,,Unknown,../dataset/Pictures_CFSB_leaf_damage/2025_10_21_RSFB-Phenotyping_GG1_JLU/2025_10_21_RSFB-Phenotyping_GG1_JLU/20251021_121218.jpg,True,unknown
,20251021_121225.jpg,,,,,,,16.0,20.5,,RSFB-Phenotyping_training_set_scores.csv,,18.25,4.5,True,,Unknown,../dataset/Pictures_CFSB_leaf_damage/2025_10_21_RSFB-Phenotyping_GG1_JLU/2025_10_21_RSFB-Phenotyping_GG1_JLU/20251021_121225.jpg,True,unknown
,20251021_121253.jpg,,,,,,,8.0,9.0,,RSFB-Phenotyping_training_set_scores.csv,,8.5,1.0,True,,Unknown,../dataset/Pictures_CFSB_leaf_damage/2025_10_21_RSFB-Phenotyping_GG1_JLU/2025_10_21_RSFB-Phenotyping_GG1_JLU/20251021_121253.jpg,True,unknown
,20251021_121320.jpg,,,,,,,13.0,14.0,,RSFB-Phenotyping_training_set_scores.csv,,13.5,1.0,True,,Unknown,../dataset/Pictures_CFSB_leaf_damage/2025_10_21_RSFB-Phenotyping_GG1_JLU/2025_10_21_RSFB-Phenotyping_GG1_JLU/20251021_121320.jpg,True,unknown
,20251021_121327.jpg,,,,,,,9.0,10.5,,RSFB-Phenotyping_training_set_scores.csv,,9.75,1.5,True,,Unknown,../dataset/Pictures_CFSB_leaf_damage/2025_10_21_RSFB-Phenotyping_GG1_JLU/2025_10_21_RSFB-Phenotyping_GG1_JLU/20251021_121327.jpg,True,unknown
,20251021_121345.jpg,,,,,,,15.0,11.0,,RSFB-Phenotyping_training_set_scores.csv,,13.0,4.0,True,,Unknown,../dataset/Pictures_CFSB_leaf_damage/2025_10_21_RSFB-Phenotyping_GG1_JLU/2025_10_21_RSFB-Phenotyping_GG1_JLU/20251021_121345.jpg,True,unknown
,20251021_121432.jpg,,,,,,,17.0,17.0,,RSFB-Phenotyping_training_set_scores.csv,,17.0,0.0,True,,Unknown,../dataset/Pictures_CFSB_leaf_damage/2025_10_21_RSFB-Phenotyping_GG1_JLU/2025_10_21_RSFB-Phenotyping_GG1_JLU/20251021_121432.jpg,True,unknown
,20251021_121449.jpg,,,,,,,9.0,10.0,,RSFB-Phenotyping_training_set_scores.csv,,9.5,1.0,True,,Unknown,../dataset/Pictures_CFSB_leaf_damage/2025_10_21_RSFB-Phenotyping_GG1_JLU/2025_10_21_RSFB-Phenotyping_GG1_JLU/20251021_121449.jpg,True,unknown
,20251021_121457.jpg,,,,,,,12.0,11.0,,RSFB-Phenotyping_training_set_scores.csv,,11.5,1.0,True,,Unknown,../dataset/Pictures_CFSB_leaf_damage/2025_10_21_RSFB-Phenotyping_GG1_JLU/2025_10_21_RSFB-Phenotyping_GG1_JLU/20251021_121457.jpg,True,unknown
,20251021_121504.jpg,,,,,,,10.0,11.0,,RSFB-Phenotyping_training_set_scores.csv,,10.5,1.0,True,,Unknown,../dataset/Pictures_CFSB_leaf_damage/2025_10_21_RSFB-Phenotyping_GG1_JLU/2025_10_21_RSFB-Phenotyping_GG1_JLU/20251021_121504.jpg,True,unknown
,20251021_121525.jpg,,,,,,,12.0,12.5,,RSFB-Phenotyping_training_set_scores.csv,,12.25,0.5,True,,Unknown,../dataset/Pictures_CFSB_leaf_damage/2025_10_21_RSFB-Phenotyping_GG1_JLU/2025_10_21_RSFB-Phenotyping_GG1_JLU/20251021_121525.jpg,True,unknown
,20251021_121618.jpg,,,,,,,23.0,23.5,,RSFB-Phenotyping_training_set_scores.csv,,23.25,0.5,True,,Unknown,../dataset/Pictures_CFSB_leaf_damage/2025_10_21_RSFB-Phenotyping_GG1_JLU/2025_10_21_RSFB-Phenotyping_GG1_JLU/20251021_121618.jpg,True,unknown
,20251021_121624.jpg,,,,,,,10.0,9.5,,RSFB-Phenotyping_training_set_scores.csv,,9.75,0.5,True,,Unknown,../dataset/Pictures_CFSB_leaf_damage/2025_10_21_RSFB-Phenotyping_GG1_JLU/2025_10_21_RSFB-Phenotyping_GG1_JLU/20251021_121624.jpg,True,unknown
,20251021_121633.jpg,,,,,,,5.0,1.5,,RSFB-Phenotyping_training_set_scores.csv,,3.25,3.5,True,,Unknown,../dataset/Pictures_CFSB_leaf_damage/2025_10_21_RSFB-Phenotyping_GG1_JLU/2025_10_21_RSFB-Phenotyping_GG1_JLU/20251021_121633.jpg,True,unknown
,20251021_121647.jpg,,,,,,,1.0,1.0,,RSFB-Phenotyping_training_set_scores.csv,,1.0,0.0,True,,Unknown,../dataset/Pictures_CFSB_leaf_damage/2025_10_21_RSFB-Phenotyping_GG1_JLU/2025_10_21_RSFB-Phenotyping_GG1_JLU/20251021_121647.jpg,True,unknown
,20251021_121655.jpg,,,,,,,20.0,19.5,,RSFB-Phenotyping_training_set_scores.csv,,19.75,0.5,True,,Unknown,../dataset/Pictures_CFSB_leaf_damage/2025_10_21_RSFB-Phenotyping_GG1_JLU/2025_10_21_RSFB-Phenotyping_GG1_JLU/20251021_121655.jpg,True,unknown
,20251021_121704.jpg,,,,,,,2.0,2.0,,RSFB-Phenotyping_training_set_scores.csv,,2.0,0.0,True,,Unknown,../dataset/Pictures_CFSB_leaf_damage/2025_10_21_RSFB-Phenotyping_GG1_JLU/2025_10_21_RSFB-Phenotyping_GG1_JLU/20251021_121704.jpg,True,unknown
,20251021_121804.jpg,,,,,,,15.0,10.5,,RSFB-Phenotyping_training_set_scores.csv,,12.75,4.5,True,,Unknown,../dataset/Pictures_CFSB_leaf_damage/2025_10_21_RSFB-Phenotyping_GG1_JLU/2025_10_21_RSFB-Phenotyping_GG1_JLU/20251021_121804.jpg,True,unknown
,20251021_121810.jpg,,,,,,,10.0,9.0,,RSFB-Phenotyping_training_set_scores.csv,,9.5,1.0,True,,Unknown,../dataset/Pictures_CFSB_leaf_damage/2025_10_21_RSFB-Phenotyping_GG1_JLU/2025_10_21_RSFB-Phenotyping_GG1_JLU/20251021_121810.jpg,True,unknown
,20251021_121827.jpg,,,,,,,1.0,2.5,,RSFB-Phenotyping_training_set_scores.csv,,1.75,1.5,True,,Unknown,../dataset/Pictures_CFSB_leaf_damage/2025_10_21_RSFB-Phenotyping_GG1_JLU/2025_10_21_RSFB-Phenotyping_GG1_JLU/20251021_121827.jpg,True,unknown
,20251021_121858.jpg,,,,,,,45.0,43.0,,RSFB-Phenotyping_training_set_scores.csv,,44.0,2.0,True,,Unknown,../dataset/Pictures_CFSB_leaf_damage/2025_10_21_RSFB-Phenotyping_GG1_JLU/2025_10_21_RSFB-Phenotyping_GG1_JLU/20251021_121858.jpg,True,unknown
,20251021_121959.jpg,,,,,,,1.0,2.0,,RSFB-Phenotyping_training_set_scores.csv,,1.5,1.0,True,,Unknown,../dataset/Pictures_CFSB_leaf_damage/2025_10_21_RSFB-Phenotyping_GG1_JLU/2025_10_21_RSFB-Phenotyping_GG1_JLU/20251021_121959.jpg,True,unknown
,20251021_122117.jpg,,,,,,,18.0,18.0,,RSFB-Phenotyping_training_set_scores.csv,,18.0,0.0,True,,Unknown,../dataset/Pictures_CFSB_leaf_damage/2025_10_21_RSFB-Phenotyping_GG1_JLU/2025_10_21_RSFB-Phenotyping_GG1_JLU/20251021_122117.jpg,True,unknown
,20251021_122135.jpg,,,,,,,20.0,22.5,,RSFB-Phenotyping_training_set_scores.csv,,21.25,2.5,True,,Unknown,../dataset/Pictures_CFSB_leaf_damage/2025_10_21_RSFB-Phenotyping_GG1_JLU/2025_10_21_RSFB-Phenotyping_GG1_JLU/20251021_122135.jpg,True,unknown
,20251021_122227.jpg,,,,,,,3.0,5.0,,RSFB-Phenotyping_training_set_scores.csv,,4.0,2.0,True,,Unknown,../dataset/Pictures_CFSB_leaf_damage/2025_10_21_RSFB-Phenotyping_GG1_JLU/2025_10_21_RSFB-Phenotyping_GG1_JLU/20251021_122227.jpg,True,unknown
,20251021_122242.jpg,,,,,,,30.0,27.0,,RSFB-Phenotyping_training_set_scores.csv,,28.5,3.0,True,,Unknown,../dataset/Pictures_CFSB_leaf_damage/2025_10_21_RSFB-Phenotyping_GG1_JLU/2025_10_21_RSFB-Phenotyping_GG1_JLU/20251021_122242.jpg,True,unknown
,20251021_122314.jpg,,,,,,,3.0,4.0,,RSFB-Phenotyping_training_set_scores.csv,,3.5,1.0,True,,Unknown,../dataset/Pictures_CFSB_leaf_damage/2025_10_21_RSFB-Phenotyping_GG1_JLU/2025_10_21_RSFB-Phenotyping_GG1_JLU/20251021_122314.jpg,True,unknown
,20251021_122322.jpg,,,,,,,1.0,4.5,,RSFB-Phenotyping_training_set_scores.csv,,2.75,3.5,True,,Unknown,../dataset/Pictures_CFSB_leaf_damage/2025_10_21_RSFB-Phenotyping_GG1_JLU/2025_10_21_RSFB-Phenotyping_GG1_JLU/20251021_122322.jpg,True,unknown
,20251021_122353.jpg,,,,,,,10.0,11.0,,RSFB-Phenotyping_training_set_scores.csv,,10.5,1.0,True,,Unknown,../dataset/Pictures_CFSB_leaf_damage/2025_10_21_RSFB-Phenotyping_GG1_JLU/2025_10_21_RSFB-Phenotyping_GG1_JLU/20251021_122353.jpg,True,unknown
,20251021_122423.jpg,,,,,,,1.0,2.5,,RSFB-Phenotyping_training_set_scores.csv,,1.75,1.5,True,,Unknown,../dataset/Pictures_CFSB_leaf_damage/2025_10_21_RSFB-Phenotyping_GG1_JLU/2025_10_21_RSFB-Phenotyping_GG1_JLU/20251021_122423.jpg,True,unknown
,20251021_122445.jpg,,,,,,,28.0,29.5,,RSFB-Phenotyping_training_set_scores.csv,,28.75,1.5,True,,Unknown,../dataset/Pictures_CFSB_leaf_damage/2025_10_21_RSFB-Phenotyping_GG1_JLU/2025_10_21_RSFB-Phenotyping_GG1_JLU/20251021_122445.jpg,True,unknown
,20251021_122452.jpg,,,,,,,10.0,5.5,,RSFB-Phenotyping_training_set_scores.csv,,7.75,4.5,True,,Unknown,../dataset/Pictures_CFSB_leaf_damage/2025_10_21_RSFB-Phenotyping_GG1_JLU/2025_10_21_RSFB-Phenotyping_GG1_JLU/20251021_122452.jpg,True,unknown
,20251021_122502.jpg,,,,,,,15.0,15.0,,RSFB-Phenotyping_training_set_scores.csv,,15.0,0.0,True,,Unknown,../dataset/Pictures_CFSB_leaf_damage/2025_10_21_RSFB-Phenotyping_GG1_JLU/2025_10_21_RSFB-Phenotyping_GG1_JLU/20251021_122502.jpg,True,unknown
,20251021_122516.jpg,,,,,,,25.0,25.0,,RSFB-Phenotyping_training_set_scores.csv,,25.0,0.0,True,,Unknown,../dataset/Pictures_CFSB_leaf_damage/2025_10_21_RSFB-Phenotyping_GG1_JLU/2025_10_21_RSFB-Phenotyping_GG1_JLU/20251021_122516.jpg,True,unknown
,20251021_122523.jpg,,,,,,,15.0,15.5,,RSFB-Phenotyping_training_set_scores.csv,,15.25,0.5,True,,Unknown,../dataset/Pictures_CFSB_leaf_damage/2025_10_21_RSFB-Phenotyping_GG1_JLU/2025_10_21_RSFB-Phenotyping_GG1_JLU/20251021_122523.jpg,True,unknown
,20251021_122531.jpg,,,,,,,1.0,1.0,,RSFB-Phenotyping_training_set_scores.csv,,1.0,0.0,True,,Unknown,../dataset/Pictures_CFSB_leaf_damage/2025_10_21_RSFB-Phenotyping_GG1_JLU/2025_10_21_RSFB-Phenotyping_GG1_JLU/20251021_122531.jpg,True,unknown
,20251021_122628.jpg,,,,,,,12.0,15.5,,RSFB-Phenotyping_training_set_scores.csv,,13.75,3.5,True,,Unknown,../dataset/Pictures_CFSB_leaf_damage/2025_10_21_RSFB-Phenotyping_GG1_JLU/2025_10_21_RSFB-Phenotyping_GG1_JLU/20251021_122628.jpg,True,unknown
,20251021_122637.jpg,,,,,,,1.0,3.0,,RSFB-Phenotyping_training_set_scores.csv,,2.0,2.0,True,,Unknown,../dataset/Pictures_CFSB_leaf_damage/2025_10_21_RSFB-Phenotyping_GG1_JLU/2025_10_21_RSFB-Phenotyping_GG1_JLU/20251021_122637.jpg,True,unknown
,20251021_122655.jpg,,,,,,,5.0,10.0,,RSFB-Phenotyping_training_set_scores.csv,,7.5,5.0,False,,Unknown,../dataset/Pictures_CFSB_leaf_damage/2025_10_21_RSFB-Phenotyping_GG1_JLU/2025_10_21_RSFB-Phenotyping_GG1_JLU/20251021_122655.jpg,True,unknown
,20251021_122701.jpg,,,,,,,3.0,4.0,,RSFB-Phenotyping_training_set_scores.csv,,3.5,1.0,True,,Unknown,../dataset/Pictures_CFSB_leaf_damage/2025_10_21_RSFB-Phenotyping_GG1_JLU/2025_10_21_RSFB-Phenotyping_GG1_JLU/20251021_122701.jpg,True,unknown
,20251021_122739.jpg,,,,,,,15.0,13.5,,RSFB-Phenotyping_training_set_scores.csv,,14.25,1.5,True,,Unknown,../dataset/Pictures_CFSB_leaf_damage/2025_10_21_RSFB-Phenotyping_GG1_JLU/2025_10_21_RSFB-Phenotyping_GG1_JLU/20251021_122739.jpg,True,unknown
,20251021_122800.jpg,,,,,,,12.0,7.0,,RSFB-Phenotyping_training_set_scores.csv,,9.5,5.0,False,,Unknown,../dataset/Pictures_CFSB_leaf_damage/2025_10_21_RSFB-Phenotyping_GG1_JLU/2025_10_21_RSFB-Phenotyping_GG1_JLU/20251021_122800.jpg,True,unknown
,20251021_122843.jpg,,,,,,,12.0,12.5,,RSFB-Phenotyping_training_set_scores.csv,,12.25,0.5,True,,Unknown,../dataset/Pictures_CFSB_leaf_damage/2025_10_21_RSFB-Phenotyping_GG1_JLU/2025_10_21_RSFB-Phenotyping_GG1_JLU/20251021_122843.jpg,True,unknown
,20251021_122853.jpg,,,,,,,10.0,8.5,,RSFB-Phenotyping_training_set_scores.csv,,9.25,1.5,True,,Unknown,../dataset/Pictures_CFSB_leaf_damage/2025_10_21_RSFB-Phenotyping_GG1_JLU/2025_10_21_RSFB-Phenotyping_GG1_JLU/20251021_122853.jpg,True,unknown
,20251021_123050.jpg,,,,,,,4.0,3.0,,RSFB-Phenotyping_training_set_scores.csv,,3.5,1.0,True,,Unknown,../dataset/Pictures_CFSB_leaf_damage/2025_10_21_RSFB-Phenotyping_GG1_JLU/2025_10_21_RSFB-Phenotyping_GG1_JLU/20251021_123050.jpg,True,unknown
,20251021_123058.jpg,,,,,,,10.0,6.5,,RSFB-Phenotyping_training_set_scores.csv,,8.25,3.5,True,,Unknown,../dataset/Pictures_CFSB_leaf_damage/2025_10_21_RSFB-Phenotyping_GG1_JLU/2025_10_21_RSFB-Phenotyping_GG1_JLU/20251021_123058.jpg,True,unknown
,20251021_123123.jpg,,,,,,,10.0,6.0,,RSFB-Phenotyping_training_set_scores.csv,,8.0,4.0,True,,Unknown,../dataset/Pictures_CFSB_leaf_damage/2025_10_21_RSFB-Phenotyping_GG1_JLU/2025_10_21_RSFB-Phenotyping_GG1_JLU/20251021_123123.jpg,True,unknown
,20251021_123220.jpg,,,,,,,5.0,9.0,,RSFB-Phenotyping_training_set_scores.csv,,7.0,4.0,True,,Unknown,../dataset/Pictures_CFSB_leaf_damage/2025_10_21_RSFB-Phenotyping_GG1_JLU/2025_10_21_RSFB-Phenotyping_GG1_JLU/20251021_123220.jpg,True,unknown
,20251021_123237.jpg,,,,,,,15.0,15.5,,RSFB-Phenotyping_training_set_scores.csv,,15.25,0.5,True,,Unknown,../dataset/Pictures_CFSB_leaf_damage/2025_10_21_RSFB-Phenotyping_GG1_JLU/2025_10_21_RSFB-Phenotyping_GG1_JLU/20251021_123237.jpg,True,unknown
,20251021_123448.jpg,,,,,,,10.0,8.5,,RSFB-Phenotyping_training_set_scores.csv,,9.25,1.5,True,,Unknown,../dataset/Pictures_CFSB_leaf_damage/2025_10_21_RSFB-Phenotyping_GG1_JLU/2025_10_21_RSFB-Phenotyping_GG1_JLU/20251021_123448.jpg,True,unknown
,20251021_123500.jpg,,,,,,,5.0,9.0,,RSFB-Phenotyping_training_set_scores.csv,,7.0,4.0,True,,Unknown,../dataset/Pictures_CFSB_leaf_damage/2025_10_21_RSFB-Phenotyping_GG1_JLU/2025_10_21_RSFB-Phenotyping_GG1_JLU/20251021_123500.jpg,True,unknown
,20251021_123519.jpg,,,,,,,20.0,18.0,,RSFB-Phenotyping_training_set_scores.csv,,19.0,2.0,True,,Unknown,../dataset/Pictures_CFSB_leaf_damage/2025_10_21_RSFB-Phenotyping_GG1_JLU/2025_10_21_RSFB-Phenotyping_GG1_JLU/20251021_123519.jpg,True,unknown
,20251021_123535.jpg,,,,,,,15.0,11.5,,RSFB-Phenotyping_training_set_scores.csv,,13.25,3.5,True,,Unknown,../dataset/Pictures_CFSB_leaf_damage/2025_10_21_RSFB-Phenotyping_GG1_JLU/2025_10_21_RSFB-Phenotyping_GG1_JLU/20251021_123535.jpg,True,unknown
,20251021_123625.jpg,,,,,,,4.0,4.5,,RSFB-Phenotyping_training_set_scores.csv,,4.25,0.5,True,,Unknown,../dataset/Pictures_CFSB_leaf_damage/2025_10_21_RSFB-Phenotyping_GG1_JLU/2025_10_21_RSFB-Phenotyping_GG1_JLU/20251021_123625.jpg,True,unknown
,20251021_123657.jpg,,,,,,,5.0,3.5,,RSFB-Phenotyping_training_set_scores.csv,,4.25,1.5,True,,Unknown,../dataset/Pictures_CFSB_leaf_damage/2025_10_21_RSFB-Phenotyping_GG1_JLU/2025_10_21_RSFB-Phenotyping_GG1_JLU/20251021_123657.jpg,True,unknown
,20251021_123702.jpg,,,,,,,4.0,5.5,,RSFB-Phenotyping_training_set_scores.csv,,4.75,1.5,True,,Unknown,../dataset/Pictures_CFSB_leaf_damage/2025_10_21_RSFB-Phenotyping_GG1_JLU/2025_10_21_RSFB-Phenotyping_GG1_JLU/20251021_123702.jpg,True,unknown
,20251021_123710.jpg,,,,,,,3.0,1.5,,RSFB-Phenotyping_training_set_scores.csv,,2.25,1.5,True,,Unknown,../dataset/Pictures_CFSB_leaf_damage/2025_10_21_RSFB-Phenotyping_GG1_JLU/2025_10_21_RSFB-Phenotyping_GG1_JLU/20251021_123710.jpg,True,unknown
,20251021_123809.jpg,,,,,,,5.0,4.5,,RSFB-Phenotyping_training_set_scores.csv,,4.75,0.5,True,,Unknown,../dataset/Pictures_CFSB_leaf_damage/2025_10_21_RSFB-Phenotyping_GG1_JLU/2025_10_21_RSFB-Phenotyping_GG1_JLU/20251021_123809.jpg,True,unknown
,20251021_123822.jpg,,,,,,,5.0,4.0,,RSFB-Phenotyping_training_set_scores.csv,,4.5,1.0,True,,Unknown,../dataset/Pictures_CFSB_leaf_damage/2025_10_21_RSFB-Phenotyping_GG1_JLU/2025_10_21_RSFB-Phenotyping_GG1_JLU/20251021_123822.jpg,True,unknown
,20251021_123831.jpg,,,,,,,3.0,4.5,,RSFB-Phenotyping_training_set_scores.csv,,3.75,1.5,True,,Unknown,../dataset/Pictures_CFSB_leaf_damage/2025_10_21_RSFB-Phenotyping_GG1_JLU/2025_10_21_RSFB-Phenotyping_GG1_JLU/20251021_123831.jpg,True,unknown
,20251021_123838.jpg,,,,,,,5.0,4.5,,RSFB-Phenotyping_training_set_scores.csv,,4.75,0.5,True,,Unknown,../dataset/Pictures_CFSB_leaf_damage/2025_10_21_RSFB-Phenotyping_GG1_JLU/2025_10_21_RSFB-Phenotyping_GG1_JLU/20251021_123838.jpg,True,unknown
,20251021_123851.jpg,,,,,,,5.0,9.0,,RSFB-Phenotyping_training_set_scores.csv,,7.0,4.0,True,,Unknown,../dataset/Pictures_CFSB_leaf_damage/2025_10_21_RSFB-Phenotyping_GG1_JLU/2025_10_21_RSFB-Phenotyping_GG1_JLU/20251021_123851.jpg,True,unknown
,20251021_123858.jpg,,,,,,,15.0,12.0,,RSFB-Phenotyping_training_set_scores.csv,,13.5,3.0,True,,Unknown,../dataset/Pictures_CFSB_leaf_damage/2025_10_21_RSFB-Phenotyping_GG1_JLU/2025_10_21_RSFB-Phenotyping_GG1_JLU/20251021_123858.jpg,True,unknown
,20251021_123915.jpg,,,,,,,15.0,13.5,,RSFB-Phenotyping_training_set_scores.csv,,14.25,1.5,True,,Unknown,../dataset/Pictures_CFSB_leaf_damage/2025_10_21_RSFB-Phenotyping_GG1_JLU/2025_10_21_RSFB-Phenotyping_GG1_JLU/20251021_123915.jpg,True,unknown
,20251021_124023.jpg,,,,,,,2.0,3.5,,RSFB-Phenotyping_training_set_scores.csv,,2.75,1.5,True,,Unknown,../dataset/Pictures_CFSB_leaf_damage/2025_10_21_RSFB-Phenotyping_GG1_JLU/2025_10_21_RSFB-Phenotyping_GG1_JLU/20251021_124023.jpg,True,unknown
,20251021_124030.jpg,,,,,,,2.0,1.0,,RSFB-Phenotyping_training_set_scores.csv,,1.5,1.0,True,,Unknown,../dataset/Pictures_CFSB_leaf_damage/2025_10_21_RSFB-Phenotyping_GG1_JLU/2025_10_21_RSFB-Phenotyping_GG1_JLU/20251021_124030.jpg,True,unknown
,20251021_124048.jpg,,,,,,,3.0,7.5,,RSFB-Phenotyping_training_set_scores.csv,,5.25,4.5,True,,Unknown,../dataset/Pictures_CFSB_leaf_damage/2025_10_21_RSFB-Phenotyping_GG1_JLU/2025_10_21_RSFB-Phenotyping_GG1_JLU/20251021_124048.jpg,True,unknown
,20251021_124056.jpg,,,,,,,7.0,9.0,,RSFB-Phenotyping_training_set_scores.csv,,8.0,2.0,True,,Unknown,../dataset/Pictures_CFSB_leaf_damage/2025_10_21_RSFB-Phenotyping_GG1_JLU/2025_10_21_RSFB-Phenotyping_GG1_JLU/20251021_124056.jpg,True,unknown
,20251021_124112.jpg,,,,,,,8.0,13.0,,RSFB-Phenotyping_training_set_scores.csv,,10.5,5.0,False,,Unknown,../dataset/Pictures_CFSB_leaf_damage/2025_10_21_RSFB-Phenotyping_GG1_JLU/2025_10_21_RSFB-Phenotyping_GG1_JLU/20251021_124112.jpg,True,unknown
,20251021_124134.jpg,,,,,,,6.0,8.5,,RSFB-Phenotyping_training_set_scores.csv,,7.25,2.5,True,,Unknown,../dataset/Pictures_CFSB_leaf_damage/2025_10_21_RSFB-Phenotyping_GG1_JLU/2025_10_21_RSFB-Phenotyping_GG1_JLU/20251021_124134.jpg,True,unknown
,20251021_124142.jpg,,,,,,,2.0,2.0,,RSFB-Phenotyping_training_set_scores.csv,,2.0,0.0,True,,Unknown,../dataset/Pictures_CFSB_leaf_damage/2025_10_21_RSFB-Phenotyping_GG1_JLU/2025_10_21_RSFB-Phenotyping_GG1_JLU/20251021_124142.jpg,True,unknown
,20251021_124154.jpg,,,,,,,10.0,13.0,,RSFB-Phenotyping_training_set_scores.csv,,11.5,3.0,True,,Unknown,../dataset/Pictures_CFSB_leaf_damage/2025_10_21_RSFB-Phenotyping_GG1_JLU/2025_10_21_RSFB-Phenotyping_GG1_JLU/20251021_124154.jpg,True,unknown
,20251021_124201.jpg,,,,,,,3.0,6.0,,RSFB-Phenotyping_training_set_scores.csv,,4.5,3.0,True,,Unknown,../dataset/Pictures_CFSB_leaf_damage/2025_10_21_RSFB-Phenotyping_GG1_JLU/2025_10_21_RSFB-Phenotyping_GG1_JLU/20251021_124201.jpg,True,unknown
,20251021_124309.jpg,,,,,,,8.0,8.5,,RSFB-Phenotyping_training_set_scores.csv,,8.25,0.5,True,,Unknown,../dataset/Pictures_CFSB_leaf_damage/2025_10_21_RSFB-Phenotyping_GG1_JLU/2025_10_21_RSFB-Phenotyping_GG1_JLU/20251021_124309.jpg,True,unknown
,20251021_124347.jpg,,,,,,,2.0,4.5,,RSFB-Phenotyping_training_set_scores.csv,,3.25,2.5,True,,Unknown,../dataset/Pictures_CFSB_leaf_damage/2025_10_21_RSFB-Phenotyping_GG1_JLU/2025_10_21_RSFB-Phenotyping_GG1_JLU/20251021_124347.jpg,True,unknown
,20251021_124417.jpg,,,,,,,2.0,2.5,,RSFB-Phenotyping_training_set_scores.csv,,2.25,0.5,True,,Unknown,../dataset/Pictures_CFSB_leaf_damage/2025_10_21_RSFB-Phenotyping_GG1_JLU/2025_10_21_RSFB-Phenotyping_GG1_JLU/20251021_124417.jpg,True,unknown
,20251021_124443.jpg,,,,,,,4.0,8.0,,RSFB-Phenotyping_training_set_scores.csv,,6.0,4.0,True,,Unknown,../dataset/Pictures_CFSB_leaf_damage/2025_10_21_RSFB-Phenotyping_GG1_JLU/2025_10_21_RSFB-Phenotyping_GG1_JLU/20251021_124443.jpg,True,unknown
,20251021_124506.jpg,,,,,,,8.0,10.0,,RSFB-Phenotyping_training_set_scores.csv,,9.0,2.0,True,,Unknown,../dataset/Pictures_CFSB_leaf_damage/2025_10_21_RSFB-Phenotyping_GG1_JLU/2025_10_21_RSFB-Phenotyping_GG1_JLU/20251021_124506.jpg,True,unknown
,20251021_124514.jpg,,,,,,,5.0,6.0,,RSFB-Phenotyping_training_set_scores.csv,,5.5,1.0,True,,Unknown,../dataset/Pictures_CFSB_leaf_damage/2025_10_21_RSFB-Phenotyping_GG1_JLU/2025_10_21_RSFB-Phenotyping_GG1_JLU/20251021_124514.jpg,True,unknown
,20251021_124545.jpg,,,,,,,12.0,14.0,,RSFB-Phenotyping_training_set_scores.csv,,13.0,2.0,True,,Unknown,../dataset/Pictures_CFSB_leaf_damage/2025_10_21_RSFB-Phenotyping_GG1_JLU/2025_10_21_RSFB-Phenotyping_GG1_JLU/20251021_124545.jpg,True,unknown
,20251021_124556.jpg,,,,,,,10.0,7.5,,RSFB-Phenotyping_training_set_scores.csv,,8.75,2.5,True,,Unknown,../dataset/Pictures_CFSB_leaf_damage/2025_10_21_RSFB-Phenotyping_GG1_JLU/2025_10_21_RSFB-Phenotyping_GG1_JLU/20251021_124556.jpg,True,unknown
,20251021_124605.jpg,,,,,,,30.0,25.0,,RSFB-Phenotyping_training_set_scores.csv,,27.5,5.0,False,,Unknown,../dataset/Pictures_CFSB_leaf_damage/2025_10_21_RSFB-Phenotyping_GG1_JLU/2025_10_21_RSFB-Phenotyping_GG1_JLU/20251021_124605.jpg,True,unknown
,20251021_124640.jpg,,,,,,,20.0,23.0,,RSFB-Phenotyping_training_set_scores.csv,,21.5,3.0,True,,Unknown,../dataset/Pictures_CFSB_leaf_damage/2025_10_21_RSFB-Phenotyping_GG1_JLU/2025_10_21_RSFB-Phenotyping_GG1_JLU/20251021_124640.jpg,True,unknown
,20251021_124700.jpg,,,,,,,15.0,16.0,,RSFB-Phenotyping_training_set_scores.csv,,15.5,1.0,True,,Unknown,../dataset/Pictures_CFSB_leaf_damage/2025_10_21_RSFB-Phenotyping_GG1_JLU/2025_10_21_RSFB-Phenotyping_GG1_JLU/20251021_124700.jpg,True,unknown
,20251021_124718.jpg,,,,,,,45.0,41.5,,RSFB-Phenotyping_training_set_scores.csv,,43.25,3.5,True,,Unknown,../dataset/Pictures_CFSB_leaf_damage/2025_10_21_RSFB-Phenotyping_GG1_JLU/2025_10_21_RSFB-Phenotyping_GG1_JLU/20251021_124718.jpg,True,unknown
,20251021_124741.jpg,,,,,,,12.0,15.0,,RSFB-Phenotyping_training_set_scores.csv,,13.5,3.0,True,,Unknown,../dataset/Pictures_CFSB_leaf_damage/2025_10_21_RSFB-Phenotyping_GG1_JLU/2025_10_21_RSFB-Phenotyping_GG1_JLU/20251021_124741.jpg,True,unknown
,20251021_124749.jpg,,,,,,,2.0,5.0,,RSFB-Phenotyping_training_set_scores.csv,,3.5,3.0,True,,Unknown,../dataset/Pictures_CFSB_leaf_damage/2025_10_21_RSFB-Phenotyping_GG1_JLU/2025_10_21_RSFB-Phenotyping_GG1_JLU/20251021_124749.jpg,True,unknown
,20251021_124843.jpg,,,,,,,5.0,4.0,,RSFB-Phenotyping_training_set_scores.csv,,4.5,1.0,True,,Unknown,../dataset/Pictures_CFSB_leaf_damage/2025_10_21_RSFB-Phenotyping_GG1_JLU/2025_10_21_RSFB-Phenotyping_GG1_JLU/20251021_124843.jpg,True,unknown
,20251021_124852.jpg,,,,,,,2.0,4.5,,RSFB-Phenotyping_training_set_scores.csv,,3.25,2.5,True,,Unknown,../dataset/Pictures_CFSB_leaf_damage/2025_10_21_RSFB-Phenotyping_GG1_JLU/2025_10_21_RSFB-Phenotyping_GG1_JLU/20251021_124852.jpg,True,unknown
,20251021_124906.jpg,,,,,,,2.0,4.0,,RSFB-Phenotyping_training_set_scores.csv,,3.0,2.0,True,,Unknown,../dataset/Pictures_CFSB_leaf_damage/2025_10_21_RSFB-Phenotyping_GG1_JLU/2025_10_21_RSFB-Phenotyping_GG1_JLU/20251021_124906.jpg,True,unknown
,20251021_124913.jpg,,,,,,,4.0,2.5,,RSFB-Phenotyping_training_set_scores.csv,,3.25,1.5,True,,Unknown,../dataset/Pictures_CFSB_leaf_damage/2025_10_21_RSFB-Phenotyping_GG1_JLU/2025_10_21_RSFB-Phenotyping_GG1_JLU/20251021_124913.jpg,True,unknown
,20251021_124920.jpg,,,,,,,3.0,5.0,,RSFB-Phenotyping_training_set_scores.csv,,4.0,2.0,True,,Unknown,../dataset/Pictures_CFSB_leaf_damage/2025_10_21_RSFB-Phenotyping_GG1_JLU/2025_10_21_RSFB-Phenotyping_GG1_JLU/20251021_124920.jpg,True,unknown
,20251021_124932.jpg,,,,,,,20.0,20.0,,RSFB-Phenotyping_training_set_scores.csv,,20.0,0.0,True,,Unknown,../dataset/Pictures_CFSB_leaf_damage/2025_10_21_RSFB-Phenotyping_GG1_JLU/2025_10_21_RSFB-Phenotyping_GG1_JLU/20251021_124932.jpg,True,unknown
,20251021_124940.jpg,,,,,,,12.0,7.5,,RSFB-Phenotyping_training_set_scores.csv,,9.75,4.5,True,,Unknown,../dataset/Pictures_CFSB_leaf_damage/2025_10_21_RSFB-Phenotyping_GG1_JLU/2025_10_21_RSFB-Phenotyping_GG1_JLU/20251021_124940.jpg,True,unknown
,20251021_124947.jpg,,,,,,,23.0,18.5,,RSFB-Phenotyping_training_set_scores.csv,,20.75,4.5,True,,Unknown,../dataset/Pictures_CFSB_leaf_damage/2025_10_21_RSFB-Phenotyping_GG1_JLU/2025_10_21_RSFB-Phenotyping_GG1_JLU/20251021_124947.jpg,True,unknown
,20251021_125003.jpg,,,,,,,1.0,4.3,,RSFB-Phenotyping_training_set_scores.csv,,2.65,3.3,True,,Unknown,../dataset/Pictures_CFSB_leaf_damage/2025_10_21_RSFB-Phenotyping_GG1_JLU/2025_10_21_RSFB-Phenotyping_GG1_JLU/20251021_125003.jpg,True,unknown
,20251021_125011.jpg,,,,,,,2.0,5.6,,RSFB-Phenotyping_training_set_scores.csv,,3.8,3.5999999999999996,True,,Unknown,../dataset/Pictures_CFSB_leaf_damage/2025_10_21_RSFB-Phenotyping_GG1_JLU/2025_10_21_RSFB-Phenotyping_GG1_JLU/20251021_125011.jpg,True,unknown
,20251021_125035.jpg,,,,,,,3.0,7.5,,RSFB-Phenotyping_training_set_scores.csv,,5.25,4.5,True,,Unknown,../dataset/Pictures_CFSB_leaf_damage/2025_10_21_RSFB-Phenotyping_GG1_JLU/2025_10_21_RSFB-Phenotyping_GG1_JLU/20251021_125035.jpg,True,unknown
,20251021_125047.jpg,,,,,,,3.0,6.5,,RSFB-Phenotyping_training_set_scores.csv,,4.75,3.5,True,,Unknown,../dataset/Pictures_CFSB_leaf_damage/2025_10_21_RSFB-Phenotyping_GG1_JLU/2025_10_21_RSFB-Phenotyping_GG1_JLU/20251021_125047.jpg,True,unknown
,20251021_125119.jpg,,,,,,,1.0,0.0,,RSFB-Phenotyping_training_set_scores.csv,,0.5,1.0,True,,Unknown,../dataset/Pictures_CFSB_leaf_damage/2025_10_21_RSFB-Phenotyping_GG1_JLU/2025_10_21_RSFB-Phenotyping_GG1_JLU/20251021_125119.jpg,True,unknown
,20251021_125125.jpg,,,,,,,2.0,1.1,,RSFB-Phenotyping_training_set_scores.csv,,1.55,0.8999999999999999,True,,Unknown,../dataset/Pictures_CFSB_leaf_damage/2025_10_21_RSFB-Phenotyping_GG1_JLU/2025_10_21_RSFB-Phenotyping_GG1_JLU/20251021_125125.jpg,True,unknown
,20251021_125129.jpg,,,,,,,1.0,0.8,,RSFB-Phenotyping_training_set_scores.csv,,0.9,0.19999999999999996,True,,Unknown,../dataset/Pictures_CFSB_leaf_damage/2025_10_21_RSFB-Phenotyping_GG1_JLU/2025_10_21_RSFB-Phenotyping_GG1_JLU/20251021_125129.jpg,True,unknown
,20251021_125141.jpg,,,,,,,4.0,5.0,,RSFB-Phenotyping_training_set_scores.csv,,4.5,1.0,True,,Unknown,../dataset/Pictures_CFSB_leaf_damage/2025_10_21_RSFB-Phenotyping_GG1_JLU/2025_10_21_RSFB-Phenotyping_GG1_JLU/20251021_125141.jpg,True,unknown
,20251021_125148.jpg,,,,,,,1.0,3.0,,RSFB-Phenotyping_training_set_scores.csv,,2.0,2.0,True,,Unknown,../dataset/Pictures_CFSB_leaf_damage/2025_10_21_RSFB-Phenotyping_GG1_JLU/2025_10_21_RSFB-Phenotyping_GG1_JLU/20251021_125148.jpg,True,unknown
,20251021_125208.jpg,,,,,,,2.0,2.5,,RSFB-Phenotyping_training_set_scores.csv,,2.25,0.5,True,,Unknown,../dataset/Pictures_CFSB_leaf_damage/2025_10_21_RSFB-Phenotyping_GG1_JLU/2025_10_21_RSFB-Phenotyping_GG1_JLU/20251021_125208.jpg,True,unknown
,20251021_125215.jpg,,,,,,,25.0,30.0,,RSFB-Phenotyping_training_set_scores.csv,,27.5,5.0,False,,Unknown,../dataset/Pictures_CFSB_leaf_damage/2025_10_21_RSFB-Phenotyping_GG1_JLU/2025_10_21_RSFB-Phenotyping_GG1_JLU/20251021_125215.jpg,True,unknown
,20251021_125236.jpg,,,,,,,0.0,0.0,,RSFB-Phenotyping_training_set_scores.csv,,0.0,0.0,True,,Unknown,../dataset/Pictures_CFSB_leaf_damage/2025_10_21_RSFB-Phenotyping_GG1_JLU/2025_10_21_RSFB-Phenotyping_GG1_JLU/20251021_125236.jpg,True,unknown
,20251021_125248.jpg,,,,,,,2.0,4.0,,RSFB-Phenotyping_training_set_scores.csv,,3.0,2.0,True,,Unknown,../dataset/Pictures_CFSB_leaf_damage/2025_10_21_RSFB-Phenotyping_GG1_JLU/2025_10_21_RSFB-Phenotyping_GG1_JLU/20251021_125248.jpg,True,unknown
,20251021_125302.jpg,,,,,,,18.0,14.0,,RSFB-Phenotyping_training_set_scores.csv,,16.0,4.0,True,,Unknown,../dataset/Pictures_CFSB_leaf_damage/2025_10_21_RSFB-Phenotyping_GG1_JLU/2025_10_21_RSFB-Phenotyping_GG1_JLU/20251021_125302.jpg,True,unknown
,20251021_125309.jpg,,,,,,,15.0,17.0,,RSFB-Phenotyping_training_set_scores.csv,,16.0,2.0,True,,Unknown,../dataset/Pictures_CFSB_leaf_damage/2025_10_21_RSFB-Phenotyping_GG1_JLU/2025_10_21_RSFB-Phenotyping_GG1_JLU/20251021_125309.jpg,True,unknown
,20251021_125317.jpg,,,,,,,20.0,20.0,,RSFB-Phenotyping_training_set_scores.csv,,20.0,0.0,True,,Unknown,../dataset/Pictures_CFSB_leaf_damage/2025_10_21_RSFB-Phenotyping_GG1_JLU/2025_10_21_RSFB-Phenotyping_GG1_JLU/20251021_125317.jpg,True,unknown
,20251021_125346.jpg,,,,,,,7.0,7.0,,RSFB-Phenotyping_training_set_scores.csv,,7.0,0.0,True,,Unknown,../dataset/Pictures_CFSB_leaf_damage/2025_10_21_RSFB-Phenotyping_GG1_JLU/2025_10_21_RSFB-Phenotyping_GG1_JLU/20251021_125346.jpg,True,unknown
,20251021_125358.jpg,,,,,,,15.0,17.0,,RSFB-Phenotyping_training_set_scores.csv,,16.0,2.0,True,,Unknown,../dataset/Pictures_CFSB_leaf_damage/2025_10_21_RSFB-Phenotyping_GG1_JLU/2025_10_21_RSFB-Phenotyping_GG1_JLU/20251021_125358.jpg,True,unknown
,20251021_125405.jpg,,,,,,,20.0,19.0,,RSFB-Phenotyping_training_set_scores.csv,,19.5,1.0,True,,Unknown,../dataset/Pictures_CFSB_leaf_damage/2025_10_21_RSFB-Phenotyping_GG1_JLU/2025_10_21_RSFB-Phenotyping_GG1_JLU/20251021_125405.jpg,True,unknown
,20251021_125515.jpg,,,,,,,8.0,5.5,,RSFB-Phenotyping_training_set_scores.csv,,6.75,2.5,True,,Unknown,../dataset/Pictures_CFSB_leaf_damage/2025_10_21_RSFB-Phenotyping_GG1_JLU/2025_10_21_RSFB-Phenotyping_GG1_JLU/20251021_125515.jpg,True,unknown
,20251021_125523.jpg,,,,,,,7.0,11.0,,RSFB-Phenotyping_training_set_scores.csv,,9.0,4.0,True,,Unknown,../dataset/Pictures_CFSB_leaf_damage/2025_10_21_RSFB-Phenotyping_GG1_JLU/2025_10_21_RSFB-Phenotyping_GG1_JLU/20251021_125523.jpg,True,unknown
,20251021_125545.jpg,,,,,,,5.0,5.5,,RSFB-Phenotyping_training_set_scores.csv,,5.25,0.5,True,,Unknown,../dataset/Pictures_CFSB_leaf_damage/2025_10_21_RSFB-Phenotyping_GG1_JLU/2025_10_21_RSFB-Phenotyping_GG1_JLU/20251021_125545.jpg,True,unknown
,20251021_125552.jpg,,,,,,,18.0,18.0,,RSFB-Phenotyping_training_set_scores.csv,,18.0,0.0,True,,Unknown,../dataset/Pictures_CFSB_leaf_damage/2025_10_21_RSFB-Phenotyping_GG1_JLU/2025_10_21_RSFB-Phenotyping_GG1_JLU/20251021_125552.jpg,True,unknown
,20251021_125600.jpg,,,,,,,3.0,6.5,,RSFB-Phenotyping_training_set_scores.csv,,4.75,3.5,True,,Unknown,../dataset/Pictures_CFSB_leaf_damage/2025_10_21_RSFB-Phenotyping_GG1_JLU/2025_10_21_RSFB-Phenotyping_GG1_JLU/20251021_125600.jpg,True,unknown
,20251021_125635.jpg,,,,,,,0.0,0.0,,RSFB-Phenotyping_training_set_scores.csv,,0.0,0.0,True,,Unknown,../dataset/Pictures_CFSB_leaf_damage/2025_10_21_RSFB-Phenotyping_GG1_JLU/2025_10_21_RSFB-Phenotyping_GG1_JLU/20251021_125635.jpg,True,unknown
,20251021_125656.jpg,,,,,,,1.0,5.0,,RSFB-Phenotyping_training_set_scores.csv,,3.0,4.0,True,,Unknown,../dataset/Pictures_CFSB_leaf_damage/2025_10_21_RSFB-Phenotyping_GG1_JLU/2025_10_21_RSFB-Phenotyping_GG1_JLU/20251021_125656.jpg,True,unknown
,20251021_125714.jpg,,,,,,,2.0,1.0,,RSFB-Phenotyping_training_set_scores.csv,,1.5,1.0,True,,Unknown,../dataset/Pictures_CFSB_leaf_damage/2025_10_21_RSFB-Phenotyping_GG1_JLU/2025_10_21_RSFB-Phenotyping_GG1_JLU/20251021_125714.jpg,True,unknown
,20251021_125721.jpg,,,,,,,4.0,5.0,,RSFB-Phenotyping_training_set_scores.csv,,4.5,1.0,True,,Unknown,../dataset/Pictures_CFSB_leaf_damage/2025_10_21_RSFB-Phenotyping_GG1_JLU/2025_10_21_RSFB-Phenotyping_GG1_JLU/20251021_125721.jpg,True,unknown
,20251021_125737.jpg,,,,,,,2.0,5.5,,RSFB-Phenotyping_training_set_scores.csv,,3.75,3.5,True,,Unknown,../dataset/Pictures_CFSB_leaf_damage/2025_10_21_RSFB-Phenotyping_GG1_JLU/2025_10_21_RSFB-Phenotyping_GG1_JLU/20251021_125737.jpg,True,unknown
,20251021_125744.jpg,,,,,,,1.0,3.0,,RSFB-Phenotyping_training_set_scores.csv,,2.0,2.0,True,,Unknown,../dataset/Pictures_CFSB_leaf_damage/2025_10_21_RSFB-Phenotyping_GG1_JLU/2025_10_21_RSFB-Phenotyping_GG1_JLU/20251021_125744.jpg,True,unknown
,20251021_125752.jpg,,,,,,,5.0,8.5,,RSFB-Phenotyping_training_set_scores.csv,,6.75,3.5,True,,Unknown,../dataset/Pictures_CFSB_leaf_damage/2025_10_21_RSFB-Phenotyping_GG1_JLU/2025_10_21_RSFB-Phenotyping_GG1_JLU/20251021_125752.jpg,True,unknown
,20251021_125804.jpg,,,,,,,2.0,6.5,,RSFB-Phenotyping_training_set_scores.csv,,4.25,4.5,True,,Unknown,../dataset/Pictures_CFSB_leaf_damage/2025_10_21_RSFB-Phenotyping_GG1_JLU/2025_10_21_RSFB-Phenotyping_GG1_JLU/20251021_125804.jpg,True,unknown
,20251021_125811.jpg,,,,,,,4.0,8.5,,RSFB-Phenotyping_training_set_scores.csv,,6.25,4.5,True,,Unknown,../dataset/Pictures_CFSB_leaf_damage/2025_10_21_RSFB-Phenotyping_GG1_JLU/2025_10_21_RSFB-Phenotyping_GG1_JLU/20251021_125811.jpg,True,unknown
,20251021_125833.jpg,,,,,,,5.0,7.0,,RSFB-Phenotyping_training_set_scores.csv,,6.0,2.0,True,,Unknown,../dataset/Pictures_CFSB_leaf_damage/2025_10_21_RSFB-Phenotyping_GG1_JLU/2025_10_21_RSFB-Phenotyping_GG1_JLU/20251021_125833.jpg,True,unknown
,20251021_125847.jpg,,,,,,,1.0,3.5,,RSFB-Phenotyping_training_set_scores.csv,,2.25,2.5,True,,Unknown,../dataset/Pictures_CFSB_leaf_damage/2025_10_21_RSFB-Phenotyping_GG1_JLU/2025_10_21_RSFB-Phenotyping_GG1_JLU/20251021_125847.jpg,True,unknown
,20251021_125907.jpg,,,,,,,18.0,16.5,,RSFB-Phenotyping_training_set_scores.csv,,17.25,1.5,True,,Unknown,../dataset/Pictures_CFSB_leaf_damage/2025_10_21_RSFB-Phenotyping_GG1_JLU/2025_10_21_RSFB-Phenotyping_GG1_JLU/20251021_125907.jpg,True,unknown
,20251021_125949.jpg,,,,,,,8.0,12.0,,RSFB-Phenotyping_training_set_scores.csv,,10.0,4.0,True,,Unknown,../dataset/Pictures_CFSB_leaf_damage/2025_10_21_RSFB-Phenotyping_GG1_JLU/2025_10_21_RSFB-Phenotyping_GG1_JLU/20251021_125949.jpg,True,unknown
,20251021_130000.jpg,,,,,,,0.0,0.0,,RSFB-Phenotyping_training_set_scores.csv,,0.0,0.0,True,,Unknown,../dataset/Pictures_CFSB_leaf_damage/2025_10_21_RSFB-Phenotyping_GG1_JLU/2025_10_21_RSFB-Phenotyping_GG1_JLU/20251021_130000.jpg,True,unknown
,20251021_130007.jpg,,,,,,,5.0,7.5,,RSFB-Phenotyping_training_set_scores.csv,,6.25,2.5,True,,Unknown,../dataset/Pictures_CFSB_leaf_damage/2025_10_21_RSFB-Phenotyping_GG1_JLU/2025_10_21_RSFB-Phenotyping_GG1_JLU/20251021_130007.jpg,True,unknown
,20251021_130029.jpg,,,,,,,2.0,7.0,,RSFB-Phenotyping_training_set_scores.csv,,4.5,5.0,False,,Unknown,../dataset/Pictures_CFSB_leaf_damage/2025_10_21_RSFB-Phenotyping_GG1_JLU/2025_10_21_RSFB-Phenotyping_GG1_JLU/20251021_130029.jpg,True,unknown
,20251021_130115.jpg,,,,,,,10.0,7.0,,RSFB-Phenotyping_training_set_scores.csv,,8.5,3.0,True,,Unknown,../dataset/Pictures_CFSB_leaf_damage/2025_10_21_RSFB-Phenotyping_GG1_JLU/2025_10_21_RSFB-Phenotyping_GG1_JLU/20251021_130115.jpg,True,unknown
,20251021_130153.jpg,,,,,,,12.0,7.0,,RSFB-Phenotyping_training_set_scores.csv,,9.5,5.0,False,,Unknown,../dataset/Pictures_CFSB_leaf_damage/2025_10_21_RSFB-Phenotyping_GG1_JLU/2025_10_21_RSFB-Phenotyping_GG1_JLU/20251021_130153.jpg,True,unknown
,20251021_130223.jpg,,,,,,,3.0,3.0,,RSFB-Phenotyping_training_set_scores.csv,,3.0,0.0,True,,Unknown,../dataset/Pictures_CFSB_leaf_damage/2025_10_21_RSFB-Phenotyping_GG1_JLU/2025_10_21_RSFB-Phenotyping_GG1_JLU/20251021_130223.jpg,True,unknown
,20251021_130231.jpg,,,,,,,2.0,5.5,,RSFB-Phenotyping_training_set_scores.csv,,3.75,3.5,True,,Unknown,../dataset/Pictures_CFSB_leaf_damage/2025_10_21_RSFB-Phenotyping_GG1_JLU/2025_10_21_RSFB-Phenotyping_GG1_JLU/20251021_130231.jpg,True,unknown
,20251021_130310.jpg,,,,,,,2.0,5.5,,RSFB-Phenotyping_training_set_scores.csv,,3.75,3.5,True,,Unknown,../dataset/Pictures_CFSB_leaf_damage/2025_10_21_RSFB-Phenotyping_GG1_JLU/2025_10_21_RSFB-Phenotyping_GG1_JLU/20251021_130310.jpg,True,unknown
,20251021_130316.jpg,,,,,,,3.0,5.0,,RSFB-Phenotyping_training_set_scores.csv,,4.0,2.0,True,,Unknown,../dataset/Pictures_CFSB_leaf_damage/2025_10_21_RSFB-Phenotyping_GG1_JLU/2025_10_21_RSFB-Phenotyping_GG1_JLU/20251021_130316.jpg,True,unknown
,20251021_130338.jpg,,,,,,,15.0,14.5,,RSFB-Phenotyping_training_set_scores.csv,,14.75,0.5,True,,Unknown,../dataset/Pictures_CFSB_leaf_damage/2025_10_21_RSFB-Phenotyping_GG1_JLU/2025_10_21_RSFB-Phenotyping_GG1_JLU/20251021_130338.jpg,True,unknown
,20251021_130410.jpg,,,,,,,2.0,2.0,,RSFB-Phenotyping_training_set_scores.csv,,2.0,0.0,True,,Unknown,../dataset/Pictures_CFSB_leaf_damage/2025_10_21_RSFB-Phenotyping_GG1_JLU/2025_10_21_RSFB-Phenotyping_GG1_JLU/20251021_130410.jpg,True,unknown
,20251021_130500.jpg,,,,,,,5.0,5.5,,RSFB-Phenotyping_training_set_scores.csv,,5.25,0.5,True,,Unknown,../dataset/Pictures_CFSB_leaf_damage/2025_10_21_RSFB-Phenotyping_GG1_JLU/2025_10_21_RSFB-Phenotyping_GG1_JLU/20251021_130500.jpg,True,unknown
,20251021_130515.jpg,,,,,,,15.0,16.5,,RSFB-Phenotyping_training_set_scores.csv,,15.75,1.5,True,,Unknown,../dataset/Pictures_CFSB_leaf_damage/2025_10_21_RSFB-Phenotyping_GG1_JLU/2025_10_21_RSFB-Phenotyping_GG1_JLU/20251021_130515.jpg,True,unknown
,20251021_130536.jpg,,,,,,,1.0,2.5,,RSFB-Phenotyping_training_set_scores.csv,,1.75,1.5,True,,Unknown,../dataset/Pictures_CFSB_leaf_damage/2025_10_21_RSFB-Phenotyping_GG1_JLU/2025_10_21_RSFB-Phenotyping_GG1_JLU/20251021_130536.jpg,True,unknown
,20251021_130642.jpg,,,,,,,10.0,6.5,,RSFB-Phenotyping_training_set_scores.csv,,8.25,3.5,True,,Unknown,../dataset/Pictures_CFSB_leaf_damage/2025_10_21_RSFB-Phenotyping_GG1_JLU/2025_10_21_RSFB-Phenotyping_GG1_JLU/20251021_130642.jpg,True,unknown
,20251021_130704.jpg,,,,,,,2.0,5.0,,RSFB-Phenotyping_training_set_scores.csv,,3.5,3.0,True,,Unknown,../dataset/Pictures_CFSB_leaf_damage/2025_10_21_RSFB-Phenotyping_GG1_JLU/2025_10_21_RSFB-Phenotyping_GG1_JLU/20251021_130704.jpg,True,unknown
,20251021_130717.jpg,,,,,,,5.0,6.0,,RSFB-Phenotyping_training_set_scores.csv,,5.5,1.0,True,,Unknown,../dataset/Pictures_CFSB_leaf_damage/2025_10_21_RSFB-Phenotyping_GG1_JLU/2025_10_21_RSFB-Phenotyping_GG1_JLU/20251021_130717.jpg,True,unknown
,20251021_130744.jpg,,,,,,,1.0,1.5,,RSFB-Phenotyping_training_set_scores.csv,,1.25,0.5,True,,Unknown,../dataset/Pictures_CFSB_leaf_damage/2025_10_21_RSFB-Phenotyping_GG1_JLU/2025_10_21_RSFB-Phenotyping_GG1_JLU/20251021_130744.jpg,True,unknown
,20251021_130752.jpg,,,,,,,6.0,11.0,,RSFB-Phenotyping_training_set_scores.csv,,8.5,5.0,False,,Unknown,../dataset/Pictures_CFSB_leaf_damage/2025_10_21_RSFB-Phenotyping_GG1_JLU/2025_10_21_RSFB-Phenotyping_GG1_JLU/20251021_130752.jpg,True,unknown
,20251021_130805.jpg,,,,,,,1.0,2.5,,RSFB-Phenotyping_training_set_scores.csv,,1.75,1.5,True,,Unknown,../dataset/Pictures_CFSB_leaf_damage/2025_10_21_RSFB-Phenotyping_GG1_JLU/2025_10_21_RSFB-Phenotyping_GG1_JLU/20251021_130805.jpg,True,unknown
,20251021_130812.jpg,,,,,,,3.0,5.6,,RSFB-Phenotyping_training_set_scores.csv,,4.3,2.5999999999999996,True,,Unknown,../dataset/Pictures_CFSB_leaf_damage/2025_10_21_RSFB-Phenotyping_GG1_JLU/2025_10_21_RSFB-Phenotyping_GG1_JLU/20251021_130812.jpg,True,unknown
,20251021_130818.jpg,,,,,,,1.0,6.0,,RSFB-Phenotyping_training_set_scores.csv,,3.5,5.0,False,,Unknown,../dataset/Pictures_CFSB_leaf_damage/2025_10_21_RSFB-Phenotyping_GG1_JLU/2025_10_21_RSFB-Phenotyping_GG1_JLU/20251021_130818.jpg,True,unknown
,20251021_130832.jpg,,,,,,,20.0,15.0,,RSFB-Phenotyping_training_set_scores.csv,,17.5,5.0,False,,Unknown,../dataset/Pictures_CFSB_leaf_damage/2025_10_21_RSFB-Phenotyping_GG1_JLU/2025_10_21_RSFB-Phenotyping_GG1_JLU/20251021_130832.jpg,True,unknown
,20251021_130839.jpg,,,,,,,8.0,7.0,,RSFB-Phenotyping_training_set_scores.csv,,7.5,1.0,True,,Unknown,../dataset/Pictures_CFSB_leaf_damage/2025_10_21_RSFB-Phenotyping_GG1_JLU/2025_10_21_RSFB-Phenotyping_GG1_JLU/20251021_130839.jpg,True,unknown
,20251021_130845.jpg,,,,,,,1.0,1.5,,RSFB-Phenotyping_training_set_scores.csv,,1.25,0.5,True,,Unknown,../dataset/Pictures_CFSB_leaf_damage/2025_10_21_RSFB-Phenotyping_GG1_JLU/2025_10_21_RSFB-Phenotyping_GG1_JLU/20251021_130845.jpg,True,unknown
,20251021_130913.jpg,,,,,,,1.0,4.0,,RSFB-Phenotyping_training_set_scores.csv,,2.5,3.0,True,,Unknown,../dataset/Pictures_CFSB_leaf_damage/2025_10_21_RSFB-Phenotyping_GG1_JLU/2025_10_21_RSFB-Phenotyping_GG1_JLU/20251021_130913.jpg,True,unknown
,20251021_130920.jpg,,,,,,,15.0,10.0,,RSFB-Phenotyping_training_set_scores.csv,,12.5,5.0,False,,Unknown,../dataset/Pictures_CFSB_leaf_damage/2025_10_21_RSFB-Phenotyping_GG1_JLU/2025_10_21_RSFB-Phenotyping_GG1_JLU/20251021_130920.jpg,True,unknown
,20251021_130935.jpg,,,,,,,5.0,6.0,,RSFB-Phenotyping_training_set_scores.csv,,5.5,1.0,True,,Unknown,../dataset/Pictures_CFSB_leaf_damage/2025_10_21_RSFB-Phenotyping_GG1_JLU/2025_10_21_RSFB-Phenotyping_GG1_JLU/20251021_130935.jpg,True,unknown
,20251021_130942.jpg,,,,,,,8.0,11.0,,RSFB-Phenotyping_training_set_scores.csv,,9.5,3.0,True,,Unknown,../dataset/Pictures_CFSB_leaf_damage/2025_10_21_RSFB-Phenotyping_GG1_JLU/2025_10_21_RSFB-Phenotyping_GG1_JLU/20251021_130942.jpg,True,unknown
,20251021_130950.jpg,,,,,,,2.0,3.0,,RSFB-Phenotyping_training_set_scores.csv,,2.5,1.0,True,,Unknown,../dataset/Pictures_CFSB_leaf_damage/2025_10_21_RSFB-Phenotyping_GG1_JLU/2025_10_21_RSFB-Phenotyping_GG1_JLU/20251021_130950.jpg,True,unknown
,20251021_131002.jpg,,,,,,,3.0,4.5,,RSFB-Phenotyping_training_set_scores.csv,,3.75,1.5,True,,Unknown,../dataset/Pictures_CFSB_leaf_damage/2025_10_21_RSFB-Phenotyping_GG1_JLU/2025_10_21_RSFB-Phenotyping_GG1_JLU/20251021_131002.jpg,True,unknown
,20251021_131011.jpg,,,,,,,2.0,1.0,,RSFB-Phenotyping_training_set_scores.csv,,1.5,1.0,True,,Unknown,../dataset/Pictures_CFSB_leaf_damage/2025_10_21_RSFB-Phenotyping_GG1_JLU/2025_10_21_RSFB-Phenotyping_GG1_JLU/20251021_131011.jpg,True,unknown
,20251021_131019.jpg,,,,,,,8.0,6.5,,RSFB-Phenotyping_training_set_scores.csv,,7.25,1.5,True,,Unknown,../dataset/Pictures_CFSB_leaf_damage/2025_10_21_RSFB-Phenotyping_GG1_JLU/2025_10_21_RSFB-Phenotyping_GG1_JLU/20251021_131019.jpg,True,unknown
,20251021_131030.jpg,,,,,,,4.0,6.0,,RSFB-Phenotyping_training_set_scores.csv,,5.0,2.0,True,,Unknown,../dataset/Pictures_CFSB_leaf_damage/2025_10_21_RSFB-Phenotyping_GG1_JLU/2025_10_21_RSFB-Phenotyping_GG1_JLU/20251021_131030.jpg,True,unknown
,20251021_131038.jpg,,,,,,,7.0,4.0,,RSFB-Phenotyping_training_set_scores.csv,,5.5,3.0,True,,Unknown,../dataset/Pictures_CFSB_leaf_damage/2025_10_21_RSFB-Phenotyping_GG1_JLU/2025_10_21_RSFB-Phenotyping_GG1_JLU/20251021_131038.jpg,True,unknown
,20251021_131138.jpg,,,,,,,3.0,3.0,,RSFB-Phenotyping_training_set_scores.csv,,3.0,0.0,True,,Unknown,../dataset/Pictures_CFSB_leaf_damage/2025_10_21_RSFB-Phenotyping_GG1_JLU/2025_10_21_RSFB-Phenotyping_GG1_JLU/20251021_131138.jpg,True,unknown
,20251021_131146.jpg,,,,,,,5.0,5.0,,RSFB-Phenotyping_training_set_scores.csv,,5.0,0.0,True,,Unknown,../dataset/Pictures_CFSB_leaf_damage/2025_10_21_RSFB-Phenotyping_GG1_JLU/2025_10_21_RSFB-Phenotyping_GG1_JLU/20251021_131146.jpg,True,unknown
,20251021_131209.jpg,,,,,,,7.0,4.0,,RSFB-Phenotyping_training_set_scores.csv,,5.5,3.0,True,,Unknown,../dataset/Pictures_CFSB_leaf_damage/2025_10_21_RSFB-Phenotyping_GG1_JLU/2025_10_21_RSFB-Phenotyping_GG1_JLU/20251021_131209.jpg,True,unknown
,20251021_131217.jpg,,,,,,,2.0,3.0,,RSFB-Phenotyping_training_set_scores.csv,,2.5,1.0,True,,Unknown,../dataset/Pictures_CFSB_leaf_damage/2025_10_21_RSFB-Phenotyping_GG1_JLU/2025_10_21_RSFB-Phenotyping_GG1_JLU/20251021_131217.jpg,True,unknown
,20251021_131339.jpg,,,,,,,15.0,14.5,,RSFB-Phenotyping_training_set_scores.csv,,14.75,0.5,True,,Unknown,../dataset/Pictures_CFSB_leaf_damage/2025_10_21_RSFB-Phenotyping_GG1_JLU/2025_10_21_RSFB-Phenotyping_GG1_JLU/20251021_131339.jpg,True,unknown
,20251021_131347.jpg,,,,,,,15.0,15.5,,RSFB-Phenotyping_training_set_scores.csv,,15.25,0.5,True,,Unknown,../dataset/Pictures_CFSB_leaf_damage/2025_10_21_RSFB-Phenotyping_GG1_JLU/2025_10_21_RSFB-Phenotyping_GG1_JLU/20251021_131347.jpg,True,unknown
,20251021_131431.jpg,,,,,,,7.0,4.2,,RSFB-Phenotyping_training_set_scores.csv,,5.6,2.8,True,,Unknown,../dataset/Pictures_CFSB_leaf_damage/2025_10_21_RSFB-Phenotyping_GG1_JLU/2025_10_21_RSFB-Phenotyping_GG1_JLU/20251021_131431.jpg,True,unknown
,20251021_131440.jpg,,,,,,,28.0,25.0,,RSFB-Phenotyping_training_set_scores.csv,,26.5,3.0,True,,Unknown,../dataset/Pictures_CFSB_leaf_damage/2025_10_21_RSFB-Phenotyping_GG1_JLU/2025_10_21_RSFB-Phenotyping_GG1_JLU/20251021_131440.jpg,True,unknown
,20251021_131524.jpg,,,,,,,18.0,15.0,,RSFB-Phenotyping_training_set_scores.csv,,16.5,3.0,True,,Unknown,../dataset/Pictures_CFSB_leaf_damage/2025_10_21_RSFB-Phenotyping_GG1_JLU/2025_10_21_RSFB-Phenotyping_GG1_JLU/20251021_131524.jpg,True,unknown
,20251021_131604.jpg,,,,,,,2.0,3.0,,RSFB-Phenotyping_training_set_scores.csv,,2.5,1.0,True,,Unknown,../dataset/Pictures_CFSB_leaf_damage/2025_10_21_RSFB-Phenotyping_GG1_JLU/2025_10_21_RSFB-Phenotyping_GG1_JLU/20251021_131604.jpg,True,unknown
,20251021_131610.jpg,,,,,,,4.0,8.0,,RSFB-Phenotyping_training_set_scores.csv,,6.0,4.0,True,,Unknown,../dataset/Pictures_CFSB_leaf_damage/2025_10_21_RSFB-Phenotyping_GG1_JLU/2025_10_21_RSFB-Phenotyping_GG1_JLU/20251021_131610.jpg,True,unknown
,20251021_131620.jpg,,,,,,,3.0,7.5,,RSFB-Phenotyping_training_set_scores.csv,,5.25,4.5,True,,Unknown,../dataset/Pictures_CFSB_leaf_damage/2025_10_21_RSFB-Phenotyping_GG1_JLU/2025_10_21_RSFB-Phenotyping_GG1_JLU/20251021_131620.jpg,True,unknown
,20251021_131634.jpg,,,,,,,1.0,1.5,,RSFB-Phenotyping_training_set_scores.csv,,1.25,0.5,True,,Unknown,../dataset/Pictures_CFSB_leaf_damage/2025_10_21_RSFB-Phenotyping_GG1_JLU/2025_10_21_RSFB-Phenotyping_GG1_JLU/20251021_131634.jpg,True,unknown
,20251021_131646.jpg,,,,,,,3.0,8.0,,RSFB-Phenotyping_training_set_scores.csv,,5.5,5.0,False,,Unknown,../dataset/Pictures_CFSB_leaf_damage/2025_10_21_RSFB-Phenotyping_GG1_JLU/2025_10_21_RSFB-Phenotyping_GG1_JLU/20251021_131646.jpg,True,unknown
,20251021_131655.jpg,,,,,,,2.0,6.5,,RSFB-Phenotyping_training_set_scores.csv,,4.25,4.5,True,,Unknown,../dataset/Pictures_CFSB_leaf_damage/2025_10_21_RSFB-Phenotyping_GG1_JLU/2025_10_21_RSFB-Phenotyping_GG1_JLU/20251021_131655.jpg,True,unknown
,20251021_131711.jpg,,,,,,,1.0,5.0,,RSFB-Phenotyping_training_set_scores.csv,,3.0,4.0,True,,Unknown,../dataset/Pictures_CFSB_leaf_damage/2025_10_21_RSFB-Phenotyping_GG1_JLU/2025_10_21_RSFB-Phenotyping_GG1_JLU/20251021_131711.jpg,True,unknown
,20251021_131721.jpg,,,,,,,1.0,5.0,,RSFB-Phenotyping_training_set_scores.csv,,3.0,4.0,True,,Unknown,../dataset/Pictures_CFSB_leaf_damage/2025_10_21_RSFB-Phenotyping_GG1_JLU/2025_10_21_RSFB-Phenotyping_GG1_JLU/20251021_131721.jpg,True,unknown
,20251021_131728.jpg,,,,,,,2.0,7.0,,RSFB-Phenotyping_training_set_scores.csv,,4.5,5.0,False,,Unknown,../dataset/Pictures_CFSB_leaf_damage/2025_10_21_RSFB-Phenotyping_GG1_JLU/2025_10_21_RSFB-Phenotyping_GG1_JLU/20251021_131728.jpg,True,unknown
,20251021_131752.jpg,,,,,,,2.0,0.5,,RSFB-Phenotyping_training_set_scores.csv,,1.25,1.5,True,,Unknown,../dataset/Pictures_CFSB_leaf_damage/2025_10_21_RSFB-Phenotyping_GG1_JLU/2025_10_21_RSFB-Phenotyping_GG1_JLU/20251021_131752.jpg,True,unknown
,20251021_131803.jpg,,,,,,,2.0,2.5,,RSFB-Phenotyping_training_set_scores.csv,,2.25,0.5,True,,Unknown,../dataset/Pictures_CFSB_leaf_damage/2025_10_21_RSFB-Phenotyping_GG1_JLU/2025_10_21_RSFB-Phenotyping_GG1_JLU/20251021_131803.jpg,True,unknown
,20251021_131840.jpg,,,,,,,7.0,5.0,,RSFB-Phenotyping_training_set_scores.csv,,6.0,2.0,True,,Unknown,../dataset/Pictures_CFSB_leaf_damage/2025_10_21_RSFB-Phenotyping_GG1_JLU/2025_10_21_RSFB-Phenotyping_GG1_JLU/20251021_131840.jpg,True,unknown
,20251021_131905.jpg,,,,,,,6.0,6.5,,RSFB-Phenotyping_training_set_scores.csv,,6.25,0.5,True,,Unknown,../dataset/Pictures_CFSB_leaf_damage/2025_10_21_RSFB-Phenotyping_GG1_JLU/2025_10_21_RSFB-Phenotyping_GG1_JLU/20251021_131905.jpg,True,unknown
,20251021_131948.jpg,,,,,,,8.0,8.0,,RSFB-Phenotyping_training_set_scores.csv,,8.0,0.0,True,,Unknown,../dataset/Pictures_CFSB_leaf_damage/2025_10_21_RSFB-Phenotyping_GG1_JLU/2025_10_21_RSFB-Phenotyping_GG1_JLU/20251021_131948.jpg,True,unknown
,20251021_131954.jpg,,,,,,,2.0,4.0,,RSFB-Phenotyping_training_set_scores.csv,,3.0,2.0,True,,Unknown,../dataset/Pictures_CFSB_leaf_damage/2025_10_21_RSFB-Phenotyping_GG1_JLU/2025_10_21_RSFB-Phenotyping_GG1_JLU/20251021_131954.jpg,True,unknown
,20251021_132018.jpg,,,,,,,2.0,3.5,,RSFB-Phenotyping_training_set_scores.csv,,2.75,1.5,True,,Unknown,../dataset/Pictures_CFSB_leaf_damage/2025_10_21_RSFB-Phenotyping_GG1_JLU/2025_10_21_RSFB-Phenotyping_GG1_JLU/20251021_132018.jpg,True,unknown
,20251021_132022.jpg,,,,,,,6.0,7.5,,RSFB-Phenotyping_training_set_scores.csv,,6.75,1.5,True,,Unknown,../dataset/Pictures_CFSB_leaf_damage/2025_10_21_RSFB-Phenotyping_GG1_JLU/2025_10_21_RSFB-Phenotyping_GG1_JLU/20251021_132022.jpg,True,unknown
,20251021_132029.jpg,,,,,,,6.0,9.5,,RSFB-Phenotyping_training_set_scores.csv,,7.75,3.5,True,,Unknown,../dataset/Pictures_CFSB_leaf_damage/2025_10_21_RSFB-Phenotyping_GG1_JLU/2025_10_21_RSFB-Phenotyping_GG1_JLU/20251021_132029.jpg,True,unknown
,20251021_132110.jpg,,,,,,,3.0,6.0,,RSFB-Phenotyping_training_set_scores.csv,,4.5,3.0,True,,Unknown,../dataset/Pictures_CFSB_leaf_damage/2025_10_21_RSFB-Phenotyping_GG1_JLU/2025_10_21_RSFB-Phenotyping_GG1_JLU/20251021_132110.jpg,True,unknown
,20251021_132117.jpg,,,,,,,3.0,5.5,,RSFB-Phenotyping_training_set_scores.csv,,4.25,2.5,True,,Unknown,../dataset/Pictures_CFSB_leaf_damage/2025_10_21_RSFB-Phenotyping_GG1_JLU/2025_10_21_RSFB-Phenotyping_GG1_JLU/20251021_132117.jpg,True,unknown
,20251021_132124.jpg,,,,,,,5.0,5.5,,RSFB-Phenotyping_training_set_scores.csv,,5.25,0.5,True,,Unknown,../dataset/Pictures_CFSB_leaf_damage/2025_10_21_RSFB-Phenotyping_GG1_JLU/2025_10_21_RSFB-Phenotyping_GG1_JLU/20251021_132124.jpg,True,unknown
,20251021_132147.jpg,,,,,,,5.0,8.0,,RSFB-Phenotyping_training_set_scores.csv,,6.5,3.0,True,,Unknown,../dataset/Pictures_CFSB_leaf_damage/2025_10_21_RSFB-Phenotyping_GG1_JLU/2025_10_21_RSFB-Phenotyping_GG1_JLU/20251021_132147.jpg,True,unknown
,20251021_132153.jpg,,,,,,,7.0,3.5,,RSFB-Phenotyping_training_set_scores.csv,,5.25,3.5,True,,Unknown,../dataset/Pictures_CFSB_leaf_damage/2025_10_21_RSFB-Phenotyping_GG1_JLU/2025_10_21_RSFB-Phenotyping_GG1_JLU/20251021_132153.jpg,True,unknown
,20251021_132334.jpg,,,,,,,5.0,9.0,,RSFB-Phenotyping_training_set_scores.csv,,7.0,4.0,True,,Unknown,../dataset/Pictures_CFSB_leaf_damage/2025_10_21_RSFB-Phenotyping_GG1_JLU/2025_10_21_RSFB-Phenotyping_GG1_JLU/20251021_132334.jpg,True,unknown
,20251021_132355.jpg,,,,,,,10.0,6.5,,RSFB-Phenotyping_training_set_scores.csv,,8.25,3.5,True,,Unknown,../dataset/Pictures_CFSB_leaf_damage/2025_10_21_RSFB-Phenotyping_GG1_JLU/2025_10_21_RSFB-Phenotyping_GG1_JLU/20251021_132355.jpg,True,unknown
,20251021_132417.jpg,,,,,,,12.0,7.5,,RSFB-Phenotyping_training_set_scores.csv,,9.75,4.5,True,,Unknown,../dataset/Pictures_CFSB_leaf_damage/2025_10_21_RSFB-Phenotyping_GG1_JLU/2025_10_21_RSFB-Phenotyping_GG1_JLU/20251021_132417.jpg,True,unknown
,20251021_132437.jpg,,,,,,,4.0,7.5,,RSFB-Phenotyping_training_set_scores.csv,,5.75,3.5,True,,Unknown,../dataset/Pictures_CFSB_leaf_damage/2025_10_21_RSFB-Phenotyping_GG1_JLU/2025_10_21_RSFB-Phenotyping_GG1_JLU/20251021_132437.jpg,True,unknown
,20251021_132444.jpg,,,,,,,2.0,1.0,,RSFB-Phenotyping_training_set_scores.csv,,1.5,1.0,True,,Unknown,../dataset/Pictures_CFSB_leaf_damage/2025_10_21_RSFB-Phenotyping_GG1_JLU/2025_10_21_RSFB-Phenotyping_GG1_JLU/20251021_132444.jpg,True,unknown
,20251021_132506.jpg,,,,,,,2.0,3.0,,RSFB-Phenotyping_training_set_scores.csv,,2.5,1.0,True,,Unknown,../dataset/Pictures_CFSB_leaf_damage/2025_10_21_RSFB-Phenotyping_GG1_JLU/2025_10_21_RSFB-Phenotyping_GG1_JLU/20251021_132506.jpg,True,unknown
,20251021_132518.jpg,,,,,,,5.0,5.0,,RSFB-Phenotyping_training_set_scores.csv,,5.0,0.0,True,,Unknown,../dataset/Pictures_CFSB_leaf_damage/2025_10_21_RSFB-Phenotyping_GG1_JLU/2025_10_21_RSFB-Phenotyping_GG1_JLU/20251021_132518.jpg,True,unknown
,20251021_132528.jpg,,,,,,,10.0,13.5,,RSFB-Phenotyping_training_set_scores.csv,,11.75,3.5,True,,Unknown,../dataset/Pictures_CFSB_leaf_damage/2025_10_21_RSFB-Phenotyping_GG1_JLU/2025_10_21_RSFB-Phenotyping_GG1_JLU/20251021_132528.jpg,True,unknown
,20251021_132559.jpg,,,,,,,15.0,14.0,,RSFB-Phenotyping_training_set_scores.csv,,14.5,1.0,True,,Unknown,../dataset/Pictures_CFSB_leaf_damage/2025_10_21_RSFB-Phenotyping_GG1_JLU/2025_10_21_RSFB-Phenotyping_GG1_JLU/20251021_132559.jpg,True,unknown
,20251021_132633.jpg,,,,,,,1.0,0.0,,RSFB-Phenotyping_training_set_scores.csv,,0.5,1.0,True,,Unknown,../dataset/Pictures_CFSB_leaf_damage/2025_10_21_RSFB-Phenotyping_GG1_JLU/2025_10_21_RSFB-Phenotyping_GG1_JLU/20251021_132633.jpg,True,unknown
,20251021_132705.jpg,,,,,,,8.0,8.0,,RSFB-Phenotyping_training_set_scores.csv,,8.0,0.0,True,,Unknown,../dataset/Pictures_CFSB_leaf_damage/2025_10_21_RSFB-Phenotyping_GG1_JLU/2025_10_21_RSFB-Phenotyping_GG1_JLU/20251021_132705.jpg,True,unknown
,20251021_132724.jpg,,,,,,,3.0,5.0,,RSFB-Phenotyping_training_set_scores.csv,,4.0,2.0,True,,Unknown,../dataset/Pictures_CFSB_leaf_damage/2025_10_21_RSFB-Phenotyping_GG1_JLU/2025_10_21_RSFB-Phenotyping_GG1_JLU/20251021_132724.jpg,True,unknown
,20251021_132731.jpg,,,,,,,8.0,8.0,,RSFB-Phenotyping_training_set_scores.csv,,8.0,0.0,True,,Unknown,../dataset/Pictures_CFSB_leaf_damage/2025_10_21_RSFB-Phenotyping_GG1_JLU/2025_10_21_RSFB-Phenotyping_GG1_JLU/20251021_132731.jpg,True,unknown
,20251021_132738.jpg,,,,,,,7.0,7.0,,RSFB-Phenotyping_training_set_scores.csv,,7.0,0.0,True,,Unknown,../dataset/Pictures_CFSB_leaf_damage/2025_10_21_RSFB-Phenotyping_GG1_JLU/2025_10_21_RSFB-Phenotyping_GG1_JLU/20251021_132738.jpg,True,unknown
,20251021_132808.jpg,,,,,,,2.0,2.5,,RSFB-Phenotyping_training_set_scores.csv,,2.25,0.5,True,,Unknown,../dataset/Pictures_CFSB_leaf_damage/2025_10_21_RSFB-Phenotyping_GG1_JLU/2025_10_21_RSFB-Phenotyping_GG1_JLU/20251021_132808.jpg,True,unknown
,20251021_132821.jpg,,,,,,,7.0,3.5,,RSFB-Phenotyping_training_set_scores.csv,,5.25,3.5,True,,Unknown,../dataset/Pictures_CFSB_leaf_damage/2025_10_21_RSFB-Phenotyping_GG1_JLU/2025_10_21_RSFB-Phenotyping_GG1_JLU/20251021_132821.jpg,True,unknown
,20251021_132829.jpg,,,,,,,8.0,12.0,,RSFB-Phenotyping_training_set_scores.csv,,10.0,4.0,True,,Unknown,../dataset/Pictures_CFSB_leaf_damage/2025_10_21_RSFB-Phenotyping_GG1_JLU/2025_10_21_RSFB-Phenotyping_GG1_JLU/20251021_132829.jpg,True,unknown
,20251021_132836.jpg,,,,,,,8.0,7.0,,RSFB-Phenotyping_training_set_scores.csv,,7.5,1.0,True,,Unknown,../dataset/Pictures_CFSB_leaf_damage/2025_10_21_RSFB-Phenotyping_GG1_JLU/2025_10_21_RSFB-Phenotyping_GG1_JLU/20251021_132836.jpg,True,unknown
,20251021_132849.jpg,,,,,,,15.0,16.0,,RSFB-Phenotyping_training_set_scores.csv,,15.5,1.0,True,,Unknown,../dataset/Pictures_CFSB_leaf_damage/2025_10_21_RSFB-Phenotyping_GG1_JLU/2025_10_21_RSFB-Phenotyping_GG1_JLU/20251021_132849.jpg,True,unknown
,20251021_133005.jpg,,,,,,,23.0,26.0,,RSFB-Phenotyping_training_set_scores.csv,,24.5,3.0,True,,Unknown,../dataset/Pictures_CFSB_leaf_damage/2025_10_21_RSFB-Phenotyping_GG1_JLU/2025_10_21_RSFB-Phenotyping_GG1_JLU/20251021_133005.jpg,True,unknown
,20251021_133035.jpg,,,,,,,15.0,16.5,,RSFB-Phenotyping_training_set_scores.csv,,15.75,1.5,True,,Unknown,../dataset/Pictures_CFSB_leaf_damage/2025_10_21_RSFB-Phenotyping_GG1_JLU/2025_10_21_RSFB-Phenotyping_GG1_JLU/20251021_133035.jpg,True,unknown
,20251021_151358.jpg,,,,,,,25.0,21.0,,RSFB-Phenotyping_training_set_scores.csv,,23.0,4.0,True,,Unknown,../dataset/Pictures_CFSB_leaf_damage/2025_10_21_RSFB-Phenotyping_GG1_JLU/2025_10_21_RSFB-Phenotyping_GG1_JLU/20251021_151358.jpg,True,unknown
,20251021_151403.jpg,,,,,,,5.0,5.5,,RSFB-Phenotyping_training_set_scores.csv,,5.25,0.5,True,,Unknown,../dataset/Pictures_CFSB_leaf_damage/2025_10_21_RSFB-Phenotyping_GG1_JLU/2025_10_21_RSFB-Phenotyping_GG1_JLU/20251021_151403.jpg,True,unknown
,20251021_151409.jpg,,,,,,,7.0,7.5,,RSFB-Phenotyping_training_set_scores.csv,,7.25,0.5,True,,Unknown,../dataset/Pictures_CFSB_leaf_damage/2025_10_21_RSFB-Phenotyping_GG1_JLU/2025_10_21_RSFB-Phenotyping_GG1_JLU/20251021_151409.jpg,True,unknown
,20251021_151512.jpg,,,,,,,9.0,4.0,,RSFB-Phenotyping_training_set_scores.csv,,6.5,5.0,False,,Unknown,../dataset/Pictures_CFSB_leaf_damage/2025_10_21_RSFB-Phenotyping_GG1_JLU/2025_10_21_RSFB-Phenotyping_GG1_JLU/20251021_151512.jpg,True,unknown
,20251021_151523.jpg,,,,,,,3.0,4.5,,RSFB-Phenotyping_training_set_scores.csv,,3.75,1.5,True,,Unknown,../dataset/Pictures_CFSB_leaf_damage/2025_10_21_RSFB-Phenotyping_GG1_JLU/2025_10_21_RSFB-Phenotyping_GG1_JLU/20251021_151523.jpg,True,unknown
,20251021_151533.jpg,,,,,,,1.0,2.0,,RSFB-Phenotyping_training_set_scores.csv,,1.5,1.0,True,,Unknown,../dataset/Pictures_CFSB_leaf_damage/2025_10_21_RSFB-Phenotyping_GG1_JLU/2025_10_21_RSFB-Phenotyping_GG1_JLU/20251021_151533.jpg,True,unknown
,20251021_151540.jpg,,,,,,,3.0,4.5,,RSFB-Phenotyping_training_set_scores.csv,,3.75,1.5,True,,Unknown,../dataset/Pictures_CFSB_leaf_damage/2025_10_21_RSFB-Phenotyping_GG1_JLU/2025_10_21_RSFB-Phenotyping_GG1_JLU/20251021_151540.jpg,True,unknown
,20251021_151548.jpg,,,,,,,2.0,2.5,,RSFB-Phenotyping_training_set_scores.csv,,2.25,0.5,True,,Unknown,../dataset/Pictures_CFSB_leaf_damage/2025_10_21_RSFB-Phenotyping_GG1_JLU/2025_10_21_RSFB-Phenotyping_GG1_JLU/20251021_151548.jpg,True,unknown
,20251021_151602.jpg,,,,,,,2.0,3.5,,RSFB-Phenotyping_training_set_scores.csv,,2.75,1.5,True,,Unknown,../dataset/Pictures_CFSB_leaf_damage/2025_10_21_RSFB-Phenotyping_GG1_JLU/2025_10_21_RSFB-Phenotyping_GG1_JLU/20251021_151602.jpg,True,unknown
,20251021_151613.jpg,,,,,,,7.0,7.5,,RSFB-Phenotyping_training_set_scores.csv,,7.25,0.5,True,,Unknown,../dataset/Pictures_CFSB_leaf_damage/2025_10_21_RSFB-Phenotyping_GG1_JLU/2025_10_21_RSFB-Phenotyping_GG1_JLU/20251021_151613.jpg,True,unknown
,20251021_151621.jpg,,,,,,,18.0,13.5,,RSFB-Phenotyping_training_set_scores.csv,,15.75,4.5,True,,Unknown,../dataset/Pictures_CFSB_leaf_damage/2025_10_21_RSFB-Phenotyping_GG1_JLU/2025_10_21_RSFB-Phenotyping_GG1_JLU/20251021_151621.jpg,True,unknown
,20251021_151633.jpg,,,,,,,10.0,6.0,,RSFB-Phenotyping_training_set_scores.csv,,8.0,4.0,True,,Unknown,../dataset/Pictures_CFSB_leaf_damage/2025_10_21_RSFB-Phenotyping_GG1_JLU/2025_10_21_RSFB-Phenotyping_GG1_JLU/20251021_151633.jpg,True,unknown
,20251021_151731.jpg,,,,,,,1.0,5.5,,RSFB-Phenotyping_training_set_scores.csv,,3.25,4.5,True,,Unknown,../dataset/Pictures_CFSB_leaf_damage/2025_10_21_RSFB-Phenotyping_GG1_JLU/2025_10_21_RSFB-Phenotyping_GG1_JLU/20251021_151731.jpg,True,unknown
,20251021_151741.jpg,,,,,,,1.0,2.5,,RSFB-Phenotyping_training_set_scores.csv,,1.75,1.5,True,,Unknown,../dataset/Pictures_CFSB_leaf_damage/2025_10_21_RSFB-Phenotyping_GG1_JLU/2025_10_21_RSFB-Phenotyping_GG1_JLU/20251021_151741.jpg,True,unknown
,20251021_151843.jpg,,,,,,,30.0,26.0,,RSFB-Phenotyping_training_set_scores.csv,,28.0,4.0,True,,Unknown,../dataset/Pictures_CFSB_leaf_damage/2025_10_21_RSFB-Phenotyping_GG1_JLU/2025_10_21_RSFB-Phenotyping_GG1_JLU/20251021_151843.jpg,True,unknown
,20251021_151943.jpg,,,,,,,1.0,3.5,,RSFB-Phenotyping_training_set_scores.csv,,2.25,2.5,True,,Unknown,../dataset/Pictures_CFSB_leaf_damage/2025_10_21_RSFB-Phenotyping_GG1_JLU/2025_10_21_RSFB-Phenotyping_GG1_JLU/20251021_151943.jpg,True,unknown
,20251021_151952.jpg,,,,,,,3.0,5.5,,RSFB-Phenotyping_training_set_scores.csv,,4.25,2.5,True,,Unknown,../dataset/Pictures_CFSB_leaf_damage/2025_10_21_RSFB-Phenotyping_GG1_JLU/2025_10_21_RSFB-Phenotyping_GG1_JLU/20251021_151952.jpg,True,unknown
,20251021_152015.jpg,,,,,,,8.0,6.0,,RSFB-Phenotyping_training_set_scores.csv,,7.0,2.0,True,,Unknown,../dataset/Pictures_CFSB_leaf_damage/2025_10_21_RSFB-Phenotyping_GG1_JLU/2025_10_21_RSFB-Phenotyping_GG1_JLU/20251021_152015.jpg,True,unknown
,20251021_152119.jpg,,,,,,,8.0,6.5,,RSFB-Phenotyping_training_set_scores.csv,,7.25,1.5,True,,Unknown,../dataset/Pictures_CFSB_leaf_damage/2025_10_21_RSFB-Phenotyping_GG1_JLU/2025_10_21_RSFB-Phenotyping_GG1_JLU/20251021_152119.jpg,True,unknown
,20251021_152143.jpg,,,,,,,2.0,1.5,,RSFB-Phenotyping_training_set_scores.csv,,1.75,0.5,True,,Unknown,../dataset/Pictures_CFSB_leaf_damage/2025_10_21_RSFB-Phenotyping_GG1_JLU/2025_10_21_RSFB-Phenotyping_GG1_JLU/20251021_152143.jpg,True,unknown
,20251021_152150.jpg,,,,,,,2.0,3.0,,RSFB-Phenotyping_training_set_scores.csv,,2.5,1.0,True,,Unknown,../dataset/Pictures_CFSB_leaf_damage/2025_10_21_RSFB-Phenotyping_GG1_JLU/2025_10_21_RSFB-Phenotyping_GG1_JLU/20251021_152150.jpg,True,unknown
,20251021_152227.jpg,,,,,,,10.0,6.0,,RSFB-Phenotyping_training_set_scores.csv,,8.0,4.0,True,,Unknown,../dataset/Pictures_CFSB_leaf_damage/2025_10_21_RSFB-Phenotyping_GG1_JLU/2025_10_21_RSFB-Phenotyping_GG1_JLU/20251021_152227.jpg,True,unknown
,20251021_152247.jpg,,,,,,,8.0,5.0,,RSFB-Phenotyping_training_set_scores.csv,,6.5,3.0,True,,Unknown,../dataset/Pictures_CFSB_leaf_damage/2025_10_21_RSFB-Phenotyping_GG1_JLU/2025_10_21_RSFB-Phenotyping_GG1_JLU/20251021_152247.jpg,True,unknown
,20251021_152253.jpg,,,,,,,10.0,6.0,,RSFB-Phenotyping_training_set_scores.csv,,8.0,4.0,True,,Unknown,../dataset/Pictures_CFSB_leaf_damage/2025_10_21_RSFB-Phenotyping_GG1_JLU/2025_10_21_RSFB-Phenotyping_GG1_JLU/20251021_152253.jpg,True,unknown
,20251021_152348.jpg,,,,,,,10.0,9.0,,RSFB-Phenotyping_training_set_scores.csv,,9.5,1.0,True,,Unknown,../dataset/Pictures_CFSB_leaf_damage/2025_10_21_RSFB-Phenotyping_GG1_JLU/2025_10_21_RSFB-Phenotyping_GG1_JLU/20251021_152348.jpg,True,unknown
,20251021_152415.jpg,,,,,,,5.0,5.0,,RSFB-Phenotyping_training_set_scores.csv,,5.0,0.0,True,,Unknown,../dataset/Pictures_CFSB_leaf_damage/2025_10_21_RSFB-Phenotyping_GG1_JLU/2025_10_21_RSFB-Phenotyping_GG1_JLU/20251021_152415.jpg,True,unknown
,20251021_152436.jpg,,,,,,,24.0,20.5,,RSFB-Phenotyping_training_set_scores.csv,,22.25,3.5,True,,Unknown,../dataset/Pictures_CFSB_leaf_damage/2025_10_21_RSFB-Phenotyping_GG1_JLU/2025_10_21_RSFB-Phenotyping_GG1_JLU/20251021_152436.jpg,True,unknown
,20251021_152452.jpg,,,,,,,4.0,4.5,,RSFB-Phenotyping_training_set_scores.csv,,4.25,0.5,True,,Unknown,../dataset/Pictures_CFSB_leaf_damage/2025_10_21_RSFB-Phenotyping_GG1_JLU/2025_10_21_RSFB-Phenotyping_GG1_JLU/20251021_152452.jpg,True,unknown
,20251021_152505.jpg,,,,,,,3.0,3.8,,RSFB-Phenotyping_training_set_scores.csv,,3.4,0.7999999999999998,True,,Unknown,../dataset/Pictures_CFSB_leaf_damage/2025_10_21_RSFB-Phenotyping_GG1_JLU/2025_10_21_RSFB-Phenotyping_GG1_JLU/20251021_152505.jpg,True,unknown
,20251021_152521.jpg,,,,,,,1.0,2.2,,RSFB-Phenotyping_training_set_scores.csv,,1.6,1.2000000000000002,True,,Unknown,../dataset/Pictures_CFSB_leaf_damage/2025_10_21_RSFB-Phenotyping_GG1_JLU/2025_10_21_RSFB-Phenotyping_GG1_JLU/20251021_152521.jpg,True,unknown
,20251021_152528.jpg,,,,,,,2.0,3.5,,RSFB-Phenotyping_training_set_scores.csv,,2.75,1.5,True,,Unknown,../dataset/Pictures_CFSB_leaf_damage/2025_10_21_RSFB-Phenotyping_GG1_JLU/2025_10_21_RSFB-Phenotyping_GG1_JLU/20251021_152528.jpg,True,unknown
,20251021_152601.jpg,,,,,,,15.0,16.5,,RSFB-Phenotyping_training_set_scores.csv,,15.75,1.5,True,,Unknown,../dataset/Pictures_CFSB_leaf_damage/2025_10_21_RSFB-Phenotyping_GG1_JLU/2025_10_21_RSFB-Phenotyping_GG1_JLU/20251021_152601.jpg,True,unknown
,20251021_152612.jpg,,,,,,,8.0,6.5,,RSFB-Phenotyping_training_set_scores.csv,,7.25,1.5,True,,Unknown,../dataset/Pictures_CFSB_leaf_damage/2025_10_21_RSFB-Phenotyping_GG1_JLU/2025_10_21_RSFB-Phenotyping_GG1_JLU/20251021_152612.jpg,True,unknown
,20251021_152708.jpg,,,,,,,2.0,5.5,,RSFB-Phenotyping_training_set_scores.csv,,3.75,3.5,True,,Unknown,../dataset/Pictures_CFSB_leaf_damage/2025_10_21_RSFB-Phenotyping_GG1_JLU/2025_10_21_RSFB-Phenotyping_GG1_JLU/20251021_152708.jpg,True,unknown
,20251021_152715.jpg,,,,,,,4.0,6.0,,RSFB-Phenotyping_training_set_scores.csv,,5.0,2.0,True,,Unknown,../dataset/Pictures_CFSB_leaf_damage/2025_10_21_RSFB-Phenotyping_GG1_JLU/2025_10_21_RSFB-Phenotyping_GG1_JLU/20251021_152715.jpg,True,unknown
,20251021_152802.jpg,,,,,,,1.0,4.0,,RSFB-Phenotyping_training_set_scores.csv,,2.5,3.0,True,,Unknown,../dataset/Pictures_CFSB_leaf_damage/2025_10_21_RSFB-Phenotyping_GG1_JLU/2025_10_21_RSFB-Phenotyping_GG1_JLU/20251021_152802.jpg,True,unknown
,20251021_152809.jpg,,,,,,,2.0,3.5,,RSFB-Phenotyping_training_set_scores.csv,,2.75,1.5,True,,Unknown,../dataset/Pictures_CFSB_leaf_damage/2025_10_21_RSFB-Phenotyping_GG1_JLU/2025_10_21_RSFB-Phenotyping_GG1_JLU/20251021_152809.jpg,True,unknown
,20251021_153001.jpg,,,,,,,15.0,13.0,,RSFB-Phenotyping_training_set_scores.csv,,14.0,2.0,True,,Unknown,../dataset/Pictures_CFSB_leaf_damage/2025_10_21_RSFB-Phenotyping_GG1_JLU/2025_10_21_RSFB-Phenotyping_GG1_JLU/20251021_153001.jpg,True,unknown
,20251021_153136.jpg,,,,,,,10.0,7.0,,RSFB-Phenotyping_training_set_scores.csv,,8.5,3.0,True,,Unknown,../dataset/Pictures_CFSB_leaf_damage/2025_10_21_RSFB-Phenotyping_GG1_JLU/2025_10_21_RSFB-Phenotyping_GG1_JLU/20251021_153136.jpg,True,unknown
,20251021_153203.jpg,,,,,,,1.0,5.0,,RSFB-Phenotyping_training_set_scores.csv,,3.0,4.0,True,,Unknown,../dataset/Pictures_CFSB_leaf_damage/2025_10_21_RSFB-Phenotyping_GG1_JLU/2025_10_21_RSFB-Phenotyping_GG1_JLU/20251021_153203.jpg,True,unknown
,20251021_153216.jpg,,,,,,,2.0,4.5,,RSFB-Phenotyping_training_set_scores.csv,,3.25,2.5,True,,Unknown,../dataset/Pictures_CFSB_leaf_damage/2025_10_21_RSFB-Phenotyping_GG1_JLU/2025_10_21_RSFB-Phenotyping_GG1_JLU/20251021_153216.jpg,True,unknown
,20251021_153234.jpg,,,,,,,2.0,7.0,,RSFB-Phenotyping_training_set_scores.csv,,4.5,5.0,False,,Unknown,../dataset/Pictures_CFSB_leaf_damage/2025_10_21_RSFB-Phenotyping_GG1_JLU/2025_10_21_RSFB-Phenotyping_GG1_JLU/20251021_153234.jpg,True,unknown
,20251021_153336.jpg,,,,,,,21.0,16.0,,RSFB-Phenotyping_training_set_scores.csv,,18.5,5.0,False,,Unknown,../dataset/Pictures_CFSB_leaf_damage/2025_10_21_RSFB-Phenotyping_GG1_JLU/2025_10_21_RSFB-Phenotyping_GG1_JLU/20251021_153336.jpg,True,unknown
,20251021_153346.jpg,,,,,,,2.0,5.0,,RSFB-Phenotyping_training_set_scores.csv,,3.5,3.0,True,,Unknown,../dataset/Pictures_CFSB_leaf_damage/2025_10_21_RSFB-Phenotyping_GG1_JLU/2025_10_21_RSFB-Phenotyping_GG1_JLU/20251021_153346.jpg,True,unknown
,20251021_153356.jpg,,,,,,,7.0,8.5,,RSFB-Phenotyping_training_set_scores.csv,,7.75,1.5,True,,Unknown,../dataset/Pictures_CFSB_leaf_damage/2025_10_21_RSFB-Phenotyping_GG1_JLU/2025_10_21_RSFB-Phenotyping_GG1_JLU/20251021_153356.jpg,True,unknown
,20251021_153545.jpg,,,,,,,5.0,5.0,,RSFB-Phenotyping_training_set_scores.csv,,5.0,0.0,True,,Unknown,../dataset/Pictures_CFSB_leaf_damage/2025_10_21_RSFB-Phenotyping_GG1_JLU/2025_10_21_RSFB-Phenotyping_GG1_JLU/20251021_153545.jpg,True,unknown
,20251021_153554.jpg,,,,,,,1.0,4.0,,RSFB-Phenotyping_training_set_scores.csv,,2.5,3.0,True,,Unknown,../dataset/Pictures_CFSB_leaf_damage/2025_10_21_RSFB-Phenotyping_GG1_JLU/2025_10_21_RSFB-Phenotyping_GG1_JLU/20251021_153554.jpg,True,unknown
,20251021_153602.jpg,,,,,,,1.0,3.0,,RSFB-Phenotyping_training_set_scores.csv,,2.0,2.0,True,,Unknown,../dataset/Pictures_CFSB_leaf_damage/2025_10_21_RSFB-Phenotyping_GG1_JLU/2025_10_21_RSFB-Phenotyping_GG1_JLU/20251021_153602.jpg,True,unknown
,20251021_153622.jpg,,,,,,,18.0,17.0,,RSFB-Phenotyping_training_set_scores.csv,,17.5,1.0,True,,Unknown,../dataset/Pictures_CFSB_leaf_damage/2025_10_21_RSFB-Phenotyping_GG1_JLU/2025_10_21_RSFB-Phenotyping_GG1_JLU/20251021_153622.jpg,True,unknown
,20251021_153843.jpg,,,,,,,5.0,5.0,,RSFB-Phenotyping_training_set_scores.csv,,5.0,0.0,True,,Unknown,../dataset/Pictures_CFSB_leaf_damage/2025_10_21_RSFB-Phenotyping_GG1_JLU/2025_10_21_RSFB-Phenotyping_GG1_JLU/20251021_153843.jpg,True,unknown
,20251021_154000.jpg,,,,,,,8.0,11.5,,RSFB-Phenotyping_training_set_scores.csv,,9.75,3.5,True,,Unknown,../dataset/Pictures_CFSB_leaf_damage/2025_10_21_RSFB-Phenotyping_GG1_JLU/2025_10_21_RSFB-Phenotyping_GG1_JLU/20251021_154000.jpg,True,unknown
,20251021_154058.jpg,,,,,,,1.0,3.5,,RSFB-Phenotyping_training_set_scores.csv,,2.25,2.5,True,,Unknown,../dataset/Pictures_CFSB_leaf_damage/2025_10_21_RSFB-Phenotyping_GG1_JLU/2025_10_21_RSFB-Phenotyping_GG1_JLU/20251021_154058.jpg,True,unknown
,20251021_154116.jpg,,,,,,,14.0,11.5,,RSFB-Phenotyping_training_set_scores.csv,,12.75,2.5,True,,Unknown,../dataset/Pictures_CFSB_leaf_damage/2025_10_21_RSFB-Phenotyping_GG1_JLU/2025_10_21_RSFB-Phenotyping_GG1_JLU/20251021_154116.jpg,True,unknown
,20251021_154141.jpg,,,,,,,30.0,25.5,,RSFB-Phenotyping_training_set_scores.csv,,27.75,4.5,True,,Unknown,../dataset/Pictures_CFSB_leaf_damage/2025_10_21_RSFB-Phenotyping_GG1_JLU/2025_10_21_RSFB-Phenotyping_GG1_JLU/20251021_154141.jpg,True,unknown
,20251021_154210.jpg,,,,,,,12.0,11.0,,RSFB-Phenotyping_training_set_scores.csv,,11.5,1.0,True,,Unknown,../dataset/Pictures_CFSB_leaf_damage/2025_10_21_RSFB-Phenotyping_GG1_JLU/2025_10_21_RSFB-Phenotyping_GG1_JLU/20251021_154210.jpg,True,unknown
,20251021_154223.jpg,,,,,,,10.0,12.5,,RSFB-Phenotyping_training_set_scores.csv,,11.25,2.5,True,,Unknown,../dataset/Pictures_CFSB_leaf_damage/2025_10_21_RSFB-Phenotyping_GG1_JLU/2025_10_21_RSFB-Phenotyping_GG1_JLU/20251021_154223.jpg,True,unknown
,20251021_154307.jpg,,,,,,,5.0,10.0,,RSFB-Phenotyping_training_set_scores.csv,,7.5,5.0,False,,Unknown,../dataset/Pictures_CFSB_leaf_damage/2025_10_21_RSFB-Phenotyping_GG1_JLU/2025_10_21_RSFB-Phenotyping_GG1_JLU/20251021_154307.jpg,True,unknown
,20251021_154331.jpg,,,,,,,1.0,3.5,,RSFB-Phenotyping_training_set_scores.csv,,2.25,2.5,True,,Unknown,../dataset/Pictures_CFSB_leaf_damage/2025_10_21_RSFB-Phenotyping_GG1_JLU/2025_10_21_RSFB-Phenotyping_GG1_JLU/20251021_154331.jpg,True,unknown
,20251021_154338.jpg,,,,,,,1.0,4.0,,RSFB-Phenotyping_training_set_scores.csv,,2.5,3.0,True,,Unknown,../dataset/Pictures_CFSB_leaf_damage/2025_10_21_RSFB-Phenotyping_GG1_JLU/2025_10_21_RSFB-Phenotyping_GG1_JLU/20251021_154338.jpg,True,unknown
,20251021_154345.jpg,,,,,,,1.0,3.0,,RSFB-Phenotyping_training_set_scores.csv,,2.0,2.0,True,,Unknown,../dataset/Pictures_CFSB_leaf_damage/2025_10_21_RSFB-Phenotyping_GG1_JLU/2025_10_21_RSFB-Phenotyping_GG1_JLU/20251021_154345.jpg,True,unknown
,20251021_154359.jpg,,,,,,,5.0,5.5,,RSFB-Phenotyping_training_set_scores.csv,,5.25,0.5,True,,Unknown,../dataset/Pictures_CFSB_leaf_damage/2025_10_21_RSFB-Phenotyping_GG1_JLU/2025_10_21_RSFB-Phenotyping_GG1_JLU/20251021_154359.jpg,True,unknown
,20251021_154406.jpg,,,,,,,2.0,2.0,,RSFB-Phenotyping_training_set_scores.csv,,2.0,0.0,True,,Unknown,../dataset/Pictures_CFSB_leaf_damage/2025_10_21_RSFB-Phenotyping_GG1_JLU/2025_10_21_RSFB-Phenotyping_GG1_JLU/20251021_154406.jpg,True,unknown
,20251021_154414.jpg,,,,,,,1.0,5.5,,RSFB-Phenotyping_training_set_scores.csv,,3.25,4.5,True,,Unknown,../dataset/Pictures_CFSB_leaf_damage/2025_10_21_RSFB-Phenotyping_GG1_JLU/2025_10_21_RSFB-Phenotyping_GG1_JLU/20251021_154414.jpg,True,unknown
,20251021_154427.jpg,,,,,,,4.0,9.0,,RSFB-Phenotyping_training_set_scores.csv,,6.5,5.0,False,,Unknown,../dataset/Pictures_CFSB_leaf_damage/2025_10_21_RSFB-Phenotyping_GG1_JLU/2025_10_21_RSFB-Phenotyping_GG1_JLU/20251021_154427.jpg,True,unknown
,20251021_154436.jpg,,,,,,,2.0,3.0,,RSFB-Phenotyping_training_set_scores.csv,,2.5,1.0,True,,Unknown,../dataset/Pictures_CFSB_leaf_damage/2025_10_21_RSFB-Phenotyping_GG1_JLU/2025_10_21_RSFB-Phenotyping_GG1_JLU/20251021_154436.jpg,True,unknown
,20251021_154443.jpg,,,,,,,3.0,4.5,,RSFB-Phenotyping_training_set_scores.csv,,3.75,1.5,True,,Unknown,../dataset/Pictures_CFSB_leaf_damage/2025_10_21_RSFB-Phenotyping_GG1_JLU/2025_10_21_RSFB-Phenotyping_GG1_JLU/20251021_154443.jpg,True,unknown
,20251021_154614.jpg,,,,,,,2.0,6.5,,RSFB-Phenotyping_training_set_scores.csv,,4.25,4.5,True,,Unknown,../dataset/Pictures_CFSB_leaf_damage/2025_10_21_RSFB-Phenotyping_GG1_JLU/2025_10_21_RSFB-Phenotyping_GG1_JLU/20251021_154614.jpg,True,unknown
,20251021_154628.jpg,,,,,,,20.0,20.0,,RSFB-Phenotyping_training_set_scores.csv,,20.0,0.0,True,,Unknown,../dataset/Pictures_CFSB_leaf_damage/2025_10_21_RSFB-Phenotyping_GG1_JLU/2025_10_21_RSFB-Phenotyping_GG1_JLU/20251021_154628.jpg,True,unknown
,20251021_154700.jpg,,,,,,,2.0,2.5,,RSFB-Phenotyping_training_set_scores.csv,,2.25,0.5,True,,Unknown,../dataset/Pictures_CFSB_leaf_damage/2025_10_21_RSFB-Phenotyping_GG1_JLU/2025_10_21_RSFB-Phenotyping_GG1_JLU/20251021_154700.jpg,True,unknown
,20251021_154716.jpg,,,,,,,4.0,6.5,,RSFB-Phenotyping_training_set_scores.csv,,5.25,2.5,True,,Unknown,../dataset/Pictures_CFSB_leaf_damage/2025_10_21_RSFB-Phenotyping_GG1_JLU/2025_10_21_RSFB-Phenotyping_GG1_JLU/20251021_154716.jpg,True,unknown
,20251021_154722.jpg,,,,,,,1.0,3.5,,RSFB-Phenotyping_training_set_scores.csv,,2.25,2.5,True,,Unknown,../dataset/Pictures_CFSB_leaf_damage/2025_10_21_RSFB-Phenotyping_GG1_JLU/2025_10_21_RSFB-Phenotyping_GG1_JLU/20251021_154722.jpg,True,unknown
,20251021_154753.jpg,,,,,,,3.0,4.0,,RSFB-Phenotyping_training_set_scores.csv,,3.5,1.0,True,,Unknown,../dataset/Pictures_CFSB_leaf_damage/2025_10_21_RSFB-Phenotyping_GG1_JLU/2025_10_21_RSFB-Phenotyping_GG1_JLU/20251021_154753.jpg,True,unknown
,20251021_154954.jpg,,,,,,,3.0,2.0,,RSFB-Phenotyping_training_set_scores.csv,,2.5,1.0,True,,Unknown,../dataset/Pictures_CFSB_leaf_damage/2025_10_21_RSFB-Phenotyping_GG1_JLU/2025_10_21_RSFB-Phenotyping_GG1_JLU/20251021_154954.jpg,True,unknown
,20251021_155035.jpg,,,,,,,3.0,4.0,,RSFB-Phenotyping_training_set_scores.csv,,3.5,1.0,True,,Unknown,../dataset/Pictures_CFSB_leaf_damage/2025_10_21_RSFB-Phenotyping_GG1_JLU/2025_10_21_RSFB-Phenotyping_GG1_JLU/20251021_155035.jpg,True,unknown
,20251021_155044.jpg,,,,,,,2.0,4.0,,RSFB-Phenotyping_training_set_scores.csv,,3.0,2.0,True,,Unknown,../dataset/Pictures_CFSB_leaf_damage/2025_10_21_RSFB-Phenotyping_GG1_JLU/2025_10_21_RSFB-Phenotyping_GG1_JLU/20251021_155044.jpg,True,unknown
,20251021_155111.jpg,,,,,,,4.0,7.5,,RSFB-Phenotyping_training_set_scores.csv,,5.75,3.5,True,,Unknown,../dataset/Pictures_CFSB_leaf_damage/2025_10_21_RSFB-Phenotyping_GG1_JLU/2025_10_21_RSFB-Phenotyping_GG1_JLU/20251021_155111.jpg,True,unknown
,20251021_155130.jpg,,,,,,,2.0,2.5,,RSFB-Phenotyping_training_set_scores.csv,,2.25,0.5,True,,Unknown,../dataset/Pictures_CFSB_leaf_damage/2025_10_21_RSFB-Phenotyping_GG1_JLU/2025_10_21_RSFB-Phenotyping_GG1_JLU/20251021_155130.jpg,True,unknown
,20251021_155218.jpg,,,,,,,1.0,0.0,,RSFB-Phenotyping_training_set_scores.csv,,0.5,1.0,True,,Unknown,../dataset/Pictures_CFSB_leaf_damage/2025_10_21_RSFB-Phenotyping_GG1_JLU/2025_10_21_RSFB-Phenotyping_GG1_JLU/20251021_155218.jpg,True,unknown
,20251021_155308.jpg,,,,,,,0.0,1.5,,RSFB-Phenotyping_training_set_scores.csv,,0.75,1.5,True,,Unknown,../dataset/Pictures_CFSB_leaf_damage/2025_10_21_RSFB-Phenotyping_GG1_JLU/2025_10_21_RSFB-Phenotyping_GG1_JLU/20251021_155308.jpg,True,unknown
,20251021_155331.jpg,,,,,,,4.0,8.0,,RSFB-Phenotyping_training_set_scores.csv,,6.0,4.0,True,,Unknown,../dataset/Pictures_CFSB_leaf_damage/2025_10_21_RSFB-Phenotyping_GG1_JLU/2025_10_21_RSFB-Phenotyping_GG1_JLU/20251021_155331.jpg,True,unknown
,20251021_155340.jpg,,,,,,,3.0,5.0,,RSFB-Phenotyping_training_set_scores.csv,,4.0,2.0,True,,Unknown,../dataset/Pictures_CFSB_leaf_damage/2025_10_21_RSFB-Phenotyping_GG1_JLU/2025_10_21_RSFB-Phenotyping_GG1_JLU/20251021_155340.jpg,True,unknown
,20251021_155347.jpg,,,,,,,8.0,11.5,,RSFB-Phenotyping_training_set_scores.csv,,9.75,3.5,True,,Unknown,../dataset/Pictures_CFSB_leaf_damage/2025_10_21_RSFB-Phenotyping_GG1_JLU/2025_10_21_RSFB-Phenotyping_GG1_JLU/20251021_155347.jpg,True,unknown
,20251021_155359.jpg,,,,,,,11.0,7.0,,RSFB-Phenotyping_training_set_scores.csv,,9.0,4.0,True,,Unknown,../dataset/Pictures_CFSB_leaf_damage/2025_10_21_RSFB-Phenotyping_GG1_JLU/2025_10_21_RSFB-Phenotyping_GG1_JLU/20251021_155359.jpg,True,unknown
,20251021_155407.jpg,,,,,,,1.0,0.5,,RSFB-Phenotyping_training_set_scores.csv,,0.75,0.5,True,,Unknown,../dataset/Pictures_CFSB_leaf_damage/2025_10_21_RSFB-Phenotyping_GG1_JLU/2025_10_21_RSFB-Phenotyping_GG1_JLU/20251021_155407.jpg,True,unknown
,20251021_155431.jpg,,,,,,,1.0,1.0,,RSFB-Phenotyping_training_set_scores.csv,,1.0,0.0,True,,Unknown,../dataset/Pictures_CFSB_leaf_damage/2025_10_21_RSFB-Phenotyping_GG1_JLU/2025_10_21_RSFB-Phenotyping_GG1_JLU/20251021_155431.jpg,True,unknown
,20251021_155437.jpg,,,,,,,5.0,4.5,,RSFB-Phenotyping_training_set_scores.csv,,4.75,0.5,True,,Unknown,../dataset/Pictures_CFSB_leaf_damage/2025_10_21_RSFB-Phenotyping_GG1_JLU/2025_10_21_RSFB-Phenotyping_GG1_JLU/20251021_155437.jpg,True,unknown
,20251021_155444.jpg,,,,,,,10.0,7.5,,RSFB-Phenotyping_training_set_scores.csv,,8.75,2.5,True,,Unknown,../dataset/Pictures_CFSB_leaf_damage/2025_10_21_RSFB-Phenotyping_GG1_JLU/2025_10_21_RSFB-Phenotyping_GG1_JLU/20251021_155444.jpg,True,unknown
,20251021_155505.jpg,,,,,,,2.0,5.5,,RSFB-Phenotyping_training_set_scores.csv,,3.75,3.5,True,,Unknown,../dataset/Pictures_CFSB_leaf_damage/2025_10_21_RSFB-Phenotyping_GG1_JLU/2025_10_21_RSFB-Phenotyping_GG1_JLU/20251021_155505.jpg,True,unknown
,20251021_155512.jpg,,,,,,,8.0,8.0,,RSFB-Phenotyping_training_set_scores.csv,,8.0,0.0,True,,Unknown,../dataset/Pictures_CFSB_leaf_damage/2025_10_21_RSFB-Phenotyping_GG1_JLU/2025_10_21_RSFB-Phenotyping_GG1_JLU/20251021_155512.jpg,True,unknown
,20251021_155525.jpg,,,,,,,1.0,2.0,,RSFB-Phenotyping_training_set_scores.csv,,1.5,1.0,True,,Unknown,../dataset/Pictures_CFSB_leaf_damage/2025_10_21_RSFB-Phenotyping_GG1_JLU/2025_10_21_RSFB-Phenotyping_GG1_JLU/20251021_155525.jpg,True,unknown
,20251021_155534.jpg,,,,,,,18.0,19.5,,RSFB-Phenotyping_training_set_scores.csv,,18.75,1.5,True,,Unknown,../dataset/Pictures_CFSB_leaf_damage/2025_10_21_RSFB-Phenotyping_GG1_JLU/2025_10_21_RSFB-Phenotyping_GG1_JLU/20251021_155534.jpg,True,unknown
,20251021_155541.jpg,,,,,,,14.0,9.0,,RSFB-Phenotyping_training_set_scores.csv,,11.5,5.0,False,,Unknown,../dataset/Pictures_CFSB_leaf_damage/2025_10_21_RSFB-Phenotyping_GG1_JLU/2025_10_21_RSFB-Phenotyping_GG1_JLU/20251021_155541.jpg,True,unknown
,20251021_155556.jpg,,,,,,,7.0,11.0,,RSFB-Phenotyping_training_set_scores.csv,,9.0,4.0,True,,Unknown,../dataset/Pictures_CFSB_leaf_damage/2025_10_21_RSFB-Phenotyping_GG1_JLU/2025_10_21_RSFB-Phenotyping_GG1_JLU/20251021_155556.jpg,True,unknown
,20251021_155606.jpg,,,,,,,16.0,11.0,,RSFB-Phenotyping_training_set_scores.csv,,13.5,5.0,False,,Unknown,../dataset/Pictures_CFSB_leaf_damage/2025_10_21_RSFB-Phenotyping_GG1_JLU/2025_10_21_RSFB-Phenotyping_GG1_JLU/20251021_155606.jpg,True,unknown
,20251021_155624.jpg,,,,,,,12.0,8.0,,RSFB-Phenotyping_training_set_scores.csv,,10.0,4.0,True,,Unknown,../dataset/Pictures_CFSB_leaf_damage/2025_10_21_RSFB-Phenotyping_GG1_JLU/2025_10_21_RSFB-Phenotyping_GG1_JLU/20251021_155624.jpg,True,unknown
,20251021_155632.jpg,,,,,,,0.0,0.0,,RSFB-Phenotyping_training_set_scores.csv,,0.0,0.0,True,,Unknown,../dataset/Pictures_CFSB_leaf_damage/2025_10_21_RSFB-Phenotyping_GG1_JLU/2025_10_21_RSFB-Phenotyping_GG1_JLU/20251021_155632.jpg,True,unknown
,20251021_155643.jpg,,,,,,,14.0,9.0,,RSFB-Phenotyping_training_set_scores.csv,,11.5,5.0,False,,Unknown,../dataset/Pictures_CFSB_leaf_damage/2025_10_21_RSFB-Phenotyping_GG1_JLU/2025_10_21_RSFB-Phenotyping_GG1_JLU/20251021_155643.jpg,True,unknown
,20251021_155659.jpg,,,,,,,15.0,10.0,,RSFB-Phenotyping_training_set_scores.csv,,12.5,5.0,False,,Unknown,../dataset/Pictures_CFSB_leaf_damage/2025_10_21_RSFB-Phenotyping_GG1_JLU/2025_10_21_RSFB-Phenotyping_GG1_JLU/20251021_155659.jpg,True,unknown
,20251021_155710.jpg,,,,,,,20.0,16.5,,RSFB-Phenotyping_training_set_scores.csv,,18.25,3.5,True,,Unknown,../dataset/Pictures_CFSB_leaf_damage/2025_10_21_RSFB-Phenotyping_GG1_JLU/2025_10_21_RSFB-Phenotyping_GG1_JLU/20251021_155710.jpg,True,unknown
,20251021_155718.jpg,,,,,,,9.0,10.0,,RSFB-Phenotyping_training_set_scores.csv,,9.5,1.0,True,,Unknown,../dataset/Pictures_CFSB_leaf_damage/2025_10_21_RSFB-Phenotyping_GG1_JLU/2025_10_21_RSFB-Phenotyping_GG1_JLU/20251021_155718.jpg,True,unknown
,20251021_155730.jpg,,,,,,,8.0,5.0,,RSFB-Phenotyping_training_set_scores.csv,,6.5,3.0,True,,Unknown,../dataset/Pictures_CFSB_leaf_damage/2025_10_21_RSFB-Phenotyping_GG1_JLU/2025_10_21_RSFB-Phenotyping_GG1_JLU/20251021_155730.jpg,True,unknown
,20251021_155737.jpg,,,,,,,8.0,3.5,,RSFB-Phenotyping_training_set_scores.csv,,5.75,4.5,True,,Unknown,../dataset/Pictures_CFSB_leaf_damage/2025_10_21_RSFB-Phenotyping_GG1_JLU/2025_10_21_RSFB-Phenotyping_GG1_JLU/20251021_155737.jpg,True,unknown
,20251021_155744.jpg,,,,,,,5.0,7.0,,RSFB-Phenotyping_training_set_scores.csv,,6.0,2.0,True,,Unknown,../dataset/Pictures_CFSB_leaf_damage/2025_10_21_RSFB-Phenotyping_GG1_JLU/2025_10_21_RSFB-Phenotyping_GG1_JLU/20251021_155744.jpg,True,unknown
,20251021_155758.jpg,,,,,,,0.0,0.0,,RSFB-Phenotyping_training_set_scores.csv,,0.0,0.0,True,,Unknown,../dataset/Pictures_CFSB_leaf_damage/2025_10_21_RSFB-Phenotyping_GG1_JLU/2025_10_21_RSFB-Phenotyping_GG1_JLU/20251021_155758.jpg,True,unknown
,20251021_155811.jpg,,,,,,,12.0,16.2,,RSFB-Phenotyping_training_set_scores.csv,,14.1,4.199999999999999,True,,Unknown,../dataset/Pictures_CFSB_leaf_damage/2025_10_21_RSFB-Phenotyping_GG1_JLU/2025_10_21_RSFB-Phenotyping_GG1_JLU/20251021_155811.jpg,True,unknown
,20251021_155904.jpg,,,,,,,8.0,12.0,,RSFB-Phenotyping_training_set_scores.csv,,10.0,4.0,True,,Unknown,../dataset/Pictures_CFSB_leaf_damage/2025_10_21_RSFB-Phenotyping_GG1_JLU/2025_10_21_RSFB-Phenotyping_GG1_JLU/20251021_155904.jpg,True,unknown
,20251021_155923.jpg,,,,,,,4.0,5.0,,RSFB-Phenotyping_training_set_scores.csv,,4.5,1.0,True,,Unknown,../dataset/Pictures_CFSB_leaf_damage/2025_10_21_RSFB-Phenotyping_GG1_JLU/2025_10_21_RSFB-Phenotyping_GG1_JLU/20251021_155923.jpg,True,unknown
,20251021_155930.jpg,,,,,,,4.0,5.5,,RSFB-Phenotyping_training_set_scores.csv,,4.75,1.5,True,,Unknown,../dataset/Pictures_CFSB_leaf_damage/2025_10_21_RSFB-Phenotyping_GG1_JLU/2025_10_21_RSFB-Phenotyping_GG1_JLU/20251021_155930.jpg,True,unknown
,20251021_155956.jpg,,,,,,,12.0,9.0,,RSFB-Phenotyping_training_set_scores.csv,,10.5,3.0,True,,Unknown,../dataset/Pictures_CFSB_leaf_damage/2025_10_21_RSFB-Phenotyping_GG1_JLU/2025_10_21_RSFB-Phenotyping_GG1_JLU/20251021_155956.jpg,True,unknown
,20251021_160041.jpg,,,,,,,15.0,19.0,,RSFB-Phenotyping_training_set_scores.csv,,17.0,4.0,True,,Unknown,../dataset/Pictures_CFSB_leaf_damage/2025_10_21_RSFB-Phenotyping_GG1_JLU/2025_10_21_RSFB-Phenotyping_GG1_JLU/20251021_160041.jpg,True,unknown
,20251021_160055.jpg,,,,,,,18.0,22.5,,RSFB-Phenotyping_training_set_scores.csv,,20.25,4.5,True,,Unknown,../dataset/Pictures_CFSB_leaf_damage/2025_10_21_RSFB-Phenotyping_GG1_JLU/2025_10_21_RSFB-Phenotyping_GG1_JLU/20251021_160055.jpg,True,unknown
,20251021_160107.jpg,,,,,,,8.0,8.0,,RSFB-Phenotyping_training_set_scores.csv,,8.0,0.0,True,,Unknown,../dataset/Pictures_CFSB_leaf_damage/2025_10_21_RSFB-Phenotyping_GG1_JLU/2025_10_21_RSFB-Phenotyping_GG1_JLU/20251021_160107.jpg,True,unknown
,20251021_160113.jpg,,,,,,,20.0,15.5,,RSFB-Phenotyping_training_set_scores.csv,,17.75,4.5,True,,Unknown,../dataset/Pictures_CFSB_leaf_damage/2025_10_21_RSFB-Phenotyping_GG1_JLU/2025_10_21_RSFB-Phenotyping_GG1_JLU/20251021_160113.jpg,True,unknown
,20251021_160133.jpg,,,,,,,2.0,6.0,,RSFB-Phenotyping_training_set_scores.csv,,4.0,4.0,True,,Unknown,../dataset/Pictures_CFSB_leaf_damage/2025_10_21_RSFB-Phenotyping_GG1_JLU/2025_10_21_RSFB-Phenotyping_GG1_JLU/20251021_160133.jpg,True,unknown
,20251021_160221.jpg,,,,,,,5.0,6.0,,RSFB-Phenotyping_training_set_scores.csv,,5.5,1.0,True,,Unknown,../dataset/Pictures_CFSB_leaf_damage/2025_10_21_RSFB-Phenotyping_GG1_JLU/2025_10_21_RSFB-Phenotyping_GG1_JLU/20251021_160221.jpg,True,unknown
,20251021_160233.jpg,,,,,,,1.0,2.5,,RSFB-Phenotyping_training_set_scores.csv,,1.75,1.5,True,,Unknown,../dataset/Pictures_CFSB_leaf_damage/2025_10_21_RSFB-Phenotyping_GG1_JLU/2025_10_21_RSFB-Phenotyping_GG1_JLU/20251021_160233.jpg,True,unknown
,20251021_160240.jpg,,,,,,,2.0,5.5,,RSFB-Phenotyping_training_set_scores.csv,,3.75,3.5,True,,Unknown,../dataset/Pictures_CFSB_leaf_damage/2025_10_21_RSFB-Phenotyping_GG1_JLU/2025_10_21_RSFB-Phenotyping_GG1_JLU/20251021_160240.jpg,True,unknown
,20251021_160328.jpg,,,,,,,10.0,5.5,,RSFB-Phenotyping_training_set_scores.csv,,7.75,4.5,True,,Unknown,../dataset/Pictures_CFSB_leaf_damage/2025_10_21_RSFB-Phenotyping_GG1_JLU/2025_10_21_RSFB-Phenotyping_GG1_JLU/20251021_160328.jpg,True,unknown
,20251021_160336.jpg,,,,,,,7.0,4.0,,RSFB-Phenotyping_training_set_scores.csv,,5.5,3.0,True,,Unknown,../dataset/Pictures_CFSB_leaf_damage/2025_10_21_RSFB-Phenotyping_GG1_JLU/2025_10_21_RSFB-Phenotyping_GG1_JLU/20251021_160336.jpg,True,unknown
,20251021_160342.jpg,,,,,,,8.0,9.5,,RSFB-Phenotyping_training_set_scores.csv,,8.75,1.5,True,,Unknown,../dataset/Pictures_CFSB_leaf_damage/2025_10_21_RSFB-Phenotyping_GG1_JLU/2025_10_21_RSFB-Phenotyping_GG1_JLU/20251021_160342.jpg,True,unknown
,20251021_160412.jpg,,,,,,,8.0,6.0,,RSFB-Phenotyping_training_set_scores.csv,,7.0,2.0,True,,Unknown,../dataset/Pictures_CFSB_leaf_damage/2025_10_21_RSFB-Phenotyping_GG1_JLU/2025_10_21_RSFB-Phenotyping_GG1_JLU/20251021_160412.jpg,True,unknown
,20251021_160424.jpg,,,,,,,3.0,7.0,,RSFB-Phenotyping_training_set_scores.csv,,5.0,4.0,True,,Unknown,../dataset/Pictures_CFSB_leaf_damage/2025_10_21_RSFB-Phenotyping_GG1_JLU/2025_10_21_RSFB-Phenotyping_GG1_JLU/20251021_160424.jpg,True,unknown
,20251021_160431.jpg,,,,,,,1.0,4.5,,RSFB-Phenotyping_training_set_scores.csv,,2.75,3.5,True,,Unknown,../dataset/Pictures_CFSB_leaf_damage/2025_10_21_RSFB-Phenotyping_GG1_JLU/2025_10_21_RSFB-Phenotyping_GG1_JLU/20251021_160431.jpg,True,unknown
,20251021_160438.jpg,,,,,,,8.0,6.5,,RSFB-Phenotyping_training_set_scores.csv,,7.25,1.5,True,,Unknown,../dataset/Pictures_CFSB_leaf_damage/2025_10_21_RSFB-Phenotyping_GG1_JLU/2025_10_21_RSFB-Phenotyping_GG1_JLU/20251021_160438.jpg,True,unknown
,20251021_160523.jpg,,,,,,,15.0,12.5,,RSFB-Phenotyping_training_set_scores.csv,,13.75,2.5,True,,Unknown,../dataset/Pictures_CFSB_leaf_damage/2025_10_21_RSFB-Phenotyping_GG1_JLU/2025_10_21_RSFB-Phenotyping_GG1_JLU/20251021_160523.jpg,True,unknown
,20251021_160541.jpg,,,,,,,2.0,5.5,,RSFB-Phenotyping_training_set_scores.csv,,3.75,3.5,True,,Unknown,../dataset/Pictures_CFSB_leaf_damage/2025_10_21_RSFB-Phenotyping_GG1_JLU/2025_10_21_RSFB-Phenotyping_GG1_JLU/20251021_160541.jpg,True,unknown
,20251021_160549.jpg,,,,,,,2.0,1.5,,RSFB-Phenotyping_training_set_scores.csv,,1.75,0.5,True,,Unknown,../dataset/Pictures_CFSB_leaf_damage/2025_10_21_RSFB-Phenotyping_GG1_JLU/2025_10_21_RSFB-Phenotyping_GG1_JLU/20251021_160549.jpg,True,unknown
,20251021_160559.jpg,,,,,,,1.0,3.0,,RSFB-Phenotyping_training_set_scores.csv,,2.0,2.0,True,,Unknown,../dataset/Pictures_CFSB_leaf_damage/2025_10_21_RSFB-Phenotyping_GG1_JLU/2025_10_21_RSFB-Phenotyping_GG1_JLU/20251021_160559.jpg,True,unknown
,20251021_160610.jpg,,,,,,,8.0,10.0,,RSFB-Phenotyping_training_set_scores.csv,,9.0,2.0,True,,Unknown,../dataset/Pictures_CFSB_leaf_damage/2025_10_21_RSFB-Phenotyping_GG1_JLU/2025_10_21_RSFB-Phenotyping_GG1_JLU/20251021_160610.jpg,True,unknown
,20251021_160615.jpg,,,,,,,1.0,3.0,,RSFB-Phenotyping_training_set_scores.csv,,2.0,2.0,True,,Unknown,../dataset/Pictures_CFSB_leaf_damage/2025_10_21_RSFB-Phenotyping_GG1_JLU/2025_10_21_RSFB-Phenotyping_GG1_JLU/20251021_160615.jpg,True,unknown
,20251021_160621.jpg,,,,,,,10.0,8.0,,RSFB-Phenotyping_training_set_scores.csv,,9.0,2.0,True,,Unknown,../dataset/Pictures_CFSB_leaf_damage/2025_10_21_RSFB-Phenotyping_GG1_JLU/2025_10_21_RSFB-Phenotyping_GG1_JLU/20251021_160621.jpg,True,unknown
,20251021_160632.jpg,,,,,,,1.0,2.5,,RSFB-Phenotyping_training_set_scores.csv,,1.75,1.5,True,,Unknown,../dataset/Pictures_CFSB_leaf_damage/2025_10_21_RSFB-Phenotyping_GG1_JLU/2025_10_21_RSFB-Phenotyping_GG1_JLU/20251021_160632.jpg,True,unknown
,20251021_160640.jpg,,,,,,,1.0,4.5,,RSFB-Phenotyping_training_set_scores.csv,,2.75,3.5,True,,Unknown,../dataset/Pictures_CFSB_leaf_damage/2025_10_21_RSFB-Phenotyping_GG1_JLU/2025_10_21_RSFB-Phenotyping_GG1_JLU/20251021_160640.jpg,True,unknown
,20251021_160647.jpg,,,,,,,8.0,4.5,,RSFB-Phenotyping_training_set_scores.csv,,6.25,3.5,True,,Unknown,../dataset/Pictures_CFSB_leaf_damage/2025_10_21_RSFB-Phenotyping_GG1_JLU/2025_10_21_RSFB-Phenotyping_GG1_JLU/20251021_160647.jpg,True,unknown
,20251021_160658.jpg,,,,,,,1.0,2.0,,RSFB-Phenotyping_training_set_scores.csv,,1.5,1.0,True,,Unknown,../dataset/Pictures_CFSB_leaf_damage/2025_10_21_RSFB-Phenotyping_GG1_JLU/2025_10_21_RSFB-Phenotyping_GG1_JLU/20251021_160658.jpg,True,unknown
,20251021_160709.jpg,,,,,,,1.0,1.0,,RSFB-Phenotyping_training_set_scores.csv,,1.0,0.0,True,,Unknown,../dataset/Pictures_CFSB_leaf_damage/2025_10_21_RSFB-Phenotyping_GG1_JLU/2025_10_21_RSFB-Phenotyping_GG1_JLU/20251021_160709.jpg,True,unknown
,20251021_160732.jpg,,,,,,,1.0,1.5,,RSFB-Phenotyping_training_set_scores.csv,,1.25,0.5,True,,Unknown,../dataset/Pictures_CFSB_leaf_damage/2025_10_21_RSFB-Phenotyping_GG1_JLU/2025_10_21_RSFB-Phenotyping_GG1_JLU/20251021_160732.jpg,True,unknown
,20251021_160738.jpg,,,,,,,2.0,2.5,,RSFB-Phenotyping_training_set_scores.csv,,2.25,0.5,True,,Unknown,../dataset/Pictures_CFSB_leaf_damage/2025_10_21_RSFB-Phenotyping_GG1_JLU/2025_10_21_RSFB-Phenotyping_GG1_JLU/20251021_160738.jpg,True,unknown
,20251021_160745.jpg,,,,,,,8.0,7.5,,RSFB-Phenotyping_training_set_scores.csv,,7.75,0.5,True,,Unknown,../dataset/Pictures_CFSB_leaf_damage/2025_10_21_RSFB-Phenotyping_GG1_JLU/2025_10_21_RSFB-Phenotyping_GG1_JLU/20251021_160745.jpg,True,unknown
,20251021_160754.jpg,,,,,,,1.0,4.0,,RSFB-Phenotyping_training_set_scores.csv,,2.5,3.0,True,,Unknown,../dataset/Pictures_CFSB_leaf_damage/2025_10_21_RSFB-Phenotyping_GG1_JLU/2025_10_21_RSFB-Phenotyping_GG1_JLU/20251021_160754.jpg,True,unknown
,20251021_160802.jpg,,,,,,,1.0,1.5,,RSFB-Phenotyping_training_set_scores.csv,,1.25,0.5,True,,Unknown,../dataset/Pictures_CFSB_leaf_damage/2025_10_21_RSFB-Phenotyping_GG1_JLU/2025_10_21_RSFB-Phenotyping_GG1_JLU/20251021_160802.jpg,True,unknown
,20251021_160809.jpg,,,,,,,1.0,3.9,,RSFB-Phenotyping_training_set_scores.csv,,2.45,2.9,True,,Unknown,../dataset/Pictures_CFSB_leaf_damage/2025_10_21_RSFB-Phenotyping_GG1_JLU/2025_10_21_RSFB-Phenotyping_GG1_JLU/20251021_160809.jpg,True,unknown
,20251021_160823.jpg,,,,,,,3.0,1.0,,RSFB-Phenotyping_training_set_scores.csv,,2.0,2.0,True,,Unknown,../dataset/Pictures_CFSB_leaf_damage/2025_10_21_RSFB-Phenotyping_GG1_JLU/2025_10_21_RSFB-Phenotyping_GG1_JLU/20251021_160823.jpg,True,unknown
,20251021_160837.jpg,,,,,,,1.0,4.0,,RSFB-Phenotyping_training_set_scores.csv,,2.5,3.0,True,,Unknown,../dataset/Pictures_CFSB_leaf_damage/2025_10_21_RSFB-Phenotyping_GG1_JLU/2025_10_21_RSFB-Phenotyping_GG1_JLU/20251021_160837.jpg,True,unknown
,20251021_160849.jpg,,,,,,,1.0,3.5,,RSFB-Phenotyping_training_set_scores.csv,,2.25,2.5,True,,Unknown,../dataset/Pictures_CFSB_leaf_damage/2025_10_21_RSFB-Phenotyping_GG1_JLU/2025_10_21_RSFB-Phenotyping_GG1_JLU/20251021_160849.jpg,True,unknown
,20251021_160856.jpg,,,,,,,2.0,2.0,,RSFB-Phenotyping_training_set_scores.csv,,2.0,0.0,True,,Unknown,../dataset/Pictures_CFSB_leaf_damage/2025_10_21_RSFB-Phenotyping_GG1_JLU/2025_10_21_RSFB-Phenotyping_GG1_JLU/20251021_160856.jpg,True,unknown
,20251021_160903.jpg,,,,,,,12.0,17.0,,RSFB-Phenotyping_training_set_scores.csv,,14.5,5.0,False,,Unknown,../dataset/Pictures_CFSB_leaf_damage/2025_10_21_RSFB-Phenotyping_GG1_JLU/2025_10_21_RSFB-Phenotyping_GG1_JLU/20251021_160903.jpg,True,unknown
,20251021_160922.jpg,,,,,,,1.0,2.0,,RSFB-Phenotyping_training_set_scores.csv,,1.5,1.0,True,,Unknown,../dataset/Pictures_CFSB_leaf_damage/2025_10_21_RSFB-Phenotyping_GG1_JLU/2025_10_21_RSFB-Phenotyping_GG1_JLU/20251021_160922.jpg,True,unknown
,20251021_160928.jpg,,,,,,,1.0,3.0,,RSFB-Phenotyping_training_set_scores.csv,,2.0,2.0,True,,Unknown,../dataset/Pictures_CFSB_leaf_damage/2025_10_21_RSFB-Phenotyping_GG1_JLU/2025_10_21_RSFB-Phenotyping_GG1_JLU/20251021_160928.jpg,True,unknown
,20251021_160943.jpg,,,,,,,6.0,5.5,,RSFB-Phenotyping_training_set_scores.csv,,5.75,0.5,True,,Unknown,../dataset/Pictures_CFSB_leaf_damage/2025_10_21_RSFB-Phenotyping_GG1_JLU/2025_10_21_RSFB-Phenotyping_GG1_JLU/20251021_160943.jpg,True,unknown
,20251021_160948.jpg,,,,,,,1.0,1.5,,RSFB-Phenotyping_training_set_scores.csv,,1.25,0.5,True,,Unknown,../dataset/Pictures_CFSB_leaf_damage/2025_10_21_RSFB-Phenotyping_GG1_JLU/2025_10_21_RSFB-Phenotyping_GG1_JLU/20251021_160948.jpg,True,unknown
,20251021_160958.jpg,,,,,,,3.0,4.0,,RSFB-Phenotyping_training_set_scores.csv,,3.5,1.0,True,,Unknown,../dataset/Pictures_CFSB_leaf_damage/2025_10_21_RSFB-Phenotyping_GG1_JLU/2025_10_21_RSFB-Phenotyping_GG1_JLU/20251021_160958.jpg,True,unknown
,20251021_161003.jpg,,,,,,,2.0,4.5,,RSFB-Phenotyping_training_set_scores.csv,,3.25,2.5,True,,Unknown,../dataset/Pictures_CFSB_leaf_damage/2025_10_21_RSFB-Phenotyping_GG1_JLU/2025_10_21_RSFB-Phenotyping_GG1_JLU/20251021_161003.jpg,True,unknown
,20251021_161010.jpg,,,,,,,1.0,2.0,,RSFB-Phenotyping_training_set_scores.csv,,1.5,1.0,True,,Unknown,../dataset/Pictures_CFSB_leaf_damage/2025_10_21_RSFB-Phenotyping_GG1_JLU/2025_10_21_RSFB-Phenotyping_GG1_JLU/20251021_161010.jpg,True,unknown
,20251021_161021.jpg,,,,,,,1.0,1.5,,RSFB-Phenotyping_training_set_scores.csv,,1.25,0.5,True,,Unknown,../dataset/Pictures_CFSB_leaf_damage/2025_10_21_RSFB-Phenotyping_GG1_JLU/2025_10_21_RSFB-Phenotyping_GG1_JLU/20251021_161021.jpg,True,unknown
,20251021_161028.jpg,,,,,,,2.0,3.5,,RSFB-Phenotyping_training_set_scores.csv,,2.75,1.5,True,,Unknown,../dataset/Pictures_CFSB_leaf_damage/2025_10_21_RSFB-Phenotyping_GG1_JLU/2025_10_21_RSFB-Phenotyping_GG1_JLU/20251021_161028.jpg,True,unknown
,20251021_161035.jpg,,,,,,,1.0,1.5,,RSFB-Phenotyping_training_set_scores.csv,,1.25,0.5,True,,Unknown,../dataset/Pictures_CFSB_leaf_damage/2025_10_21_RSFB-Phenotyping_GG1_JLU/2025_10_21_RSFB-Phenotyping_GG1_JLU/20251021_161035.jpg,True,unknown
,20251021_161047.jpg,,,,,,,2.0,6.5,,RSFB-Phenotyping_training_set_scores.csv,,4.25,4.5,True,,Unknown,../dataset/Pictures_CFSB_leaf_damage/2025_10_21_RSFB-Phenotyping_GG1_JLU/2025_10_21_RSFB-Phenotyping_GG1_JLU/20251021_161047.jpg,True,unknown
,20251021_161101.jpg,,,,,,,1.0,3.5,,RSFB-Phenotyping_training_set_scores.csv,,2.25,2.5,True,,Unknown,../dataset/Pictures_CFSB_leaf_damage/2025_10_21_RSFB-Phenotyping_GG1_JLU/2025_10_21_RSFB-Phenotyping_GG1_JLU/20251021_161101.jpg,True,unknown
,20251021_161110.jpg,,,,,,,5.0,3.5,,RSFB-Phenotyping_training_set_scores.csv,,4.25,1.5,True,,Unknown,../dataset/Pictures_CFSB_leaf_damage/2025_10_21_RSFB-Phenotyping_GG1_JLU/2025_10_21_RSFB-Phenotyping_GG1_JLU/20251021_161110.jpg,True,unknown
,20251021_161143.jpg,,,,,,,8.0,6.5,,RSFB-Phenotyping_training_set_scores.csv,,7.25,1.5,True,,Unknown,../dataset/Pictures_CFSB_leaf_damage/2025_10_21_RSFB-Phenotyping_GG1_JLU/2025_10_21_RSFB-Phenotyping_GG1_JLU/20251021_161143.jpg,True,unknown
,20251021_161150.jpg,,,,,,,1.0,1.0,,RSFB-Phenotyping_training_set_scores.csv,,1.0,0.0,True,,Unknown,../dataset/Pictures_CFSB_leaf_damage/2025_10_21_RSFB-Phenotyping_GG1_JLU/2025_10_21_RSFB-Phenotyping_GG1_JLU/20251021_161150.jpg,True,unknown
,20251021_161203.jpg,,,,,,,1.0,1.0,,RSFB-Phenotyping_training_set_scores.csv,,1.0,0.0,True,,Unknown,../dataset/Pictures_CFSB_leaf_damage/2025_10_21_RSFB-Phenotyping_GG1_JLU/2025_10_21_RSFB-Phenotyping_GG1_JLU/20251021_161203.jpg,True,unknown
,20251021_161211.jpg,,,,,,,20.0,18.5,,RSFB-Phenotyping_training_set_scores.csv,,19.25,1.5,True,,Unknown,../dataset/Pictures_CFSB_leaf_damage/2025_10_21_RSFB-Phenotyping_GG1_JLU/2025_10_21_RSFB-Phenotyping_GG1_JLU/20251021_161211.jpg,True,unknown
,20251021_161236.jpg,,,,,,,7.0,7.0,,RSFB-Phenotyping_training_set_scores.csv,,7.0,0.0,True,,Unknown,../dataset/Pictures_CFSB_leaf_damage/2025_10_21_RSFB-Phenotyping_GG1_JLU/2025_10_21_RSFB-Phenotyping_GG1_JLU/20251021_161236.jpg,True,unknown
,20251021_161250.jpg,,,,,,,1.0,5.5,,RSFB-Phenotyping_training_set_scores.csv,,3.25,4.5,True,,Unknown,../dataset/Pictures_CFSB_leaf_damage/2025_10_21_RSFB-Phenotyping_GG1_JLU/2025_10_21_RSFB-Phenotyping_GG1_JLU/20251021_161250.jpg,True,unknown
,20251021_161256.jpg,,,,,,,1.0,1.0,,RSFB-Phenotyping_training_set_scores.csv,,1.0,0.0,True,,Unknown,../dataset/Pictures_CFSB_leaf_damage/2025_10_21_RSFB-Phenotyping_GG1_JLU/2025_10_21_RSFB-Phenotyping_GG1_JLU/20251021_161256.jpg,True,unknown
,20251021_161301.jpg,,,,,,,2.0,1.0,,RSFB-Phenotyping_training_set_scores.csv,,1.5,1.0,True,,Unknown,../dataset/Pictures_CFSB_leaf_damage/2025_10_21_RSFB-Phenotyping_GG1_JLU/2025_10_21_RSFB-Phenotyping_GG1_JLU/20251021_161301.jpg,True,unknown
,20251021_161312.jpg,,,,,,,1.0,1.5,,RSFB-Phenotyping_training_set_scores.csv,,1.25,0.5,True,,Unknown,../dataset/Pictures_CFSB_leaf_damage/2025_10_21_RSFB-Phenotyping_GG1_JLU/2025_10_21_RSFB-Phenotyping_GG1_JLU/20251021_161312.jpg,True,unknown
,20251021_161318.jpg,,,,,,,5.0,8.5,,RSFB-Phenotyping_training_set_scores.csv,,6.75,3.5,True,,Unknown,../dataset/Pictures_CFSB_leaf_damage/2025_10_21_RSFB-Phenotyping_GG1_JLU/2025_10_21_RSFB-Phenotyping_GG1_JLU/20251021_161318.jpg,True,unknown
,20251021_161325.jpg,,,,,,,1.0,1.0,,RSFB-Phenotyping_training_set_scores.csv,,1.0,0.0,True,,Unknown,../dataset/Pictures_CFSB_leaf_damage/2025_10_21_RSFB-Phenotyping_GG1_JLU/2025_10_21_RSFB-Phenotyping_GG1_JLU/20251021_161325.jpg,True,unknown
,20251021_161334.jpg,,,,,,,1.0,1.0,,RSFB-Phenotyping_training_set_scores.csv,,1.0,0.0,True,,Unknown,../dataset/Pictures_CFSB_leaf_damage/2025_10_21_RSFB-Phenotyping_GG1_JLU/2025_10_21_RSFB-Phenotyping_GG1_JLU/20251021_161334.jpg,True,unknown
,20251021_161342.jpg,,,,,,,1.0,2.0,,RSFB-Phenotyping_training_set_scores.csv,,1.5,1.0,True,,Unknown,../dataset/Pictures_CFSB_leaf_damage/2025_10_21_RSFB-Phenotyping_GG1_JLU/2025_10_21_RSFB-Phenotyping_GG1_JLU/20251021_161342.jpg,True,unknown
,20251021_161402.jpg,,,,,,,5.0,4.0,,RSFB-Phenotyping_training_set_scores.csv,,4.5,1.0,True,,Unknown,../dataset/Pictures_CFSB_leaf_damage/2025_10_21_RSFB-Phenotyping_GG1_JLU/2025_10_21_RSFB-Phenotyping_GG1_JLU/20251021_161402.jpg,True,unknown
,20251021_161425.jpg,,,,,,,1.0,5.0,,RSFB-Phenotyping_training_set_scores.csv,,3.0,4.0,True,,Unknown,../dataset/Pictures_CFSB_leaf_damage/2025_10_21_RSFB-Phenotyping_GG1_JLU/2025_10_21_RSFB-Phenotyping_GG1_JLU/20251021_161425.jpg,True,unknown
,20251021_161432.jpg,,,,,,,5.0,1.5,,RSFB-Phenotyping_training_set_scores.csv,,3.25,3.5,True,,Unknown,../dataset/Pictures_CFSB_leaf_damage/2025_10_21_RSFB-Phenotyping_GG1_JLU/2025_10_21_RSFB-Phenotyping_GG1_JLU/20251021_161432.jpg,True,unknown
,20251021_161443.jpg,,,,,,,2.0,4.0,,RSFB-Phenotyping_training_set_scores.csv,,3.0,2.0,True,,Unknown,../dataset/Pictures_CFSB_leaf_damage/2025_10_21_RSFB-Phenotyping_GG1_JLU/2025_10_21_RSFB-Phenotyping_GG1_JLU/20251021_161443.jpg,True,unknown
,20251021_161504.jpg,,,,,,,3.0,2.0,,RSFB-Phenotyping_training_set_scores.csv,,2.5,1.0,True,,Unknown,../dataset/Pictures_CFSB_leaf_damage/2025_10_21_RSFB-Phenotyping_GG1_JLU/2025_10_21_RSFB-Phenotyping_GG1_JLU/20251021_161504.jpg,True,unknown
,20251021_161511.jpg,,,,,,,1.0,1.0,,RSFB-Phenotyping_training_set_scores.csv,,1.0,0.0,True,,Unknown,../dataset/Pictures_CFSB_leaf_damage/2025_10_21_RSFB-Phenotyping_GG1_JLU/2025_10_21_RSFB-Phenotyping_GG1_JLU/20251021_161511.jpg,True,unknown
,20251021_161525.jpg,,,,,,,5.0,4.5,,RSFB-Phenotyping_training_set_scores.csv,,4.75,0.5,True,,Unknown,../dataset/Pictures_CFSB_leaf_damage/2025_10_21_RSFB-Phenotyping_GG1_JLU/2025_10_21_RSFB-Phenotyping_GG1_JLU/20251021_161525.jpg,True,unknown
,20251021_161609.jpg,,,,,,,15.0,15.5,,RSFB-Phenotyping_training_set_scores.csv,,15.25,0.5,True,,Unknown,../dataset/Pictures_CFSB_leaf_damage/2025_10_21_RSFB-Phenotyping_GG1_JLU/2025_10_21_RSFB-Phenotyping_GG1_JLU/20251021_161609.jpg,True,unknown
,20251021_161615.jpg,,,,,,,22.0,17.5,,RSFB-Phenotyping_training_set_scores.csv,,19.75,4.5,True,,Unknown,../dataset/Pictures_CFSB_leaf_damage/2025_10_21_RSFB-Phenotyping_GG1_JLU/2025_10_21_RSFB-Phenotyping_GG1_JLU/20251021_161615.jpg,True,unknown
,20251021_161705.jpg,,,,,,,15.0,19.0,,RSFB-Phenotyping_training_set_scores.csv,,17.0,4.0,True,,Unknown,../dataset/Pictures_CFSB_leaf_damage/2025_10_21_RSFB-Phenotyping_GG1_JLU/2025_10_21_RSFB-Phenotyping_GG1_JLU/20251021_161705.jpg,True,unknown
,20251021_161731.jpg,,,,,,,8.0,4.5,,RSFB-Phenotyping_training_set_scores.csv,,6.25,3.5,True,,Unknown,../dataset/Pictures_CFSB_leaf_damage/2025_10_21_RSFB-Phenotyping_GG1_JLU/2025_10_21_RSFB-Phenotyping_GG1_JLU/20251021_161731.jpg,True,unknown
,20251021_161803.jpg,,,,,,,5.0,6.9,,RSFB-Phenotyping_training_set_scores.csv,,5.95,1.9000000000000004,True,,Unknown,../dataset/Pictures_CFSB_leaf_damage/2025_10_21_RSFB-Phenotyping_GG1_JLU/2025_10_21_RSFB-Phenotyping_GG1_JLU/20251021_161803.jpg,True,unknown
,20251021_161816.jpg,,,,,,,2.0,3.0,,RSFB-Phenotyping_training_set_scores.csv,,2.5,1.0,True,,Unknown,../dataset/Pictures_CFSB_leaf_damage/2025_10_21_RSFB-Phenotyping_GG1_JLU/2025_10_21_RSFB-Phenotyping_GG1_JLU/20251021_161816.jpg,True,unknown
,20251021_161826.jpg,,,,,,,4.0,5.5,,RSFB-Phenotyping_training_set_scores.csv,,4.75,1.5,True,,Unknown,../dataset/Pictures_CFSB_leaf_damage/2025_10_21_RSFB-Phenotyping_GG1_JLU/2025_10_21_RSFB-Phenotyping_GG1_JLU/20251021_161826.jpg,True,unknown
,20251021_161831.jpg,,,,,,,5.0,5.5,,RSFB-Phenotyping_training_set_scores.csv,,5.25,0.5,True,,Unknown,../dataset/Pictures_CFSB_leaf_damage/2025_10_21_RSFB-Phenotyping_GG1_JLU/2025_10_21_RSFB-Phenotyping_GG1_JLU/20251021_161831.jpg,True,unknown
,20251021_161924.jpg,,,,,,,5.0,2.0,,RSFB-Phenotyping_training_set_scores.csv,,3.5,3.0,True,,Unknown,../dataset/Pictures_CFSB_leaf_damage/2025_10_21_RSFB-Phenotyping_GG1_JLU/2025_10_21_RSFB-Phenotyping_GG1_JLU/20251021_161924.jpg,True,unknown
,20251021_161951.jpg,,,,,,,2.0,4.0,,RSFB-Phenotyping_training_set_scores.csv,,3.0,2.0,True,,Unknown,../dataset/Pictures_CFSB_leaf_damage/2025_10_21_RSFB-Phenotyping_GG1_JLU/2025_10_21_RSFB-Phenotyping_GG1_JLU/20251021_161951.jpg,True,unknown
,20251021_161958.jpg,,,,,,,2.0,1.5,,RSFB-Phenotyping_training_set_scores.csv,,1.75,0.5,True,,Unknown,../dataset/Pictures_CFSB_leaf_damage/2025_10_21_RSFB-Phenotyping_GG1_JLU/2025_10_21_RSFB-Phenotyping_GG1_JLU/20251021_161958.jpg,True,unknown
,20251021_162004.jpg,,,,,,,5.0,1.5,,RSFB-Phenotyping_training_set_scores.csv,,3.25,3.5,True,,Unknown,../dataset/Pictures_CFSB_leaf_damage/2025_10_21_RSFB-Phenotyping_GG1_JLU/2025_10_21_RSFB-Phenotyping_GG1_JLU/20251021_162004.jpg,True,unknown
,20251021_162013.jpg,,,,,,,1.0,1.0,,RSFB-Phenotyping_training_set_scores.csv,,1.0,0.0,True,,Unknown,../dataset/Pictures_CFSB_leaf_damage/2025_10_21_RSFB-Phenotyping_GG1_JLU/2025_10_21_RSFB-Phenotyping_GG1_JLU/20251021_162013.jpg,True,unknown
,20251021_162027.jpg,,,,,,,3.0,7.1,,RSFB-Phenotyping_training_set_scores.csv,,5.05,4.1,True,,Unknown,../dataset/Pictures_CFSB_leaf_damage/2025_10_21_RSFB-Phenotyping_GG1_JLU/2025_10_21_RSFB-Phenotyping_GG1_JLU/20251021_162027.jpg,True,unknown
,20251021_162049.jpg,,,,,,,2.0,3.0,,RSFB-Phenotyping_training_set_scores.csv,,2.5,1.0,True,,Unknown,../dataset/Pictures_CFSB_leaf_damage/2025_10_21_RSFB-Phenotyping_GG1_JLU/2025_10_21_RSFB-Phenotyping_GG1_JLU/20251021_162049.jpg,True,unknown
,20251021_162057.jpg,,,,,,,3.0,6.0,,RSFB-Phenotyping_training_set_scores.csv,,4.5,3.0,True,,Unknown,../dataset/Pictures_CFSB_leaf_damage/2025_10_21_RSFB-Phenotyping_GG1_JLU/2025_10_21_RSFB-Phenotyping_GG1_JLU/20251021_162057.jpg,True,unknown
,20251021_162121.jpg,,,,,,,1.0,5.0,,RSFB-Phenotyping_training_set_scores.csv,,3.0,4.0,True,,Unknown,../dataset/Pictures_CFSB_leaf_damage/2025_10_21_RSFB-Phenotyping_GG1_JLU/2025_10_21_RSFB-Phenotyping_GG1_JLU/20251021_162121.jpg,True,unknown
,20251021_162132.jpg,,,,,,,12.0,17.0,,RSFB-Phenotyping_training_set_scores.csv,,14.5,5.0,False,,Unknown,../dataset/Pictures_CFSB_leaf_damage/2025_10_21_RSFB-Phenotyping_GG1_JLU/2025_10_21_RSFB-Phenotyping_GG1_JLU/20251021_162132.jpg,True,unknown
,20251021_162139.jpg,,,,,,,1.0,1.0,,RSFB-Phenotyping_training_set_scores.csv,,1.0,0.0,True,,Unknown,../dataset/Pictures_CFSB_leaf_damage/2025_10_21_RSFB-Phenotyping_GG1_JLU/2025_10_21_RSFB-Phenotyping_GG1_JLU/20251021_162139.jpg,True,unknown
,20251021_162146.jpg,,,,,,,1.0,6.0,,RSFB-Phenotyping_training_set_scores.csv,,3.5,5.0,False,,Unknown,../dataset/Pictures_CFSB_leaf_damage/2025_10_21_RSFB-Phenotyping_GG1_JLU/2025_10_21_RSFB-Phenotyping_GG1_JLU/20251021_162146.jpg,True,unknown
,20251021_162156.jpg,,,,,,,1.0,1.5,,RSFB-Phenotyping_training_set_scores.csv,,1.25,0.5,True,,Unknown,../dataset/Pictures_CFSB_leaf_damage/2025_10_21_RSFB-Phenotyping_GG1_JLU/2025_10_21_RSFB-Phenotyping_GG1_JLU/20251021_162156.jpg,True,unknown
,20251021_162202.jpg,,,,,,,2.0,2.0,,RSFB-Phenotyping_training_set_scores.csv,,2.0,0.0,True,,Unknown,../dataset/Pictures_CFSB_leaf_damage/2025_10_21_RSFB-Phenotyping_GG1_JLU/2025_10_21_RSFB-Phenotyping_GG1_JLU/20251021_162202.jpg,True,unknown
,20251021_162210.jpg,,,,,,,1.0,2.5,,RSFB-Phenotyping_training_set_scores.csv,,1.75,1.5,True,,Unknown,../dataset/Pictures_CFSB_leaf_damage/2025_10_21_RSFB-Phenotyping_GG1_JLU/2025_10_21_RSFB-Phenotyping_GG1_JLU/20251021_162210.jpg,True,unknown
,20251021_162246.jpg,,,,,,,15.0,14.0,,RSFB-Phenotyping_training_set_scores.csv,,14.5,1.0,True,,Unknown,../dataset/Pictures_CFSB_leaf_damage/2025_10_21_RSFB-Phenotyping_GG1_JLU/2025_10_21_RSFB-Phenotyping_GG1_JLU/20251021_162246.jpg,True,unknown
,20251021_162301.jpg,,,,,,,1.0,2.0,,RSFB-Phenotyping_training_set_scores.csv,,1.5,1.0,True,,Unknown,../dataset/Pictures_CFSB_leaf_damage/2025_10_21_RSFB-Phenotyping_GG1_JLU/2025_10_21_RSFB-Phenotyping_GG1_JLU/20251021_162301.jpg,True,unknown
,20251021_162313.jpg,,,,,,,1.0,2.5,,RSFB-Phenotyping_training_set_scores.csv,,1.75,1.5,True,,Unknown,../dataset/Pictures_CFSB_leaf_damage/2025_10_21_RSFB-Phenotyping_GG1_JLU/2025_10_21_RSFB-Phenotyping_GG1_JLU/20251021_162313.jpg,True,unknown
,20251021_162321.jpg,,,,,,,2.0,1.4,,RSFB-Phenotyping_training_set_scores.csv,,1.7,0.6000000000000001,True,,Unknown,../dataset/Pictures_CFSB_leaf_damage/2025_10_21_RSFB-Phenotyping_GG1_JLU/2025_10_21_RSFB-Phenotyping_GG1_JLU/20251021_162321.jpg,True,unknown
,20251021_162332.jpg,,,,,,,8.0,9.0,,RSFB-Phenotyping_training_set_scores.csv,,8.5,1.0,True,,Unknown,../dataset/Pictures_CFSB_leaf_damage/2025_10_21_RSFB-Phenotyping_GG1_JLU/2025_10_21_RSFB-Phenotyping_GG1_JLU/20251021_162332.jpg,True,unknown
,20251021_162346.jpg,,,,,,,2.0,3.5,,RSFB-Phenotyping_training_set_scores.csv,,2.75,1.5,True,,Unknown,../dataset/Pictures_CFSB_leaf_damage/2025_10_21_RSFB-Phenotyping_GG1_JLU/2025_10_21_RSFB-Phenotyping_GG1_JLU/20251021_162346.jpg,True,unknown
,20251021_162400.jpg,,,,,,,1.0,0.5,,RSFB-Phenotyping_training_set_scores.csv,,0.75,0.5,True,,Unknown,../dataset/Pictures_CFSB_leaf_damage/2025_10_21_RSFB-Phenotyping_GG1_JLU/2025_10_21_RSFB-Phenotyping_GG1_JLU/20251021_162400.jpg,True,unknown
,20251021_162409.jpg,,,,,,,1.0,3.8,,RSFB-Phenotyping_training_set_scores.csv,,2.4,2.8,True,,Unknown,../dataset/Pictures_CFSB_leaf_damage/2025_10_21_RSFB-Phenotyping_GG1_JLU/2025_10_21_RSFB-Phenotyping_GG1_JLU/20251021_162409.jpg,True,unknown
,20251021_162416.jpg,,,,,,,1.0,0.5,,RSFB-Phenotyping_training_set_scores.csv,,0.75,0.5,True,,Unknown,../dataset/Pictures_CFSB_leaf_damage/2025_10_21_RSFB-Phenotyping_GG1_JLU/2025_10_21_RSFB-Phenotyping_GG1_JLU/20251021_162416.jpg,True,unknown
,20251021_162428.jpg,,,,,,,1.0,3.0,,RSFB-Phenotyping_training_set_scores.csv,,2.0,2.0,True,,Unknown,../dataset/Pictures_CFSB_leaf_damage/2025_10_21_RSFB-Phenotyping_GG1_JLU/2025_10_21_RSFB-Phenotyping_GG1_JLU/20251021_162428.jpg,True,unknown
,20251021_162459.jpg,,,,,,,1.0,2.0,,RSFB-Phenotyping_training_set_scores.csv,,1.5,1.0,True,,Unknown,../dataset/Pictures_CFSB_leaf_damage/2025_10_21_RSFB-Phenotyping_GG1_JLU/2025_10_21_RSFB-Phenotyping_GG1_JLU/20251021_162459.jpg,True,unknown
,20251021_162506.jpg,,,,,,,3.0,7.0,,RSFB-Phenotyping_training_set_scores.csv,,5.0,4.0,True,,Unknown,../dataset/Pictures_CFSB_leaf_damage/2025_10_21_RSFB-Phenotyping_GG1_JLU/2025_10_21_RSFB-Phenotyping_GG1_JLU/20251021_162506.jpg,True,unknown
,20251021_162601.jpg,,,,,,,1.0,5.0,,RSFB-Phenotyping_training_set_scores.csv,,3.0,4.0,True,,Unknown,../dataset/Pictures_CFSB_leaf_damage/2025_10_21_RSFB-Phenotyping_GG1_JLU/2025_10_21_RSFB-Phenotyping_GG1_JLU/20251021_162601.jpg,True,unknown
,20251021_162630.jpg,,,,,,,15.0,19.5,,RSFB-Phenotyping_training_set_scores.csv,,17.25,4.5,True,,Unknown,../dataset/Pictures_CFSB_leaf_damage/2025_10_21_RSFB-Phenotyping_GG1_JLU/2025_10_21_RSFB-Phenotyping_GG1_JLU/20251021_162630.jpg,True,unknown
,20251021_162638.jpg,,,,,,,1.0,3.0,,RSFB-Phenotyping_training_set_scores.csv,,2.0,2.0,True,,Unknown,../dataset/Pictures_CFSB_leaf_damage/2025_10_21_RSFB-Phenotyping_GG1_JLU/2025_10_21_RSFB-Phenotyping_GG1_JLU/20251021_162638.jpg,True,unknown
,20251021_162646.jpg,,,,,,,12.0,15.0,,RSFB-Phenotyping_training_set_scores.csv,,13.5,3.0,True,,Unknown,../dataset/Pictures_CFSB_leaf_damage/2025_10_21_RSFB-Phenotyping_GG1_JLU/2025_10_21_RSFB-Phenotyping_GG1_JLU/20251021_162646.jpg,True,unknown
,20251021_162707.jpg,,,,,,,15.0,13.0,,RSFB-Phenotyping_training_set_scores.csv,,14.0,2.0,True,,Unknown,../dataset/Pictures_CFSB_leaf_damage/2025_10_21_RSFB-Phenotyping_GG1_JLU/2025_10_21_RSFB-Phenotyping_GG1_JLU/20251021_162707.jpg,True,unknown
,20251021_162717.jpg,,,,,,,18.0,20.5,,RSFB-Phenotyping_training_set_scores.csv,,19.25,2.5,True,,Unknown,../dataset/Pictures_CFSB_leaf_damage/2025_10_21_RSFB-Phenotyping_GG1_JLU/2025_10_21_RSFB-Phenotyping_GG1_JLU/20251021_162717.jpg,True,unknown
,20251021_162732.jpg,,,,,,,1.0,4.5,,RSFB-Phenotyping_training_set_scores.csv,,2.75,3.5,True,,Unknown,../dataset/Pictures_CFSB_leaf_damage/2025_10_21_RSFB-Phenotyping_GG1_JLU/2025_10_21_RSFB-Phenotyping_GG1_JLU/20251021_162732.jpg,True,unknown
,20251021_162800.jpg,,,,,,,2.0,5.5,,RSFB-Phenotyping_training_set_scores.csv,,3.75,3.5,True,,Unknown,../dataset/Pictures_CFSB_leaf_damage/2025_10_21_RSFB-Phenotyping_GG1_JLU/2025_10_21_RSFB-Phenotyping_GG1_JLU/20251021_162800.jpg,True,unknown
,20251021_162807.jpg,,,,,,,3.0,8.0,,RSFB-Phenotyping_training_set_scores.csv,,5.5,5.0,False,,Unknown,../dataset/Pictures_CFSB_leaf_damage/2025_10_21_RSFB-Phenotyping_GG1_JLU/2025_10_21_RSFB-Phenotyping_GG1_JLU/20251021_162807.jpg,True,unknown
,20251021_162816.jpg,,,,,,,1.0,2.5,,RSFB-Phenotyping_training_set_scores.csv,,1.75,1.5,True,,Unknown,../dataset/Pictures_CFSB_leaf_damage/2025_10_21_RSFB-Phenotyping_GG1_JLU/2025_10_21_RSFB-Phenotyping_GG1_JLU/20251021_162816.jpg,True,unknown
,20251021_162836.jpg,,,,,,,20.0,19.0,,RSFB-Phenotyping_training_set_scores.csv,,19.5,1.0,True,,Unknown,../dataset/Pictures_CFSB_leaf_damage/2025_10_21_RSFB-Phenotyping_GG1_JLU/2025_10_21_RSFB-Phenotyping_GG1_JLU/20251021_162836.jpg,True,unknown
,20251021_162845.jpg,,,,,,,1.0,1.0,,RSFB-Phenotyping_training_set_scores.csv,,1.0,0.0,True,,Unknown,../dataset/Pictures_CFSB_leaf_damage/2025_10_21_RSFB-Phenotyping_GG1_JLU/2025_10_21_RSFB-Phenotyping_GG1_JLU/20251021_162845.jpg,True,unknown
,20251021_162856.jpg,,,,,,,7.0,11.0,,RSFB-Phenotyping_training_set_scores.csv,,9.0,4.0,True,,Unknown,../dataset/Pictures_CFSB_leaf_damage/2025_10_21_RSFB-Phenotyping_GG1_JLU/2025_10_21_RSFB-Phenotyping_GG1_JLU/20251021_162856.jpg,True,unknown
,20251021_162906.jpg,,,,,,,5.0,3.5,,RSFB-Phenotyping_training_set_scores.csv,,4.25,1.5,True,,Unknown,../dataset/Pictures_CFSB_leaf_damage/2025_10_21_RSFB-Phenotyping_GG1_JLU/2025_10_21_RSFB-Phenotyping_GG1_JLU/20251021_162906.jpg,True,unknown
,20251021_162912.jpg,,,,,,,4.0,7.5,,RSFB-Phenotyping_training_set_scores.csv,,5.75,3.5,True,,Unknown,../dataset/Pictures_CFSB_leaf_damage/2025_10_21_RSFB-Phenotyping_GG1_JLU/2025_10_21_RSFB-Phenotyping_GG1_JLU/20251021_162912.jpg,True,unknown
,20251021_162946.jpg,,,,,,,1.0,2.0,,RSFB-Phenotyping_training_set_scores.csv,,1.5,1.0,True,,Unknown,../dataset/Pictures_CFSB_leaf_damage/2025_10_21_RSFB-Phenotyping_GG1_JLU/2025_10_21_RSFB-Phenotyping_GG1_JLU/20251021_162946.jpg,True,unknown
,20251021_162958.jpg,,,,,,,12.0,11.5,,RSFB-Phenotyping_training_set_scores.csv,,11.75,0.5,True,,Unknown,../dataset/Pictures_CFSB_leaf_damage/2025_10_21_RSFB-Phenotyping_GG1_JLU/2025_10_21_RSFB-Phenotyping_GG1_JLU/20251021_162958.jpg,True,unknown
,20251021_163014.jpg,,,,,,,18.0,19.5,,RSFB-Phenotyping_training_set_scores.csv,,18.75,1.5,True,,Unknown,../dataset/Pictures_CFSB_leaf_damage/2025_10_21_RSFB-Phenotyping_GG1_JLU/2025_10_21_RSFB-Phenotyping_GG1_JLU/20251021_163014.jpg,True,unknown
,20251021_163031.jpg,,,,,,,35.0,34.5,,RSFB-Phenotyping_training_set_scores.csv,,34.75,0.5,True,,Unknown,../dataset/Pictures_CFSB_leaf_damage/2025_10_21_RSFB-Phenotyping_GG1_JLU/2025_10_21_RSFB-Phenotyping_GG1_JLU/20251021_163031.jpg,True,unknown
,20251021_163044.jpg,,,,,,,3.0,5.0,,RSFB-Phenotyping_training_set_scores.csv,,4.0,2.0,True,,Unknown,../dataset/Pictures_CFSB_leaf_damage/2025_10_21_RSFB-Phenotyping_GG1_JLU/2025_10_21_RSFB-Phenotyping_GG1_JLU/20251021_163044.jpg,True,unknown
,20251021_163055.jpg,,,,,,,2.0,2.0,,RSFB-Phenotyping_training_set_scores.csv,,2.0,0.0,True,,Unknown,../dataset/Pictures_CFSB_leaf_damage/2025_10_21_RSFB-Phenotyping_GG1_JLU/2025_10_21_RSFB-Phenotyping_GG1_JLU/20251021_163055.jpg,True,unknown
,20251021_163103.jpg,,,,,,,3.0,6.0,,RSFB-Phenotyping_training_set_scores.csv,,4.5,3.0,True,,Unknown,../dataset/Pictures_CFSB_leaf_damage/2025_10_21_RSFB-Phenotyping_GG1_JLU/2025_10_21_RSFB-Phenotyping_GG1_JLU/20251021_163103.jpg,True,unknown
