dataset,filename,plot_group,target,score_jlu,score_gau,frame_detected,n_plants,green_fraction,brightness,pred_aggregation_weighted_seed42,pred_aggregation_weighted_seed43,pred_aggregation_weighted_seed44,pred_aggregation_uniform_seed42,pred_aggregation_uniform_seed43,pred_aggregation_uniform_seed44,pred_aggregation_abmil_seed42,pred_aggregation_abmil_seed43,pred_aggregation_abmil_seed44,pred_aggregation_gated_abmil_seed42,pred_aggregation_gated_abmil_seed43,pred_aggregation_gated_abmil_seed44,pred_joint_weighted_seed42,pred_joint_weighted_seed43,pred_joint_weighted_seed44,pred_mil_weighted_seed42
WG1_Weilburger_Grenze,20251007_122629.jpg,1_A4C34_R4S_470_1_1,2.0,,,False,9,0.006254333333333333,130.042673,5.819007873535156,5.6857805252075195,5.055943012237549,5.965852737426758,6.37452507019043,5.914289474487305,5.977039813995361,6.5657267570495605,5.151431083679199,5.499486446380615,5.973832607269287,5.401350975036621,6.3750410079956055,5.297738075256348,5.565813064575195,5.860793113708496
WG1_Weilburger_Grenze,20251007_122640.jpg,1_A4C34_R4S_470_1_1,1.0,,,False,17,0.0152,132.20757841666668,5.816281318664551,5.661143779754639,5.301509857177734,6.964748382568359,7.291141986846924,6.891461372375488,7.792379856109619,8.47951889038086,6.6165313720703125,7.096907615661621,7.195988178253174,6.976115703582764,6.317924499511719,5.605602741241455,5.993851661682129,5.959062576293945
WG1_Weilburger_Grenze,20251007_122700.jpg,1_A4C34_R4S_470_1_1,1.0,,,False,17,0.012388333333333333,128.0317275,10.259143829345703,10.457666397094727,9.719319343566895,10.459449768066406,10.857465744018555,10.259727478027344,11.525145530700684,12.092168807983398,10.227692604064941,11.027956008911133,11.099197387695312,10.747456550598145,10.753057479858398,10.053443908691406,10.329463958740234,10.331482887268066
WG1_Weilburger_Grenze,20251007_122749.jpg,2_Askari_R4S_212_1_2,1.0,,,False,6,0.012532833333333333,130.53136816666665,8.980428695678711,8.642526626586914,8.10381031036377,7.749812602996826,7.585692405700684,7.088030815124512,8.494365692138672,9.21766471862793,7.389835834503174,7.542963981628418,7.637160301208496,7.842893123626709,8.823192596435547,7.8354597091674805,8.939741134643555,9.11037826538086
WG1_Weilburger_Grenze,20251007_122806.jpg,2_Askari_R4S_212_1_2,1.0,,,False,13,0.025128333333333332,128.6241525,5.367175102233887,5.409607887268066,5.0024333000183105,5.935360908508301,6.467265605926514,5.907166481018066,5.374121189117432,6.127774715423584,4.862221717834473,5.1392035484313965,4.968898773193359,4.9820404052734375,5.672847747802734,5.128685474395752,5.526323318481445,5.4704766273498535
WG1_Weilburger_Grenze,20251007_122816.jpg,2_Askari_R4S_212_1_2,1.0,,,False,15,0.017234833333333335,127.89315375,7.564782619476318,7.820844650268555,7.09357213973999,6.720202445983887,7.133205413818359,6.383993625640869,6.691292762756348,8.374883651733398,6.259280204772949,7.713386535644531,7.3398590087890625,6.928104877471924,7.444709300994873,7.263062477111816,7.829276084899902,7.823966979980469
WG1_Weilburger_Grenze,20251007_122850.jpg,3_Wolynski_R4S_291_1_3,1.0,,,True,12,0.035567690917679966,128.17589959984247,6.045275688171387,6.058469295501709,5.487771511077881,6.472777366638184,6.829950332641602,6.495580673217773,6.706847190856934,8.177932739257812,7.00667142868042,7.010869026184082,7.106477737426758,6.567444801330566,7.521107196807861,6.3340020179748535,6.611217975616455,5.9878339767456055
WG1_Weilburger_Grenze,20251007_122901.jpg,3_Wolynski_R4S_291_1_3,1.0,,,True,10,0.04345716342692585,131.32137163426927,3.180570602416992,3.0338456630706787,2.9417991638183594,3.9935524463653564,4.31891393661499,4.053154945373535,4.265571117401123,4.794522762298584,4.014610290527344,3.9220738410949707,4.1388726234436035,3.8339831829071045,3.5247979164123535,2.9994583129882812,3.506913185119629,3.441741466522217
WG1_Weilburger_Grenze,20251007_122909.jpg,3_Wolynski_R4S_291_1_3,1.0,,,True,7,0.02343270764323396,128.41754846031162,4.217415809631348,4.061979293823242,3.8708364963531494,4.456242561340332,4.829575538635254,4.36464786529541,4.436564922332764,5.125944137573242,3.9154813289642334,4.409840106964111,4.7788004875183105,4.040679931640625,4.986322402954102,4.110380172729492,4.41542387008667,4.220250606536865
WG1_Weilburger_Grenze,20251007_122945.jpg,4_Lirafit_R4S_387_1_4,3.0,,,False,13,0.006110666666666667,130.04652083333335,10.14793586730957,10.55088996887207,9.06126594543457,8.608782768249512,8.999828338623047,8.413839340209961,8.521100997924805,10.038963317871094,7.594632148742676,9.233686447143555,9.17780876159668,9.018163681030273,11.353500366210938,10.511066436767578,10.140890121459961,9.94357967376709
WG1_Weilburger_Grenze,20251007_122956.jpg,4_Lirafit_R4S_387_1_4,2.0,,,False,9,0.01143925,131.14939875,8.742883682250977,8.933805465698242,8.318131446838379,10.0884370803833,10.765010833740234,10.222039222717285,10.849935531616211,12.710399627685547,9.644268035888672,10.647563934326172,10.548254013061523,10.108081817626953,9.164966583251953,8.480359077453613,8.779132843017578,8.742471694946289
WG1_Weilburger_Grenze,20251007_123006.jpg,4_Lirafit_R4S_387_1_4,2.0,,,False,14,0.00874625,125.86054091666666,7.010941505432129,7.590641975402832,6.3837103843688965,7.326969146728516,8.063081741333008,7.136879920959473,7.751349449157715,9.6326265335083,7.291498184204102,8.72042179107666,8.12956428527832,7.873381614685059,7.1941819190979,6.922496795654297,6.989887237548828,7.02037239074707
WG1_Weilburger_Grenze,20251007_123042.jpg,5_SEM_R4S_433_1_5,12.0,,,False,9,0.008741333333333334,127.08804708333334,8.338560104370117,8.310651779174805,7.381739616394043,8.706266403198242,9.240211486816406,8.586343765258789,8.345712661743164,9.434593200683594,7.298644542694092,9.41893196105957,8.541788101196289,8.281442642211914,10.057075500488281,8.488096237182617,8.663972854614258,8.091398239135742
WG1_Weilburger_Grenze,20251007_123053.jpg,5_SEM_R4S_433_1_5,3.0,,,False,9,0.0093635,125.4967645,7.318446159362793,7.591346740722656,6.257730484008789,5.58616828918457,5.7777814865112305,5.292414665222168,5.826456069946289,7.002887725830078,5.417849540710449,6.44746208190918,5.9469404220581055,5.893883228302002,7.9993391036987305,7.169544219970703,7.429095268249512,7.347670555114746
WG1_Weilburger_Grenze,20251007_123103.jpg,5_SEM_R4S_433_1_5,2.0,,,False,16,0.008360666666666667,129.04535525,5.725704193115234,5.815929412841797,5.247127532958984,6.42985725402832,6.6236572265625,6.339427947998047,6.461477279663086,8.021018981933594,5.666620254516602,7.640793800354004,6.434628486633301,6.754790782928467,6.152438163757324,5.574413299560547,5.96920919418335,5.797928333282471
WG1_Weilburger_Grenze,20251007_123132.jpg,6_Taisetsu_R4S_521_1_6,3.0,,,False,13,0.015814333333333333,126.79009825,5.391118049621582,5.31920862197876,4.76300573348999,6.458880424499512,6.690561294555664,6.120332717895508,5.825796127319336,7.196407794952393,5.3602166175842285,6.030365467071533,6.167425155639648,5.4631218910217285,5.844552040100098,4.827169418334961,5.351101398468018,5.41721248626709
WG1_Weilburger_Grenze,20251007_123140.jpg,6_Taisetsu_R4S_521_1_6,3.0,,,False,21,0.021468166666666667,128.13533125,6.196558475494385,6.360952377319336,5.586544990539551,6.6636857986450195,7.411901473999023,6.805574417114258,6.234656810760498,7.001900672912598,5.671499729156494,5.913724899291992,5.9715471267700195,6.205758094787598,6.496801853179932,5.9004225730896,6.157350063323975,6.301885604858398
WG1_Weilburger_Grenze,20251007_123150.jpg,6_Taisetsu_R4S_521_1_6,2.0,,,False,16,0.01526075,128.43544083333333,5.144174575805664,5.211282253265381,4.724660873413086,4.772770404815674,5.0472612380981445,4.761371612548828,4.8657355308532715,5.541410446166992,4.573976516723633,4.846735000610352,4.898191452026367,4.6504292488098145,5.519826889038086,4.967803001403809,5.08716344833374,5.1267290115356445
WG1_Weilburger_Grenze,20251007_123236.jpg,7_S30_R4S_406_1_7,10.0,,,False,16,0.013491583333333333,131.45500958333332,6.5137529373168945,6.596616268157959,5.968522071838379,7.609375953674316,8.144105911254883,7.634551048278809,7.980855464935303,8.534128189086914,7.370716094970703,7.487753868103027,7.127532482147217,7.524077415466309,6.7114105224609375,6.031786918640137,6.394041061401367,6.660477638244629
WG1_Weilburger_Grenze,20251007_123243.jpg,7_S30_R4S_406_1_7,25.0,,,False,17,0.0110985,133.40235025,6.701316833496094,6.943371295928955,6.181730270385742,6.060346603393555,6.531866073608398,6.168819427490234,6.314475059509277,7.090305328369141,5.683482646942139,6.3986592292785645,6.514130592346191,6.329168319702148,7.221480369567871,6.652280807495117,6.746204376220703,6.73953914642334
WG1_Weilburger_Grenze,20251007_123255.jpg,7_S30_R4S_406_1_7,20.0,,,False,14,0.009402916666666667,129.27282658333334,4.942584991455078,4.982154369354248,4.520893096923828,6.015643119812012,6.3570661544799805,5.818327903747559,5.508063316345215,6.033361434936523,4.8321356773376465,5.810980319976807,5.269895076751709,5.41555643081665,5.533572196960449,4.721816539764404,4.819748878479004,4.975521087646484
WG1_Weilburger_Grenze,20251007_123335.jpg,8_J 154_R4S_427_1_8,15.0,,,False,17,0.0082815,127.68431408333333,5.409055709838867,5.815071105957031,5.258275985717773,6.440257549285889,6.804775238037109,6.526209831237793,6.043548583984375,6.728490352630615,5.400838851928711,6.789355754852295,5.813652515411377,6.055038928985596,5.5877180099487305,5.4842634201049805,5.811827659606934,5.447519779205322
WG1_Weilburger_Grenze,20251007_123345.jpg,8_J 154_R4S_427_1_8,12.0,,,False,20,0.010912916666666666,127.490747,5.806919097900391,6.128820896148682,5.470787048339844,5.691512107849121,6.232080459594727,5.786070823669434,7.06760311126709,8.386473655700684,6.38065767288208,7.694949150085449,7.0847392082214355,7.329381942749023,5.738725185394287,5.594374656677246,5.922862529754639,5.875398635864258
WG1_Weilburger_Grenze,20251007_123354.jpg,8_J 154_R4S_427_1_8,3.0,,,False,12,0.006493833333333333,129.934571,9.308006286621094,9.206171035766602,8.60995101928711,7.933530807495117,8.532962799072266,7.767433166503906,7.991761207580566,7.872105598449707,7.494184494018555,6.97543478012085,6.914032936096191,7.382097244262695,9.081396102905273,8.61135482788086,8.986551284790039,9.160032272338867
WG1_Weilburger_Grenze,20251007_123430.jpg,9_Falcon_R4S_209_1_9,5.0,,,False,13,0.0159805,128.28265608333334,6.5401201248168945,6.769838333129883,6.008828639984131,7.419806957244873,8.117809295654297,7.573075771331787,7.156741619110107,8.521476745605469,6.333801746368408,7.375974178314209,7.355324745178223,7.16034460067749,6.9931793212890625,6.399024486541748,6.953628063201904,6.726841926574707
WG1_Weilburger_Grenze,20251007_123439.jpg,9_Falcon_R4S_209_1_9,25.0,,,True,6,0.02652446752298461,126.79807331212058,9.629591941833496,9.932554244995117,8.178955078125,10.113696098327637,11.371320724487305,10.166061401367188,7.741535663604736,9.577597618103027,7.7263617515563965,10.154876708984375,8.575223922729492,8.735883712768555,11.248655319213867,10.1286039352417,9.627091407775879,9.868315696716309
WG1_Weilburger_Grenze,20251007_123447.jpg,9_Falcon_R4S_209_1_9,13.0,,,False,13,0.01349925,130.30501175,5.413137912750244,5.463451862335205,4.783275604248047,6.395771026611328,6.767172336578369,6.232990741729736,5.6086649894714355,6.617132663726807,5.1707563400268555,5.804754734039307,5.701689720153809,5.752490997314453,6.312038898468018,5.305147647857666,5.6156840324401855,5.47512149810791
WG1_Weilburger_Grenze,20251007_123532.jpg,10_INL 2_R4S_442_1_10,20.0,,,False,19,0.013377416666666666,128.23212266666667,7.279505729675293,7.468006610870361,6.355156898498535,7.333607196807861,8.132267951965332,7.295440673828125,6.971325874328613,7.881744861602783,6.083547115325928,6.977688312530518,7.055065155029297,6.789971351623535,8.062603950500488,7.182578086853027,7.42365837097168,7.32249116897583
WG1_Weilburger_Grenze,20251007_123539.jpg,10_INL 2_R4S_442_1_10,12.0,,,False,14,0.015493583333333333,128.15114616666668,7.032292366027832,7.11894416809082,6.23714542388916,5.856133937835693,6.374202251434326,5.629793167114258,5.20187520980835,6.067382335662842,4.954810619354248,5.598713397979736,5.276371002197266,5.4897565841674805,7.4469428062438965,6.544676303863525,6.676879405975342,7.224759101867676
WG1_Weilburger_Grenze,20251007_123547.jpg,10_INL 2_R4S_442_1_10,13.0,,,False,12,0.0077449166666666664,130.89226816666667,5.523875713348389,5.682072639465332,5.038679122924805,7.159431457519531,7.738077640533447,6.997291564941406,6.9228105545043945,7.457571506500244,6.017483234405518,6.911520004272461,6.545504093170166,6.492177963256836,5.570128440856934,5.077478408813477,5.484940528869629,5.578917503356934
WG1_Weilburger_Grenze,20251007_123909.jpg,11_Major_R4S_386_1_11,11.0,,,False,27,0.01429375,140.60419941666666,5.8637237548828125,5.952400207519531,5.444129943847656,6.278073310852051,6.6853837966918945,6.098289489746094,6.147614479064941,7.068387508392334,5.343517303466797,6.607302188873291,6.058391571044922,6.201783657073975,6.141259670257568,5.628547668457031,5.9437971115112305,6.001944541931152
WG1_Weilburger_Grenze,20251007_123914.jpg,11_Major_R4S_386_1_11,20.0,,,True,8,0.03485694943531155,142.57451037104804,6.958878517150879,6.937502861022949,6.423469543457031,9.152824401855469,8.811593055725098,8.867349624633789,5.829557418823242,6.410953521728516,5.822751998901367,5.496345043182373,5.513372421264648,5.673841953277588,7.421888828277588,6.72554874420166,7.01310920715332,6.856226921081543
WG1_Weilburger_Grenze,20251007_123921.jpg,11_Major_R4S_386_1_11,30.0,,,True,7,0.02788820941559784,143.09338071729226,4.188977241516113,4.220081806182861,3.8933162689208984,3.522378921508789,3.8606081008911133,3.576712131500244,4.694477081298828,5.017873764038086,4.245707988739014,3.9236013889312744,4.551774024963379,4.16654109954834,4.664374828338623,4.074512958526611,4.3413004875183105,4.425322532653809
WG1_Weilburger_Grenze,20251007_124014.jpg,12_S2_R4S_437_1_12,15.0,,,True,11,0.03282224422720378,144.01364297151525,4.41359281539917,4.585274696350098,4.011138916015625,3.6426050662994385,4.131861209869385,3.6533238887786865,4.054312229156494,4.985556125640869,3.8108434677124023,3.8520164489746094,4.408125877380371,3.8882625102996826,5.089644432067871,4.472715377807617,4.693417549133301,4.457391738891602
WG1_Weilburger_Grenze,20251007_124022.jpg,12_S2_R4S_437_1_12,8.0,,,True,8,0.04166510946116537,143.50056111304897,3.381402015686035,3.2021355628967285,3.312006950378418,2.70004940032959,2.850734233856201,2.737856864929199,3.431823492050171,3.571420192718506,3.189709424972534,2.7916011810302734,3.262969970703125,2.8049466609954834,3.657681465148926,3.1677913665771484,3.8015384674072266,3.6471168994903564
WG1_Weilburger_Grenze,20251007_124030.jpg,12_S2_R4S_437_1_12,16.0,,,True,9,0.02263184763400746,141.8785402186007,2.703984260559082,2.706555128097534,2.6972482204437256,2.447235107421875,2.6046979427337646,2.533918619155884,3.0273892879486084,3.093716621398926,2.844546318054199,2.7579233646392822,2.7562639713287354,2.8650875091552734,2.7149224281311035,2.5777387619018555,3.039968490600586,2.885727643966675
WG1_Weilburger_Grenze,20251007_124053.jpg,13_SLM 0512_R4S_177_1_13,23.0,,,True,8,0.03666083015758575,142.8003228962818,4.211158752441406,4.203754425048828,3.834336519241333,4.553201198577881,4.95915412902832,4.50039529800415,4.51092004776001,4.667015075683594,4.2463531494140625,3.9299614429473877,4.411596298217773,4.015092849731445,5.120684623718262,4.360164165496826,4.63381290435791,4.3892927169799805
WG1_Weilburger_Grenze,20251007_124059.jpg,13_SLM 0512_R4S_177_1_13,18.0,,,True,9,0.06066719119450602,143.79195572190713,3.8239071369171143,3.722346067428589,3.717102527618408,4.102761268615723,4.467148780822754,4.014256954193115,4.9739460945129395,5.231985092163086,4.607950687408447,4.475281238555908,4.749549865722656,4.1356587409973145,4.0396223068237305,3.7056052684783936,4.196423053741455,4.245448589324951
WG1_Weilburger_Grenze,20251007_124105.jpg,13_SLM 0512_R4S_177_1_13,16.0,,,True,6,0.026088232525139154,141.8143323811863,3.678391218185425,3.785210132598877,3.4430854320526123,3.582699775695801,4.137576103210449,3.565563201904297,4.048503875732422,4.200867176055908,3.4022862911224365,3.6883137226104736,3.7058308124542236,3.3774569034576416,4.012038230895996,3.5810351371765137,3.8114707469940186,3.723811626434326
WG1_Weilburger_Grenze,20251007_124124.jpg,14_DH5 Oase x Nugget  PBY061 von NPZ_R4S_408_1_14,12.0,,,True,8,0.0192177818167106,140.70118968702766,5.161433219909668,5.285770416259766,4.74338960647583,4.984214782714844,5.51901912689209,5.113106727600098,5.171053409576416,5.0463056564331055,4.382752895355225,4.242433547973633,4.926488876342773,4.3440775871276855,5.798823833465576,5.707613468170166,5.9613800048828125,5.347776889801025
WG1_Weilburger_Grenze,20251007_124129.jpg,14_DH5 Oase x Nugget  PBY061 von NPZ_R4S_408_1_14,14.0,,,True,7,0.02525237407101569,140.74441990090833,4.96726131439209,5.109726905822754,4.549851894378662,5.081430912017822,5.826967239379883,5.048603057861328,5.160608291625977,5.938345909118652,4.685460567474365,4.897688388824463,5.328288555145264,4.811809062957764,5.584064483642578,5.0947265625,5.072732925415039,5.098553657531738
WG1_Weilburger_Grenze,20251007_124137.jpg,14_DH5 Oase x Nugget  PBY061 von NPZ_R4S_408_1_14,10.0,,,True,5,0.016495743233493433,142.30430675516894,2.0727343559265137,2.069559097290039,2.036853313446045,1.5029451847076416,1.5924752950668335,1.456019401550293,2.425046682357788,3.1563520431518555,2.5691568851470947,2.7142601013183594,2.576978921890259,2.456855535507202,1.8764522075653076,1.7989609241485596,1.9449650049209595,2.2644224166870117
WG1_Weilburger_Grenze,20251007_124155.jpg,15_Librador_R4S_389_1_15,13.0,,,True,8,0.01565286401195089,142.2189746302953,3.9908573627471924,4.0472941398620605,3.5361599922180176,3.199427843093872,3.2185730934143066,2.9943459033966064,3.892606496810913,4.230318069458008,3.420217275619507,3.474306583404541,3.820106029510498,3.469871759414673,4.386179447174072,3.878964900970459,3.997711658477783,4.012430667877197
WG1_Weilburger_Grenze,20251007_124201.jpg,15_Librador_R4S_389_1_15,12.0,,,True,9,0.037569452531604625,141.73577009174073,3.135096549987793,3.2958250045776367,2.9236955642700195,2.774883270263672,3.1399922370910645,2.7553420066833496,3.2209503650665283,3.682206153869629,3.0832555294036865,3.026155948638916,3.124584197998047,2.9102373123168945,3.3802151679992676,3.097649574279785,3.2516355514526367,3.2346444129943848
WG1_Weilburger_Grenze,20251007_124209.jpg,15_Librador_R4S_389_1_15,10.0,,,True,6,0.016086116267083138,142.89266247509383,2.2405292987823486,2.457829236984253,2.1765618324279785,1.4399802684783936,1.5075072050094604,1.452132225036621,2.3874056339263916,2.910010814666748,2.4800808429718018,2.2757279872894287,2.4650585651397705,2.273568630218506,2.2307889461517334,2.1641664505004883,2.2556517124176025,2.335423469543457
WG1_Weilburger_Grenze,20251007_124230.jpg,16_Pirola_R4S_265_1_16,28.0,,,True,9,0.024126116973856075,143.6611780316381,4.253664016723633,4.080803394317627,3.9957427978515625,6.45255708694458,6.801204681396484,6.300719261169434,4.29220724105835,5.084187984466553,4.126209259033203,4.313577175140381,4.416447639465332,4.114890098571777,4.515296936035156,3.9204087257385254,4.34851598739624,4.389742851257324
WG1_Weilburger_Grenze,20251007_124238.jpg,16_Pirola_R4S_265_1_16,16.0,,,True,12,0.01453651743007868,137.74515739988678,4.317604064941406,4.4971208572387695,3.9311041831970215,3.4858527183532715,3.8203582763671875,3.4710991382598877,4.061183929443359,4.887866020202637,3.8100779056549072,3.9047296047210693,4.353302478790283,3.9590682983398438,4.464245796203613,4.103538513183594,4.365815162658691,4.349386692047119
WG1_Weilburger_Grenze,20251007_124243.jpg,16_Pirola_R4S_265_1_16,12.0,,,True,11,0.020480019600687894,138.75260620110535,4.635353088378906,4.714537143707275,4.105623245239258,4.0259504318237305,4.560708522796631,4.186079978942871,4.158042907714844,4.476837158203125,3.6141886711120605,3.8957197666168213,4.18058443069458,3.606931447982788,5.12413215637207,4.402581214904785,4.802886962890625,4.736598968505859
WG1_Weilburger_Grenze,20251007_124300.jpg,17_SWGospel_R4S_242_1_17,12.0,,,True,7,0.026038733335251776,142.68392681693547,2.865551233291626,2.993901014328003,2.6226248741149902,2.5319981575012207,2.7346909046173096,2.5249876976013184,2.8234362602233887,3.151423931121826,2.7293548583984375,2.51355242729187,2.898592948913574,2.6041786670684814,3.268437385559082,2.8779001235961914,2.9950473308563232,2.868359088897705
WG1_Weilburger_Grenze,20251007_124307.jpg,17_SWGospel_R4S_242_1_17,18.0,,,True,9,0.03435524207109748,140.53698005929036,4.999858379364014,5.057989597320557,4.376893997192383,4.710885047912598,4.872650146484375,4.426982879638672,4.667928218841553,5.994858264923096,4.17186975479126,4.34409236907959,4.831762790679932,4.083012104034424,6.443624496459961,5.135008811950684,5.073003768920898,4.894494533538818
WG1_Weilburger_Grenze,20251007_124313.jpg,17_SWGospel_R4S_242_1_17,8.0,,,True,8,0.041646755329488756,140.76347862534828,4.917803764343262,5.235708713531494,4.15803861618042,5.367903709411621,5.793977737426758,5.05133056640625,3.885784387588501,4.897966384887695,3.436105251312256,3.5993878841400146,4.0355753898620605,3.6940507888793945,5.410507678985596,4.823653221130371,4.862296104431152,4.961026191711426
WG1_Weilburger_Grenze,20251007_124330.jpg,18_AMBER X COMMANCHE DH LINE_R4S_187_1_18,10.0,,,True,7,0.03939774481333229,145.2402422625121,2.781748056411743,2.80401873588562,2.6101889610290527,2.3837499618530273,2.6090240478515625,2.346196174621582,3.353475332260132,3.6193299293518066,2.9894087314605713,2.944674491882324,3.0670089721679688,2.8351941108703613,2.7613282203674316,2.512083053588867,2.8846731185913086,2.957878351211548
WG1_Weilburger_Grenze,20251007_124338.jpg,18_AMBER X COMMANCHE DH LINE_R4S_187_1_18,4.0,,,True,9,0.04204086196706123,143.70482846386906,3.172914981842041,3.157021999359131,3.2314858436584473,2.981339931488037,3.114950180053711,3.016300916671753,3.814103126525879,4.044499397277832,3.5308594703674316,3.396036386489868,3.4445807933807373,3.4359827041625977,3.4225778579711914,3.013335704803467,3.6158061027526855,3.3858208656311035
WG1_Weilburger_Grenze,20251007_124344.jpg,18_AMBER X COMMANCHE DH LINE_R4S_187_1_18,11.0,,,True,10,0.03110315415361867,143.94657104011503,2.5643861293792725,2.4617176055908203,2.370840549468994,3.1832923889160156,3.504337787628174,3.258039951324463,3.6177873611450195,4.28574800491333,3.1505017280578613,3.111726760864258,3.5066027641296387,3.0152368545532227,2.749619483947754,2.3875913619995117,2.610069513320923,2.7337169647216797
WG1_Weilburger_Grenze,20251007_124402.jpg,19_WINFRED_R4S_531_1_19,12.0,,,True,10,0.015332863392283291,142.2692782949433,4.020514965057373,4.114130973815918,3.658143997192383,3.5968518257141113,3.7187769412994385,3.4820947647094727,4.027309894561768,4.614671230316162,3.7520437240600586,3.8620717525482178,4.459589004516602,3.8077757358551025,4.775751113891602,4.15767240524292,4.3344645500183105,4.196969032287598
WG1_Weilburger_Grenze,20251007_124409.jpg,19_WINFRED_R4S_531_1_19,10.0,,,True,11,0.02944733947228434,143.21910270778352,3.564055919647217,3.658451795578003,3.444098949432373,3.554867744445801,3.9406142234802246,3.841367721557617,4.217452526092529,4.655466079711914,4.075566291809082,3.992713212966919,4.4415507316589355,4.025169849395752,3.7154409885406494,3.400939702987671,3.8136634826660156,3.7452237606048584
WG1_Weilburger_Grenze,20251007_124415.jpg,19_WINFRED_R4S_531_1_19,8.0,,,True,17,0.026371242736111196,141.0372585665926,4.754448890686035,4.754362106323242,4.41904354095459,3.770777702331543,3.753302574157715,3.6603734493255615,3.700021982192993,4.992979049682617,3.9033360481262207,3.7743821144104004,4.200767517089844,3.7598092555999756,5.4652814865112305,4.696220397949219,5.1776123046875,4.878012180328369
WG1_Weilburger_Grenze,20251007_124434.jpg,20_Picasso_R4S_147_1_20,12.0,,,True,6,0.024914668697007838,144.10611692071828,3.4391045570373535,3.5075674057006836,3.2745933532714844,2.8070192337036133,3.205080032348633,2.8422036170959473,3.599520683288574,4.155997276306152,3.4982059001922607,3.3666718006134033,3.493650197982788,3.370551109313965,3.775275707244873,3.294712543487549,3.7470414638519287,3.54243803024292
WG1_Weilburger_Grenze,20251007_124441.jpg,20_Picasso_R4S_147_1_20,18.0,,,True,11,0.03170080501449191,143.6771662414878,4.852879047393799,5.022921562194824,4.555647850036621,5.628543853759766,6.090047836303711,5.633166790008545,5.608750343322754,5.93926477432251,4.749963283538818,5.400558948516846,4.931375980377197,4.850848197937012,4.816823959350586,4.527538299560547,4.968095302581787,5.025629997253418
WG1_Weilburger_Grenze,20251007_124451.jpg,20_Picasso_R4S_147_1_20,8.0,,,False,24,0.0076363333333333335,141.72702491666666,6.655438423156738,6.81367826461792,6.303675174713135,5.837789535522461,6.301301956176758,5.721048355102539,6.794264316558838,7.819394111633301,6.047353744506836,7.545085906982422,6.899669170379639,6.855772972106934,6.541188716888428,6.351114749908447,6.571349620819092,6.83233118057251
WG1_Weilburger_Grenze,20251007_124508.jpg,21_Alaska_R4S_266_1_21,2.0,,,True,6,0.021934618286232558,141.60156672859463,4.487131118774414,4.433887004852295,3.887216091156006,3.064396381378174,3.498688220977783,3.1689553260803223,3.287611961364746,3.908257246017456,3.043262004852295,3.021829128265381,3.5847737789154053,3.1130266189575195,4.941527366638184,4.222641944885254,4.614842891693115,4.479039669036865
WG1_Weilburger_Grenze,20251007_124515.jpg,21_Alaska_R4S_266_1_21,30.0,,,True,10,0.03502771331741765,143.4487966201439,2.912527561187744,2.926528215408325,2.912013292312622,2.218778610229492,2.2881579399108887,2.294908046722412,3.0518460273742676,3.515286684036255,3.1026058197021484,2.586728811264038,2.9501051902770996,2.632129669189453,3.376270294189453,2.9051308631896973,3.439682960510254,3.055438995361328
WG1_Weilburger_Grenze,20251007_124522.jpg,21_Alaska_R4S_266_1_21,5.0,,,True,7,0.015710812954907442,143.45294454743274,2.5128870010375977,2.589536666870117,2.3591761589050293,1.6696510314941406,1.8556206226348877,1.7120628356933594,2.848306894302368,3.159315586090088,2.7161905765533447,2.6040468215942383,2.766172170639038,2.441835880279541,2.888455629348755,2.547297239303589,2.6687190532684326,2.6067447662353516
WG1_Weilburger_Grenze,20251007_124541.jpg,22_APEX-93_5 X GINYOU_3 DH LINE_R4S_224_1_22,20.0,,,True,8,0.03137285523904714,140.0624911502582,5.629255294799805,6.156790733337402,5.364399433135986,4.63991117477417,5.463817596435547,4.732341766357422,5.830239295959473,6.836491107940674,5.3024702072143555,5.6353912353515625,5.801980018615723,5.666937828063965,5.993640899658203,5.955442905426025,6.1846208572387695,5.752237319946289
WG1_Weilburger_Grenze,20251007_124548.jpg,22_APEX-93_5 X GINYOU_3 DH LINE_R4S_224_1_22,12.0,,,True,7,0.0342285347536529,142.05179394530435,5.936121940612793,6.084073066711426,5.494138717651367,5.078459739685059,5.788693428039551,5.043503284454346,5.196606636047363,5.884346008300781,4.705860614776611,4.712945461273193,5.285228252410889,4.951249122619629,7.3049726486206055,6.536685943603516,6.41139030456543,5.881080627441406
WG1_Weilburger_Grenze,20251007_124555.jpg,22_APEX-93_5 X GINYOU_3 DH LINE_R4S_224_1_22,9.0,,,True,6,0.022134056147539938,141.69045890356716,5.2010626792907715,5.231938362121582,4.783580303192139,6.755056381225586,7.423946857452393,7.210488796234131,5.570160865783691,6.0256171226501465,5.014455795288086,5.379251003265381,4.874546527862549,4.6989359855651855,6.553843975067139,5.682878494262695,5.975530624389648,5.212963104248047
WG1_Weilburger_Grenze,20251007_124614.jpg,23_Skrzeszowicki_R4S_379_1_23,8.0,,,True,8,0.02160567471002166,143.2750860318786,2.566967248916626,2.463919162750244,2.421199321746826,4.365035057067871,4.052910804748535,3.934314250946045,3.0789825916290283,3.2109477519989014,2.8860507011413574,2.9529542922973633,2.849858045578003,2.759197950363159,2.869628429412842,2.4215874671936035,2.5795702934265137,2.793156147003174
WG1_Weilburger_Grenze,20251007_124621.jpg,23_Skrzeszowicki_R4S_379_1_23,12.0,,,True,7,0.023798841438606545,143.12693956045638,4.992219924926758,5.137791156768799,4.658963203430176,4.163435459136963,4.568698883056641,4.127777576446533,4.613976001739502,5.741868019104004,4.427718162536621,4.352054595947266,4.7308349609375,4.18623161315918,6.284890174865723,5.347457408905029,5.378741264343262,5.034762382507324
WG1_Weilburger_Grenze,20251007_124628.jpg,23_Skrzeszowicki_R4S_379_1_23,8.0,,,True,7,0.03233316422718577,143.84409170129214,10.530132293701172,10.99199104309082,10.087152481079102,11.941299438476562,12.582453727722168,11.960948944091797,8.647809982299805,10.01621150970459,8.121094703674316,8.040647506713867,8.821413040161133,8.454705238342285,11.964130401611328,11.618162155151367,12.132668495178223,10.543082237243652
WG1_Weilburger_Grenze,20251007_124649.jpg,24_Mestnij_R4S_384_1_24,3.0,,,True,9,0.02800671163850668,142.93606564330042,5.109227180480957,5.508611679077148,5.059415817260742,4.3152923583984375,4.882041931152344,4.571393966674805,5.585305690765381,5.715099811553955,5.277416706085205,4.963918209075928,5.2124786376953125,4.966588973999023,5.834874629974365,5.6258087158203125,6.0562238693237305,5.301938056945801
WG1_Weilburger_Grenze,20251007_124656.jpg,24_Mestnij_R4S_384_1_24,20.0,,,True,4,0.028399364147713376,141.94182970571453,5.340822219848633,5.494163990020752,4.975444316864014,6.220802307128906,6.8695526123046875,6.638623237609863,4.9328694343566895,5.200680732727051,4.4760918617248535,4.3232598304748535,4.824148654937744,4.58248233795166,6.290322780609131,5.776165008544922,6.10466194152832,5.313953399658203
WG1_Weilburger_Grenze,20251007_124703.jpg,24_Mestnij_R4S_384_1_24,25.0,,,True,8,0.017767798141629917,143.7849798176901,13.03516960144043,12.764290809631348,12.220306396484375,12.990102767944336,12.756114959716797,13.049468994140625,11.59050464630127,12.216307640075684,11.420984268188477,9.307641983032227,11.57935619354248,12.105494499206543,12.126298904418945,12.307035446166992,13.399892807006836,12.915996551513672
WG1_Weilburger_Grenze,20251007_124721.jpg,25_Conqueror Bronze Green Top_R4S_344_1_25,12.0,,,True,8,0.014639440895132541,142.75257720185954,3.293466329574585,3.233829975128174,3.091012477874756,3.188589572906494,3.515415906906128,3.082520008087158,3.6142210960388184,4.5889506340026855,3.6447107791900635,3.571272373199463,4.431248664855957,3.548036813735962,3.5644021034240723,3.0763988494873047,3.4615516662597656,3.4797465801239014
WG1_Weilburger_Grenze,20251007_124729.jpg,25_Conqueror Bronze Green Top_R4S_344_1_25,4.0,,,True,9,0.025126607556514097,145.30544079665574,6.298413276672363,6.033632278442383,5.927738189697266,6.149586200714111,6.32697868347168,6.134586811065674,6.423305034637451,7.621282577514648,7.15086030960083,6.09713888168335,6.469404697418213,6.464344024658203,6.6005449295043945,5.824131965637207,6.72287654876709,6.573733806610107
WG1_Weilburger_Grenze,20251007_124735.jpg,25_Conqueror Bronze Green Top_R4S_344_1_25,4.0,,,True,9,0.025453844944970824,144.07689433688705,3.3040480613708496,3.031728744506836,3.072134494781494,3.2391395568847656,3.223099708557129,3.0147757530212402,3.8004443645477295,4.222930908203125,3.743983745574951,3.705204963684082,3.695858955383301,3.5772600173950195,3.1373043060302734,2.664921283721924,3.193753242492676,3.50193452835083
WG1_Weilburger_Grenze,20251007_124753.jpg,26_Barrel_R4S_225_1_26,4.0,,,True,7,0.04124689440993789,143.9605698757764,2.4778976440429688,2.4288485050201416,2.344900608062744,2.3619933128356934,2.61186146736145,2.355018138885498,2.9723429679870605,3.180068016052246,2.7428038120269775,2.519382953643799,2.871286630630493,2.4636480808258057,2.689002513885498,2.2329001426696777,2.6153688430786133,2.665623426437378
WG1_Weilburger_Grenze,20251007_124800.jpg,26_Barrel_R4S_225_1_26,4.0,,,False,22,0.012426583333333333,143.09410091666666,4.814791202545166,4.892867088317871,4.563331604003906,6.272855758666992,6.578195095062256,5.899116516113281,5.972973346710205,6.316737174987793,4.9246039390563965,5.674393177032471,5.4439520835876465,5.698368549346924,4.6054911613464355,4.324745178222656,4.797248840332031,5.077793598175049
WG1_Weilburger_Grenze,20251007_124805.jpg,26_Barrel_R4S_225_1_26,5.0,,,True,6,0.026449326268009856,144.54402717284847,3.2168450355529785,3.1499814987182617,2.7848551273345947,2.3946452140808105,2.610621929168701,2.2751314640045166,3.1146554946899414,3.382441759109497,2.915192127227783,2.546660900115967,2.909428596496582,2.6318719387054443,3.330397605895996,2.7569966316223145,3.056331157684326,3.343992233276367
WG1_Weilburger_Grenze,20251007_124823.jpg,27_Peerless (Acme)_R4S_342_1_27,3.0,,,True,11,0.013917830656535785,141.71130220260753,2.874016284942627,2.780437469482422,3.0144801139831543,3.26350736618042,3.1895124912261963,3.426961898803711,4.471560478210449,4.739873886108398,4.030924320220947,4.429215431213379,4.1282639503479,4.008897304534912,2.5985090732574463,2.552340030670166,3.0380172729492188,3.155208110809326
WG1_Weilburger_Grenze,20251007_124830.jpg,27_Peerless (Acme)_R4S_342_1_27,8.0,,,True,8,0.013891625615763547,143.91377668308704,8.145902633666992,8.96602725982666,7.922898292541504,5.839991092681885,6.646742820739746,6.200641632080078,6.46596622467041,6.037947177886963,5.537362575531006,5.834046840667725,5.363681793212891,5.463876724243164,7.899528503417969,8.256494522094727,8.614556312561035,8.348310470581055
WG1_Weilburger_Grenze,20251007_124837.jpg,27_Peerless (Acme)_R4S_342_1_27,4.0,,,True,7,0.016198127072327498,141.63223359598626,3.869673252105713,4.027164936065674,3.733015537261963,3.822111129760742,4.199053764343262,3.7688217163085938,4.726107597351074,6.07942533493042,4.533802032470703,4.979371547698975,5.13546895980835,4.556872844696045,4.054819107055664,3.7833497524261475,3.894912004470825,3.9936647415161133
WG1_Weilburger_Grenze,20251007_124855.jpg,28_Rapid_R4S_149_1_28,15.0,,,True,7,0.030474502423230902,141.4400244561819,3.2611522674560547,3.297861337661743,2.9106199741363525,3.3112175464630127,3.609313488006592,3.3876640796661377,3.335452079772949,3.8601365089416504,3.1869704723358154,3.139760732650757,3.4675791263580322,3.207812786102295,3.872143507003784,3.360584259033203,3.4033150672912598,3.34293270111084
WG1_Weilburger_Grenze,20251007_124903.jpg,28_Rapid_R4S_149_1_28,6.0,,,True,14,0.03879380053908356,142.78409496164213,3.4513940811157227,3.416264533996582,3.109471082687378,3.002995729446411,3.109180212020874,2.958658218383789,3.588344097137451,4.261814117431641,3.439040184020996,3.130223512649536,3.605973720550537,3.1635613441467285,3.8402466773986816,3.202509880065918,3.5917418003082275,3.598416805267334
WG1_Weilburger_Grenze,20251007_124910.jpg,28_Rapid_R4S_149_1_28,4.0,,,True,9,0.028211034342511,140.87983695033913,3.4490151405334473,3.6464595794677734,3.1360394954681396,3.167942523956299,3.5418219566345215,3.2924633026123047,3.684343099594116,3.85578989982605,3.3752267360687256,3.1054770946502686,3.4439244270324707,3.1049985885620117,3.6514196395874023,3.368051052093506,3.646130323410034,3.581435441970825
WG1_Weilburger_Grenze,20251007_124927.jpg,29_MADRIGAL x RECITAL DH LINE_R4S_221_1_29,8.0,,,True,8,0.03207025713654067,138.17388315718114,4.820140838623047,4.960068702697754,4.76414680480957,5.109722137451172,5.254738807678223,5.129356861114502,4.970895290374756,5.073398113250732,4.664101600646973,4.2975029945373535,4.7187371253967285,4.216137886047363,5.4712748527526855,5.31178092956543,5.397736072540283,4.991555213928223
WG1_Weilburger_Grenze,20251007_124934.jpg,29_MADRIGAL x RECITAL DH LINE_R4S_221_1_29,4.0,,,True,7,0.0361340890562124,137.23809575051922,2.0546553134918213,2.0467586517333984,2.0227749347686768,1.7513371706008911,1.9841769933700562,1.7915836572647095,2.677572250366211,2.7728304862976074,2.4366660118103027,2.2133467197418213,2.50014591217041,2.1365108489990234,2.1251978874206543,1.9952409267425537,2.2412219047546387,2.2305541038513184
WG1_Weilburger_Grenze,20251007_124942.jpg,29_MADRIGAL x RECITAL DH LINE_R4S_221_1_29,8.0,,,True,6,0.03469357943666822,142.59552381300182,2.815429210662842,2.981952667236328,2.647273063659668,4.07693338394165,4.3844757080078125,4.16542387008667,3.248110055923462,3.6985316276550293,3.1334898471832275,3.0072262287139893,3.33638334274292,3.130269765853882,3.201692581176758,2.8344478607177734,3.0053110122680664,2.846477508544922
WG1_Weilburger_Grenze,20251007_125005.jpg,30_EMERALD_R4S_296_1_30,4.0,,,True,7,0.016660899564626835,140.23648509763618,3.489710807800293,3.43310809135437,3.4927921295166016,2.9364771842956543,3.306739330291748,3.004107713699341,3.9131243228912354,3.9091343879699707,3.7444493770599365,3.1739444732666016,3.7389650344848633,3.457887887954712,3.5466666221618652,3.5430774688720703,3.976203441619873,3.674316883087158
WG1_Weilburger_Grenze,20251007_125013.jpg,30_EMERALD_R4S_296_1_30,3.0,,,True,9,0.01862527646526591,139.37773742501926,2.9074196815490723,2.77337908744812,2.649570941925049,2.4114139080047607,2.462991237640381,2.191284656524658,3.2565879821777344,3.67002010345459,3.124497175216675,3.0502350330352783,3.201063394546509,3.012197732925415,2.8752126693725586,2.6391396522521973,2.884901285171509,3.115643262863159
WG1_Weilburger_Grenze,20251007_125021.jpg,30_EMERALD_R4S_296_1_30,3.0,,,True,10,0.02165690445574278,144.13348313796027,2.8727970123291016,3.0030040740966797,2.641343116760254,1.9392647743225098,2.01485276222229,1.9103968143463135,2.741098165512085,3.4627060890197754,2.602126359939575,2.442033529281616,2.8854105472564697,2.464362621307373,3.1307897567749023,2.740039587020874,2.8937766551971436,2.927720546722412
WG1_Weilburger_Grenze,20251007_125037.jpg,31_Express 617_R4S_181_1_31,2.0,,,True,9,0.02397284610143419,139.7449452198521,2.672213554382324,2.6233749389648438,2.532642126083374,2.880932569503784,3.003236770629883,2.859571933746338,3.6163113117218018,3.418193817138672,3.274400234222412,2.8688979148864746,3.241891860961914,2.95342755317688,3.1378400325775146,2.584890842437744,2.813711166381836,2.7759385108947754
WG1_Weilburger_Grenze,20251007_125045.jpg,31_Express 617_R4S_181_1_31,12.0,,,True,6,0.021464013632718524,139.41322089681904,3.71046781539917,3.6627538204193115,3.1361260414123535,3.6739587783813477,3.9766788482666016,3.4964916706085205,3.804098129272461,4.517534255981445,3.706500768661499,3.593639373779297,3.927130699157715,3.337056875228882,4.370916366577148,3.643646717071533,3.5550777912139893,3.769001007080078
WG1_Weilburger_Grenze,20251007_125051.jpg,31_Express 617_R4S_181_1_31,5.0,,,True,6,0.027507891608248267,137.83618046160782,5.744446754455566,5.582930564880371,5.043424606323242,6.529043197631836,6.932101249694824,6.310928821563721,5.359793663024902,5.645058631896973,5.374867916107178,4.563879013061523,5.009313583374023,5.213036060333252,6.513076305389404,5.4102959632873535,5.739998817443848,5.69449520111084
WG1_Weilburger_Grenze,20251007_125111.jpg,32_WINFRED_R4S_532_1_32,6.0,,,True,14,0.026967229902713774,140.62252124935995,4.124635696411133,4.566176414489746,4.04974889755249,3.4380223751068115,3.597578525543213,3.4471378326416016,3.878451108932495,5.304379463195801,4.046987533569336,4.5840020179748535,4.499202728271484,3.8117926120758057,4.225151062011719,4.258941650390625,4.618077278137207,4.276737213134766
WG1_Weilburger_Grenze,20251007_125118.jpg,32_WINFRED_R4S_532_1_32,8.0,,,True,10,0.013727537563563083,142.7154618830335,4.673728942871094,5.064115524291992,4.40899658203125,2.910086154937744,3.1338448524475098,2.9401469230651855,4.7837395668029785,5.835478782653809,4.5787529945373535,4.249173164367676,4.700422763824463,4.175196170806885,4.937998294830322,4.8378448486328125,5.3853349685668945,4.914462089538574
WG1_Weilburger_Grenze,20251007_125125.jpg,32_WINFRED_R4S_532_1_32,1.0,,,False,15,0.005113916666666667,144.43452225,6.018576145172119,6.397274494171143,5.659457206726074,5.282646179199219,5.409907341003418,5.063599586486816,6.5282793045043945,7.303699970245361,5.948338031768799,6.934724807739258,6.897073268890381,6.829700469970703,5.801791191101074,5.699734687805176,5.806035041809082,6.19898796081543
WG1_Weilburger_Grenze,20251007_125152.jpg,33_York_R4S_327_1_33,18.0,,,True,6,0.013439690473013886,142.6920375824875,2.63470196723938,2.446018695831299,2.694511651992798,2.409639835357666,2.4074807167053223,2.49111270904541,3.599065065383911,3.6282777786254883,3.552375078201294,2.9669811725616455,3.2961409091949463,2.8854587078094482,2.5233330726623535,2.231788158416748,2.6736085414886475,2.86045503616333
WG1_Weilburger_Grenze,20251007_125200.jpg,33_York_R4S_327_1_33,2.0,,,True,11,0.01413689563058143,141.61993963976127,4.356456756591797,4.368135452270508,4.143563270568848,4.45717716217041,4.62448263168335,4.468011856079102,4.589146137237549,4.442131996154785,4.015985488891602,4.350940227508545,4.338350772857666,4.363429546356201,4.431301593780518,4.283786773681641,4.481036186218262,4.490230083465576
WG1_Weilburger_Grenze,20251007_125207.jpg,33_York_R4S_327_1_33,7.0,,,True,9,0.010208969056205434,141.59660078525735,4.98076057434082,4.954909801483154,5.4923882484436035,3.0141358375549316,3.117291212081909,3.2505509853363037,5.136656284332275,6.236529350280762,5.252903938293457,5.249838352203369,4.982171535491943,5.011438369750977,4.675652503967285,4.821249008178711,5.586394309997559,5.491283416748047
WG1_Weilburger_Grenze,20251007_125227.jpg,34_PI271452_R4S_358_1_34,16.0,,,True,10,0.02078451037178792,140.6420673987126,5.425876140594482,5.485905170440674,4.995281219482422,5.073748588562012,5.082158088684082,4.9405059814453125,4.335504531860352,5.976205348968506,4.319908142089844,5.0631818771362305,5.115348815917969,4.606393814086914,6.321593284606934,5.553470134735107,5.691958904266357,5.470067977905273
WG1_Weilburger_Grenze,20251007_125234.jpg,34_PI271452_R4S_358_1_34,4.0,,,True,8,0.02179763352641669,142.11388087237947,6.188828945159912,6.714315414428711,5.614884376525879,5.063259124755859,5.259312629699707,4.890511989593506,5.189648628234863,6.594645977020264,4.7944560050964355,5.891300678253174,5.523711204528809,5.281269550323486,6.730938911437988,6.706453323364258,6.3842597007751465,6.024646759033203
WG1_Weilburger_Grenze,20251007_125242.jpg,34_PI271452_R4S_358_1_34,8.0,,,True,8,0.03628656201668787,143.4318430159133,2.987313747406006,3.058771848678589,2.807939291000366,2.5317349433898926,2.7143611907958984,2.580044984817505,3.4463796615600586,3.6658990383148193,3.175049304962158,2.9881980419158936,3.041651487350464,3.040985584259033,3.148671865463257,2.971229076385498,3.2854666709899902,3.1528568267822266
WG1_Weilburger_Grenze,20251007_125300.jpg,35_Nunsdale_R4S_366_1_35,12.0,,,True,9,0.01578611122378615,143.2944692329534,7.009116172790527,6.888596057891846,7.363298416137695,5.3425140380859375,5.136486053466797,5.23052978515625,6.641744613647461,6.803300857543945,6.301802635192871,5.588223457336426,5.76450252532959,5.932679653167725,6.478224277496338,6.70757532119751,7.494377613067627,7.552786827087402
WG1_Weilburger_Grenze,20251007_125308.jpg,35_Nunsdale_R4S_366_1_35,4.0,,,True,12,0.01862901021669812,143.53279521051604,4.665194511413574,4.703848838806152,4.491555213928223,3.765908718109131,3.904456377029419,3.6873526573181152,4.144750118255615,4.568206310272217,3.911153554916382,4.06807804107666,4.301712512969971,3.859516143798828,4.41149377822876,4.616476058959961,4.889883995056152,4.884865760803223
WG1_Weilburger_Grenze,20251007_125315.jpg,35_Nunsdale_R4S_366_1_35,4.0,,,True,7,0.017599605495228758,142.2348879220694,2.9717602729797363,2.9573264122009277,2.842395782470703,2.56728196144104,2.6661159992218018,2.4648308753967285,3.631673812866211,3.9835710525512695,3.436849355697632,3.2293994426727295,3.444827079772949,3.136861801147461,2.979482650756836,2.7291011810302734,3.1131582260131836,3.1168699264526367
WG1_Weilburger_Grenze,20251007_125336.jpg,36_SIBERISCHE BOERENKOOL_R4S_359_1_36,15.0,,,True,10,0.013843810360713492,138.22342247721997,3.4844913482666016,3.412778854370117,3.4563019275665283,2.7748820781707764,2.763634443283081,2.642418622970581,3.646879196166992,4.206733703613281,3.387258529663086,3.4686341285705566,3.9628379344940186,3.2118208408355713,3.2599618434906006,3.072152853012085,3.404634475708008,3.699247121810913
WG1_Weilburger_Grenze,20251007_125344.jpg,36_SIBERISCHE BOERENKOOL_R4S_359_1_36,5.0,,,True,12,0.02023964131106988,144.34442949907236,2.4860525131225586,2.4738731384277344,2.680318832397461,2.2159557342529297,2.2997689247131348,2.3134958744049072,3.1903200149536133,3.1358726024627686,2.83463454246521,2.6094024181365967,2.743924379348755,2.6195597648620605,2.1902079582214355,2.132359027862549,2.593268871307373,2.81111216545105
WG1_Weilburger_Grenze,20251007_125352.jpg,36_SIBERISCHE BOERENKOOL_R4S_359_1_36,4.0,,,True,7,0.02267164104387605,138.77671865541117,2.341986656188965,2.3394522666931152,2.2603096961975098,1.7526172399520874,1.8308203220367432,1.7272794246673584,2.7517361640930176,3.0116946697235107,2.6149187088012695,2.222137451171875,2.659607410430908,2.3489134311676025,2.6434144973754883,2.292660713195801,2.5871357917785645,2.4980580806732178
WG1_Weilburger_Grenze,20251007_125410.jpg,37_Baltia_R4S_269_1_37,15.0,,,True,7,0.017746073271884728,137.6840091665906,3.138474225997925,3.060368061065674,3.036701202392578,3.5907769203186035,3.5231547355651855,3.418229103088379,3.7061493396759033,4.16092586517334,3.50771164894104,3.550293207168579,3.6542468070983887,3.43892502784729,3.065528392791748,2.9114065170288086,3.3560237884521484,3.3441162109375
WG1_Weilburger_Grenze,20251007_125419.jpg,37_Baltia_R4S_269_1_37,8.0,,,True,11,0.025243247690946866,143.75165079299776,5.40284538269043,5.347428321838379,5.183535575866699,5.879661560058594,6.1916937828063965,5.994089126586914,5.625391960144043,6.302608489990234,5.538466930389404,5.063060283660889,5.670326232910156,5.375350475311279,5.88613224029541,5.598626613616943,6.215816020965576,5.541746139526367
WG1_Weilburger_Grenze,20251007_125428.jpg,37_Baltia_R4S_269_1_37,15.0,,,True,10,0.021897034824645133,140.73816598413237,6.414656639099121,6.685764789581299,6.370461463928223,7.253538131713867,7.554991722106934,7.365830898284912,6.234299182891846,6.402538776397705,5.915611743927002,6.079763412475586,5.413105010986328,6.037632942199707,6.737817764282227,6.767812252044678,7.3699846267700195,6.746870994567871
WG1_Weilburger_Grenze,20251007_125446.jpg,38_OLIMPIADE_R4S_216_1_38,4.0,,,True,13,0.047442042304294406,144.59282218182926,5.263310432434082,5.499872207641602,4.965551853179932,3.2965333461761475,3.4160327911376953,3.2615602016448975,3.524156332015991,3.519113779067993,3.245619773864746,2.955498456954956,3.2417383193969727,3.0291059017181396,5.542168617248535,5.4703168869018555,5.7364091873168945,5.412616729736328
WG1_Weilburger_Grenze,20251007_125454.jpg,38_OLIMPIADE_R4S_216_1_38,3.0,,,True,13,0.043482559804226516,143.99669900032754,4.239051818847656,4.362984657287598,3.7427196502685547,3.459495782852173,3.6113176345825195,3.312957286834717,3.954906702041626,5.051680088043213,3.9976284503936768,3.932626962661743,4.176859378814697,3.9920926094055176,4.86053466796875,4.498824119567871,4.550363540649414,4.343674659729004
WG1_Weilburger_Grenze,20251007_125500.jpg,38_OLIMPIADE_R4S_216_1_38,16.0,,,True,14,0.0370048557382334,144.81877266682784,2.9938955307006836,3.009467601776123,2.977170467376709,1.968156337738037,2.0236191749572754,1.9655739068984985,3.00384521484375,3.3957009315490723,2.9872560501098633,2.471266984939575,2.8172876834869385,2.7680201530456543,2.9494996070861816,2.7131643295288086,3.3353066444396973,3.269280433654785
WG1_Weilburger_Grenze,20251007_125520.jpg,39_LSF 0519_R4S_233_1_39,18.0,,,True,6,0.014500443885948022,141.79125964402635,3.8518099784851074,4.036504745483398,3.9350266456604004,2.3756935596466064,2.6246297359466553,2.4913008213043213,4.090710163116455,4.400341987609863,4.021368980407715,3.320434331893921,3.797600746154785,3.61820387840271,3.6344528198242188,3.670461416244507,4.258992671966553,4.1051740646362305
WG1_Weilburger_Grenze,20251007_125527.jpg,39_LSF 0519_R4S_233_1_39,15.0,,,True,13,0.040754231949440146,142.62127405555896,2.095205783843994,2.086613655090332,2.104335308074951,1.7613425254821777,1.7413480281829834,1.6725211143493652,2.660208225250244,2.4610042572021484,2.505039691925049,2.12986421585083,2.3032872676849365,2.259418487548828,1.9088823795318604,1.7683546543121338,2.1954033374786377,2.3833601474761963
WG1_Weilburger_Grenze,20251007_125535.jpg,39_LSF 0519_R4S_233_1_39,18.0,,,True,9,0.02765416697698667,144.6724536175037,3.455537796020508,3.451106548309326,3.2714362144470215,3.0810742378234863,3.1459386348724365,2.9083411693573,3.4246139526367188,3.996472120285034,3.3755407333374023,3.0630929470062256,3.3589649200439453,3.2589728832244873,3.609922409057617,3.282456398010254,3.869199275970459,3.666473150253296
WG1_Weilburger_Grenze,20251007_125552.jpg,40_NORIN_R4S_195_1_40,12.0,,,True,11,0.034288787975960196,147.36521572724547,3.7278404235839844,3.8289711475372314,3.493338108062744,3.9374470710754395,4.007427215576172,3.6776652336120605,3.839564800262451,4.1696929931640625,3.5878279209136963,3.470700979232788,3.7444400787353516,3.4689950942993164,4.064237594604492,3.63084077835083,3.9466605186462402,3.8799967765808105
WG1_Weilburger_Grenze,20251007_125603.jpg,40_NORIN_R4S_195_1_40,3.0,,,True,12,0.043592271089871286,142.4209159501667,4.923486709594727,5.0054521560668945,4.572833061218262,4.251714706420898,4.885239601135254,4.428470134735107,4.4153733253479,4.595759391784668,3.8932058811187744,3.805375576019287,4.109897613525391,3.65680193901062,5.759998321533203,5.281288146972656,5.617781639099121,5.007817268371582
WG1_Weilburger_Grenze,20251007_125612.jpg,40_NORIN_R4S_195_1_40,3.0,,,True,8,0.03770088003349342,142.28803825564086,3.2338953018188477,3.2402496337890625,2.86159086227417,2.7794275283813477,3.096254348754883,2.6676645278930664,3.3376808166503906,3.7421207427978516,3.0641489028930664,2.962273120880127,3.356149673461914,3.017871856689453,3.5711071491241455,3.0977463722229004,3.2967848777770996,3.373821496963501
WG1_Weilburger_Grenze,20251007_125630.jpg,41_H61_R4S_471_1_41,4.0,,,True,5,0.02227917584235247,142.2100530594192,2.5725793838500977,2.6492457389831543,2.5832560062408447,2.2020468711853027,2.593803882598877,2.2744505405426025,3.557398557662964,3.4361655712127686,3.278434991836548,2.8405022621154785,3.112698554992676,2.8636550903320312,2.840847969055176,2.6285266876220703,2.9989352226257324,2.824359178543091
WG1_Weilburger_Grenze,20251007_125639.jpg,41_H61_R4S_471_1_41,1.0,,,False,20,0.010056416666666667,146.12859858333334,10.023343086242676,10.242692947387695,9.231197357177734,7.893665790557861,8.022042274475098,7.56533145904541,8.646958351135254,9.116968154907227,7.258734226226807,8.375917434692383,8.154046058654785,8.552915573120117,9.95631217956543,9.740087509155273,10.213888168334961,10.599435806274414
WG1_Weilburger_Grenze,20251007_125647.jpg,41_H61_R4S_471_1_41,2.0,,,True,6,0.019568423542913518,143.78647787503712,3.7961511611938477,3.6468424797058105,3.382453203201294,3.817638874053955,4.037984848022461,3.69268536567688,4.179849624633789,4.880863189697266,4.225092887878418,4.01242208480835,4.351706504821777,4.056797504425049,4.173915863037109,3.73970103263855,4.033992767333984,4.0428948402404785
WG1_Weilburger_Grenze,20251007_125709.jpg,42_Slovenska Krajova_R4S_288_1_42,3.0,,,True,6,0.02242311346005675,141.49591341219767,2.9425086975097656,3.0688412189483643,2.830080986022949,6.157544136047363,6.613431453704834,6.430273532867432,3.2145745754241943,2.7992985248565674,2.607760429382324,3.0044443607330322,2.766397714614868,3.0118660926818848,2.8577880859375,2.793522357940674,3.057657241821289,3.1874661445617676
WG1_Weilburger_Grenze,20251007_125718.jpg,42_Slovenska Krajova_R4S_288_1_42,3.0,,,True,6,0.022354811656999093,144.42393207894662,6.303863525390625,6.752810955047607,5.481590270996094,6.1572465896606445,7.1861419677734375,6.251272201538086,5.852572441101074,7.208874702453613,5.222177028656006,5.682743072509766,5.9201459884643555,5.714639663696289,7.504957675933838,6.427196502685547,6.757293701171875,6.2972259521484375
WG1_Weilburger_Grenze,20251007_125726.jpg,42_Slovenska Krajova_R4S_288_1_42,15.0,,,True,10,0.015005937983758374,145.24499624889518,8.855969429016113,9.146587371826172,8.507428169250488,10.228706359863281,10.5610990524292,10.41450309753418,8.161566734313965,9.814591407775879,8.02015495300293,10.4288330078125,9.769011497497559,9.597678184509277,10.705269813537598,9.695667266845703,9.672453880310059,8.51712417602539
WG1_Weilburger_Grenze,20251007_125758.jpg,43_COUVE NABICA_R4S_305_1_43,12.0,,,True,6,0.01859882021244499,141.04523195205942,2.9130377769470215,2.928532600402832,3.0000576972961426,2.498415946960449,2.737365484237671,2.643049716949463,3.8557794094085693,4.392298698425293,4.082518100738525,4.028240203857422,3.9213101863861084,3.802091360092163,2.738626718521118,2.6793212890625,2.9156012535095215,3.1358704566955566
WG1_Weilburger_Grenze,20251007_125807.jpg,43_COUVE NABICA_R4S_305_1_43,13.0,,,True,7,0.018852094720509003,140.6820448443547,4.770259380340576,4.805757522583008,4.357805252075195,4.5114545822143555,4.855963706970215,4.293055534362793,5.811203479766846,6.191571235656738,5.465058326721191,5.206111907958984,5.196514129638672,4.854654788970947,4.9022979736328125,4.424731731414795,4.5825910568237305,4.950665473937988
WG1_Weilburger_Grenze,20251007_125817.jpg,43_COUVE NABICA_R4S_305_1_43,4.0,,,True,5,0.015561256301997043,144.03154797272444,4.694725513458252,4.7025604248046875,4.334968566894531,5.109273910522461,5.889250755310059,5.103241443634033,4.852565765380859,5.537941932678223,4.606973171234131,4.731623649597168,4.92975378036499,4.283468723297119,5.981051445007324,4.835448265075684,5.010257720947266,4.684297561645508
WG1_Weilburger_Grenze,20251007_125835.jpg,44_CAPRICORN DH1_R4S_189_1_44,18.0,,,True,13,0.04018016221039979,144.47977356616664,6.927081108093262,7.072140693664551,5.992770195007324,8.402383804321289,9.142186164855957,8.567902565002441,6.6377177238464355,7.594455242156982,5.797057151794434,6.11989688873291,6.261984348297119,5.8227314949035645,8.029870986938477,6.80533504486084,6.886434555053711,7.0165815353393555
WG1_Weilburger_Grenze,20251007_125845.jpg,44_CAPRICORN DH1_R4S_189_1_44,15.0,,,True,11,0.025701926890748877,138.0850764866513,8.148045539855957,8.444316864013672,7.51043701171875,8.478094100952148,9.325667381286621,8.751875877380371,8.340200424194336,7.833677291870117,8.454750061035156,7.023655414581299,7.026078701019287,7.853109359741211,8.5364408493042,8.189998626708984,8.584606170654297,8.123591423034668
WG1_Weilburger_Grenze,20251007_125853.jpg,44_CAPRICORN DH1_R4S_189_1_44,16.0,,,True,9,0.023660750048637574,140.78984769936463,6.228680610656738,6.555773735046387,5.671947956085205,7.229851245880127,7.171002388000488,6.708550453186035,5.279852867126465,5.780549049377441,4.848300457000732,5.281266212463379,4.684154987335205,5.48309850692749,7.085552215576172,6.479419708251953,6.766504287719727,6.117370128631592
WG1_Weilburger_Grenze,20251007_125911.jpg,45_Markus_R4S_385_1_45,5.0,,,True,7,0.03215168236627464,142.34813442002283,3.900557518005371,3.9200682640075684,3.6693508625030518,4.273595809936523,4.547338485717773,4.377840042114258,4.728912830352783,5.195867538452148,4.393641471862793,4.314114093780518,4.293023586273193,4.241363525390625,3.952043294906616,3.6201934814453125,4.170003890991211,4.117910385131836
WG1_Weilburger_Grenze,20251007_125918.jpg,45_Markus_R4S_385_1_45,5.0,,,True,7,0.018148598004713114,141.26737622888703,5.330439567565918,5.376335620880127,5.373970985412598,5.77756404876709,5.94268798828125,5.714925289154053,4.761189937591553,4.310196876525879,5.459057331085205,4.45565938949585,3.8092620372772217,5.266448974609375,5.228556156158447,5.055259704589844,5.7634196281433105,5.618323802947998
WG1_Weilburger_Grenze,20251007_125926.jpg,45_Markus_R4S_385_1_45,6.0,,,False,26,0.014097083333333333,148.91269633333334,6.062605857849121,6.36028528213501,5.623493194580078,6.9471845626831055,7.338037967681885,6.700131416320801,6.8075456619262695,6.581906795501709,5.582454204559326,6.0607218742370605,6.122157096862793,6.166536331176758,6.249574661254883,5.917076110839844,6.323542594909668,6.271613597869873
WG1_Weilburger_Grenze,20251007_125944.jpg,46_Lirakotta_R4S_280_1_46,13.0,,,True,8,0.01898689906022153,139.15158608189734,2.8272221088409424,2.7957301139831543,2.6245851516723633,2.1516482830047607,2.2682487964630127,2.0825181007385254,2.841707468032837,3.105109214782715,2.804924249649048,2.542994976043701,2.8443002700805664,2.560901165008545,2.8810575008392334,2.6078617572784424,2.950321674346924,2.9957399368286133
WG1_Weilburger_Grenze,20251007_125951.jpg,46_Lirakotta_R4S_280_1_46,10.0,,,True,9,0.02359799070325386,142.39638474506896,4.698905944824219,4.855827331542969,4.398807048797607,3.5250020027160645,3.7311506271362305,3.510528564453125,4.898045063018799,5.875227928161621,4.788975715637207,4.459269046783447,4.8988752365112305,4.530722618103027,4.943886756896973,4.486189365386963,5.077488899230957,4.911296844482422
WG1_Weilburger_Grenze,20251007_125959.jpg,46_Lirakotta_R4S_280_1_46,15.0,,,True,8,0.027760529883151457,147.4423490136697,4.150530815124512,4.119052886962891,4.183740615844727,3.940643310546875,4.04524040222168,4.052698612213135,4.9569172859191895,5.517989158630371,4.8833513259887695,4.415616512298584,4.707421779632568,4.428094863891602,4.584176063537598,4.167705059051514,4.982903957366943,4.423301696777344
WG1_Weilburger_Grenze,20251007_130018.jpg,47_ALLESANDRO KWS_R4S_551_1_47,4.0,,,True,8,0.02124702072303186,137.9371743588544,3.5932998657226562,3.5807838439941406,3.4272654056549072,3.506826877593994,3.5132741928100586,3.5458714962005615,3.8148627281188965,4.58089542388916,3.969636917114258,3.7191896438598633,4.0442705154418945,3.9513652324676514,3.9467873573303223,3.654630184173584,4.051647186279297,3.736661911010742
WG1_Weilburger_Grenze,20251007_130026.jpg,47_ALLESANDRO KWS_R4S_551_1_47,8.0,,,True,6,0.024443478865756447,142.3339973647095,3.1613869667053223,3.374087333679199,3.001138687133789,2.606782913208008,2.9469079971313477,2.6062769889831543,3.692784070968628,4.0081048011779785,3.4591588973999023,3.19486927986145,3.4342620372772217,3.107814073562622,2.998105525970459,2.9563889503479004,3.3163740634918213,3.3930063247680664
WG1_Weilburger_Grenze,20251007_130033.jpg,47_ALLESANDRO KWS_R4S_551_1_47,3.0,,,True,7,0.03951820905568071,144.8260996883327,6.02011775970459,5.832907676696777,5.045782089233398,4.700064659118652,4.751948833465576,4.577517032623291,5.551176071166992,6.161334037780762,5.425290584564209,5.1323161125183105,4.982223033905029,5.0113983154296875,6.834314346313477,5.571355819702148,5.79710578918457,6.2427754402160645
WG1_Weilburger_Grenze,20251007_130102.jpg,48_Cooper_R4S_154_1_48,2.0,,,True,7,0.029886979389885892,142.20208042833946,3.362262725830078,3.4711217880249023,3.231895923614502,3.5083577632904053,3.876105308532715,3.4926435947418213,3.7478771209716797,4.391502380371094,3.6538097858428955,3.5398337841033936,3.752112865447998,3.564985752105713,3.593536376953125,3.2393646240234375,3.5213871002197266,3.482957363128662
WG1_Weilburger_Grenze,20251007_130110.jpg,48_Cooper_R4S_154_1_48,17.0,,,True,10,0.02915921451717697,142.6928018082414,3.9360692501068115,3.8241634368896484,3.4827914237976074,4.0201520919799805,4.468011379241943,3.9479622840881348,4.0152363777160645,4.807074546813965,3.554535388946533,3.632723808288574,3.9391472339630127,3.367959976196289,4.593035697937012,3.7923502922058105,4.051846027374268,3.9311676025390625
WG1_Weilburger_Grenze,20251007_130118.jpg,48_Cooper_R4S_154_1_48,3.0,,,True,7,0.019602550181679213,145.94360614534742,4.551835060119629,4.586448669433594,4.272450923919678,4.271856307983398,4.603672027587891,4.232229709625244,4.966525077819824,6.094444751739502,4.348321914672852,4.902099609375,5.049545764923096,4.39425802230835,5.327866554260254,4.546456336975098,4.803951263427734,4.619588375091553
WG1_Weilburger_Grenze,20251007_130138.jpg,49_Express 617_R4S507_1_49,3.0,,,True,6,0.028064283501383715,143.37024922483346,2.8744513988494873,2.8287787437438965,2.6845293045043945,2.883098602294922,3.2363533973693848,2.9200305938720703,3.2409441471099854,3.3198025226593018,3.0492615699768066,2.80033802986145,3.1303465366363525,2.937527656555176,3.3043296337127686,2.7058258056640625,2.975170373916626,3.0200061798095703
WG1_Weilburger_Grenze,20251007_130145.jpg,49_Express 617_R4S507_1_49,1.0,,,True,9,0.03593073593073593,140.2538130474177,4.071633338928223,4.044763565063477,3.744292736053467,5.191440582275391,5.654669761657715,5.182088851928711,4.811985015869141,4.770029544830322,4.805791854858398,3.77053165435791,4.332836627960205,4.293097019195557,4.133993148803711,3.6165363788604736,4.011436462402344,4.15358829498291
WG1_Weilburger_Grenze,20251007_130154.jpg,49_Express 617_R4S507_1_49,2.0,,,True,7,0.02322224504467495,142.71185324021772,3.671229362487793,3.794877052307129,3.365492582321167,4.104273319244385,4.480795860290527,4.0628204345703125,3.773038387298584,3.8608789443969727,3.6748480796813965,3.296934127807617,3.533824920654297,3.6497063636779785,4.040223121643066,3.6241631507873535,3.8089451789855957,3.7301833629608154
WG1_Weilburger_Grenze,20251007_130215.jpg,50_Hokkai 3-Go_R4S_275_1_50,2.0,,,True,5,0.02455415948930996,140.7260269530854,4.847502708435059,4.841843128204346,4.582594871520996,6.304427146911621,6.2576422691345215,6.040284156799316,5.8558759689331055,5.942049026489258,5.599933624267578,4.6687798500061035,4.875333786010742,5.236246585845947,4.677950859069824,4.433211326599121,4.979671955108643,4.9562530517578125
WG1_Weilburger_Grenze,20251007_130224.jpg,50_Hokkai 3-Go_R4S_275_1_50,3.0,,,True,8,0.020229669904290294,144.592060466247,3.426819324493408,3.4854633808135986,3.2880055904388428,3.221017360687256,3.3926477432250977,3.045085906982422,4.591129779815674,4.266507625579834,4.0849223136901855,3.6403086185455322,4.066481590270996,3.6767590045928955,3.103640079498291,3.0090858936309814,3.3052048683166504,3.6614203453063965
WG1_Weilburger_Grenze,20251007_130234.jpg,50_Hokkai 3-Go_R4S_275_1_50,3.0,,,True,9,0.03402413336698065,143.12558466506326,3.8011980056762695,3.8106374740600586,3.743858575820923,3.917670249938965,3.859380006790161,3.8668372631073,4.38212251663208,5.0767903327941895,4.18381929397583,3.7137792110443115,4.382859706878662,3.701465606689453,4.11152458190918,3.456941604614258,4.144655227661133,3.8572003841400146
WG1_Weilburger_Grenze,20251007_130253.jpg,51_NK Nemax_R4S_184_1_51,8.0,,,True,12,0.03261563287112941,140.37363368830458,6.132185459136963,6.257282257080078,5.7290191650390625,6.071995258331299,6.40443754196167,6.2014617919921875,5.290214538574219,6.0121169090271,5.497434616088867,4.676412105560303,5.378973960876465,5.408866882324219,6.737242698669434,6.294712066650391,6.43349027633667,6.047252655029297
WG1_Weilburger_Grenze,20251007_130304.jpg,51_NK Nemax_R4S_184_1_51,4.0,,,True,10,0.03655913978494624,141.79195989818712,2.8017454147338867,2.8064088821411133,2.6186141967773438,2.0683670043945312,2.2054080963134766,2.09005069732666,3.0919992923736572,3.8683764934539795,3.2337236404418945,2.7997004985809326,3.2027065753936768,3.055635452270508,3.065196990966797,2.738642692565918,3.2281339168548584,3.045163869857788
WG1_Weilburger_Grenze,20251007_130312.jpg,51_NK Nemax_R4S_184_1_51,1.0,,,True,10,0.03337026748650083,139.02123141587856,3.6137747764587402,4.089682579040527,3.241297721862793,2.834021806716919,3.470569610595703,3.0092198848724365,3.096416711807251,3.620229959487915,2.9024319648742676,3.0103039741516113,3.2294492721557617,2.8105902671813965,4.06453275680542,3.8056204319000244,3.841940402984619,3.5909266471862793
WG1_Weilburger_Grenze,20251007_130332.jpg,52_Dippes_R4S_395_1_52,2.0,,,True,10,0.05095407799613074,142.6288056206089,3.2438364028930664,3.2717251777648926,3.0012049674987793,4.987498760223389,4.982553005218506,4.869166374206543,3.1749651432037354,3.5499267578125,2.9406747817993164,2.8544297218322754,2.9530060291290283,2.794184446334839,3.2971739768981934,2.9238762855529785,3.131434917449951,3.3961915969848633
WG1_Weilburger_Grenze,20251007_130342.jpg,52_Dippes_R4S_395_1_52,3.0,,,True,7,0.02740905148221848,143.50876881473545,4.669801235198975,4.579624176025391,3.977099895477295,4.650966644287109,4.804730415344238,4.162570953369141,4.740550518035889,5.802521705627441,4.590267181396484,4.599281311035156,5.012541770935059,4.376938343048096,5.151035308837891,4.37441349029541,4.635136604309082,4.555971145629883
WG1_Weilburger_Grenze,20251007_130349.jpg,52_Dippes_R4S_395_1_52,2.0,,,False,13,0.007479583333333334,148.92686658333332,10.237602233886719,10.78615951538086,9.625832557678223,8.964872360229492,9.569398880004883,9.09589958190918,8.365050315856934,8.343045234680176,7.156037330627441,7.740578651428223,6.890214920043945,8.16399097442627,11.273284912109375,11.043910026550293,11.055530548095703,10.054925918579102
WG1_Weilburger_Grenze,20251007_130409.jpg,53_Maplus_R4S_199_1_53,10.0,,,True,9,0.03431216052623121,144.11471294044546,4.546737194061279,4.525744915008545,4.0430097579956055,5.633234977722168,6.040159225463867,5.429277420043945,4.587168216705322,5.503859519958496,4.228677272796631,4.329981327056885,4.974034786224365,4.175929546356201,5.610474586486816,4.561639785766602,4.7449846267700195,4.57260274887085
WG1_Weilburger_Grenze,20251007_130417.jpg,53_Maplus_R4S_199_1_53,8.0,,,True,11,0.04522015665806743,142.10734522623022,6.713037967681885,6.668798446655273,6.449597358703613,6.516165256500244,6.20004415512085,6.313022136688232,7.864932537078857,8.713239669799805,7.3460588455200195,6.62408447265625,6.901219367980957,6.748427391052246,7.247600555419922,6.40651798248291,7.347599983215332,7.161527156829834
WG1_Weilburger_Grenze,20251007_130424.jpg,53_Maplus_R4S_199_1_53,23.0,,,True,7,0.023771171663184293,148.71511054111298,4.073805809020996,3.9727864265441895,3.4688220024108887,4.6136040687561035,4.724115371704102,4.258976936340332,4.657573699951172,5.700662612915039,4.274418830871582,4.176573276519775,4.75484037399292,4.272279739379883,4.322761058807373,3.7459921836853027,4.005438327789307,4.150128364562988
WG1_Weilburger_Grenze,20251007_130444.jpg,54_Taisetsu_R4S_525_1_54,12.0,,,True,11,0.03595768289864773,143.93737001267002,4.092594623565674,4.355463027954102,3.7669765949249268,3.099827766418457,3.4319353103637695,3.142789363861084,4.06913423538208,4.659893035888672,3.989567518234253,3.6034135818481445,4.204526901245117,3.4455509185791016,4.998641014099121,4.30392599105835,4.630653381347656,4.148079872131348
WG1_Weilburger_Grenze,20251007_130454.jpg,54_Taisetsu_R4S_525_1_54,3.0,,,True,15,0.049687169861636765,144.66944829071664,3.4813766479492188,3.5590550899505615,3.1994473934173584,3.8785910606384277,4.101119041442871,3.8446125984191895,3.6696736812591553,3.9718825817108154,3.3450870513916016,3.2938427925109863,3.7411649227142334,3.178223133087158,3.9231414794921875,3.4511797428131104,3.7718796730041504,3.6334943771362305
WG1_Weilburger_Grenze,20251007_130504.jpg,54_Taisetsu_R4S_525_1_54,4.0,,,True,6,0.019116284698045424,143.376193465966,4.870201110839844,4.630505561828613,4.351639270782471,3.5463714599609375,3.533318519592285,3.429398536682129,4.153120040893555,4.13661527633667,3.886679172515869,3.1025094985961914,3.745107650756836,3.2069060802459717,5.662898063659668,4.689345836639404,5.467900276184082,5.077913284301758
WG1_Weilburger_Grenze,20251007_130526.jpg,55_Musette_R4S_240_1_55,4.0,,,True,7,0.02465943158018172,139.41161801357757,4.25784158706665,4.524582862854004,4.03049898147583,3.61624813079834,3.8161532878875732,3.5821423530578613,3.726689577102661,4.414700508117676,3.3876354694366455,3.562302827835083,3.8610897064208984,3.418987512588501,4.77806282043457,4.359399318695068,4.674495697021484,4.37899112701416
WG1_Weilburger_Grenze,20251007_130534.jpg,55_Musette_R4S_240_1_55,13.0,,,True,6,0.02184082637023161,143.49863510882156,10.305614471435547,10.398862838745117,9.042898178100586,8.994558334350586,9.955344200134277,9.227794647216797,7.957406997680664,10.447415351867676,7.655535697937012,7.678564071655273,8.868856430053711,7.419823169708252,12.222768783569336,10.869682312011719,11.09449577331543,9.986438751220703
WG1_Weilburger_Grenze,20251007_130543.jpg,55_Musette_R4S_240_1_55,5.0,,,False,13,0.008027916666666666,147.45539575,5.747252941131592,5.923080921173096,5.408005237579346,6.580399990081787,6.462475776672363,6.3952155113220215,7.809103965759277,7.839053153991699,7.274884223937988,6.673459053039551,5.794366836547852,7.595607757568359,6.031589508056641,5.562283992767334,6.077220916748047,5.9086456298828125
WG1_Weilburger_Grenze,20251007_130612.jpg,56_R53_R4S_294_1_56,2.0,,,True,9,0.01617601250925714,143.29881632392045,3.825829029083252,3.8832199573516846,3.6482722759246826,3.09071683883667,3.4913747310638428,3.3548622131347656,4.0409064292907715,4.662843704223633,3.9778928756713867,3.74788761138916,4.1687211990356445,3.731184482574463,4.099346160888672,3.6519463062286377,3.8541738986968994,3.9626665115356445
WG1_Weilburger_Grenze,20251007_130619.jpg,56_R53_R4S_294_1_56,2.0,,,True,8,0.019981781035107865,143.98931655653485,4.293832778930664,4.3214287757873535,4.319900035858154,3.509934425354004,3.7006914615631104,3.5163192749023438,4.877408504486084,4.510466575622559,4.318280220031738,4.025545120239258,4.3006486892700195,3.9747166633605957,4.180493354797363,3.9107089042663574,4.402673244476318,4.595283508300781
WG1_Weilburger_Grenze,20251007_130627.jpg,56_R53_R4S_294_1_56,1.0,,,True,7,0.019952954269526507,144.2895573654391,2.3304362297058105,2.4709246158599854,2.3242039680480957,1.9215906858444214,2.1254422664642334,1.9691550731658936,2.6702842712402344,2.772554874420166,2.457425832748413,2.3723154067993164,2.5118415355682373,2.3114817142486572,2.2830123901367188,2.191647529602051,2.3578319549560547,2.371433973312378
WG1_Weilburger_Grenze,20251007_130648.jpg,57_JANETZKIS SCHLESISCHER_R4S_217_1_57,4.0,,,True,9,0.030875760543945318,143.70689910517032,2.9076085090637207,2.8442609310150146,2.664957284927368,2.6420369148254395,2.9678194522857666,2.697620391845703,3.278404951095581,3.4202795028686523,3.209768295288086,2.8545401096343994,3.2379138469696045,2.771784782409668,3.46975040435791,2.951115608215332,3.2055869102478027,3.0596704483032227
WG1_Weilburger_Grenze,20251007_130656.jpg,57_JANETZKIS SCHLESISCHER_R4S_217_1_57,2.0,,,True,10,0.03370508943264361,142.7222124269338,5.236279487609863,5.627867698669434,5.249660491943359,4.002861976623535,4.497410774230957,4.186008930206299,4.903130054473877,5.629894256591797,4.53755521774292,4.771503925323486,4.94720458984375,4.420078754425049,5.707952499389648,5.515824317932129,6.3348774909973145,5.5026960372924805
WG1_Weilburger_Grenze,20251007_130705.jpg,57_JANETZKIS SCHLESISCHER_R4S_217_1_57,18.0,,,True,8,0.03094731833151759,145.53796761711558,8.452385902404785,8.259858131408691,7.480925559997559,11.504560470581055,11.278894424438477,11.284173965454102,10.577381134033203,11.14760971069336,10.191384315490723,9.428227424621582,9.36783218383789,9.962340354919434,9.204636573791504,8.172075271606445,8.700602531433105,8.349381446838379
WG1_Weilburger_Grenze,20251007_130726.jpg,58_Bolko_R4S_398_1_58,14.0,,,True,6,0.01893116911361118,142.9679277747394,4.497900009155273,4.4861063957214355,3.9768333435058594,4.794742584228516,5.243781089782715,4.748595237731934,4.57573127746582,5.63653039932251,4.171554088592529,4.558156967163086,4.925787925720215,4.351108074188232,5.6214680671691895,4.775143623352051,4.794461250305176,4.475204944610596
WG1_Weilburger_Grenze,20251007_130733.jpg,58_Bolko_R4S_398_1_58,4.0,,,True,10,0.03397276924434163,142.70515845398316,3.2239716053009033,3.272322177886963,3.1149017810821533,2.4128599166870117,2.7377047538757324,2.5877914428710938,3.205380916595459,3.9527719020843506,3.0966906547546387,2.8754568099975586,3.2785825729370117,2.934459924697876,3.646332263946533,3.2182819843292236,3.728311538696289,3.3200604915618896
WG1_Weilburger_Grenze,20251007_130740.jpg,58_Bolko_R4S_398_1_58,2.0,,,True,7,0.026176121176121177,147.97372586872586,5.95804500579834,5.697165489196777,4.991448402404785,8.00409984588623,9.032456398010254,8.297568321228027,5.752806186676025,7.189778804779053,5.031853199005127,5.799238681793213,6.249393463134766,6.1927170753479,7.178086757659912,6.087597846984863,6.295083045959473,6.009830951690674
WG1_Weilburger_Grenze,20251007_130758.jpg,59_LG Avenger_R4S_501_1_59,13.0,,,True,6,0.03549444617022496,144.65314727073675,3.973735809326172,3.8308417797088623,3.4977149963378906,4.027563095092773,4.4628825187683105,4.01359748840332,4.52401065826416,4.993734359741211,4.146975040435791,4.125238418579102,4.340256214141846,4.023983955383301,4.966779708862305,4.090876579284668,4.38532829284668,4.111189842224121
WG1_Weilburger_Grenze,20251007_130804.jpg,59_LG Avenger_R4S_501_1_59,8.0,,,True,6,0.023543093175943452,144.84583514201253,2.913970470428467,2.7640256881713867,3.2003958225250244,4.45517110824585,4.295301914215088,4.507152557373047,4.704464435577393,4.157726287841797,4.310268878936768,3.6734938621520996,3.5052876472473145,3.824237823486328,2.5364813804626465,2.466531276702881,3.1554338932037354,3.423208713531494
WG1_Weilburger_Grenze,20251007_130811.jpg,59_LG Avenger_R4S_501_1_59,3.0,,,True,4,0.03184713690811795,143.12501112792665,3.308516502380371,3.3709845542907715,3.0975122451782227,3.721193790435791,4.397788047790527,3.846586227416992,4.510423183441162,4.284234523773193,4.052929401397705,3.637108325958252,3.9291892051696777,3.6578264236450195,3.675724506378174,3.24082612991333,3.4797897338867188,3.4904205799102783
WG1_Weilburger_Grenze,20251007_130830.jpg,60_R8_R4S_490_1_60,8.0,,,True,8,0.023765541570405592,140.87355416662672,3.9933204650878906,4.207920074462891,4.074356555938721,7.817625999450684,8.024465560913086,7.399444103240967,5.097200870513916,6.077404499053955,4.919867515563965,4.8217692375183105,5.941673755645752,5.331401824951172,4.121716022491455,4.054489612579346,4.391327857971191,4.163918495178223
WG1_Weilburger_Grenze,20251007_130838.jpg,60_R8_R4S_490_1_60,2.0,,,True,11,0.0429878577448715,144.71462222302875,3.8213906288146973,4.106706619262695,3.845827579498291,3.942336082458496,4.042475700378418,3.8443212509155273,3.6139185428619385,4.030996799468994,3.4632999897003174,3.205731153488159,3.4856293201446533,3.1224822998046875,4.1460418701171875,3.9998180866241455,4.434289932250977,3.947267532348633
WG1_Weilburger_Grenze,20251007_130845.jpg,60_R8_R4S_490_1_60,8.0,,,True,5,0.024112663247629375,144.98252337426388,3.266813278198242,3.619065284729004,3.063633441925049,3.3212759494781494,3.891069173812866,3.516010284423828,3.780212640762329,4.374148368835449,3.5586097240448,3.3056230545043945,3.8365695476531982,3.1530563831329346,3.7949719429016113,3.342545986175537,3.4595797061920166,3.2283413410186768
WG1_Weilburger_Grenze,20251007_130925.jpg,120_Wilhelmsburger Reform_R4S_336_2_60,3.0,,,True,9,0.01282051282051282,140.50233357177802,9.656269073486328,10.088205337524414,9.434181213378906,7.234245300292969,7.609896659851074,7.3096723556518555,5.507926940917969,5.660297870635986,5.208101749420166,5.093332767486572,5.035601615905762,5.340445041656494,11.31917953491211,11.214067459106445,10.401918411254883,9.35850715637207
WG1_Weilburger_Grenze,20251007_130934.jpg,120_Wilhelmsburger Reform_R4S_336_2_60,1.0,,,True,10,0.021838424562255626,141.66282074394567,13.03584098815918,13.68754768371582,11.857401847839355,6.766754150390625,7.060247421264648,6.626134872436523,6.414000034332275,7.75855016708374,5.593026638031006,6.68585729598999,6.433382511138916,5.887119293212891,14.443987846374512,14.398331642150879,13.380363464355469,12.74722671508789
WG1_Weilburger_Grenze,20251007_130943.jpg,120_Wilhelmsburger Reform_R4S_336_2_60,2.0,,,True,9,0.0169421061777388,141.72189870399632,5.339486122131348,5.845755577087402,5.335157871246338,4.026144027709961,4.545452117919922,4.122132778167725,4.922567844390869,5.827634811401367,4.60727071762085,4.948081016540527,5.215784549713135,4.584883213043213,5.719080448150635,5.5441389083862305,5.593110084533691,5.625764846801758
WG1_Weilburger_Grenze,20251007_131006.jpg,119_R59_R4S_440_2_59,4.0,,,True,6,0.022298582350070695,145.9904296117416,10.848827362060547,11.56717586517334,10.203871726989746,8.524133682250977,9.31391429901123,9.065906524658203,8.846090316772461,9.223564147949219,7.757793426513672,8.213440895080566,9.107943534851074,7.891803741455078,13.467584609985352,12.789562225341797,12.686010360717773,10.594552993774414
WG1_Weilburger_Grenze,20251007_131014.jpg,119_R59_R4S_440_2_59,19.0,,,True,10,0.03073764509119422,145.32391465739084,10.817253112792969,11.036169052124023,9.721226692199707,12.205989837646484,13.355049133300781,12.10466194152832,9.816913604736328,11.205010414123535,8.36159896850586,9.54810619354248,10.258659362792969,9.376500129699707,12.173879623413086,11.877872467041016,12.370931625366211,10.85744857788086
WG1_Weilburger_Grenze,20251007_131021.jpg,119_R59_R4S_440_2_59,2.0,,,True,9,0.026707736199199257,141.12086274877618,10.427315711975098,10.608999252319336,9.48042106628418,9.058932304382324,9.51718807220459,9.160869598388672,9.270689010620117,10.555164337158203,8.097055435180664,8.360962867736816,10.235865592956543,8.192234992980957,12.51101303100586,11.817143440246582,11.638561248779297,10.144318580627441
WG1_Weilburger_Grenze,20251007_131039.jpg,118_Smaragd_R4S_543_2_58,2.0,,,True,4,0.022762050003741634,140.5550518539162,3.4767446517944336,3.640021800994873,3.253781318664551,3.23734974861145,3.602649688720703,3.3295602798461914,3.5281319618225098,4.058718681335449,3.4261722564697266,3.398803949356079,3.6441638469696045,3.192145347595215,4.257500648498535,3.6818437576293945,3.6983020305633545,3.407170295715332
WG1_Weilburger_Grenze,20251007_131046.jpg,118_Smaragd_R4S_543_2_58,3.0,,,True,8,0.02252043241835173,144.98445335140502,4.872803211212158,4.963551998138428,4.414616584777832,5.464197158813477,5.755248546600342,5.459089756011963,4.417479991912842,4.778738021850586,3.9072909355163574,4.155728340148926,5.199577331542969,4.193489074707031,5.616128921508789,5.282345294952393,5.320058822631836,4.830748558044434
WG1_Weilburger_Grenze,20251007_131053.jpg,118_Smaragd_R4S_543_2_58,1.0,,,True,5,0.012700587613506788,147.96091142517082,4.25072717666626,4.778634071350098,4.096773147583008,3.635164737701416,4.113683700561523,3.7109780311584473,3.4980642795562744,4.425760746002197,3.2612721920013428,3.754301071166992,4.025595664978027,3.6946966648101807,5.276262283325195,4.916045188903809,4.607644081115723,4.2048540115356445
WG1_Weilburger_Grenze,20251007_131116.jpg,117_Tipperary (Magnificent)_R4S_326_2_57,1.0,,,True,11,0.019770717157307743,140.288660874076,5.276305198669434,4.753288745880127,4.854170799255371,4.120870590209961,4.065366744995117,3.970019578933716,4.319960117340088,4.584493160247803,4.223356246948242,3.979349136352539,4.121822834014893,3.8926215171813965,5.302375793457031,4.75870418548584,5.338718414306641,5.379083156585693
WG1_Weilburger_Grenze,20251007_131123.jpg,117_Tipperary (Magnificent)_R4S_326_2_57,1.0,,,True,10,0.024966775789104334,141.12814091966285,3.4863662719726562,3.5256567001342773,3.279160261154175,3.96488618850708,4.310619354248047,4.091394424438477,4.219788074493408,5.002959251403809,4.055729389190674,4.360957622528076,4.28409481048584,3.867168664932251,3.873448610305786,3.397174835205078,3.5929160118103027,3.564079523086548
WG1_Weilburger_Grenze,20251007_131133.jpg,117_Tipperary (Magnificent)_R4S_326_2_57,2.0,,,True,7,0.023379163786261106,146.4387802442584,3.142068862915039,3.0393009185791016,3.1088547706604004,3.027313232421875,3.209280490875244,2.9653334617614746,4.1558003425598145,4.350719451904297,3.8340914249420166,3.719953775405884,3.832613706588745,3.5885214805603027,2.949063777923584,2.8065881729125977,3.2339465618133545,3.3822121620178223
WG1_Weilburger_Grenze,20251007_131150.jpg,116_Kvintett_R4S_170_2_56,1.0,,,True,4,0.012499000612957386,143.9375252314383,1.7003226280212402,1.685123085975647,1.609964370727539,1.2643108367919922,1.3239248991012573,1.2077155113220215,2.1868786811828613,2.2896602153778076,2.045727014541626,1.6151251792907715,1.878186821937561,1.6718759536743164,1.38580322265625,1.2799079418182373,1.5774507522583008,1.8277932405471802
WG1_Weilburger_Grenze,20251007_131200.jpg,116_Kvintett_R4S_170_2_56,4.0,,,True,8,0.016886210229131948,143.15205300499457,3.5534682273864746,3.4935083389282227,3.205662250518799,3.265639543533325,3.4759716987609863,3.1092424392700195,3.8967490196228027,4.304029941558838,3.323073625564575,3.342273712158203,3.793391704559326,3.321751117706299,3.847761392593384,3.3257040977478027,3.580997943878174,3.750300884246826
WG1_Weilburger_Grenze,20251007_131207.jpg,116_Kvintett_R4S_170_2_56,3.0,,,True,6,0.027547799273625467,144.66145042338434,2.8276915550231934,2.700073480606079,2.599153995513916,2.4760518074035645,2.6610803604125977,2.3866658210754395,3.5750105381011963,3.695366859436035,3.168940544128418,3.053095817565918,3.374973773956299,3.1015243530273438,2.9292376041412354,2.586400270462036,2.8883261680603027,2.987011432647705
WG1_Weilburger_Grenze,20251007_131225.jpg,115_Sonnengold_R4S_377_2_55,10.0,,,True,6,0.02042434341528852,142.50809281267686,4.520600318908691,4.7221479415893555,4.011115074157715,4.005443572998047,4.472199440002441,3.9881434440612793,4.973822116851807,5.018914699554443,4.5232086181640625,4.043163299560547,4.66908597946167,4.073010444641113,4.76597785949707,4.426112651824951,4.7485504150390625,4.617753028869629
WG1_Weilburger_Grenze,20251007_131232.jpg,115_Sonnengold_R4S_377_2_55,16.0,,,True,10,0.040417466341206895,140.526610270202,5.687833309173584,6.147121429443359,5.218069553375244,3.754061222076416,4.288268089294434,3.9241302013397217,3.8894526958465576,4.738162517547607,3.710512399673462,3.6348066329956055,3.9610579013824463,3.4845619201660156,6.47144889831543,5.841258525848389,6.263016700744629,5.700833320617676
WG1_Weilburger_Grenze,20251007_131240.jpg,115_Sonnengold_R4S_377_2_55,3.0,,,True,10,0.02514043851049593,148.88122714470225,3.3976032733917236,3.330017566680908,3.1379990577697754,2.8655967712402344,2.948188066482544,2.8952505588531494,3.7804086208343506,4.226919174194336,3.598602533340454,3.2734580039978027,3.6465981006622314,3.2799460887908936,3.8643980026245117,3.3150525093078613,3.7702887058258057,3.5883758068084717
WG1_Weilburger_Grenze,20251007_131259.jpg,114_Baros_R4S_236_2_54,8.0,,,True,7,0.016684789567926243,142.46011352353284,4.2099738121032715,4.368623733520508,3.77479887008667,6.865165710449219,7.457935333251953,7.033669948577881,5.004678249359131,6.414145469665527,4.642371654510498,5.030370235443115,6.064082145690918,5.060431957244873,5.3514909744262695,4.332935333251953,4.300477027893066,4.178074836730957
WG1_Weilburger_Grenze,20251007_131305.jpg,114_Baros_R4S_236_2_54,3.0,,,True,6,0.027080619005816146,143.42604185904133,5.921088218688965,6.42775821685791,5.038598537445068,7.184884071350098,8.222843170166016,7.367143630981445,5.22300910949707,5.459725379943848,4.5926618576049805,4.320432186126709,5.404299736022949,4.404713153839111,8.353913307189941,7.149781227111816,6.577432632446289,5.761196136474609
WG1_Weilburger_Grenze,20251007_131312.jpg,114_Baros_R4S_236_2_54,3.0,,,True,6,0.01864656948821775,141.59593935850697,5.550229549407959,5.487700462341309,4.718685150146484,6.305415153503418,6.612005233764648,6.403818130493164,6.740487575531006,8.756423950195312,6.604353904724121,5.50553560256958,7.5264387130737305,6.051296234130859,7.486239910125732,5.94212532043457,6.055715560913086,5.4180908203125
WG1_Weilburger_Grenze,20251007_131332.jpg,113_J 134_R4S_434_2_53,12.0,,,True,7,0.022993044877955025,144.05139062399897,3.7487564086914062,3.609503746032715,3.581392288208008,2.9111993312835693,2.9520955085754395,2.842839241027832,4.013278484344482,4.774425029754639,3.9268076419830322,3.5644452571868896,4.089378833770752,3.4022445678710938,4.179217338562012,3.7015461921691895,4.383126258850098,3.965282917022705
WG1_Weilburger_Grenze,20251007_131339.jpg,113_J 134_R4S_434_2_53,4.0,,,True,12,0.03516380168832194,143.27980433843973,6.128371238708496,6.296269416809082,5.801717758178711,4.932321071624756,4.945040702819824,4.677992820739746,4.018864631652832,4.374594211578369,3.82419490814209,3.790158748626709,3.4885413646698,3.7103302478790283,7.323192596435547,6.920042037963867,6.832874774932861,6.103600025177002
WG1_Weilburger_Grenze,20251007_131348.jpg,113_J 134_R4S_434_2_53,5.0,,,True,11,0.02740466153277132,140.6397884832354,4.068783760070801,4.038730621337891,3.737277030944824,3.6091976165771484,3.7122747898101807,3.4718971252441406,4.383965969085693,4.844423294067383,4.089111804962158,3.600294828414917,4.035710334777832,3.6623451709747314,4.716599464416504,4.163241863250732,4.677857398986816,4.232593059539795
WG1_Weilburger_Grenze,20251007_131407.jpg,112_Ramses_R4S_286_2_52,2.0,,,True,7,0.015605861733819193,140.21107636796057,2.6687114238739014,2.7671585083007812,2.5638508796691895,2.1686015129089355,2.386909246444702,2.125218152999878,3.222752094268799,3.24556303024292,2.9261603355407715,2.7962934970855713,2.9668092727661133,2.8497467041015625,2.4927334785461426,2.4743592739105225,2.682508945465088,2.8449907302856445
WG1_Weilburger_Grenze,20251007_131414.jpg,112_Ramses_R4S_286_2_52,3.0,,,True,6,0.027605148677544055,141.3585035339225,3.2982935905456543,3.311257839202881,3.1108860969543457,3.8506040573120117,4.037878036499023,3.718517541885376,4.376885890960693,4.571181297302246,4.142462253570557,3.6746115684509277,3.9190449714660645,3.786344051361084,3.434497833251953,3.1297483444213867,3.418783187866211,3.439826726913452
WG1_Weilburger_Grenze,20251007_131420.jpg,112_Ramses_R4S_286_2_52,4.0,,,True,5,0.03541153458778043,145.20212648825003,4.518836975097656,4.430044174194336,4.054690361022949,6.409418106079102,6.778417587280273,6.270076751708984,4.551893711090088,4.361611366271973,4.3022284507751465,3.9907195568084717,4.059118270874023,4.086380958557129,4.910996913909912,4.39497184753418,4.694113254547119,4.877235412597656
WG1_Weilburger_Grenze,20251007_131438.jpg,111_SENSATION NZ_R4S_318_2_51,3.0,,,True,16,0.021181345333887706,140.48994026218602,4.511588096618652,4.301571369171143,4.4793853759765625,3.8604061603546143,3.4631896018981934,3.614616870880127,3.5567142963409424,3.1613614559173584,3.3548009395599365,3.058187961578369,3.2067668437957764,3.2242257595062256,4.622897148132324,4.296690940856934,4.691781520843506,4.720094680786133
WG1_Weilburger_Grenze,20251007_131445.jpg,111_SENSATION NZ_R4S_318_2_51,2.0,,,True,8,0.026817636348588927,140.40813384507157,2.399251699447632,2.339139938354492,2.4203438758850098,2.0296759605407715,2.093951940536499,1.9879194498062134,3.3348395824432373,3.3414204120635986,3.096733331680298,2.690225601196289,2.9593350887298584,2.684309720993042,2.1974942684173584,2.0684447288513184,2.4174771308898926,2.5564303398132324
WG1_Weilburger_Grenze,20251007_131452.jpg,111_SENSATION NZ_R4S_318_2_51,2.0,,,True,9,0.012045781559292713,143.47410674185338,4.262577533721924,4.008463382720947,4.20309591293335,3.360187292098999,3.1751811504364014,3.291731119155884,4.179899215698242,4.664628982543945,4.215750217437744,4.1611433029174805,4.401839733123779,4.226551055908203,4.042222023010254,3.760528326034546,4.203062534332275,4.326122760772705
WG1_Weilburger_Grenze,20251007_131511.jpg,110_Norde_R4S_382_2_50,3.0,,,True,8,0.013737409225780333,139.71292782383162,11.427041053771973,11.138032913208008,11.353519439697266,9.726362228393555,9.224334716796875,9.567461013793945,11.249189376831055,11.991945266723633,12.32221508026123,10.129796981811523,10.04915714263916,10.976225852966309,11.925243377685547,11.63990592956543,12.720359802246094,11.650851249694824
WG1_Weilburger_Grenze,20251007_131518.jpg,110_Norde_R4S_382_2_50,2.0,,,True,8,0.049358220430025405,142.9862301241809,2.993823528289795,3.299386501312256,2.8186635971069336,3.1443262100219727,3.4306719303131104,3.208815574645996,3.2813940048217773,3.7642743587493896,3.1793129444122314,2.955007791519165,3.2512154579162598,2.981936454772949,3.1554505825042725,3.046373128890991,3.2497735023498535,3.122670888900757
WG1_Weilburger_Grenze,20251007_131525.jpg,110_Norde_R4S_382_2_50,2.0,,,True,6,0.03572694150783161,146.03852161711364,4.176796913146973,4.5127410888671875,3.9535744190216064,4.635965824127197,5.278986930847168,4.88079309463501,4.792398929595947,5.468160629272461,4.712669372558594,4.373071670532227,4.547825813293457,4.542952537536621,4.561342239379883,4.248595714569092,4.789156913757324,4.362536430358887
WG1_Weilburger_Grenze,20251007_131545.jpg,109_Robust_R4S_143_2_49,4.0,,,True,6,0.020042186278446228,140.17432830130346,9.608575820922852,9.192550659179688,9.389707565307617,11.408302307128906,11.793476104736328,11.627854347229004,9.252388000488281,9.334766387939453,7.922055721282959,8.733445167541504,8.266946792602539,8.83016300201416,10.487585067749023,9.245820999145508,10.096760749816895,9.556882858276367
WG1_Weilburger_Grenze,20251007_131553.jpg,109_Robust_R4S_143_2_49,2.0,,,True,10,0.06422022437854631,144.0829783619762,4.088205337524414,4.180008411407471,3.9591329097747803,7.272922515869141,8.200154304504395,7.615036964416504,5.004385948181152,5.475170612335205,4.432619571685791,4.694162845611572,4.458836555480957,4.547419548034668,4.4550909996032715,4.11353063583374,4.697175979614258,4.557336330413818
WG1_Weilburger_Grenze,20251007_131559.jpg,109_Robust_R4S_143_2_49,1.0,,,True,7,0.02967938596891513,141.04384371777203,4.98580265045166,4.8597235679626465,4.9427595138549805,5.70684814453125,6.114824295043945,6.004275798797607,6.468527793884277,6.014803886413574,5.491353988647461,6.194998741149902,4.9982590675354,5.511107444763184,5.2331390380859375,4.834650993347168,5.582037925720215,5.425714015960693
WG1_Weilburger_Grenze,20251007_131619.jpg,108_Lirabon_R4S_211_2_48,1.0,,,True,10,0.02665390185571123,142.25061503809704,4.977269172668457,5.158808708190918,4.540477752685547,4.516728401184082,4.691744804382324,4.489409446716309,4.420685768127441,5.995302200317383,4.255867958068848,4.388858795166016,4.7453203201293945,4.337571144104004,5.869804382324219,5.158346176147461,5.257925510406494,4.964689254760742
WG1_Weilburger_Grenze,20251007_131626.jpg,108_Lirabon_R4S_211_2_48,3.0,,,True,6,0.03679393627954779,142.34329033915725,4.180560111999512,4.268661975860596,3.5460784435272217,7.304933547973633,8.418342590332031,8.093398094177246,5.374481201171875,5.062007427215576,4.260134696960449,4.0869855880737305,4.2406463623046875,3.934630870819092,5.1304426193237305,4.166357517242432,4.3341755867004395,4.28769588470459
WG1_Weilburger_Grenze,20251007_131632.jpg,108_Lirabon_R4S_211_2_48,1.0,,,True,7,0.02746716844329204,147.40212454784083,5.829005241394043,6.04547119140625,5.274549961090088,5.726831436157227,6.294434070587158,5.834315299987793,5.351017951965332,7.31428337097168,5.025599002838135,4.964544296264648,5.933438777923584,4.823864459991455,7.924753189086914,6.504415988922119,6.669440269470215,5.652035713195801
WG1_Weilburger_Grenze,20251007_131654.jpg,107_OASE_R4S_161_2_47,1.0,,,True,6,0.02480793405476854,142.1640809038781,6.646307945251465,6.802530288696289,6.273687362670898,3.4874024391174316,3.4135146141052246,3.4594733715057373,3.518052816390991,3.501380205154419,3.2543554306030273,3.00943922996521,3.3419008255004883,3.118140459060669,7.659128189086914,7.20207405090332,7.356776714324951,6.477679252624512
WG1_Weilburger_Grenze,20251007_131702.jpg,107_OASE_R4S_161_2_47,3.0,,,True,11,0.05745954336153731,142.69266720830493,5.9036946296691895,6.218170166015625,5.413105010986328,11.761398315429688,12.269855499267578,11.572728157043457,7.186718463897705,7.149759769439697,5.9277119636535645,6.8113694190979,5.93600606918335,6.866275310516357,6.6867547035217285,6.081575870513916,5.936792373657227,5.903291702270508
WG1_Weilburger_Grenze,20251007_131709.jpg,107_OASE_R4S_161_2_47,2.0,,,True,9,0.03185675513657484,148.1497418749415,4.024095058441162,4.109982490539551,3.6511263847351074,4.031569957733154,4.320247173309326,4.094186782836914,3.811638116836548,4.230320930480957,3.581861734390259,3.288809299468994,3.8238584995269775,3.352463960647583,5.3521881103515625,4.353848457336426,4.3412885665893555,3.8576302528381348
WG1_Weilburger_Grenze,20251007_131724.jpg,106_Erra_R4S_394_2_46,1.0,,,True,5,0.025844517347648872,143.0303250820161,4.426355361938477,4.153674125671387,5.439030647277832,4.413165092468262,4.173480987548828,4.415141582489014,7.548641204833984,7.192555904388428,7.747219562530518,6.341446876525879,5.9846906661987305,6.491266250610352,3.616321563720703,3.945549964904785,5.302794456481934,5.344679832458496
WG1_Weilburger_Grenze,20251007_131732.jpg,106_Erra_R4S_394_2_46,2.0,,,True,6,0.028583406379816306,141.6299777545398,4.999258041381836,5.0301666259765625,4.85182523727417,8.765900611877441,9.227209091186523,9.419976234436035,5.037110805511475,4.436011791229248,3.705894947052002,4.1592583656311035,3.9019033908843994,3.629401683807373,5.716916084289551,4.8272199630737305,5.190072059631348,5.043210506439209
WG1_Weilburger_Grenze,20251007_131738.jpg,106_Erra_R4S_394_2_46,4.0,,,True,6,0.027271035141861,143.3688813531397,4.362485885620117,4.489144325256348,4.11531925201416,6.149735450744629,6.653129577636719,6.076995849609375,5.075685977935791,5.597639560699463,5.000518798828125,4.875255107879639,5.050128936767578,4.840337753295898,5.312914848327637,4.612865447998047,4.93560266494751,4.425614356994629
WG1_Weilburger_Grenze,20251007_131800.jpg,105_ABUKUMA NATANE_R4S_308_2_45,2.0,,,True,8,0.041205814830722304,142.27465754050573,4.569711685180664,4.823866844177246,4.093955039978027,7.096128940582275,8.175704002380371,7.325957298278809,4.175669193267822,4.41383171081543,3.6531898975372314,3.8362183570861816,4.013108253479004,3.7623021602630615,5.760684967041016,5.116806507110596,5.02364444732666,4.628608226776123
WG1_Weilburger_Grenze,20251007_131807.jpg,105_ABUKUMA NATANE_R4S_308_2_45,6.0,,,True,5,0.054642857142857146,143.9931191825172,4.328807830810547,4.3895463943481445,3.6547179222106934,6.055794715881348,6.8496479988098145,6.009625434875488,5.674281120300293,6.4018354415893555,4.6308369636535645,5.036153316497803,5.373729705810547,4.586287021636963,5.196890354156494,4.3103556632995605,4.218648910522461,4.335912704467773
WG1_Weilburger_Grenze,20251007_131814.jpg,105_ABUKUMA NATANE_R4S_308_2_45,4.0,,,True,9,0.04426813705424863,142.60874256579422,4.823944091796875,4.955231189727783,4.224160671234131,5.844265460968018,6.321253299713135,5.8568034172058105,4.841988563537598,5.450645446777344,4.435091972351074,4.263556003570557,4.707156181335449,4.261783599853516,5.949326038360596,5.100151538848877,5.37270450592041,4.776856422424316
WG1_Weilburger_Grenze,20251007_131834.jpg,104_Dalo Trifolium_R4S_335_2_44,2.0,,,True,7,0.011876848003639145,142.1842612120836,2.643629550933838,2.6132380962371826,2.6282639503479004,2.3171792030334473,2.379941701889038,2.3298473358154297,3.3398122787475586,3.68411922454834,3.242701768875122,2.9267125129699707,3.1673989295959473,3.121171236038208,2.506312847137451,2.4182353019714355,2.766305923461914,2.888235569000244
WG1_Weilburger_Grenze,20251007_131841.jpg,104_Dalo Trifolium_R4S_335_2_44,12.0,,,True,9,0.0112304883431644,143.13906845632198,8.773147583007812,9.121164321899414,8.154877662658691,9.594236373901367,9.87618637084961,9.652795791625977,8.795141220092773,8.51306438446045,9.417000770568848,8.031533241271973,7.941983699798584,8.60704517364502,9.20266342163086,9.010557174682617,8.842933654785156,8.847118377685547
WG1_Weilburger_Grenze,20251007_131849.jpg,104_Dalo Trifolium_R4S_335_2_44,9.0,,,True,9,0.013868475941938232,145.86557042175386,4.033286094665527,4.153960227966309,3.707932233810425,4.0189313888549805,4.440893650054932,4.185677528381348,3.986567735671997,4.6038408279418945,3.8295719623565674,3.9536428451538086,4.410017013549805,4.015933036804199,4.390903949737549,3.775514841079712,4.138012886047363,4.032243728637695
WG1_Weilburger_Grenze,20251007_131911.jpg,103_Atlantic_R4S_255_2_43,10.0,,,True,10,0.025456386386991478,140.25766084345847,5.372148513793945,5.666021347045898,4.960258483886719,4.659997940063477,4.660612106323242,4.445116996765137,5.398669719696045,6.054867267608643,5.188510417938232,5.112809181213379,5.450839996337891,5.2322282791137695,5.9819183349609375,5.4205780029296875,5.630832672119141,5.403469085693359
WG1_Weilburger_Grenze,20251007_131918.jpg,103_Atlantic_R4S_255_2_43,4.0,,,True,9,0.041156462927010244,141.89029869729012,3.6195170879364014,3.940950393676758,3.5204946994781494,5.043466567993164,5.320521354675293,4.990893840789795,5.258048057556152,5.968969345092773,4.973204612731934,4.69766902923584,4.611217975616455,4.599605560302734,3.7504725456237793,3.532735824584961,3.7635793685913086,3.760222911834717
WG1_Weilburger_Grenze,20251007_131928.jpg,103_Atlantic_R4S_255_2_43,6.0,,,True,8,0.018515495650957257,142.42660109559986,6.305477619171143,6.638291358947754,6.186913013458252,5.282390594482422,5.837359428405762,5.591338157653809,6.29604959487915,6.384702205657959,5.542030334472656,5.277288913726807,4.99774694442749,5.167136192321777,7.212405204772949,6.78602409362793,7.371760368347168,6.326582908630371
WG1_Weilburger_Grenze,20251007_131945.jpg,102_R4S_NPZ1_R4S_497_2_42,4.0,,,True,6,0.026201636583643707,140.52871098263108,2.7077476978302,2.779951333999634,2.7051117420196533,1.9121259450912476,2.1105797290802,1.9200690984725952,3.0373475551605225,3.314936637878418,3.0047433376312256,2.462153673171997,2.8193466663360596,2.608309745788574,2.740126371383667,2.772111177444458,3.111260414123535,2.9223382472991943
WG1_Weilburger_Grenze,20251007_131953.jpg,102_R4S_NPZ1_R4S_497_2_42,4.0,,,True,9,0.0239253338506604,141.3308901102397,2.7942006587982178,2.77321195602417,2.6917638778686523,2.7887625694274902,3.080026149749756,2.9907970428466797,3.2713613510131836,3.701120615005493,3.116244077682495,2.729954957962036,3.4032673835754395,2.7949740886688232,3.0080978870391846,2.848369598388672,3.1032822132110596,2.8987648487091064
WG1_Weilburger_Grenze,20251007_131959.jpg,102_R4S_NPZ1_R4S_497_2_42,10.0,,,True,4,0.025420157166471294,144.80065155996354,3.4837043285369873,3.6848011016845703,3.192999839782715,2.7488067150115967,3.1567130088806152,2.9415953159332275,3.465121269226074,3.9593558311462402,3.281740427017212,2.9218597412109375,3.396326780319214,3.005709648132324,4.05332088470459,3.497152328491211,3.9078216552734375,3.5788161754608154
WG1_Weilburger_Grenze,20251007_132016.jpg,101_Escort_R4S_259_2_41,3.0,,,True,12,0.04522908296907318,139.44309831528824,6.971768379211426,7.341709613800049,6.582305908203125,5.635131359100342,5.982194900512695,5.729572296142578,4.819314002990723,5.833793640136719,4.258926868438721,4.909544944763184,5.09965705871582,4.430403709411621,7.7796759605407715,7.42133092880249,7.600066184997559,6.899568557739258
WG1_Weilburger_Grenze,20251007_132023.jpg,101_Escort_R4S_259_2_41,4.0,,,True,9,0.05394692660953296,141.87259803389796,5.984226703643799,6.536991119384766,5.317962646484375,5.496107578277588,6.2756853103637695,5.552764892578125,5.801506996154785,6.487052917480469,5.095161437988281,5.237067699432373,5.527761459350586,4.984767913818359,7.450649261474609,6.660174369812012,6.556736946105957,5.90965461730957
WG1_Weilburger_Grenze,20251007_132031.jpg,101_Escort_R4S_259_2_41,3.0,,,True,8,0.03710242644204126,140.7318713423335,4.659238815307617,4.615405082702637,4.046156883239746,6.243029594421387,6.509869575500488,6.663688659667969,5.098297595977783,5.62113094329834,4.436742782592773,4.937589168548584,5.078056335449219,4.345230579376221,5.826286315917969,4.654173851013184,4.789684295654297,4.6609721183776855
WG1_Weilburger_Grenze,20251007_132051.jpg,100_Edita_R4S_273_2_40,8.0,,,True,12,0.0523557144177734,137.14329645949528,3.577214241027832,3.373906135559082,3.2574312686920166,3.7768142223358154,4.145779132843018,3.87433123588562,3.681006908416748,4.119674205780029,3.5997629165649414,3.2671444416046143,3.724194288253784,3.3396944999694824,4.354915142059326,3.4801812171936035,3.854218006134033,3.7638416290283203
WG1_Weilburger_Grenze,20251007_132058.jpg,100_Edita_R4S_273_2_40,7.0,,,True,11,0.033973961625930825,140.11440433576078,5.2695770263671875,5.440934181213379,4.8027825355529785,4.484299659729004,4.693537712097168,4.504179000854492,4.9785895347595215,5.845180988311768,4.781391143798828,4.4978179931640625,5.130605697631836,4.7992424964904785,6.195932865142822,5.900954723358154,6.018316268920898,5.3909912109375
WG1_Weilburger_Grenze,20251007_132107.jpg,100_Edita_R4S_273_2_40,7.0,,,True,9,0.048167247805761496,142.56831153133047,3.89898943901062,4.022464275360107,3.614743232727051,2.911180019378662,3.2865607738494873,3.0962202548980713,3.9702866077423096,4.566471099853516,3.9670121669769287,3.5363900661468506,3.8932318687438965,3.8648526668548584,4.422120094299316,4.199542045593262,4.715935707092285,4.163925647735596
WG1_Weilburger_Grenze,20251007_132124.jpg,99_SHANG-YOU_R4S_215_2_39,6.0,,,True,10,0.025414639168326484,141.86003170461134,3.192782402038574,3.2388758659362793,2.962137460708618,2.903794288635254,3.0201210975646973,2.8293120861053467,3.539088249206543,4.36454963684082,3.5981740951538086,3.440847873687744,4.172443389892578,3.1826469898223877,3.1316494941711426,2.907193660736084,3.1413607597351074,3.366851329803467
WG1_Weilburger_Grenze,20251007_132132.jpg,99_SHANG-YOU_R4S_215_2_39,2.0,,,True,13,0.0440601447342093,141.12917590708997,2.0342390537261963,1.9079777002334595,2.082538366317749,1.8551476001739502,1.8333005905151367,1.7914066314697266,2.9945709705352783,2.980280637741089,2.979748487472534,2.3784186840057373,2.8182454109191895,2.537421941757202,1.796992301940918,1.6450588703155518,2.0389437675476074,2.2652742862701416
WG1_Weilburger_Grenze,20251007_132138.jpg,99_SHANG-YOU_R4S_215_2_39,5.0,,,True,10,0.031052451465126484,141.84420972188104,3.8590140342712402,4.048475742340088,3.7864270210266113,4.168368816375732,4.026829242706299,4.1370391845703125,4.941884994506836,5.434881210327148,4.632514476776123,4.73940896987915,4.650624752044678,4.608156681060791,3.7847039699554443,3.6142072677612305,4.15260648727417,4.054502964019775
WG1_Weilburger_Grenze,20251007_132205.jpg,98_Purple Top_R4S_341_2_38,4.0,,,True,7,0.03602633812929457,143.63300609825157,4.099681854248047,4.205283164978027,4.148460865020752,4.369564533233643,4.714939594268799,4.4222822189331055,6.1236371994018555,6.486557960510254,5.491592884063721,5.633989334106445,5.37104606628418,5.29619026184082,3.619197368621826,3.5952491760253906,4.171309471130371,4.460476398468018
WG1_Weilburger_Grenze,20251007_132215.jpg,98_Purple Top_R4S_341_2_38,2.0,,,True,15,0.03204238181551523,144.7870106296921,3.136573314666748,3.0268232822418213,3.070399761199951,3.10052490234375,3.1853315830230713,3.1930878162384033,4.202142238616943,4.310235023498535,4.189920425415039,3.725691080093384,3.85599946975708,3.8215272426605225,2.9542863368988037,2.756033182144165,3.28141450881958,3.4537792205810547
WG1_Weilburger_Grenze,20251007_132222.jpg,98_Purple Top_R4S_341_2_38,15.0,,,True,5,0.011729301172672771,147.43402634807958,2.88267183303833,2.90411376953125,2.9576168060302734,2.3798789978027344,2.328774929046631,2.2854268550872803,3.598954916000366,4.051520824432373,3.4828972816467285,3.3522870540618896,3.4867093563079834,3.3574671745300293,2.8767642974853516,2.672219753265381,3.06536865234375,3.1601905822753906
WG1_Weilburger_Grenze,20251007_132241.jpg,97_Express 617_R4S_506_2_37,12.0,,,True,8,0.026177694953596824,143.44932169674195,3.4715399742126465,3.3765761852264404,3.2033848762512207,3.532738447189331,3.7508490085601807,3.4334523677825928,4.111462593078613,4.478201389312744,4.071359157562256,3.400761604309082,3.982039213180542,3.6281676292419434,3.743161201477051,3.2484278678894043,3.7282025814056396,3.658069372177124
WG1_Weilburger_Grenze,20251007_132249.jpg,97_Express 617_R4S_506_2_37,8.0,,,True,11,0.037405140245692005,143.693159615949,4.0751848220825195,4.132343769073486,3.85975980758667,4.264777183532715,4.5245208740234375,4.323415756225586,4.408578872680664,4.661751747131348,4.2665205001831055,3.6795008182525635,4.157236576080322,3.906028985977173,4.888765811920166,4.100289344787598,4.528623104095459,4.268975734710693
WG1_Weilburger_Grenze,20251007_132255.jpg,97_Express 617_R4S_506_2_37,2.0,,,True,9,0.03129865883539781,146.36343925882065,2.5578837394714355,2.5396714210510254,2.472510814666748,2.603076219558716,2.9654834270477295,2.871098041534424,3.897355079650879,4.1841912269592285,3.653921604156494,3.264829158782959,3.8218271732330322,3.4578096866607666,2.814485788345337,2.382307291030884,2.729872226715088,2.739537000656128
WG1_Weilburger_Grenze,20251007_132326.jpg,96_R4S_NPZ2_R4S_498_2_36,2.0,,,True,9,0.048879453437608945,144.40455659449586,3.3303675651550293,3.4352307319641113,3.065667152404785,2.8621599674224854,3.3468902111053467,2.873319625854492,3.3532426357269287,3.7601802349090576,3.0337116718292236,3.03692889213562,3.3947813510894775,2.916250467300415,4.0116424560546875,3.5346319675445557,3.622281789779663,3.4041669368743896
WG1_Weilburger_Grenze,20251007_132334.jpg,96_R4S_NPZ2_R4S_498_2_36,1.0,,,True,5,0.04033071469429095,145.05132112701187,3.106971502304077,3.1895360946655273,2.940885066986084,2.893345355987549,3.3086342811584473,2.9794085025787354,3.4049112796783447,3.530475616455078,3.0879416465759277,2.7473926544189453,3.0676937103271484,2.7420098781585693,3.6180458068847656,3.0261149406433105,3.4544920921325684,3.175367593765259
WG1_Weilburger_Grenze,20251007_132341.jpg,96_R4S_NPZ2_R4S_498_2_36,3.0,,,True,4,0.03644818489957116,146.18614310662008,2.748992919921875,2.7871570587158203,2.8972997665405273,2.4347140789031982,2.6714491844177246,2.5534493923187256,3.7580106258392334,3.8062028884887695,3.5394136905670166,2.860825538635254,3.2265431880950928,2.9955501556396484,2.879866123199463,2.630873680114746,3.2564806938171387,2.9919190406799316
WG1_Weilburger_Grenze,20251007_132401.jpg,95_FS94.3_R4S_458_2_35,9.0,,,True,5,0.0189508888962408,141.1348106665544,4.542827606201172,4.401770114898682,3.850391387939453,3.958232879638672,4.065494060516357,3.5632684230804443,4.314837455749512,4.362249851226807,3.940924644470215,3.5751168727874756,4.732809066772461,3.9037845134735107,5.557700157165527,4.2617292404174805,4.5858354568481445,4.420989036560059
WG1_Weilburger_Grenze,20251007_132411.jpg,95_FS94.3_R4S_458_2_35,7.0,,,True,10,0.0379675661492182,145.92805337023518,4.167458534240723,4.682415008544922,3.933286190032959,5.877159595489502,6.375521659851074,6.564655303955078,4.7617716789245605,4.902311325073242,4.135495185852051,4.07432746887207,3.801222562789917,3.979937791824341,4.50997257232666,4.319191932678223,4.610662460327148,4.294444561004639
WG1_Weilburger_Grenze,20251007_132423.jpg,95_FS94.3_R4S_458_2_35,8.0,,,True,6,0.024445045820256053,141.4851043204976,4.3098368644714355,4.499349594116211,3.6467604637145996,3.1862993240356445,3.6473612785339355,3.255415678024292,3.988060474395752,4.4127197265625,3.557736873626709,3.011362075805664,4.118217468261719,3.0884828567504883,4.648497581481934,4.200070381164551,4.4691925048828125,4.4049906730651855
WG1_Weilburger_Grenze,20251007_132441.jpg,94_S16_R4S_489_2_34,12.0,,,True,7,0.0223454601032959,143.10676064202605,2.9878251552581787,2.8343305587768555,2.8823399543762207,2.723979949951172,2.800387144088745,2.6479506492614746,3.5536515712738037,3.6850669384002686,3.5382614135742188,3.0924887657165527,3.265122652053833,3.0734636783599854,3.296638250350952,2.905332088470459,3.35832142829895,3.2280631065368652
WG1_Weilburger_Grenze,20251007_132447.jpg,94_S16_R4S_489_2_34,2.0,,,True,10,0.03386556062944566,147.84985382846003,4.023861408233643,3.726627826690674,3.765115737915039,3.28558087348938,3.4486794471740723,3.272620677947998,4.384998798370361,4.897648811340332,4.140533447265625,3.873936414718628,4.132546424865723,3.7611191272735596,4.770810127258301,4.034170150756836,4.4974365234375,4.284633636474609
WG1_Weilburger_Grenze,20251007_132453.jpg,94_S16_R4S_489_2_34,3.0,,,True,8,0.0295737829055921,148.25699749758707,4.2690582275390625,4.1255621910095215,3.787259817123413,4.61299991607666,4.804441452026367,4.484219551086426,4.8664631843566895,5.08452033996582,4.366957664489746,4.8343682289123535,4.319057464599609,4.447761058807373,4.822973251342773,4.1016340255737305,4.624861717224121,4.502016067504883
WG1_Weilburger_Grenze,20251007_132516.jpg,93_R99_R4S_438_2_33,1.0,,,True,5,0.011345197955775694,145.84451733649962,4.774160385131836,4.596251487731934,4.766396522521973,5.207612991333008,4.641363143920898,4.714575290679932,5.810676097869873,6.039414405822754,5.712235927581787,5.662886619567871,5.341124534606934,5.8321452140808105,4.978515148162842,4.321830749511719,5.008149147033691,5.057272434234619
WG1_Weilburger_Grenze,20251007_132524.jpg,93_R99_R4S_438_2_33,5.0,,,True,7,0.026723347373983866,145.43443948790483,5.471066474914551,5.433084964752197,4.666262626647949,6.076879978179932,6.865682125091553,6.013500213623047,5.660609722137451,6.364924430847168,5.241693019866943,5.04564094543457,5.697938442230225,4.98157262802124,6.6768598556518555,5.380728244781494,5.384818077087402,5.35116720199585
WG1_Weilburger_Grenze,20251007_132532.jpg,93_R99_R4S_438_2_33,5.0,,,True,5,0.01923157322630545,143.63206738379893,6.5920209884643555,6.541067600250244,5.960263252258301,6.399947166442871,6.797879695892334,6.4680070877075195,6.607515335083008,6.298978805541992,5.941531181335449,5.79625129699707,6.136394500732422,5.690089225769043,7.984277725219727,6.580470085144043,7.152454853057861,6.53995418548584
WG1_Weilburger_Grenze,20251007_132552.jpg,92_S35_R4S_428_2_32,3.0,,,True,6,0.013294931338842311,143.75304903793958,4.078105926513672,3.9559273719787598,4.070324897766113,5.168125152587891,4.652457237243652,4.627410888671875,5.764997482299805,6.860510349273682,5.264744758605957,6.8493547439575195,5.8254265785217285,5.742191314697266,4.830219268798828,4.08513879776001,4.441150188446045,4.262614727020264
WG1_Weilburger_Grenze,20251007_132600.jpg,92_S35_R4S_428_2_32,4.0,,,True,5,0.024655608283091327,145.78424015781235,3.7217540740966797,3.600153684616089,3.5098419189453125,4.024590492248535,4.44711446762085,4.168154239654541,4.194177627563477,4.719423294067383,4.005549907684326,3.8063855171203613,4.202669620513916,3.6267008781433105,4.211583137512207,3.3297314643859863,3.7999534606933594,3.74482798576355
WG1_Weilburger_Grenze,20251007_132608.jpg,92_S35_R4S_428_2_32,3.0,,,True,9,0.029203943927856222,142.80784295718058,4.045896530151367,3.970736026763916,3.6885740756988525,5.510174751281738,5.80886173248291,5.6060709953308105,4.794233322143555,5.075704574584961,4.625990390777588,4.438467502593994,4.806832313537598,4.3785834312438965,4.645281791687012,3.9713993072509766,4.2884931564331055,4.119760513305664
WG1_Weilburger_Grenze,20251007_132629.jpg,91_R4S_NPZ3_R4S_499_2_31,4.0,,,True,10,0.022737802487615384,144.56325446889971,4.207398891448975,4.4705328941345215,4.008356094360352,6.9744672775268555,6.943604946136475,6.817268371582031,4.7891974449157715,5.523117542266846,4.47937536239624,4.281906604766846,4.5601487159729,4.536509037017822,4.999297142028809,4.594823837280273,4.862804412841797,4.32923698425293
WG1_Weilburger_Grenze,20251007_132635.jpg,91_R4S_NPZ3_R4S_499_2_31,9.0,,,True,9,0.04793881833794315,144.98632691842906,3.6053333282470703,3.579071283340454,3.385589122772217,4.248064041137695,4.4853515625,4.26875114440918,4.809179306030273,5.433372974395752,4.655945301055908,4.287672996520996,4.843278408050537,4.425962448120117,4.163095474243164,3.4536168575286865,3.9287402629852295,3.759803533554077
WG1_Weilburger_Grenze,20251007_132644.jpg,91_R4S_NPZ3_R4S_499_2_31,8.0,,,True,8,0.05691581132094906,144.56749257098124,4.961238384246826,5.334420680999756,4.615163803100586,6.30049991607666,6.65708589553833,6.3681206703186035,5.1216254234313965,5.730496883392334,4.849682807922363,4.590750694274902,5.10890007019043,4.638991355895996,5.549168586730957,5.0866780281066895,5.710663795471191,5.2096662521362305
WG1_Weilburger_Grenze,20251007_132705.jpg,90_Anja_R4S_268_2_30,2.0,,,True,9,0.028360815921506285,144.01910347865268,3.128546953201294,3.372485637664795,2.971179246902466,3.2876486778259277,3.4266555309295654,3.481177806854248,3.3163368701934814,3.544821262359619,3.1258039474487305,2.941624164581299,3.1536407470703125,2.9921185970306396,3.388719081878662,3.144650459289551,3.501654863357544,3.2607009410858154
WG1_Weilburger_Grenze,20251007_132715.jpg,90_Anja_R4S_268_2_30,6.0,,,True,5,0.05041764842828599,144.99599825009787,3.565899610519409,3.661526679992676,3.428406238555908,3.144090175628662,3.6702823638916016,3.433835029602051,3.5011563301086426,4.081711769104004,3.3118155002593994,3.026944637298584,3.471381664276123,3.14831805229187,4.076512813568115,3.4862773418426514,3.941384792327881,3.6512842178344727
WG1_Weilburger_Grenze,20251007_132725.jpg,90_Anja_R4S_268_2_30,2.0,,,True,7,0.03849694838109031,141.97530361022035,4.159015655517578,4.341012001037598,3.9121007919311523,7.700903415679932,8.09350872039795,7.729920864105225,4.695093154907227,4.971124172210693,4.075087547302246,4.324418067932129,4.514745235443115,4.1050567626953125,4.549158573150635,4.261856555938721,4.487730979919434,4.269201278686523
WG1_Weilburger_Grenze,20251007_132745.jpg,89_Agalon_R4S_263_2_29,2.0,,,True,4,0.008465842167255594,145.56342959262417,7.084035873413086,7.234000205993652,6.872979164123535,6.10318660736084,6.354743003845215,6.228334426879883,4.566531181335449,4.909814357757568,4.586957931518555,4.667290687561035,4.452600002288818,5.0022406578063965,7.706911087036133,7.460936069488525,7.459743499755859,7.1163763999938965
WG1_Weilburger_Grenze,20251007_132750.jpg,89_Agalon_R4S_263_2_29,6.0,,,True,9,0.02303034607667312,147.73455465109495,4.418241500854492,4.600259780883789,4.14797306060791,4.835890769958496,4.907904148101807,4.72031307220459,4.824918746948242,5.1281561851501465,4.753550052642822,4.791106224060059,4.673158168792725,4.934138298034668,4.991009712219238,4.684963226318359,4.968599796295166,4.6875410079956055
WG1_Weilburger_Grenze,20251007_132756.jpg,89_Agalon_R4S_263_2_29,5.0,,,True,4,0.015180822383106906,147.60609185478071,2.696446657180786,2.664815664291382,2.689002513885498,2.218143939971924,2.3861923217773438,2.329756736755371,3.4990077018737793,3.3535730838775635,3.3801827430725098,2.786795139312744,3.0874409675598145,2.7444605827331543,3.0096311569213867,2.6138343811035156,3.037501335144043,2.9116568565368652
WG1_Weilburger_Grenze,20251007_132816.jpg,88_Quedlinburger Platzfester_R4S_285_2_28,9.0,,,True,10,0.039105169860385626,146.63883742330657,4.28071403503418,3.9095029830932617,3.9593377113342285,4.813427925109863,4.825082778930664,4.927123069763184,4.7723588943481445,5.248346328735352,4.564122200012207,4.18303108215332,4.809354782104492,4.2768659591674805,4.921873092651367,4.036534309387207,4.748649597167969,4.411202430725098
WG1_Weilburger_Grenze,20251007_132823.jpg,88_Quedlinburger Platzfester_R4S_285_2_28,6.0,,,True,6,0.06185272458594343,144.26624761776023,3.3456485271453857,3.2783970832824707,3.1709399223327637,4.992388725280762,5.623849868774414,5.253089904785156,4.67280912399292,4.696221828460693,3.9597537517547607,4.082197666168213,4.386738300323486,3.783674955368042,3.878153085708618,3.1850063800811768,3.7312614917755127,3.5662379264831543
WG1_Weilburger_Grenze,20251007_132832.jpg,88_Quedlinburger Platzfester_R4S_285_2_28,7.0,,,True,10,0.061385612499584866,145.73678318605548,2.8625235557556152,2.6870195865631104,2.70930814743042,5.267040252685547,4.968955993652344,4.8773040771484375,3.7044639587402344,3.6282260417938232,3.2831013202667236,2.9410934448242188,3.246427297592163,2.9214792251586914,3.1020429134368896,2.4667625427246094,3.0205297470092773,3.047666549682617
WG1_Weilburger_Grenze,20251007_132852.jpg,87_BRISTOL_R4S_157_2_27,10.0,,,True,9,0.03222085961224013,143.69098673771032,3.4697952270507812,3.5801339149475098,3.3329126834869385,4.170169353485107,4.746233940124512,4.307180881500244,3.641855001449585,3.8649473190307617,3.1463358402252197,3.26920223236084,3.4848153591156006,3.062998056411743,3.8387482166290283,3.3870644569396973,3.652785301208496,3.5396175384521484
WG1_Weilburger_Grenze,20251007_132858.jpg,87_BRISTOL_R4S_157_2_27,8.0,,,True,9,0.02357928256560744,147.95203716600997,3.8527867794036865,3.7771716117858887,3.53886079788208,3.7948195934295654,4.086875915527344,3.940189838409424,4.299849510192871,4.619076728820801,3.8762047290802,3.840092182159424,4.414855480194092,4.100312232971191,4.56567907333374,3.9226839542388916,4.22371244430542,3.9405570030212402
WG1_Weilburger_Grenze,20251007_132905.jpg,87_BRISTOL_R4S_157_2_27,5.0,,,True,7,0.031212512974783856,147.52619404268367,4.275578498840332,4.221907615661621,3.7936549186706543,4.12936544418335,4.659965515136719,4.164694309234619,4.187155723571777,4.838630199432373,3.8555004596710205,3.6860742568969727,4.38356876373291,3.734008550643921,4.973699569702148,4.040069103240967,4.38822603225708,4.406531810760498
WG1_Weilburger_Grenze,20251007_132926.jpg,86_Express 617_R4S_505_2_26,4.0,,,True,9,0.02674335961389068,140.74113082841606,3.6336591243743896,3.673360824584961,3.340291976928711,3.7892510890960693,4.094215393066406,3.6774086952209473,3.869436025619507,3.991631507873535,3.633282423019409,3.2408013343811035,3.7061750888824463,3.5212576389312744,4.267395973205566,3.6325254440307617,3.7744672298431396,3.7767417430877686
WG1_Weilburger_Grenze,20251007_132931.jpg,86_Express 617_R4S_505_2_26,4.0,,,True,6,0.039897769820637335,141.86529405994017,3.1027591228485107,3.013502597808838,2.937680244445801,6.410041809082031,6.5723066329956055,6.1081438064575195,4.009336471557617,3.8370699882507324,3.758390188217163,3.5129740238189697,3.5853817462921143,3.645744800567627,3.4981350898742676,2.8511176109313965,3.199172019958496,3.3997201919555664
WG1_Weilburger_Grenze,20251007_132938.jpg,86_Express 617_R4S_505_2_26,3.0,,,True,10,0.037766033380257864,147.15437289709607,6.5708909034729,6.568950653076172,6.110565185546875,5.717154502868652,6.288715362548828,5.835094451904297,5.060871601104736,3.863570213317871,4.072507381439209,4.1281232833862305,3.5767529010772705,3.891244411468506,7.42130184173584,7.2585883140563965,7.274571418762207,6.81276798248291
WG1_Weilburger_Grenze,20251007_133000.jpg,85_RAFAL DH1_R4S_190_2_25,9.0,,,True,9,0.02765906932573599,145.74766385877496,2.667177200317383,2.6760075092315674,2.3983964920043945,3.108828544616699,3.2221717834472656,2.994041919708252,2.5812954902648926,2.9346418380737305,2.6287193298339844,2.574307918548584,2.902617931365967,2.568566083908081,3.2396907806396484,2.7098894119262695,2.7686965465545654,2.7344369888305664
WG1_Weilburger_Grenze,20251007_133007.jpg,85_RAFAL DH1_R4S_190_2_25,7.0,,,True,9,0.062346583191190096,144.42846723242855,5.205440044403076,5.341854095458984,4.900692462921143,6.397700309753418,6.363595485687256,5.767200946807861,4.8666887283325195,5.908054828643799,4.754983425140381,5.285162448883057,4.896158218383789,4.803188323974609,5.513628959655762,5.163837432861328,5.318405628204346,5.489233016967773
WG1_Weilburger_Grenze,20251007_133014.jpg,85_RAFAL DH1_R4S_190_2_25,9.0,,,True,7,0.042233065025743026,150.20733443142618,4.614078998565674,4.5064897537231445,4.050859451293945,4.8107075691223145,5.180426597595215,4.831960678100586,4.796814918518066,5.11509895324707,4.514533042907715,4.056946754455566,4.722733497619629,4.192360877990723,5.533475399017334,4.365522384643555,4.762596130371094,4.653944969177246
WG1_Weilburger_Grenze,20251007_133035.jpg,84_Sansibar_R4S_243_2_24,4.0,,,True,7,0.00945855680634958,145.13909599025558,3.1589694023132324,3.0911357402801514,3.302443027496338,2.6067235469818115,2.5154285430908203,2.5420455932617188,3.9385318756103516,4.291511535644531,4.048521518707275,3.951263904571533,4.0460615158081055,3.9472432136535645,3.012809991836548,2.855926990509033,3.2120022773742676,3.4406983852386475
WG1_Weilburger_Grenze,20251007_133042.jpg,84_Sansibar_R4S_243_2_24,2.0,,,True,3,0.00765087874295583,145.52334546253175,3.4325761795043945,3.2485976219177246,3.4199860095977783,2.6122708320617676,2.599837064743042,2.4341492652893066,4.198452472686768,4.355317115783691,4.059410572052002,3.324171543121338,3.731128215789795,3.4075889587402344,3.038267135620117,2.7772159576416016,3.4255995750427246,3.8068723678588867
WG1_Weilburger_Grenze,20251007_133049.jpg,84_Sansibar_R4S_243_2_24,9.0,,,True,5,0.007765987910187438,145.92003797774873,5.050382614135742,5.129149436950684,4.969461441040039,3.694136619567871,3.7027652263641357,3.868950843811035,4.832200050354004,4.741788387298584,4.853011131286621,3.9802446365356445,4.864105224609375,4.5529279708862305,5.664319038391113,5.309494972229004,5.870819091796875,5.172063827514648
WG1_Weilburger_Grenze,20251007_133113.jpg,83_Start_R4S_289_2_23,5.0,,,True,4,0.019739266046103612,149.6426638725084,2.7633237838745117,2.818845748901367,2.587494373321533,2.609440803527832,3.097184181213379,2.6337084770202637,2.9802474975585938,3.431506872177124,2.890181064605713,2.5487120151519775,2.8805456161499023,2.5227489471435547,3.0813987255096436,2.5081124305725098,2.700956106185913,2.8402297496795654
WG1_Weilburger_Grenze,20251007_133120.jpg,83_Start_R4S_289_2_23,8.0,,,True,6,0.02893648009333994,146.5153525420749,5.265097618103027,4.9676008224487305,4.757625579833984,7.82869291305542,7.189764022827148,7.468515872955322,7.118552207946777,6.8208441734313965,6.811052322387695,5.203988552093506,5.559049129486084,6.06622838973999,5.643064975738525,4.962797164916992,5.799948692321777,5.466211318969727
WG1_Weilburger_Grenze,20251007_133127.jpg,83_Start_R4S_289_2_23,8.0,,,True,10,0.03441297594835524,146.0447955559603,3.898158073425293,3.8995003700256348,3.6390111446380615,5.382690906524658,5.699116230010986,5.536529064178467,4.604628562927246,4.980025768280029,4.4022440910339355,4.300103187561035,5.309162616729736,4.739293098449707,4.157395839691162,3.9056613445281982,4.3770833015441895,4.087334156036377
WG1_Weilburger_Grenze,20251007_133147.jpg,82_Bangholm PT_R4S_345_2_22,7.0,,,False,28,0.006518916666666667,147.89202783333334,7.591294765472412,7.910451889038086,7.5665764808654785,5.995525360107422,6.115765571594238,5.895597457885742,8.557845115661621,9.6763916015625,7.6828508377075195,9.106159210205078,8.05334186553955,8.869126319885254,6.974145412445068,7.006083011627197,7.556655406951904,7.804542541503906
WG1_Weilburger_Grenze,20251007_133155.jpg,82_Bangholm PT_R4S_345_2_22,7.0,,,True,11,0.02386245277238844,144.94828040437048,7.9852190017700195,8.277750968933105,7.70156192779541,4.238635063171387,4.072390079498291,4.292943954467773,4.682143688201904,5.727725982666016,4.323784351348877,4.8586578369140625,4.840119361877441,4.888535499572754,7.9679179191589355,8.337301254272461,8.456488609313965,8.11142349243164
WG1_Weilburger_Grenze,20251007_133203.jpg,82_Bangholm PT_R4S_345_2_22,8.0,,,True,11,0.016412523200156296,144.31921461365636,4.100203990936279,3.989806652069092,4.089489936828613,3.6584548950195312,3.6668426990509033,3.666849136352539,4.8032755851745605,5.2364583015441895,4.77338981628418,4.376042366027832,4.660872936248779,4.60256814956665,4.232427597045898,3.874192237854004,4.359686851501465,4.365231037139893
WG1_Weilburger_Grenze,20251007_133225.jpg,81_25629-3_R4S_373_2_21,6.0,,,True,5,0.011381345775052938,144.05367258869384,4.133652687072754,4.099411964416504,3.701108932495117,4.482695579528809,5.000249862670898,4.579434394836426,4.362616062164307,5.4764227867126465,3.97149920463562,4.07122278213501,4.590034484863281,3.756892681121826,5.1490068435668945,3.937060594558716,4.077749252319336,4.0447893142700195
WG1_Weilburger_Grenze,20251007_133232.jpg,81_25629-3_R4S_373_2_21,3.0,,,True,7,0.019883292732429902,147.21408555414322,4.05682373046875,3.8544158935546875,3.9694228172302246,5.868917465209961,5.934495449066162,5.825994491577148,4.57599401473999,4.867432117462158,4.244905471801758,4.214470386505127,4.236175537109375,4.209529876708984,4.332205772399902,3.848177671432495,4.245883941650391,4.1400146484375
WG1_Weilburger_Grenze,20251007_133238.jpg,81_25629-3_R4S_373_2_21,13.0,,,False,17,0.006702583333333333,147.94877025,8.616769790649414,8.896875381469727,8.058073997497559,8.875784873962402,9.546859741210938,8.969529151916504,9.385744094848633,10.41608715057373,8.27072525024414,9.213894844055176,8.991121292114258,9.035524368286133,9.439092636108398,8.42507553100586,9.006412506103516,8.5873441696167
WG1_Weilburger_Grenze,20251007_133258.jpg,80_Laser_R4S_246_2_20,35.0,,,True,8,0.0237987702649707,146.5478006817075,6.805330276489258,6.475828170776367,6.035942077636719,5.776334762573242,6.590126037597656,5.937887191772461,4.8391008377075195,6.7224321365356445,5.315733909606934,4.8310346603393555,6.43613862991333,5.401259899139404,7.931380271911621,6.9409894943237305,7.483844757080078,6.854792594909668
WG1_Weilburger_Grenze,20251007_133307.jpg,80_Laser_R4S_246_2_20,4.0,,,True,7,0.031480601174396015,147.09970982658106,3.66348934173584,3.7925424575805664,3.5444648265838623,3.3725335597991943,3.8055524826049805,3.468167304992676,4.076669216156006,4.588713645935059,3.7706942558288574,3.3949952125549316,4.082065105438232,3.628716230392456,4.131295204162598,3.8248281478881836,4.3309831619262695,3.8272767066955566
WG1_Weilburger_Grenze,20251007_133314.jpg,80_Laser_R4S_246_2_20,3.0,,,True,11,0.05144586381067996,143.8300396231182,5.015703201293945,5.1962432861328125,4.572346210479736,4.53881311416626,5.283449649810791,4.844053268432617,4.1268696784973145,5.005960464477539,3.9636380672454834,3.872513771057129,4.872872829437256,3.9014532566070557,6.494499683380127,5.675129413604736,5.846539497375488,4.982126235961914
WG1_Weilburger_Grenze,20251007_133337.jpg,79_Jantar_R4S_391_2_19,5.0,,,True,4,0.010771266131570664,144.65060001573812,4.652878284454346,4.789028167724609,4.2235107421875,3.621185302734375,4.066473960876465,3.609971761703491,4.178244113922119,5.1597466468811035,4.032114028930664,3.893397808074951,4.6897382736206055,4.038346767425537,5.984350204467773,5.265553951263428,5.113832950592041,4.639216899871826
WG1_Weilburger_Grenze,20251007_133345.jpg,79_Jantar_R4S_391_2_19,4.0,,,True,9,0.02448932602547739,143.20695397552367,1.931348204612732,1.9646470546722412,1.9923030138015747,1.8381766080856323,2.105119466781616,1.9557099342346191,2.739306926727295,2.9419071674346924,2.7520577907562256,2.4346041679382324,2.5883255004882812,2.4174282550811768,1.9264023303985596,1.7857155799865723,2.146819591522217,2.1146817207336426
WG1_Weilburger_Grenze,20251007_133352.jpg,79_Jantar_R4S_391_2_19,5.0,,,False,14,0.006595833333333334,149.71559833333333,6.762462615966797,6.850261211395264,6.362557411193848,6.387033939361572,6.487667083740234,6.164941787719727,6.681302070617676,6.611177921295166,5.668526649475098,6.064845561981201,5.872814178466797,6.146702289581299,6.644501686096191,6.262465953826904,6.934911251068115,7.0117363929748535
WG1_Weilburger_Grenze,20251007_133430.jpg,78_Taisetsu_R4S_522_2_18,5.0,,,True,10,0.029488301889963348,148.49423274168365,4.220123767852783,4.217190742492676,3.83115816116333,3.179138422012329,3.401927947998047,3.2150793075561523,3.406930446624756,4.343678951263428,3.369683027267456,3.1465444564819336,3.5303666591644287,3.2470245361328125,4.833202362060547,4.085350513458252,4.445005893707275,4.354451656341553
WG1_Weilburger_Grenze,20251007_133437.jpg,78_Taisetsu_R4S_522_2_18,12.0,,,True,11,0.03381683958499601,144.9613612330407,4.84951114654541,5.050614356994629,4.398303985595703,4.542882919311523,4.858403205871582,4.588926315307617,4.795197486877441,5.419118881225586,4.593904495239258,4.368542671203613,5.066094875335693,4.533989429473877,5.92669153213501,5.194974422454834,5.48660945892334,4.8946003913879395
WG1_Weilburger_Grenze,20251007_133444.jpg,78_Taisetsu_R4S_522_2_18,15.0,,,True,6,0.027070461358737165,146.41828340234957,6.676364898681641,6.746359348297119,6.3328986167907715,5.809825897216797,6.238543510437012,6.018357276916504,6.479769706726074,6.429396629333496,6.6280364990234375,4.946033000946045,5.9437761306762695,5.714387893676758,7.339967727661133,6.716549873352051,7.411001205444336,6.773525238037109
WG1_Weilburger_Grenze,20251007_133505.jpg,77_S5_R4S_451_2_17,4.0,,,False,25,0.012091916666666667,144.08295041666668,6.185140609741211,6.669976711273193,5.606067180633545,6.347320556640625,7.156666278839111,6.620774269104004,6.556668758392334,7.540493488311768,5.799180030822754,6.929525852203369,6.515507221221924,6.60373067855835,6.810551166534424,6.190752029418945,6.34012508392334,6.120357513427734
WG1_Weilburger_Grenze,20251007_133513.jpg,77_S5_R4S_451_2_17,9.0,,,True,9,0.0435478691541459,143.66389285148202,3.8009209632873535,3.742079496383667,3.4204869270324707,3.6489784717559814,4.11700439453125,3.7176120281219482,4.480366230010986,4.810512065887451,4.18325662612915,3.9701223373413086,4.414480686187744,4.026148319244385,4.438112735748291,3.731050729751587,4.174464225769043,4.03101921081543
WG1_Weilburger_Grenze,20251007_133520.jpg,77_S5_R4S_451_2_17,10.0,,,True,7,0.031164932078327164,144.0739262722143,4.338166236877441,4.264088153839111,4.0366973876953125,3.9390816688537598,4.255991458892822,3.973212957382202,4.537859916687012,5.248776435852051,4.137084484100342,4.127906322479248,4.429816246032715,3.9461822509765625,4.763711452484131,4.1076765060424805,4.730671405792236,4.447343826293945
WG1_Weilburger_Grenze,20251007_133541.jpg,76_H355_R4S_417_2_16,14.0,,,True,9,0.02743812119874582,142.84090701230122,3.154815196990967,2.9878110885620117,3.233553171157837,2.0676021575927734,2.0330491065979004,1.95188307762146,3.620028018951416,3.634809970855713,3.2675538063049316,2.86254620552063,3.2014474868774414,2.793767213821411,2.928387403488159,2.5710787773132324,3.183506965637207,3.3341879844665527
WG1_Weilburger_Grenze,20251007_133549.jpg,76_H355_R4S_417_2_16,8.0,,,True,13,0.0549553111993227,143.2978023147937,2.2093803882598877,2.1476426124572754,2.0947299003601074,1.5287189483642578,1.6236228942871094,1.5550053119659424,2.532789707183838,2.6307990550994873,2.3261823654174805,1.9991122484207153,2.2688863277435303,2.0927953720092773,2.0204710960388184,1.8119723796844482,2.1731081008911133,2.3878424167633057
WG1_Weilburger_Grenze,20251007_133558.jpg,76_H355_R4S_417_2_16,3.0,,,True,9,0.022499609283926324,145.52714285348276,4.382436752319336,4.2322187423706055,4.309360027313232,5.289659023284912,5.43722677230835,5.476491928100586,4.95479679107666,4.034078598022461,4.079259395599365,3.255150556564331,4.091970920562744,3.9049882888793945,4.600644111633301,4.30401086807251,4.352859020233154,4.452345848083496
WG1_Weilburger_Grenze,20251007_133619.jpg,75_Liglory_R4S_279_2_15,4.0,,,True,5,0.03044561921052414,147.8060949081534,3.1296937465667725,3.163663387298584,2.8183469772338867,2.425215721130371,2.807582378387451,2.490631103515625,3.2795767784118652,3.3433914184570312,3.041091203689575,2.618663787841797,3.0994513034820557,2.72003173828125,3.359585762023926,3.0255448818206787,3.251805305480957,3.30568790435791
WG1_Weilburger_Grenze,20251007_133627.jpg,75_Liglory_R4S_279_2_15,17.0,,,True,7,0.035620183257978534,146.2086797716719,3.465233087539673,3.6773805618286133,3.1882071495056152,3.5033185482025146,3.758862018585205,3.4094841480255127,4.1172075271606445,4.5081586837768555,3.9093072414398193,3.5182530879974365,3.8545846939086914,3.5204787254333496,3.7790040969848633,3.113013744354248,3.590867757797241,3.677687168121338
WG1_Weilburger_Grenze,20251007_133635.jpg,75_Liglory_R4S_279_2_15,19.0,,,True,6,0.019218610290989587,146.4804835985602,4.202462673187256,4.102669715881348,3.8542325496673584,3.6774075031280518,4.1607232093811035,3.7453417778015137,4.369407653808594,5.074006080627441,4.151287078857422,3.940441846847534,4.388654708862305,3.8377251625061035,5.192420959472656,4.257590293884277,4.508871078491211,4.4105634689331055
WG1_Weilburger_Grenze,20251007_133700.jpg,74_Drummonds Purple Top_R4S_343_2_14,9.0,,,True,8,0.05015682121363326,145.22204610951007,2.7439088821411133,2.6531543731689453,2.4363033771514893,6.552342891693115,6.607761383056641,6.301172733306885,3.4172613620758057,3.2345290184020996,2.8715665340423584,2.8096485137939453,2.726619243621826,2.7633328437805176,2.7848472595214844,2.3320720195770264,2.690601348876953,2.9502246379852295
WG1_Weilburger_Grenze,20251007_133707.jpg,74_Drummonds Purple Top_R4S_343_2_14,8.0,,,True,6,0.04265010854387407,145.33588489799303,3.7878432273864746,3.7498586177825928,3.63179874420166,7.675347805023193,8.042970657348633,7.594717979431152,6.460181713104248,6.162510871887207,6.494678020477295,5.704451084136963,6.184136390686035,6.246440410614014,3.486417531967163,3.1959075927734375,3.7558236122131348,4.082447528839111
WG1_Weilburger_Grenze,20251007_133716.jpg,74_Drummonds Purple Top_R4S_343_2_14,4.0,,,True,8,0.026860063795097644,143.5582858955569,2.4022819995880127,2.3472352027893066,2.388543128967285,2.4007270336151123,2.666067123413086,2.504293918609619,3.864366292953491,3.4445650577545166,3.4473464488983154,3.2040417194366455,3.247109889984131,3.1901254653930664,2.260453701019287,2.200915813446045,2.5133583545684814,2.647958278656006
WG1_Weilburger_Grenze,20251007_133736.jpg,73_NK Fair_R4S_166_2_13,10.0,,,True,7,0.023962838609803343,142.55663396277686,3.056171178817749,3.0506200790405273,2.7547364234924316,2.632382869720459,2.9918413162231445,2.6519393920898438,3.4120588302612305,3.6731390953063965,2.984863519668579,2.9286558628082275,3.1934988498687744,2.9147093296051025,3.5460524559020996,2.8886709213256836,3.2208564281463623,3.1641814708709717
WG1_Weilburger_Grenze,20251007_133742.jpg,73_NK Fair_R4S_166_2_13,12.0,,,True,8,0.0211716673673826,143.805000047719,11.794856071472168,11.93175220489502,10.19942855834961,8.414073944091797,9.469419479370117,8.640148162841797,8.599589347839355,9.381484985351562,7.854848861694336,7.933437824249268,8.413432121276855,7.969991683959961,12.504523277282715,12.622238159179688,12.406946182250977,11.313544273376465
WG1_Weilburger_Grenze,20251007_133748.jpg,73_NK Fair_R4S_166_2_13,5.0,,,False,19,0.010511833333333333,146.77317741666667,5.370383262634277,5.301856994628906,5.133515357971191,5.6760759353637695,6.282351970672607,5.856931686401367,6.402719974517822,6.548995494842529,5.4450788497924805,5.945864200592041,5.822115898132324,6.301610946655273,5.435704708099365,4.8274126052856445,5.591996192932129,5.677186012268066
WG1_Weilburger_Grenze,20251007_133826.jpg,72_Samourai_R4S_197_2_12,50.0,,,True,1,0.003968803312139279,145.64585017664572,6.9831156730651855,6.750155925750732,7.142163276672363,7.574473857879639,8.081792831420898,8.093406677246094,9.11059856414795,9.255593299865723,9.161931991577148,7.557006359100342,8.104374885559082,7.949986934661865,8.299412727355957,6.842540264129639,8.253119468688965,7.62337589263916
WG1_Weilburger_Grenze,20251007_133833.jpg,72_Samourai_R4S_197_2_12,1.0,,,True,2,0.0031537098834095497,145.4939284390063,3.1015849113464355,3.066013813018799,3.239626884460449,5.055202007293701,4.649738311767578,4.891786575317383,6.111993312835693,5.325100421905518,5.2901763916015625,5.6665520668029785,5.397627353668213,5.798199653625488,2.8790364265441895,2.759920120239258,3.157104015350342,3.41422438621521
WG1_Weilburger_Grenze,20251007_133857.jpg,71_Tenor_R4S_169_2_11,8.0,,,True,10,0.028476919554172055,144.76664583165726,5.528603553771973,5.485274791717529,5.050514221191406,8.278768539428711,8.810022354125977,8.487855911254883,4.872136116027832,5.332890510559082,4.491410255432129,4.630348205566406,4.854879379272461,4.5750203132629395,6.2884979248046875,5.586155891418457,5.975009918212891,5.694340705871582
WG1_Weilburger_Grenze,20251007_133904.jpg,71_Tenor_R4S_169_2_11,4.0,,,False,17,0.009934416666666666,148.68614158333332,5.662259578704834,5.928963661193848,5.576932907104492,7.063989162445068,7.3965559005737305,7.075610160827637,8.105825424194336,7.6413469314575195,6.727108478546143,7.076681613922119,6.767312526702881,7.485228538513184,5.367738246917725,5.225404739379883,5.744720935821533,5.913259506225586
WG1_Weilburger_Grenze,20251007_133911.jpg,71_Tenor_R4S_169_2_11,18.0,,,True,8,0.03564349408645486,146.14890220471563,3.447352170944214,3.2798452377319336,3.3734593391418457,3.196922779083252,3.0739784240722656,3.088374376296997,4.4140238761901855,4.389622211456299,4.294271469116211,3.8209996223449707,3.7570714950561523,3.8391873836517334,3.296001434326172,2.8453807830810547,3.475517749786377,3.7526707649230957
WG1_Weilburger_Grenze,20251007_133938.jpg,70_Smaragd_R4S_539_2_10,4.0,,,True,3,0.018326148598807584,144.7836385869438,2.9556164741516113,2.9626307487487793,2.7455718517303467,3.0007123947143555,3.3921115398406982,2.9063329696655273,3.667184829711914,3.8577687740325928,3.327610969543457,3.1219749450683594,3.4497406482696533,2.9448020458221436,3.26910138130188,2.870187282562256,3.0963551998138428,3.175616502761841
WG1_Weilburger_Grenze,20251007_133946.jpg,70_Smaragd_R4S_539_2_10,3.0,,,True,6,0.01808043326049101,149.11801112207445,3.7881975173950195,3.8696184158325195,3.4385781288146973,3.341689348220825,3.7143492698669434,3.3074522018432617,3.7927165031433105,4.3027472496032715,3.404160261154175,3.4231457710266113,3.746072292327881,3.2578847408294678,4.81095027923584,4.084559917449951,4.181552410125732,3.8198037147521973
WG1_Weilburger_Grenze,20251007_133957.jpg,70_Smaragd_R4S_539_2_10,11.0,,,True,9,0.025961391255415196,148.04465752376066,3.086061477661133,3.095104694366455,2.7933156490325928,3.636195182800293,3.720879554748535,3.655099868774414,4.02212381362915,4.807200908660889,3.71789813041687,3.9312686920166016,4.176395893096924,3.847855806350708,3.596508026123047,3.2044196128845215,3.3307571411132812,3.1633827686309814
WG1_Weilburger_Grenze,20251007_134016.jpg,69_Rotabaggeue_R4S_329_2_9,5.0,,,True,11,0.012388040794048235,148.35195058337908,5.544192790985107,5.699456214904785,5.1070756912231445,5.322928428649902,5.449698448181152,5.074135780334473,5.047182083129883,6.373952388763428,4.945842742919922,5.509881496429443,5.718637466430664,5.3429083824157715,6.468376159667969,5.896358489990234,5.923940658569336,5.627833366394043
WG1_Weilburger_Grenze,20251007_134023.jpg,69_Rotabaggeue_R4S_329_2_9,3.0,,,False,20,0.005853,147.24966541666666,7.767577171325684,8.148324966430664,7.702176094055176,7.024910926818848,7.3922319412231445,7.0986328125,7.738027095794678,7.1936516761779785,6.48496675491333,7.022770404815674,6.223923206329346,7.193478107452393,7.268752574920654,7.512531757354736,7.914279937744141,7.9138360023498535
WG1_Weilburger_Grenze,20251007_134030.jpg,69_Rotabaggeue_R4S_329_2_9,4.0,,,False,16,0.00312975,147.30643666666666,9.439029693603516,9.823331832885742,9.66975212097168,9.142145156860352,9.680360794067383,9.061025619506836,12.034543991088867,12.022171974182129,10.946503639221191,12.157891273498535,11.00998592376709,12.611949920654297,9.003560066223145,8.972816467285156,9.545766830444336,9.582893371582031
WG1_Weilburger_Grenze,20251007_134049.jpg,68_Leopard_R4S_204_2_8,2.0,,,True,8,0.047859006728922286,147.27941084681333,2.269285202026367,2.21052885055542,2.047701358795166,2.9102561473846436,3.286808967590332,2.893796920776367,3.2594516277313232,3.4012529850006104,2.7455718517303467,2.666036367416382,2.9617552757263184,2.566601514816284,2.3825716972351074,1.9993982315063477,2.1843388080596924,2.419991970062256
WG1_Weilburger_Grenze,20251007_134055.jpg,68_Leopard_R4S_204_2_8,3.0,,,False,33,0.021050916666666666,146.92492575,5.486720085144043,5.402532577514648,5.067666053771973,5.719857215881348,6.2271833419799805,5.73260498046875,6.266374111175537,6.722083568572998,5.344004154205322,5.868453502655029,5.709547519683838,5.844823837280273,5.624916076660156,4.986998081207275,5.425616264343262,5.659649848937988
WG1_Weilburger_Grenze,20251007_134104.jpg,68_Leopard_R4S_204_2_8,8.0,,,True,10,0.04891523571731283,146.8702091917753,3.693960666656494,3.309293746948242,3.715479850769043,9.305983543395996,8.561641693115234,8.743309020996094,7.699120998382568,5.5825324058532715,5.88814640045166,5.485199928283691,4.470773220062256,5.930727958679199,3.5052876472473145,3.145437240600586,3.8556392192840576,4.097964286804199
WG1_Weilburger_Grenze,20251007_134123.jpg,67_Flip_R4S_203_2_7,30.0,,,True,8,0.03669982979567849,145.46164773811432,5.365654945373535,5.465167999267578,5.417790412902832,4.171638488769531,4.62957763671875,4.177547454833984,5.230891227722168,6.132502555847168,5.134951114654541,5.17354679107666,5.4081196784973145,5.2830986976623535,5.003884315490723,5.018542289733887,5.62847900390625,5.989937782287598
WG1_Weilburger_Grenze,20251007_134130.jpg,67_Flip_R4S_203_2_7,20.0,,,True,7,0.03194905265978025,144.8123013774496,5.812358379364014,5.355377197265625,5.12853479385376,3.769519329071045,4.047630786895752,3.776017427444458,3.744713544845581,4.298342704772949,3.745171546936035,3.7830066680908203,3.8436167240142822,3.8062806129455566,5.160491466522217,4.321916103363037,5.197805404663086,6.408997058868408
WG1_Weilburger_Grenze,20251007_134136.jpg,67_Flip_R4S_203_2_7,15.0,,,True,5,0.021323108954151578,143.5221168179308,3.3076324462890625,3.4722957611083984,3.1100974082946777,3.425328254699707,4.010255813598633,3.5753793716430664,4.1135573387146,4.733982086181641,3.9040956497192383,3.67268967628479,4.082692623138428,3.7642102241516113,3.6760501861572266,3.2217390537261963,3.6475930213928223,3.5337345600128174
WG1_Weilburger_Grenze,20251007_134155.jpg,66_V8_R4S_292_2_6,3.0,,,True,6,0.028256380725069204,146.45879864749512,3.5863771438598633,3.681955337524414,3.2571659088134766,4.248518943786621,4.399394989013672,4.069302558898926,3.743297576904297,4.584664344787598,3.536350965499878,3.671868085861206,3.5736083984375,3.7787091732025146,3.4788312911987305,3.1742069721221924,3.4225597381591797,3.800535202026367
WG1_Weilburger_Grenze,20251007_134202.jpg,66_V8_R4S_292_2_6,2.0,,,True,8,0.04222351043451961,144.97724367375744,3.006361961364746,3.110503911972046,2.654499053955078,4.20196008682251,4.446072578430176,4.046013355255127,3.0148119926452637,3.019054889678955,2.649587869644165,2.5625386238098145,2.901303768157959,2.723451614379883,3.601235866546631,3.1362576484680176,3.2703752517700195,3.0761821269989014
WG1_Weilburger_Grenze,20251007_134209.jpg,66_V8_R4S_292_2_6,33.0,,,True,7,0.05432977461447212,147.88509155566487,2.978121757507324,2.996283531188965,2.7149195671081543,3.105055570602417,3.558576822280884,3.047656536102295,3.988974094390869,4.06087064743042,3.5451602935791016,3.103092670440674,3.3869476318359375,3.142911672592163,2.98494815826416,2.5774199962615967,3.0634820461273193,3.156960964202881
WG1_Weilburger_Grenze,20251007_134231.jpg,65_Ontario_R4S_151_2_5,4.0,,,True,1,0.0019464200572155118,145.80844475127145,1.6553727388381958,1.7234455347061157,1.604457974433899,1.0889803171157837,1.2432347536087036,1.179316520690918,1.8044724464416504,2.150966167449951,1.6258139610290527,1.5889538526535034,1.9039795398712158,1.4576598405838013,1.4866149425506592,1.415165662765503,1.570541262626648,1.610473394393921
WG1_Weilburger_Grenze,20251007_134236.jpg,65_Ontario_R4S_151_2_5,2.0,,,False,3,0.0006051666666666666,149.35388875,4.679865837097168,5.0326642990112305,4.769576072692871,6.579522132873535,6.949626922607422,6.717016220092773,5.157718658447266,4.799363613128662,4.418610095977783,4.693109035491943,4.207190990447998,4.5650506019592285,4.346988677978516,4.373201370239258,4.593421936035156,4.694178104400635
WG1_Weilburger_Grenze,20251007_134244.jpg,65_Ontario_R4S_151_2_5,5.0,,,True,3,0.0030207693624218507,151.21459392523835,4.910434722900391,5.519718170166016,4.701633930206299,13.826091766357422,15.680033683776855,14.51530647277832,5.0980987548828125,5.480748653411865,5.057951927185059,5.5563530921936035,4.654576778411865,5.218307971954346,5.3394317626953125,5.118056297302246,5.080074787139893,4.840536117553711
WG1_Weilburger_Grenze,20251007_134311.jpg,64_DSV1_R4S_494_2_4,22.0,,,True,5,0.02184431345999764,141.56630052442088,3.8915481567382812,3.8060402870178223,3.461409091949463,4.513309955596924,4.83467435836792,4.33790397644043,4.304451942443848,4.866670608520508,3.9526567459106445,3.838602066040039,4.152376174926758,3.8993310928344727,4.8022685050964355,3.9820351600646973,4.191628932952881,4.012563705444336
WG1_Weilburger_Grenze,20251007_134319.jpg,64_DSV1_R4S_494_2_4,7.0,,,True,5,0.029209046033750432,143.96574446102628,3.2898945808410645,3.3002705574035645,3.218959093093872,3.6934118270874023,3.9470319747924805,3.6637446880340576,4.586275100708008,5.513757228851318,4.43574857711792,4.776666164398193,5.006130218505859,4.247396469116211,3.9204397201538086,3.3151042461395264,3.64629864692688,3.4230384826660156
WG1_Weilburger_Grenze,20251007_134325.jpg,64_DSV1_R4S_494_2_4,12.0,,,True,6,0.03527822197719469,146.5113397454672,3.8263187408447266,3.622361660003662,3.438955783843994,3.4727976322174072,3.756336212158203,3.4208104610443115,4.297003269195557,4.452178478240967,4.12410831451416,3.497927665710449,4.163944244384766,3.592613697052002,4.901005744934082,3.973391532897949,4.28995418548584,3.955153465270996
WG1_Weilburger_Grenze,20251007_134345.jpg,63_Vivol_R4S_156_2_3,4.0,,,True,11,0.031441621507780286,145.46951370157063,3.8218626976013184,3.9691364765167236,3.483020544052124,3.088327407836914,3.4234659671783447,3.090409755706787,3.9757461547851562,4.522486209869385,3.8497800827026367,3.710282564163208,3.9058704376220703,3.6907413005828857,4.249361991882324,4.019491195678711,4.268615245819092,3.927318572998047
WG1_Weilburger_Grenze,20251007_134354.jpg,63_Vivol_R4S_156_2_3,26.0,,,True,8,0.04161949028376949,146.13211053523142,6.119903087615967,6.315301418304443,5.200386047363281,5.947817325592041,6.853939056396484,5.944394111633301,6.063716888427734,7.302938461303711,5.455375671386719,5.209293365478516,6.1855149269104,5.066389083862305,6.970113754272461,5.990478992462158,6.3236494064331055,6.053444862365723
WG1_Weilburger_Grenze,20251007_134402.jpg,63_Vivol_R4S_156_2_3,3.0,,,False,18,0.009974083333333333,147.78171716666665,5.275272369384766,5.543233871459961,4.950140953063965,5.558274269104004,6.194091796875,5.597334861755371,6.013494491577148,6.815070152282715,5.349494457244873,6.101592540740967,5.703303337097168,5.967787265777588,5.316802978515625,5.019855499267578,5.354127883911133,5.440942764282227
WG1_Weilburger_Grenze,20251007_134425.jpg,62_Magres Pajberg_R4S_331_2_2,10.0,,,True,5,0.013339114728188918,145.74756514332043,13.91778564453125,14.377256393432617,12.966730117797852,11.597646713256836,12.584863662719727,11.606819152832031,11.30972671508789,12.377793312072754,11.317705154418945,10.437538146972656,12.390067100524902,11.954866409301758,14.515975952148438,13.934523582458496,14.452686309814453,13.756368637084961
WG1_Weilburger_Grenze,20251007_134433.jpg,62_Magres Pajberg_R4S_331_2_2,7.0,,,True,10,0.019895392550351415,147.4412667711934,4.689406394958496,4.264050483703613,4.577877044677734,4.193954944610596,4.110672473907471,4.152730941772461,5.224833965301514,5.507946014404297,4.894227027893066,4.381369113922119,4.691770076751709,4.512298583984375,4.766753673553467,4.163052558898926,4.999776840209961,4.8609185218811035
WG1_Weilburger_Grenze,20251007_134442.jpg,62_Magres Pajberg_R4S_331_2_2,21.0,,,False,28,0.012335083333333333,144.47758925,7.546662330627441,7.898252010345459,7.527455806732178,7.278683662414551,7.829129219055176,7.432013511657715,8.579127311706543,9.355270385742188,7.932565212249756,8.73473072052002,8.223566055297852,8.894281387329102,6.966581344604492,7.21513032913208,7.694990158081055,7.856561660766602
WG1_Weilburger_Grenze,20251007_134503.jpg,61_J 104_R4S_443_2_1,6.0,,,False,17,0.011865666666666667,144.54524391666666,5.497154235839844,5.831947326660156,5.044825077056885,5.134015083312988,5.910866737365723,5.261173248291016,5.944578170776367,6.784770488739014,5.232662200927734,6.0505290031433105,5.9905571937561035,5.856292724609375,6.06073522567749,5.549343109130859,5.837691307067871,5.583669185638428
WG1_Weilburger_Grenze,20251007_134510.jpg,61_J 104_R4S_443_2_1,20.0,,,False,29,0.020077833333333333,145.76664633333334,5.456616401672363,5.654917240142822,5.187738418579102,7.23664665222168,7.939939975738525,7.367917060852051,7.0387749671936035,8.035788536071777,6.125130653381348,6.740361213684082,6.418384552001953,6.926337718963623,5.510729789733887,5.197737216949463,5.668674468994141,5.627707004547119
WG1_Weilburger_Grenze,20251007_134517.jpg,61_J 104_R4S_443_2_1,15.0,,,True,8,0.03651357892946858,145.05675596416967,7.909085273742676,7.945012092590332,6.861621856689453,4.909450531005859,5.519575119018555,4.965487003326416,4.738307952880859,5.239290714263916,4.19307804107666,4.277373313903809,5.169371604919434,4.181295871734619,8.506270408630371,8.049796104431152,8.105902671813965,7.968216896057129
WG1_Weilburger_Grenze,20251007_134607.jpg,121_Tankard Bronze Top_R4S_325_3_1,7.0,,,True,9,0.05035112771659396,140.0382872410806,5.391356945037842,5.4583587646484375,4.399903297424316,5.232117176055908,5.995242118835449,5.02889347076416,4.831566333770752,5.817949295043945,4.390122413635254,4.656714916229248,4.966155052185059,4.348013401031494,7.0155253410339355,5.592816352844238,5.503883361816406,5.399101257324219
WG1_Weilburger_Grenze,20251007_134615.jpg,121_Tankard Bronze Top_R4S_325_3_1,6.0,,,True,6,0.0778097514184916,143.0042798614837,5.902676105499268,6.208470821380615,5.049988269805908,5.085202217102051,6.0405049324035645,5.267238140106201,5.751420021057129,7.004125595092773,5.092299938201904,5.794486999511719,5.69697380065918,5.427720069885254,6.473280906677246,5.800994873046875,6.1432785987854,6.255256175994873
WG1_Weilburger_Grenze,20251007_134622.jpg,121_Tankard Bronze Top_R4S_325_3_1,4.0,,,True,6,0.03688259038739768,141.55232246866728,3.5876355171203613,3.791836738586426,3.227750301361084,7.052088260650635,8.018224716186523,8.115077018737793,4.238635540008545,4.669841289520264,3.822467565536499,3.897602081298828,3.7307426929473877,3.569270610809326,4.252542972564697,3.8748931884765625,3.966034173965454,3.7140743732452393
WG1_Weilburger_Grenze,20251007_134640.jpg,122_Montego_R4S_150_3_2,3.0,,,True,7,0.025429476278245638,139.87459038095335,8.188453674316406,8.572426795959473,7.6066813468933105,6.802524089813232,7.815690994262695,7.170445442199707,6.1705522537231445,6.725205421447754,5.52990198135376,6.1783223152160645,5.998876094818115,5.029131889343262,9.494543075561523,9.10528564453125,9.314769744873047,8.104758262634277
WG1_Weilburger_Grenze,20251007_134648.jpg,122_Montego_R4S_150_3_2,4.0,,,True,9,0.040134257730824255,140.68867863181168,5.295064926147461,5.684591293334961,4.968450546264648,5.05064058303833,6.022589683532715,5.29184627532959,4.547504901885986,4.982675075531006,4.389843940734863,4.323380947113037,4.377786636352539,3.961735963821411,5.795893669128418,5.628130912780762,6.1132354736328125,5.529252052307129
WG1_Weilburger_Grenze,20251007_134654.jpg,122_Montego_R4S_150_3_2,5.0,,,True,9,0.029828714788025065,143.80098417200244,7.905435562133789,7.94814395904541,7.23773717880249,5.583240509033203,6.241372585296631,5.750500679016113,5.436135292053223,5.584224700927734,4.888955593109131,5.527070045471191,5.269523620605469,4.71596622467041,8.508100509643555,8.652261734008789,8.552169799804688,8.043481826782227
WG1_Weilburger_Grenze,20251007_134713.jpg,123_Coriander_R4S_271_3_3,2.0,,,True,7,0.027091148542475636,140.08338092344925,6.87705135345459,7.214027404785156,6.652845859527588,11.142097473144531,11.809895515441895,11.849138259887695,6.901058673858643,5.580061435699463,5.664222240447998,6.405279636383057,5.320694923400879,6.5582075119018555,7.107571601867676,7.043426990509033,7.235137939453125,6.89796257019043
WG1_Weilburger_Grenze,20251007_134721.jpg,123_Coriander_R4S_271_3_3,5.0,,,True,7,0.024879230028557762,142.6708522982736,5.145880699157715,5.438744068145752,4.608462333679199,8.342382431030273,9.148439407348633,8.035661697387695,5.758613586425781,5.187496185302734,4.8383259773254395,5.159185409545898,4.706914901733398,4.846984386444092,5.722744941711426,5.407846450805664,5.211359024047852,5.251875400543213
WG1_Weilburger_Grenze,20251007_134728.jpg,123_Coriander_R4S_271_3_3,7.0,,,True,10,0.04079282321984809,142.87688448666646,5.90847110748291,5.759786605834961,5.267824172973633,6.085355758666992,6.424677848815918,5.85337495803833,4.838673114776611,5.215335845947266,4.3078837394714355,3.672424793243408,4.763275623321533,3.9463083744049072,7.031805038452148,6.1150970458984375,6.392234802246094,5.816098213195801
WG1_Weilburger_Grenze,20251007_134747.jpg,124_H357_R4S_478_3_4,12.0,,,True,6,0.016607889237199584,139.79555401495057,3.533418655395508,3.4029133319854736,3.2397613525390625,3.199833393096924,3.4810292720794678,3.196924924850464,4.01209020614624,4.297807693481445,3.8736746311187744,3.6836133003234863,3.9205145835876465,3.631328821182251,3.568049907684326,3.3140227794647217,3.615368366241455,3.6217682361602783
WG1_Weilburger_Grenze,20251007_134753.jpg,124_H357_R4S_478_3_4,8.0,,,True,8,0.032794043503313164,141.73972088175037,6.141233444213867,5.9260358810424805,5.9614644050598145,7.699960231781006,8.540358543395996,8.185022354125977,7.6161370277404785,7.127284049987793,6.774811267852783,6.046014308929443,6.771437644958496,6.261263847351074,6.87951135635376,6.321116924285889,6.931624412536621,6.323827743530273
WG1_Weilburger_Grenze,20251007_134803.jpg,124_H357_R4S_478_3_4,4.0,,,True,6,0.01824651519683192,146.93651292017157,3.5484538078308105,3.449249744415283,3.2191905975341797,2.8986382484436035,3.116182327270508,2.8638229370117188,4.222001075744629,4.724941253662109,4.032337188720703,3.858736038208008,4.172915935516357,3.8992996215820312,3.4330968856811523,3.019024610519409,3.3177363872528076,3.6387550830841064
WG1_Weilburger_Grenze,20251007_134820.jpg,125_Skziverskij_R4S_287_3_5,5.0,,,True,6,0.020644932671863927,143.19585602915865,3.771214485168457,3.656454563140869,3.4160618782043457,3.7869205474853516,4.321322917938232,3.8407349586486816,4.14978551864624,5.238400936126709,4.031746864318848,4.127126216888428,4.65477991104126,4.125523567199707,4.3912353515625,3.643101930618286,3.9218759536743164,3.936755895614624
WG1_Weilburger_Grenze,20251007_134828.jpg,125_Skziverskij_R4S_287_3_5,7.0,,,True,9,0.06309845423013889,144.38979263615104,5.062200546264648,5.094239711761475,4.562760353088379,5.006472587585449,5.863725662231445,5.068976402282715,5.180701732635498,5.4140424728393555,4.763288974761963,4.713093280792236,4.813065528869629,4.649868011474609,5.806387424468994,4.792420387268066,5.442448616027832,5.3564863204956055
WG1_Weilburger_Grenze,20251007_134834.jpg,125_Skziverskij_R4S_287_3_5,5.0,,,True,11,0.04783397353819889,143.011549092535,3.4331278800964355,3.4464097023010254,3.198899745941162,4.352392196655273,5.149328708648682,4.703436374664307,3.3127355575561523,3.3625121116638184,3.024968385696411,2.934825897216797,3.1661853790283203,2.7492611408233643,4.028850555419922,3.5921130180358887,3.9467813968658447,3.6101460456848145
WG1_Weilburger_Grenze,20251007_134852.jpg,126_Verona_R4S_168_3_6,3.0,,,True,9,0.020146470325100044,141.16007308403758,2.8116674423217773,2.7992305755615234,2.5933027267456055,2.89892578125,3.019989490509033,2.8474080562591553,3.687875270843506,4.084313869476318,3.276367425918579,3.3337860107421875,3.7238333225250244,3.2252614498138428,2.8379783630371094,2.593956470489502,2.8685333728790283,2.960092067718506
WG1_Weilburger_Grenze,20251007_134900.jpg,126_Verona_R4S_168_3_6,3.0,,,True,7,0.024226384467959314,143.7011299060075,2.6367764472961426,2.649029016494751,2.480593681335449,2.1676955223083496,2.484501838684082,2.296717643737793,3.2899911403656006,3.407954454421997,3.0268404483795166,2.878387928009033,2.9173295497894287,2.819309949874878,2.7206978797912598,2.428614377975464,2.7188453674316406,2.755469799041748
WG1_Weilburger_Grenze,20251007_134912.jpg,126_Verona_R4S_168_3_6,4.0,,,True,8,0.022960155060839562,147.33733206876735,5.209997177124023,5.270499229431152,5.126957893371582,4.666039943695068,4.8674116134643555,4.625437259674072,3.900986433029175,4.4186201095581055,3.717282772064209,3.5218183994293213,3.8515713214874268,3.6817240715026855,5.864277362823486,5.561208248138428,5.637629508972168,5.225179672241211
WG1_Weilburger_Grenze,20251007_134928_001.jpg,127_WINFRED_R4S_530_3_7,1.0,,,False,46,0.0082605,153.9244145,8.21862506866455,8.620780944824219,8.139483451843262,6.1329345703125,6.327971458435059,6.261490821838379,8.782132148742676,9.37498664855957,7.567101001739502,9.02974796295166,8.354355812072754,9.087729454040527,7.312105178833008,7.355742454528809,8.135074615478516,8.431465148925781
WG1_Weilburger_Grenze,20251007_134928_002.jpg,127_WINFRED_R4S_530_3_7,1.0,,,False,47,0.008247,154.14145166666665,8.324867248535156,8.701608657836914,8.231435775756836,6.379307746887207,6.496516704559326,6.4469499588012695,8.929848670959473,9.409098625183105,7.547328472137451,9.226155281066895,8.369471549987793,9.187296867370605,7.302383899688721,7.366490840911865,8.181410789489746,8.550366401672363
WG1_Weilburger_Grenze,20251007_134929.jpg,127_WINFRED_R4S_530_3_7,1.0,,,False,45,0.00854725,149.31979966666665,8.808013916015625,9.40117073059082,8.599559783935547,6.875166416168213,7.464190483093262,6.970595836639404,8.712305068969727,9.950289726257324,7.662470817565918,9.437804222106934,8.826264381408691,9.239946365356445,8.154095649719238,8.10837459564209,8.592344284057617,8.878131866455078
WG1_Weilburger_Grenze,20251007_134931.jpg,127_WINFRED_R4S_530_3_7,1.0,,,False,45,0.008532666666666666,150.420877,8.787935256958008,9.449638366699219,8.422780990600586,7.106996536254883,7.774455547332764,7.227742671966553,8.975472450256348,10.244707107543945,7.766484260559082,9.585901260375977,8.915517807006836,9.285242080688477,8.350786209106445,8.154621124267578,8.538412094116211,8.804540634155273
WG1_Weilburger_Grenze,20251007_134942.jpg,127_WINFRED_R4S_530_3_7,1.0,,,True,10,0.008655177880122813,140.46743800894407,12.269000053405762,13.473775863647461,12.51357364654541,7.217099189758301,7.564051151275635,7.267377853393555,5.881857872009277,5.60969877243042,4.861589431762695,5.120241641998291,5.526517391204834,5.161453723907471,11.630534172058105,12.724310874938965,13.056550979614258,12.296123504638672
WG1_Weilburger_Grenze,20251007_135028.jpg,127_WINFRED_R4S_530_3_7,1.0,,,True,12,0.010851106682496607,143.323383437924,3.9108738899230957,4.285710334777832,3.6448965072631836,3.3629608154296875,3.6707699298858643,3.478604316711426,3.4330389499664307,4.473268032073975,3.3175837993621826,3.7057547569274902,4.265200138092041,3.255225658416748,4.231714248657227,4.067793846130371,4.147916793823242,3.892650604248047
WG1_Weilburger_Grenze,20251007_135035.jpg,127_WINFRED_R4S_530_3_7,3.0,,,False,22,0.011197833333333334,141.45997166666666,5.3400115966796875,5.828531265258789,5.249906539916992,4.3294548988342285,4.832792282104492,4.620907306671143,5.080979824066162,5.478329181671143,4.922788619995117,5.381114959716797,4.782181262969971,5.257103443145752,5.550948143005371,5.310148239135742,5.664274215698242,5.523764610290527
WG1_Weilburger_Grenze,20251007_135041.jpg,127_WINFRED_R4S_530_3_7,2.0,,,True,3,0.023200662444137973,142.78908634986647,4.890406608581543,4.831328868865967,4.647742748260498,3.5754919052124023,3.787745475769043,3.4740989208221436,5.496102333068848,6.051912784576416,5.04403018951416,4.792663097381592,4.92371940612793,4.905345439910889,5.576467990875244,4.579646110534668,4.585567474365234,5.3502702713012695
WG1_Weilburger_Grenze,20251007_135048.jpg,127_WINFRED_R4S_530_3_7,1.0,,,True,10,0.01909326209934724,144.3148170719841,4.3401618003845215,4.668482780456543,4.315196514129639,5.010977745056152,5.802638530731201,5.549162864685059,4.0680036544799805,3.946082353591919,4.029542446136475,3.8097758293151855,3.6050119400024414,3.525723457336426,4.708744049072266,4.585780143737793,4.874202728271484,4.497265815734863
WG1_Weilburger_Grenze,20251007_135105.jpg,128_Altasweet_R4S_319_3_8,5.0,,,True,6,0.017216042644056802,141.22727045402766,3.1605052947998047,3.260148525238037,3.4340622425079346,2.2061829566955566,2.391479969024658,2.366767406463623,3.6701061725616455,4.018012523651123,3.5891385078430176,3.3706719875335693,3.5133790969848633,3.3684823513031006,2.719433546066284,2.7191476821899414,3.2492825984954834,3.4029664993286133
WG1_Weilburger_Grenze,20251007_135113.jpg,128_Altasweet_R4S_319_3_8,10.0,,,True,5,0.023949823192293624,143.9093850343454,4.239924907684326,4.62279748916626,4.008909225463867,4.16963529586792,4.997868061065674,4.5048933029174805,4.301528453826904,3.799117088317871,3.6117844581604004,3.4195282459259033,3.9764459133148193,3.225311279296875,4.536430835723877,4.3155927658081055,4.380446434020996,4.333424091339111
WG1_Weilburger_Grenze,20251007_135120.jpg,128_Altasweet_R4S_319_3_8,2.0,,,True,2,0.014748626380531552,145.8962217295792,3.9735260009765625,3.8171610832214355,3.8321852684020996,3.8004417419433594,3.8730087280273438,3.4964094161987305,4.967218399047852,4.664742946624756,4.918928623199463,3.8727619647979736,4.30012321472168,4.114824295043945,4.0162672996521,3.363328456878662,3.973905086517334,4.37680196762085
WG1_Weilburger_Grenze,20251007_135136.jpg,129_Phil_R4S_207_3_9,2.0,,,True,4,0.015393637296584078,142.6593686165274,2.8551173210144043,3.196885347366333,2.9492640495300293,3.3646788597106934,3.441862106323242,3.291738986968994,3.5949175357818604,3.706671714782715,3.436276435852051,3.009580373764038,3.0633463859558105,3.3154141902923584,2.816516876220703,2.7984201908111572,3.0420427322387695,3.177734136581421
WG1_Weilburger_Grenze,20251007_135142.jpg,129_Phil_R4S_207_3_9,4.0,,,True,11,0.01921417630869581,145.29138208704296,6.744269371032715,6.959669589996338,6.339927673339844,9.640668869018555,9.932416915893555,9.565956115722656,6.12186336517334,6.516180992126465,6.381448268890381,5.907153606414795,5.6878862380981445,6.578169822692871,7.2114739418029785,6.969285011291504,7.237704753875732,6.699675559997559
WG1_Weilburger_Grenze,20251007_135149.jpg,129_Phil_R4S_207_3_9,8.0,,,True,14,0.01928021219943081,146.55030826956659,4.800617694854736,5.005649566650391,4.543042182922363,4.120638847351074,4.333666801452637,4.10890007019043,3.749089241027832,4.452095985412598,3.92903733253479,3.8153960704803467,3.9645917415618896,3.9660236835479736,5.350299835205078,5.219488143920898,5.366411209106445,4.983336925506592
WG1_Weilburger_Grenze,20251007_135206.jpg,130_Michinaku natane_R4S_300_3_10,15.0,,,True,8,0.02177749616419967,144.6460904284216,10.274602890014648,10.444595336914062,9.397872924804688,6.042218208312988,6.522402763366699,6.023275375366211,3.8979384899139404,4.314146518707275,3.582429885864258,4.031819820404053,3.952458381652832,3.4768872261047363,10.729242324829102,10.627029418945312,10.344034194946289,9.971708297729492
WG1_Weilburger_Grenze,20251007_135213.jpg,130_Michinaku natane_R4S_300_3_10,5.0,,,True,7,0.018248160336488593,145.8269653585971,2.976388454437256,3.0481622219085693,3.0013937950134277,3.0441598892211914,2.9467358589172363,3.0001187324523926,3.5270862579345703,3.790553569793701,3.168670177459717,3.0326974391937256,3.181570291519165,3.125497341156006,2.8759922981262207,2.71859073638916,3.2322630882263184,3.065829277038574
WG1_Weilburger_Grenze,20251007_135220.jpg,130_Michinaku natane_R4S_300_3_10,4.0,,,True,9,0.03066812543430371,146.37616886221053,3.9834144115448,3.982074499130249,3.5835442543029785,5.27647590637207,5.572413444519043,4.942596912384033,4.147386074066162,4.621912002563477,4.044233798980713,3.866119623184204,3.9187252521514893,3.957517385482788,4.303310871124268,3.8601343631744385,4.049829006195068,4.063961029052734
WG1_Weilburger_Grenze,20251007_135237.jpg,131_Aurum_R4S_173_3_11,12.0,,,True,8,0.02221195437086482,143.38814820796088,5.972434997558594,6.291065216064453,5.478679656982422,4.660827159881592,5.042721748352051,4.6021342277526855,4.762742042541504,5.23145055770874,4.037735462188721,4.297996520996094,4.531318187713623,4.259363651275635,6.57731294631958,6.371700286865234,6.321362018585205,5.946036338806152
WG1_Weilburger_Grenze,20251007_135242.jpg,131_Aurum_R4S_173_3_11,5.0,,,True,8,0.03373832836208015,146.94170361334457,5.41359281539917,5.684117317199707,5.045046806335449,8.39792251586914,8.630040168762207,8.501885414123535,5.602779388427734,6.727299690246582,5.475382328033447,5.41584587097168,5.788604259490967,5.617528915405273,6.257410049438477,6.0238237380981445,5.986011505126953,5.466187477111816
WG1_Weilburger_Grenze,20251007_135306.jpg,132_S13_R4S_487_3_12,1.0,,,True,7,0.019585789753462014,147.21226823557205,3.442624568939209,3.4494457244873047,3.3375720977783203,3.317960500717163,3.459845542907715,3.3469271659851074,4.584786415100098,4.389183521270752,4.051069736480713,3.9049553871154785,4.217233657836914,3.9936892986297607,3.164569854736328,2.994936943054199,3.2429890632629395,3.5976109504699707
WG1_Weilburger_Grenze,20251007_135316.jpg,132_S13_R4S_487_3_12,2.0,,,True,7,0.021769754413393263,143.00669133932644,3.395108461380005,3.371764659881592,3.6665127277374268,5.696567535400391,6.033105850219727,6.0733642578125,4.549460411071777,4.605350494384766,3.975597858428955,3.8630106449127197,4.511760711669922,3.8726165294647217,3.2306647300720215,3.0498647689819336,3.5682175159454346,3.675790309906006
WG1_Weilburger_Grenze,20251007_135322.jpg,132_S13_R4S_487_3_12,1.0,,,False,21,0.0123425,148.9116455,4.039548873901367,4.146928310394287,4.171934127807617,4.861293792724609,5.087442398071289,4.762720108032227,6.516146659851074,6.217878818511963,5.60703706741333,6.029201507568359,5.968379497528076,6.050678253173828,3.5787599086761475,3.6575160026550293,4.122446060180664,4.314866065979004
WG1_Weilburger_Grenze,20251007_135337.jpg,133_RAPID CYCLING RAPE (CrGC5)_R4S_355_3_13,2.0,,,False,25,0.014736666666666667,145.48462066666667,4.688699722290039,4.875939846038818,4.519632816314697,4.894987106323242,5.296381950378418,4.814410209655762,5.855127811431885,5.961137771606445,5.251847743988037,5.518925666809082,5.136776447296143,5.685408592224121,4.334334373474121,4.225497245788574,4.7031049728393555,5.010862827301025
WG1_Weilburger_Grenze,20251007_135343.jpg,133_RAPID CYCLING RAPE (CrGC5)_R4S_355_3_13,4.0,,,False,22,0.017372083333333333,147.01789733333334,6.489325523376465,7.1719512939453125,6.545453071594238,5.340587139129639,6.081911087036133,5.565738677978516,7.5856170654296875,7.4171342849731445,6.4626946449279785,7.025463104248047,6.659730434417725,7.2849273681640625,6.101884841918945,6.349691867828369,7.073655128479004,6.806878089904785
WG1_Weilburger_Grenze,20251007_135349.jpg,133_RAPID CYCLING RAPE (CrGC5)_R4S_355_3_13,2.0,,,False,28,0.016926,143.70409641666666,3.81569242477417,3.986879348754883,3.8837335109710693,4.385942459106445,4.792147636413574,4.517190456390381,5.603308200836182,5.2387237548828125,4.875892162322998,5.114747047424316,4.705238342285156,5.0423903465271,3.4610157012939453,3.4397737979888916,3.8756113052368164,4.082596778869629
WG1_Weilburger_Grenze,20251007_135406.jpg,134_Ladoga_R4S_256_3_14,2.0,,,False,24,0.016372416666666667,148.382158,4.902496814727783,5.155478477478027,4.74654483795166,5.95674991607666,6.602378845214844,6.006527423858643,5.627671718597412,6.044646739959717,4.891241550445557,5.398254871368408,5.132259845733643,5.221897125244141,4.881258010864258,4.678431987762451,4.994919300079346,5.082507133483887
WG1_Weilburger_Grenze,20251007_135414.jpg,134_Ladoga_R4S_256_3_14,3.0,,,False,28,0.017586083333333332,150.070714,5.616050720214844,5.622867107391357,5.553848743438721,5.086570739746094,5.481943130493164,5.064718246459961,6.634744167327881,6.994073867797852,5.660830497741699,6.3420257568359375,5.910897254943848,6.322103023529053,5.08045768737793,4.938077926635742,5.574954032897949,6.090372562408447
WG1_Weilburger_Grenze,20251007_135420.jpg,134_Ladoga_R4S_256_3_14,2.0,,,True,6,0.02303731593449271,142.21064258382594,4.714900970458984,5.312090873718262,4.526848793029785,4.3245849609375,4.899676322937012,4.320871353149414,4.202486038208008,4.456627368927002,3.915451765060425,3.922694444656372,3.921860933303833,3.6469156742095947,4.845367431640625,4.832244396209717,5.15057373046875,4.782231330871582
WG1_Weilburger_Grenze,20251007_135436.jpg,135_R31_R4S_513_3_15,3.0,,,False,19,0.011505083333333334,147.54432883333334,4.682399272918701,4.899807453155518,4.464047431945801,4.957870960235596,5.471050262451172,4.929227828979492,5.738758563995361,5.998302459716797,4.898402690887451,5.177001476287842,5.029897212982178,5.075870990753174,4.3472514152526855,4.100602149963379,4.532631874084473,4.799497604370117
WG1_Weilburger_Grenze,20251007_135442.jpg,135_R31_R4S_513_3_15,5.0,,,False,26,0.017884666666666667,145.14721091666667,4.82218074798584,5.1952409744262695,4.678216457366943,5.101691246032715,5.85978889465332,5.247498035430908,6.102370738983154,6.3370561599731445,5.391295909881592,5.6131439208984375,5.4339447021484375,5.564120769500732,4.5777788162231445,4.5267744064331055,4.8506879806518555,4.957563400268555
WG1_Weilburger_Grenze,20251007_135447.jpg,135_R31_R4S_513_3_15,2.0,,,False,33,0.018943333333333333,146.62213675,6.334883689880371,6.782332420349121,6.191864013671875,5.510322570800781,6.216909408569336,5.670296669006348,6.69737434387207,7.475386619567871,6.087170600891113,6.601032733917236,6.368277072906494,6.66838264465332,6.192761421203613,6.109552383422852,6.365115642547607,6.486860275268555
WG1_Weilburger_Grenze,20251007_135506.jpg,136_PIKE_R4S_317_3_16,1.0,,,False,16,0.00337575,146.85266575,8.797704696655273,9.062503814697266,8.56187629699707,6.80318546295166,7.030269145965576,6.731229782104492,9.400556564331055,10.38170051574707,8.595405578613281,10.241527557373047,9.541976928710938,10.263274192810059,8.451679229736328,8.173579216003418,8.600921630859375,8.773045539855957
WG1_Weilburger_Grenze,20251007_135512.jpg,136_PIKE_R4S_317_3_16,1.0,,,False,18,0.00526475,143.02676541666668,8.232683181762695,8.620317459106445,8.038045883178711,6.551399230957031,6.764647483825684,6.316484451293945,8.793074607849121,9.494675636291504,8.242549896240234,8.81249713897705,7.994968414306641,8.996097564697266,8.180368423461914,7.8632354736328125,8.231401443481445,8.27663516998291
WG1_Weilburger_Grenze,20251007_135518.jpg,136_PIKE_R4S_317_3_16,2.0,,,False,24,0.00632025,144.70872083333333,13.65463638305664,14.485882759094238,12.997356414794922,6.879563331604004,7.010780334472656,6.715179443359375,9.456704139709473,10.250299453735352,8.20732593536377,10.199599266052246,9.426121711730957,9.994078636169434,13.435710906982422,13.7919921875,13.508567810058594,13.346893310546875
WG1_Weilburger_Grenze,20251007_135535.jpg,137_OLL 1_R4S_483_3_17,2.0,,,False,21,0.007421916666666667,145.49961225,8.352932929992676,9.280808448791504,8.19275951385498,6.968536853790283,7.611787796020508,7.073914051055908,7.5684733390808105,7.697414398193359,6.46152400970459,7.837059497833252,6.796783924102783,7.744978904724121,8.363288879394531,8.911579132080078,8.742683410644531,8.412940979003906
WG1_Weilburger_Grenze,20251007_135543.jpg,137_OLL 1_R4S_483_3_17,8.0,,,False,19,0.01477875,147.10831191666668,4.832826137542725,5.163247108459473,4.697385787963867,4.559311866760254,5.331202983856201,4.755982875823975,5.690103530883789,5.636421203613281,4.889536380767822,4.989011764526367,4.673774719238281,5.2710280418396,4.758166313171387,4.644994735717773,5.142444610595703,5.110407829284668
WG1_Weilburger_Grenze,20251007_135550.jpg,137_OLL 1_R4S_483_3_17,3.0,,,False,27,0.011893416666666667,148.01746366666666,4.4585418701171875,4.714317321777344,4.368664741516113,4.570380210876465,4.933525085449219,4.571399211883545,5.391958236694336,5.594856262207031,4.716708660125732,5.178372383117676,4.90717887878418,5.456421375274658,4.264374732971191,4.303431034088135,4.5880279541015625,4.6633501052856445
WG1_Weilburger_Grenze,20251007_135610.jpg,138_Akela_R4S_213_3_18,3.0,,,False,25,0.010184583333333334,140.54418633333333,7.618438720703125,8.102049827575684,7.030985355377197,5.939348220825195,6.187427043914795,5.7313337326049805,7.311030387878418,7.906291484832764,6.4458088874816895,7.029194355010986,6.901583671569824,6.93976354598999,7.76183557510376,7.370810031890869,7.5438947677612305,7.5217976570129395
WG1_Weilburger_Grenze,20251007_135616.jpg,138_Akela_R4S_213_3_18,2.0,,,False,27,0.01210325,144.80379341666668,6.868783473968506,7.302735328674316,6.560858726501465,6.321881294250488,6.728784084320068,6.173059463500977,7.461827278137207,7.841330051422119,6.33375358581543,7.168976306915283,6.704428195953369,7.1380534172058105,6.640159606933594,6.521453857421875,6.818046569824219,6.945830345153809
WG1_Weilburger_Grenze,20251007_135622.jpg,138_Akela_R4S_213_3_18,32.0,,,False,22,0.00752175,145.5015855,11.238033294677734,11.944746017456055,10.545767784118652,10.21389389038086,10.773331642150879,9.895875930786133,13.208927154541016,12.803750991821289,11.699605941772461,11.826546669006348,10.719037055969238,12.328692436218262,10.973904609680176,11.095943450927734,11.066104888916016,11.2384033203125
WG1_Weilburger_Grenze,20251007_135638.jpg,139_Alesi_R4S_267_3_19,2.0,,,False,15,0.0038743333333333334,141.67264008333333,9.405113220214844,10.012269973754883,9.160459518432617,9.031036376953125,9.558168411254883,8.995182991027832,9.692747116088867,10.754159927368164,8.527445793151855,10.387981414794922,9.638520240783691,10.634191513061523,9.613832473754883,9.64948844909668,9.595359802246094,9.266251564025879
WG1_Weilburger_Grenze,20251007_135644.jpg,139_Alesi_R4S_267_3_19,4.0,,,False,28,0.011028,141.2911595,6.814324378967285,7.304675579071045,6.530106544494629,6.4369025230407715,7.197782039642334,6.502959251403809,6.934560298919678,7.286152362823486,5.736938953399658,6.803981304168701,6.248277187347412,6.870474815368652,6.93574857711792,6.933562278747559,7.191728591918945,6.895147323608398
WG1_Weilburger_Grenze,20251007_135649.jpg,139_Alesi_R4S_267_3_19,1.0,,,False,18,0.0110415,146.75504216666667,9.078869819641113,9.572352409362793,9.21768569946289,7.7602643966674805,8.756141662597656,7.990739822387695,10.475919723510742,10.804971694946289,8.767435073852539,10.418866157531738,8.715535163879395,10.6268949508667,8.222247123718262,8.95510482788086,9.199891090393066,9.797109603881836
WG1_Weilburger_Grenze,20251007_135707.jpg,140_Bladkool_R4S_298_3_20,6.0,,,False,24,0.013154666666666667,146.31002366666667,6.974545478820801,7.22376012802124,6.286257266998291,7.211117744445801,7.5158610343933105,7.043266296386719,7.28924560546875,7.355829238891602,5.988629341125488,6.945594310760498,6.418485164642334,6.634255409240723,7.4512939453125,6.7558817863464355,6.997467517852783,6.873576641082764
WG1_Weilburger_Grenze,20251007_135713.jpg,140_Bladkool_R4S_298_3_20,3.0,,,False,29,0.018915166666666667,145.96985891666668,4.760869979858398,4.973361492156982,4.5015549659729,5.449887275695801,5.8236846923828125,5.385471343994141,5.999538421630859,5.828405380249023,4.998929977416992,5.276042461395264,5.044284820556641,5.19809627532959,4.717706680297852,4.394935131072998,4.8716721534729,4.932085990905762
WG1_Weilburger_Grenze,20251007_135720.jpg,140_Bladkool_R4S_298_3_20,7.0,,,False,27,0.015687083333333334,146.88561016666668,5.925887107849121,6.144918441772461,5.656318664550781,7.357183456420898,7.882613658905029,7.38239049911499,7.408951282501221,7.246313095092773,6.360024452209473,6.534512996673584,6.20571231842041,6.912795543670654,5.72165584564209,5.373068809509277,5.897706031799316,6.127263069152832
WG1_Weilburger_Grenze,20251007_135735.jpg,141_OLY 2_R4S_477_3_21,2.0,,,True,8,0.02389397080340057,143.68464899371716,6.112181663513184,6.858434200286865,5.774243354797363,6.354389190673828,7.100091457366943,6.254774570465088,6.119524002075195,7.433216094970703,5.367589950561523,6.715652942657471,6.592528343200684,6.107614040374756,6.6795244216918945,6.94794225692749,6.939423561096191,6.339287757873535
WG1_Weilburger_Grenze,20251007_135741.jpg,141_OLY 2_R4S_477_3_21,4.0,,,False,21,0.014173916666666666,146.59786983333333,5.569643974304199,5.977166652679443,5.273874759674072,6.428475379943848,7.34313440322876,6.441212177276611,6.870158672332764,7.497978210449219,5.666291236877441,6.656768321990967,6.266106605529785,6.075362682342529,5.581210613250732,5.201658248901367,5.523659706115723,5.592588424682617
WG1_Weilburger_Grenze,20251007_135746.jpg,141_OLY 2_R4S_477_3_21,4.0,,,False,29,0.017459583333333334,148.53792241666667,5.1668877601623535,5.416896820068359,4.994978427886963,4.669003486633301,5.062212944030762,4.666706562042236,5.830539226531982,5.964025497436523,4.948758125305176,5.353808879852295,5.095949172973633,5.287994384765625,5.019278526306152,4.95424747467041,5.442358493804932,5.348167419433594
WG1_Weilburger_Grenze,20251007_135805.jpg,142_Aviso_R4S_167_3_22,2.0,,,False,20,0.01300925,147.634264,5.6825408935546875,6.074301719665527,5.3309326171875,5.28056526184082,5.914563179016113,5.471813678741455,5.9961676597595215,6.330822467803955,5.147944927215576,5.443214416503906,5.511560440063477,5.439443588256836,5.848165512084961,5.544491767883301,5.7286176681518555,5.6550092697143555
WG1_Weilburger_Grenze,20251007_135811.jpg,142_Aviso_R4S_167_3_22,2.0,,,True,5,0.02832604573971216,142.24011396391998,2.632422924041748,2.7254507541656494,2.566852569580078,2.622251033782959,2.854857921600342,2.701239585876465,3.272961378097534,3.4930427074432373,3.2372820377349854,3.0033891201019287,3.312551259994507,2.8360698223114014,2.5546653270721436,2.427083730697632,2.8948514461517334,2.7448878288269043
WG1_Weilburger_Grenze,20251007_135817.jpg,142_Aviso_R4S_167_3_22,3.0,,,False,23,0.016329666666666666,148.9077125,4.620102405548096,4.971477508544922,4.384758949279785,4.787787914276123,5.28764533996582,4.8616132736206055,5.10305118560791,5.418339252471924,4.477567195892334,4.820643901824951,4.746619701385498,4.780661106109619,4.826751708984375,4.499749183654785,4.803121089935303,4.77894401550293
WG1_Weilburger_Grenze,20251007_135834.jpg,143_Sollux_R4S_214_3_23,4.0,,,False,24,0.009150916666666667,146.07633883333332,6.650186538696289,6.838762283325195,6.644659042358398,6.880681991577148,7.255181312561035,6.732102870941162,8.86457633972168,8.623823165893555,7.557097911834717,8.35714340209961,7.066598415374756,8.445363998413086,6.17191219329834,6.1913604736328125,6.552221298217773,6.966568946838379
WG1_Weilburger_Grenze,20251007_135838.jpg,143_Sollux_R4S_214_3_23,3.0,,,False,23,0.019878,143.53326316666667,5.015555381774902,5.192420482635498,4.679956436157227,5.102649688720703,5.784122467041016,5.107179641723633,5.9635186195373535,6.337708473205566,5.352849960327148,5.601282119750977,5.2996907234191895,5.353298187255859,4.931636810302734,4.684356689453125,4.9267168045043945,5.199172019958496
WG1_Weilburger_Grenze,20251007_135843.jpg,143_Sollux_R4S_214_3_23,5.0,,,False,27,0.02057225,146.22533375,5.703736782073975,5.739116668701172,5.378026962280273,6.115076541900635,6.544900894165039,6.022037506103516,6.957492351531982,6.864132881164551,6.016059398651123,6.249929904937744,5.821150302886963,6.249751091003418,5.807267665863037,5.187559127807617,5.75600528717041,5.904731750488281
WG1_Weilburger_Grenze,20251007_135903.jpg,144_EUROL_R4S_220_3_24,3.0,,,False,17,0.008426333333333333,144.93858933333334,6.982874393463135,7.527192115783691,6.634897232055664,6.885481834411621,7.373042106628418,6.910224914550781,6.397745132446289,6.767258167266846,5.631479263305664,6.263716697692871,5.737329483032227,6.404567718505859,7.26338005065918,7.306632995605469,7.393570899963379,7.021899700164795
WG1_Weilburger_Grenze,20251007_135907.jpg,144_EUROL_R4S_220_3_24,7.0,,,False,25,0.020155666666666665,146.1868925,4.371875762939453,4.542009353637695,4.2674665451049805,5.578627586364746,6.051875591278076,5.708406925201416,5.970563888549805,6.249208927154541,5.293457508087158,5.718559265136719,5.396149158477783,5.6125807762146,4.374123573303223,4.141060829162598,4.574498176574707,4.555856227874756
WG1_Weilburger_Grenze,20251007_135913.jpg,144_EUROL_R4S_220_3_24,6.0,,,False,22,0.016273083333333334,146.75073725,5.517190933227539,5.763998985290527,5.308465003967285,7.38502311706543,8.138896942138672,7.546289443969727,7.500881195068359,8.148332595825195,6.347728729248047,6.944769859313965,7.5509538650512695,7.307759761810303,5.898664474487305,5.693377494812012,6.093090057373047,5.587740421295166
WG1_Weilburger_Grenze,20251007_135930.jpg,145_H31_R4S_457_3_25,4.0,,,False,25,0.010922083333333334,143.16239625,5.881843566894531,6.214532852172852,5.8746724128723145,5.31229305267334,5.766573905944824,5.2406206130981445,6.955399513244629,7.262260437011719,6.155498027801514,7.028253555297852,6.261373996734619,6.92294979095459,5.39472770690918,5.394999027252197,5.710860252380371,6.033820152282715
WG1_Weilburger_Grenze,20251007_135935.jpg,145_H31_R4S_457_3_25,2.0,,,False,28,0.013218333333333334,147.97740475,3.4620466232299805,3.568901538848877,3.5022740364074707,4.200062274932861,4.4518914222717285,4.187104225158691,4.721799373626709,4.442718982696533,3.959343910217285,4.085610389709473,3.922124147415161,4.20698881149292,2.961158037185669,2.9314498901367188,3.336398124694824,3.634761095046997
WG1_Weilburger_Grenze,20251007_135941.jpg,145_H31_R4S_457_3_25,2.0,,,False,25,0.012266666666666667,151.4729095,5.148472785949707,5.347446918487549,5.109652519226074,4.790172100067139,5.255105018615723,4.8474626541137695,5.402090072631836,5.46211576461792,4.706683158874512,4.884273052215576,4.870086669921875,5.134922027587891,5.092640399932861,4.942078590393066,5.3564043045043945,5.379710674285889
WG1_Weilburger_Grenze,20251007_140002.jpg,146_NK Passion_R4S_185_3_26,3.0,,,False,27,0.012883666666666667,142.445006,6.221012115478516,6.662291526794434,5.926057815551758,6.464992523193359,6.933943748474121,6.485306739807129,6.7513556480407715,7.623184680938721,6.075371265411377,6.783498287200928,6.238241195678711,6.425837993621826,5.79050350189209,5.842381000518799,6.167704105377197,6.448271751403809
WG1_Weilburger_Grenze,20251007_140007.jpg,146_NK Passion_R4S_185_3_26,1.0,,,False,27,0.022852583333333332,146.80039208333332,4.236180305480957,4.379610061645508,4.00323486328125,5.297395706176758,5.865399360656738,5.469878196716309,5.470351696014404,5.684297561645508,4.777694225311279,4.897208213806152,4.8883137702941895,4.8959431648254395,4.10625696182251,3.6237456798553467,4.139427661895752,4.443509101867676
WG1_Weilburger_Grenze,20251007_140013.jpg,146_NK Passion_R4S_185_3_26,5.0,,,False,21,0.013858166666666666,148.54910208333334,6.123644828796387,6.409674167633057,5.553699970245361,6.4977264404296875,7.196806907653809,6.572765350341797,6.525010108947754,7.221548080444336,5.818671703338623,6.466363430023193,6.5248212814331055,6.67425537109375,6.141331672668457,5.7626872062683105,5.975649833679199,6.190088272094727
WG1_Weilburger_Grenze,20251007_140028.jpg,147_DSV2_R4S_495_3_27,4.0,,,False,14,0.005115916666666667,144.27932325,5.106945037841797,5.580596923828125,4.924184799194336,5.460915565490723,5.758401870727539,5.512126445770264,5.531643390655518,6.237257480621338,5.020020484924316,5.6213059425354,5.048807621002197,5.573288440704346,5.278282165527344,5.027860641479492,5.252213478088379,5.11569881439209
WG1_Weilburger_Grenze,20251007_140034.jpg,147_DSV2_R4S_495_3_27,18.0,,,False,20,0.007575333333333333,146.79824266666665,7.705985069274902,8.451061248779297,7.231749534606934,6.923127174377441,7.682898998260498,7.030652046203613,7.4499735832214355,8.395794868469238,6.538345813751221,7.383997917175293,6.971797466278076,7.300414085388184,8.35488510131836,7.932760238647461,8.023101806640625,7.775952339172363
WG1_Weilburger_Grenze,20251007_140039.jpg,147_DSV2_R4S_495_3_27,14.0,,,False,24,0.010086916666666666,147.0695215,7.068751811981201,7.650853157043457,6.912103652954102,6.921779632568359,7.408520698547363,7.022564888000488,7.75540828704834,8.324965476989746,6.865472316741943,7.571439266204834,6.869307994842529,7.581784725189209,7.13826847076416,6.907616138458252,7.40493106842041,7.157877445220947
WG1_Weilburger_Grenze,20251007_140055.jpg,148_L16_R4S_453_3_28,4.0,,,False,23,0.00975675,147.29575358333332,6.045468330383301,6.355823516845703,5.860260963439941,5.723181247711182,6.203093528747559,5.833787441253662,6.842509746551514,7.639369964599609,5.762373447418213,6.704331398010254,6.621581077575684,6.661564826965332,6.257735252380371,5.84649133682251,6.2214226722717285,6.158737659454346
WG1_Weilburger_Grenze,20251007_140059(0).jpg,148_L16_R4S_453_3_28,3.0,,,True,12,0.02215270553113448,146.5852898181235,3.4273898601531982,3.5134825706481934,3.462186574935913,3.0784764289855957,2.9731943607330322,3.112804651260376,3.774570941925049,4.0636162757873535,3.279132127761841,3.324943780899048,3.1626782417297363,3.4024085998535156,3.3896102905273438,3.1682353019714355,3.727978467941284,3.6247589588165283
WG1_Weilburger_Grenze,20251007_140059.jpg,148_L16_R4S_453_3_28,3.0,,,False,30,0.010176833333333333,148.71253433333334,6.719779014587402,6.974067687988281,6.487591743469238,7.2574944496154785,7.607296943664551,7.388845920562744,8.47213363647461,8.930923461914062,7.085238456726074,7.822787761688232,7.217776775360107,7.969695091247559,6.760923862457275,6.305823802947998,6.98777437210083,6.894779205322266
WG1_Weilburger_Grenze,20251007_140106.jpg,148_L16_R4S_453_3_28,6.0,,,True,7,0.018478351610822296,144.69745784793636,4.3083882331848145,4.29611873626709,3.9936277866363525,3.5171141624450684,4.080175399780273,3.7406063079833984,4.284392833709717,4.8124470710754395,3.8906116485595703,3.7648911476135254,4.295599460601807,3.6301798820495605,4.952727317810059,4.111623764038086,4.523566246032715,4.393677711486816
WG1_Weilburger_Grenze,20251007_140125.jpg,149_Resyn-Goe H226_R4S_399_3_29,8.0,,,False,23,0.012689666666666667,140.18773416666667,5.17729377746582,5.534381866455078,5.040510177612305,4.582387924194336,5.029622554779053,4.704482078552246,5.771670341491699,6.060799598693848,5.031130790710449,5.566143035888672,5.103061676025391,5.445846080780029,4.764057636260986,4.827080726623535,5.245785713195801,5.470335006713867
WG1_Weilburger_Grenze,20251007_140130.jpg,149_Resyn-Goe H226_R4S_399_3_29,28.0,,,False,27,0.014102833333333334,149.53672583333332,6.613677978515625,6.797181129455566,6.104039192199707,7.165088176727295,7.619538307189941,7.140560150146484,6.628033638000488,6.549376487731934,5.6215105056762695,6.608021259307861,6.125401973724365,6.489465236663818,6.8302001953125,6.500391960144043,6.707009792327881,6.668617248535156
WG1_Weilburger_Grenze,20251007_140135.jpg,149_Resyn-Goe H226_R4S_399_3_29,3.0,,,True,8,0.03632260402596119,150.48147804270758,2.3837742805480957,2.4614248275756836,2.1101112365722656,2.2030246257781982,2.423570156097412,2.1195406913757324,2.5788090229034424,2.6085526943206787,2.4225594997406006,2.216235637664795,2.4023277759552,2.2772529125213623,2.400068759918213,2.169544219970703,2.355942487716675,2.467238187789917
WG1_Weilburger_Grenze,20251007_140152.jpg,150_Capitol_R4S_254_3_30,2.0,,,False,24,0.014023083333333334,149.66088591666667,5.701887130737305,6.00539493560791,5.545436382293701,5.277440071105957,5.457120895385742,5.21619987487793,6.589062690734863,6.167967319488525,5.930237293243408,6.139965534210205,5.193939208984375,5.72707986831665,5.219082832336426,5.339932441711426,5.764445781707764,5.8891987800598145
WG1_Weilburger_Grenze,20251007_140200.jpg,150_Capitol_R4S_254_3_30,3.0,,,False,29,0.01706275,146.1372055,5.03306770324707,5.280571937561035,5.044526100158691,5.090995788574219,5.494264125823975,5.18123722076416,6.472432613372803,6.2257981300354,5.59727668762207,5.712438583374023,5.225589275360107,5.796135425567627,4.510414123535156,4.502566337585449,5.138154029846191,5.270214080810547
WG1_Weilburger_Grenze,20251007_140206.jpg,150_Capitol_R4S_254_3_30,4.0,,,False,16,0.010770833333333334,148.08428441666666,6.161410331726074,6.480551719665527,5.920652389526367,7.032464981079102,7.670963287353516,7.022167205810547,7.357986927032471,7.370234489440918,6.183080196380615,7.062885761260986,6.136197566986084,6.6788129806518555,6.025296688079834,5.926486492156982,6.270180702209473,6.328834533691406
WG1_Weilburger_Grenze,20251007_140229.jpg,151_E94197_R4S_357_3_31,2.0,,,True,5,0.03304593141144318,143.50072366846766,5.275570869445801,5.4921183586120605,5.260451316833496,3.9905381202697754,4.661176681518555,4.081354141235352,6.84806489944458,7.031167507171631,6.5766825675964355,5.900228023529053,5.937614440917969,5.909617900848389,4.224023818969727,4.709929466247559,5.510711669921875,6.020833969116211
WG1_Weilburger_Grenze,20251007_140235.jpg,151_E94197_R4S_357_3_31,7.0,,,False,20,0.03267983333333333,147.0887735,5.136531352996826,5.132189750671387,5.005577087402344,4.715235710144043,5.663027763366699,4.976629257202148,5.774255752563477,5.8211565017700195,4.812372207641602,5.364910125732422,5.143890857696533,5.299371719360352,5.115236282348633,4.902735710144043,5.488553524017334,5.612523078918457
WG1_Weilburger_Grenze,20251007_140241.jpg,151_E94197_R4S_357_3_31,3.0,,,False,26,0.02012858333333333,143.951251,5.592357635498047,5.681463241577148,5.33704137802124,4.779034614562988,5.449665069580078,5.0519256591796875,6.333353519439697,7.3697052001953125,5.652909755706787,6.301968574523926,6.079097270965576,6.208361625671387,6.110764980316162,5.748390197753906,6.287781715393066,5.815959930419922
WG1_Weilburger_Grenze,20251007_140304.jpg,152_English Giant_R4S_367_3_32,6.0,,,False,22,0.0163525,143.00373825,6.2546467781066895,6.551735877990723,5.686610698699951,6.259835243225098,6.796462059020996,6.06950569152832,6.6903157234191895,7.060179233551025,5.534729957580566,6.308443069458008,6.0680623054504395,6.028777122497559,6.7830915451049805,6.048648834228516,6.333201885223389,6.234688758850098
WG1_Weilburger_Grenze,20251007_140310.jpg,152_English Giant_R4S_367_3_32,3.0,,,False,26,0.0177255,146.27641933333334,4.961738586425781,4.944530487060547,4.814957618713379,5.521877765655518,5.784611225128174,5.525352954864502,6.32850456237793,6.0808820724487305,5.052040100097656,5.549396514892578,5.212329864501953,5.327812194824219,5.63836145401001,4.861664772033691,5.459436416625977,5.10023307800293
WG1_Weilburger_Grenze,20251007_140315.jpg,152_English Giant_R4S_367_3_32,5.0,,,False,19,0.011936166666666666,147.93906433333333,6.755234718322754,6.887235164642334,6.295183181762695,7.539368629455566,8.122183799743652,7.337220191955566,7.887754440307617,8.125133514404297,6.303094387054443,7.254162311553955,6.8380584716796875,6.8276591300964355,7.436886787414551,6.733922958374023,7.184946537017822,6.901398658752441
WG1_Weilburger_Grenze,20251007_140330.jpg,153_Lion_R4S_160_3_33,2.0,,,False,23,0.008824083333333333,145.28687741666667,7.328195571899414,7.958762168884277,6.962348937988281,4.282955646514893,4.6369194984436035,4.319725513458252,5.231595993041992,5.712792873382568,4.661477565765381,5.1943488121032715,5.046321868896484,5.2669501304626465,7.771751403808594,7.754382133483887,7.5186686515808105,7.250840663909912
WG1_Weilburger_Grenze,20251007_140334.jpg,153_Lion_R4S_160_3_33,2.0,,,False,16,0.008997916666666666,150.92899466666665,6.869524955749512,7.370452880859375,6.514129638671875,6.55794620513916,7.207179069519043,6.662844181060791,8.546845436096191,8.240142822265625,7.668264865875244,7.214657306671143,7.25152587890625,7.844425678253174,6.907663822174072,6.855526924133301,7.054180145263672,6.917649745941162
WG1_Weilburger_Grenze,20251007_140340.jpg,153_Lion_R4S_160_3_33,4.0,,,False,22,0.016320166666666667,150.19862133333334,6.093100547790527,6.236811637878418,5.864683628082275,6.438169002532959,7.214710235595703,6.691290855407715,6.9021077156066895,7.166829586029053,6.132941722869873,6.285043716430664,6.2234206199646,6.468314170837402,6.374246597290039,5.943194389343262,6.398285388946533,6.324392795562744
WG1_Weilburger_Grenze,20251007_140356.jpg,154_Smaragd_R4S_541_3_34,2.0,,,False,19,0.00712625,146.18975308333333,8.892643928527832,9.51276683807373,8.449342727661133,6.42323112487793,6.711068153381348,6.209944725036621,8.47299575805664,8.963479042053223,7.008874416351318,8.599248886108398,7.9730706214904785,8.237013816833496,8.962644577026367,8.824236869812012,9.206304550170898,9.119342803955078
WG1_Weilburger_Grenze,20251007_140400.jpg,154_Smaragd_R4S_541_3_34,2.0,,,False,27,0.012987416666666666,149.02401491666666,6.950239658355713,7.2458014488220215,6.498594284057617,7.323284149169922,7.931228160858154,7.246450424194336,7.861737251281738,8.669219017028809,6.645985126495361,7.9587860107421875,7.3863139152526855,7.581259250640869,7.155457973480225,6.674072265625,6.878197193145752,7.0471649169921875
WG1_Weilburger_Grenze,20251007_140405.jpg,154_Smaragd_R4S_541_3_34,3.0,,,False,21,0.009154916666666667,147.41337833333333,6.745346546173096,7.042163372039795,6.247029781341553,7.008701324462891,7.5460615158081055,7.008031368255615,7.413832664489746,8.068083763122559,6.437607765197754,6.767069339752197,6.689460754394531,6.82926607131958,7.504613399505615,6.616738319396973,6.983302593231201,6.657786846160889
WG1_Weilburger_Grenze,20251007_140421.jpg,155_Ceres_R4S_270_3_35,2.0,,,False,24,0.011166583333333334,144.62552383333335,5.627840995788574,5.731107711791992,5.464275360107422,5.4219255447387695,5.819457530975342,5.385678768157959,7.074737548828125,7.653894901275635,6.614250183105469,7.046679973602295,6.887653350830078,7.349226474761963,5.21953821182251,5.067385673522949,5.433692932128906,6.072877407073975
WG1_Weilburger_Grenze,20251007_140426.jpg,155_Ceres_R4S_270_3_35,6.0,,,False,19,0.011331416666666667,145.31366366666666,6.289493083953857,6.6118364334106445,6.111015319824219,5.96697998046875,6.385095596313477,5.918902397155762,7.004962921142578,7.576674461364746,6.334817409515381,6.600618362426758,6.473918437957764,6.624486446380615,6.214350700378418,5.916060447692871,6.711537837982178,6.518332004547119
WG1_Weilburger_Grenze,20251007_140432.jpg,155_Ceres_R4S_270_3_35,9.0,,,False,25,0.012863333333333333,151.704142,8.105392456054688,8.24605941772461,8.177833557128906,7.057709217071533,7.371872901916504,7.181695461273193,9.179125785827637,9.627962112426758,8.10009479522705,8.65849494934082,7.975180625915527,8.974979400634766,7.842251300811768,7.565189361572266,8.442484855651855,8.59388542175293
WG1_Weilburger_Grenze,20251007_140450.jpg,156_CHEMBERE DZAGUMHANA_R4S_361_3_36,1.0,,,False,27,0.012130166666666666,142.26143716666667,6.658032417297363,7.129412651062012,6.3994035720825195,5.6142425537109375,6.126762390136719,5.67874813079834,6.256430625915527,6.799002647399902,5.241129398345947,6.357575416564941,5.444991588592529,6.193371772766113,6.601937294006348,6.456264972686768,6.698285102844238,6.812665939331055
WG1_Weilburger_Grenze,20251007_140458.jpg,156_CHEMBERE DZAGUMHANA_R4S_361_3_36,3.0,,,True,7,0.02295903774591952,142.2981794830088,2.3112025260925293,2.2558376789093018,2.2512378692626953,3.1226091384887695,3.2069616317749023,3.1502561569213867,3.4550116062164307,3.573350191116333,3.0221424102783203,2.820660352706909,2.964871644973755,2.8874170780181885,2.033945083618164,1.8327412605285645,2.285832166671753,2.461463451385498
WG1_Weilburger_Grenze,20251007_140502.jpg,156_CHEMBERE DZAGUMHANA_R4S_361_3_36,2.0,,,True,13,0.04057716912287353,145.4091514108052,4.109807968139648,4.456443786621094,4.113874435424805,7.0614213943481445,8.0196533203125,7.941897869110107,5.221170425415039,5.233492851257324,4.4699506759643555,4.666558742523193,4.181273460388184,4.167494773864746,4.389835357666016,4.329939842224121,4.7859649658203125,4.325255870819092
WG1_Weilburger_Grenze,20251007_140507.jpg,156_CHEMBERE DZAGUMHANA_R4S_361_3_36,3.0,,,True,9,0.024001901388954184,141.86733789875626,3.535281181335449,3.4881162643432617,3.5112054347991943,3.1495447158813477,3.2957839965820312,3.166447639465332,3.9853508472442627,4.45265007019043,3.775771379470825,3.6807053089141846,3.9923932552337646,3.6875739097595215,3.6045398712158203,3.516460418701172,3.9835407733917236,3.728397846221924
WG1_Weilburger_Grenze,20251007_140522.jpg,157_Samo_R4S_302_3_37,1.0,,,False,21,0.011524,140.7837025,4.682093143463135,4.894609451293945,4.73504114151001,4.223867416381836,4.3895649909973145,4.256904602050781,5.220917224884033,5.431748867034912,4.821759223937988,4.96108341217041,4.7095441818237305,4.802184581756592,4.437571048736572,4.464956283569336,4.968466758728027,4.956055164337158
WG1_Weilburger_Grenze,20251007_140527.jpg,157_Samo_R4S_302_3_37,4.0,,,False,20,0.017702166666666668,146.24757716666667,4.680051803588867,4.960944652557373,4.577013969421387,4.492780685424805,5.103540420532227,4.538730144500732,6.18158483505249,6.539764881134033,5.643570899963379,5.615771770477295,5.2024455070495605,5.549736499786377,4.4102654457092285,4.485785961151123,4.901785373687744,5.017819404602051
WG1_Weilburger_Grenze,20251007_140533.jpg,157_Samo_R4S_302_3_37,3.0,,,False,23,0.017737583333333334,145.2952525,4.972403526306152,5.174416542053223,4.587408065795898,5.939570903778076,6.632730960845947,5.921468734741211,6.011253356933594,6.384346008300781,5.318045139312744,5.699013710021973,5.442689418792725,5.737556457519531,5.253429889678955,4.962125778198242,5.280008316040039,5.146551609039307
WG1_Weilburger_Grenze,20251007_140550.jpg,158_L239_R4S_405_3_38,2.0,,,False,15,0.007607666666666667,139.61485033333332,6.240913391113281,6.758638858795166,5.937901496887207,6.677203178405762,7.368309020996094,6.471286773681641,7.41189432144165,8.083402633666992,6.375455856323242,7.533653259277344,6.389657497406006,7.154271602630615,5.762729167938232,5.83804988861084,5.993978977203369,6.3418779373168945
WG1_Weilburger_Grenze,20251007_140555.jpg,158_L239_R4S_405_3_38,3.0,,,False,25,0.014373833333333334,146.36085475,7.221728324890137,7.607990741729736,6.442564010620117,7.146291732788086,7.668464660644531,6.963500022888184,7.475365161895752,8.284406661987305,6.585175514221191,7.378396511077881,6.899834632873535,7.140901565551758,7.989537239074707,7.173104286193848,7.278055191040039,7.132535457611084
WG1_Weilburger_Grenze,20251007_140601.jpg,158_L239_R4S_405_3_38,4.0,,,False,17,0.011806666666666667,149.59736283333334,8.000256538391113,8.530925750732422,7.155454635620117,6.950486183166504,7.751797676086426,6.940006256103516,6.772441387176514,7.170906066894531,5.853751182556152,6.489853382110596,6.530489921569824,6.76823091506958,8.948925018310547,8.4630126953125,8.550345420837402,7.929792404174805
WG1_Weilburger_Grenze,20251007_140616.jpg,159_Recital_R4S_162_3_39,3.0,,,False,23,0.012265416666666668,138.47446625,6.230046272277832,6.582106590270996,5.87300443649292,5.832115173339844,6.3243913650512695,5.736307144165039,6.385204315185547,6.973664283752441,5.6219282150268555,6.46373987197876,6.342489242553711,6.314273834228516,6.406542778015137,6.034605979919434,6.205976486206055,6.420567512512207
WG1_Weilburger_Grenze,20251007_140620.jpg,159_Recital_R4S_162_3_39,1.0,,,False,27,0.015407,141.07333183333333,4.95509672164917,5.176679611206055,4.651662826538086,4.581606864929199,4.907462120056152,4.4805216789245605,5.290761947631836,5.717062950134277,4.659327030181885,5.273238182067871,5.140871524810791,5.38458776473999,4.718168258666992,4.424230098724365,4.865861892700195,5.104178428649902
WG1_Weilburger_Grenze,20251007_140626.jpg,159_Recital_R4S_162_3_39,7.0,,,False,16,0.0081035,148.708848,7.30868673324585,7.318724155426025,6.87713623046875,7.244197845458984,7.447704315185547,7.125844955444336,8.677013397216797,8.14849853515625,7.223106861114502,7.778640270233154,6.974576473236084,7.690064430236816,7.523683547973633,7.125281810760498,7.525129795074463,7.501737594604492
WG1_Weilburger_Grenze,20251007_140645.jpg,160_R31_R4S_515_3_40,2.0,,,False,21,0.011442166666666666,138.8405605,6.076447486877441,6.5747904777526855,6.228777885437012,4.754145622253418,5.108333587646484,4.748255252838135,7.011348724365234,7.300315856933594,6.461547374725342,7.0660576820373535,6.31243896484375,6.951990127563477,5.497846603393555,5.782971382141113,6.111623764038086,6.368681907653809
WG1_Weilburger_Grenze,20251007_140652.jpg,160_R31_R4S_515_3_40,4.0,,,False,27,0.015804,142.82152,7.196639060974121,7.553064346313477,6.998377323150635,7.266679286956787,7.825285911560059,7.346254825592041,9.02342700958252,8.881087303161621,8.037707328796387,8.868240356445312,7.553288459777832,8.568005561828613,6.960247993469238,6.832067966461182,7.294827938079834,7.331692695617676
WG1_Weilburger_Grenze,20251007_140657.jpg,160_R31_R4S_515_3_40,8.0,,,False,18,0.010132416666666666,147.15925458333334,5.585290908813477,5.889727592468262,5.435824394226074,5.09347677230835,5.313620090484619,4.951316833496094,6.627280235290527,6.7523112297058105,5.917812347412109,5.967926025390625,6.0684895515441895,6.159550189971924,5.508630752563477,5.233644008636475,5.71602725982666,5.714166641235352
WG1_Weilburger_Grenze,20251007_140713.jpg,161_Liragruen_R4S_299_3_41,7.0,,,False,24,0.01219975,143.2473285,7.074428558349609,7.461716651916504,6.75911808013916,7.195501804351807,7.613236427307129,7.013195037841797,8.352893829345703,8.317373275756836,7.120748519897461,8.089693069458008,7.2090349197387695,7.301398277282715,6.918845176696777,6.795226097106934,6.940150260925293,7.142294406890869
WG1_Weilburger_Grenze,20251007_140719.jpg,161_Liragruen_R4S_299_3_41,12.0,,,False,30,0.016104,142.13370666666665,7.963682174682617,8.333856582641602,7.4155988693237305,7.820374488830566,8.680158615112305,7.700757026672363,8.555367469787598,8.988920211791992,7.22559928894043,8.256091117858887,7.98198938369751,7.605323791503906,8.212991714477539,7.813690185546875,7.861971855163574,7.897830009460449
WG1_Weilburger_Grenze,20251007_140724.jpg,161_Liragruen_R4S_299_3_41,14.0,,,False,27,0.01499175,146.85408975,11.662569046020508,12.104833602905273,10.979076385498047,12.354461669921875,13.6237211227417,12.189191818237305,11.591788291931152,11.953193664550781,9.898409843444824,11.173807144165039,11.090765953063965,10.65827465057373,12.084505081176758,11.84174919128418,11.694889068603516,11.376202583312988
WG1_Weilburger_Grenze,20251007_140740.jpg,162_Lilian_R4S_226_3_42,4.0,,,False,19,0.01175325,143.39353791666667,5.782641410827637,6.08990478515625,5.2049946784973145,5.557426452636719,6.172275543212891,5.554303169250488,5.966371536254883,6.741020202636719,5.24570369720459,5.738960266113281,5.626397132873535,5.694100856781006,5.987329006195068,5.549145698547363,5.682163238525391,5.847240447998047
WG1_Weilburger_Grenze,20251007_140747.jpg,162_Lilian_R4S_226_3_42,3.0,,,False,15,0.008194083333333333,143.38691108333333,7.077795505523682,7.705258369445801,6.496322154998779,6.501266002655029,7.22986364364624,6.618191719055176,7.240384101867676,7.314609527587891,5.929686546325684,7.0446977615356445,6.387478828430176,6.244534015655518,7.571236610412598,7.3151445388793945,7.254779815673828,6.983489990234375
WG1_Weilburger_Grenze,20251007_140755.jpg,162_Lilian_R4S_226_3_42,8.0,,,False,15,0.0071785,145.6127005,8.396339416503906,8.930746078491211,7.576285362243652,8.280739784240723,9.374212265014648,8.341720581054688,8.419869422912598,9.740900039672852,7.61051607131958,8.602873802185059,8.115579605102539,8.394135475158691,8.826434135437012,8.099246978759766,8.514001846313477,8.328184127807617
WG1_Weilburger_Grenze,20251007_140812.jpg,163_Zephir_R4S_234_3_43,2.0,,,False,12,0.00752275,147.20610708333334,8.632847785949707,9.355588912963867,9.498594284057617,6.990546703338623,7.348958492279053,6.838235855102539,11.058124542236328,11.026570320129395,10.399702072143555,10.757816314697266,9.011969566345215,10.955262184143066,7.556291580200195,8.569489479064941,9.840011596679688,9.599090576171875
WG1_Weilburger_Grenze,20251007_140818.jpg,163_Zephir_R4S_234_3_43,2.0,,,False,30,0.0173455,147.85118175,8.293100357055664,8.896985054016113,7.8252763748168945,6.122142791748047,6.582983016967773,6.215887069702148,6.578389644622803,7.150008678436279,5.679409027099609,6.288482189178467,6.129663467407227,6.487397193908691,9.067012786865234,8.523611068725586,8.696418762207031,8.149456977844238
WG1_Weilburger_Grenze,20251007_140823.jpg,163_Zephir_R4S_234_3_43,3.0,,,False,27,0.020825,148.15418091666666,4.978282928466797,5.0005693435668945,4.8222551345825195,6.321800231933594,6.6111931800842285,6.199625492095947,6.654855728149414,6.700925350189209,5.506053924560547,5.9935479164123535,5.5887956619262695,6.1567063331604,5.050420761108398,4.600366115570068,5.16703987121582,5.206845283508301
WG1_Weilburger_Grenze,20251007_140839.jpg,164_Trebicska_R4S_290_3_44,3.0,,,False,21,0.00952725,142.05143741666666,6.55203104019165,6.822361946105957,6.298882484436035,7.047510147094727,7.451331615447998,6.716412544250488,7.860817909240723,8.096003532409668,6.541757106781006,7.472014427185059,6.62627649307251,7.172286510467529,6.589529991149902,6.395780563354492,6.83674430847168,6.630606174468994
WG1_Weilburger_Grenze,20251007_140845.jpg,164_Trebicska_R4S_290_3_44,9.0,,,False,25,0.022516916666666668,148.57154666666668,5.723480701446533,5.858969688415527,5.359318733215332,6.310119152069092,7.221080780029297,6.44316291809082,6.593460559844971,7.134583473205566,5.501351356506348,6.0765767097473145,6.128318786621094,5.766211032867432,6.312319755554199,5.579051971435547,6.0367279052734375,5.804930686950684
WG1_Weilburger_Grenze,20251007_140851.jpg,164_Trebicska_R4S_290_3_44,9.0,,,False,15,0.010194833333333334,150.0184915,8.528282165527344,8.945211410522461,7.881970405578613,10.485119819641113,11.601256370544434,10.414590835571289,9.838871002197266,9.396425247192383,8.109844207763672,9.194655418395996,8.713671684265137,8.945919036865234,8.800352096557617,8.651403427124023,8.897350311279297,8.504022598266602
WG1_Weilburger_Grenze,20251007_140908.jpg,165_Magnum_R4S_163_3_45,4.0,,,False,20,0.009949416666666667,144.48199641666668,7.632585048675537,8.024001121520996,7.219977378845215,6.980915546417236,7.62553596496582,6.908461570739746,7.124642848968506,7.689113140106201,6.100288391113281,7.071354389190674,6.277724266052246,6.919906139373779,8.082442283630371,7.749558448791504,7.818610191345215,7.597915172576904
WG1_Weilburger_Grenze,20251007_140913.jpg,165_Magnum_R4S_163_3_45,9.0,,,False,22,0.01479575,146.36736358333334,7.124848365783691,7.408349514007568,6.649051666259766,8.2457275390625,8.888581275939941,8.10478401184082,8.986054420471191,9.216961860656738,7.723690032958984,8.662595748901367,7.933471202850342,8.112346649169922,7.115490913391113,6.758289813995361,7.241629600524902,7.39213752746582
WG1_Weilburger_Grenze,20251007_140919.jpg,165_Magnum_R4S_163_3_45,9.0,,,False,27,0.015691333333333335,149.07736783333334,6.990344524383545,7.268265724182129,6.70497989654541,6.864990234375,7.400827884674072,6.926163673400879,8.292418479919434,8.577691078186035,7.144742488861084,7.601319313049316,7.238983154296875,7.752590656280518,7.073361396789551,6.838068008422852,7.285173416137695,7.249242782592773
WG1_Weilburger_Grenze,20251007_140935.jpg,166_Smaragd_R4S_542_3_46,3.0,,,False,19,0.005657916666666667,146.43597425,10.102932929992676,11.023159980773926,9.161874771118164,8.304800987243652,8.834266662597656,7.963076591491699,8.412593841552734,8.531991004943848,6.869327068328857,9.126177787780762,7.999070167541504,8.423958778381348,10.467845916748047,10.560773849487305,10.305452346801758,9.84666919708252
WG1_Weilburger_Grenze,20251007_140939.jpg,166_Smaragd_R4S_542_3_46,10.0,,,False,24,0.014654833333333334,147.36062141666667,8.36960506439209,9.009528160095215,7.487415313720703,8.437932014465332,9.290376663208008,8.443254470825195,7.65740966796875,8.4429931640625,6.389847278594971,8.194847106933594,7.40260124206543,7.71954870223999,9.636980056762695,8.689520835876465,8.599858283996582,8.236324310302734
WG1_Weilburger_Grenze,20251007_140945.jpg,166_Smaragd_R4S_542_3_46,6.0,,,False,19,0.011873,145.515631,5.976624488830566,6.451087951660156,5.483556747436523,5.96085262298584,6.659965515136719,6.007305145263672,6.582491874694824,7.404982089996338,5.702157497406006,6.195286273956299,6.133647441864014,6.151911735534668,6.878867149353027,6.179648399353027,6.308483123779297,5.9301652908325195
WG1_Weilburger_Grenze,20251007_141001.jpg,167_Lord_R4S_262_3_47,1.0,,,False,23,0.009984916666666666,144.14336133333333,7.890811920166016,8.48552131652832,7.7228593826293945,6.308235168457031,6.461396217346191,6.368973255157471,6.911861896514893,6.898611068725586,5.770110607147217,6.340399265289307,5.52767276763916,6.604465961456299,8.114692687988281,8.16060733795166,8.283308982849121,7.835209846496582
WG1_Weilburger_Grenze,20251007_141005.jpg,167_Lord_R4S_262_3_47,18.0,,,False,24,0.015210833333333333,149.9652405,9.147879600524902,9.849742889404297,8.58787727355957,7.230166435241699,8.069206237792969,7.368000507354736,8.252556800842285,9.503175735473633,7.180054664611816,8.658374786376953,8.318943977355957,8.136598587036133,9.70895767211914,9.247872352600098,9.402933120727539,9.277325630187988
WG1_Weilburger_Grenze,20251007_141012.jpg,167_Lord_R4S_262_3_47,20.0,,,False,23,0.016232583333333335,149.38594525,5.563735008239746,5.774726867675781,5.371581554412842,6.380070686340332,6.696640491485596,6.549777984619141,7.530702590942383,7.18082857131958,6.201433181762695,6.8681769371032715,6.204378604888916,6.649219036102295,5.683572769165039,5.25183629989624,5.824296474456787,5.6309614181518555
WG1_Weilburger_Grenze,20251007_141028.jpg,168_BRAUNER SCHNITTKOHL_R4S_362_3_48,6.0,,,False,26,0.017071583333333334,140.45688933333332,5.088944911956787,5.4186930656433105,4.916745185852051,4.306415557861328,4.416037559509277,4.214060306549072,5.510462284088135,5.748795509338379,4.893713474273682,5.038844108581543,4.773919105529785,5.132434368133545,5.240431308746338,4.922938346862793,5.282846927642822,5.3303117752075195
WG1_Weilburger_Grenze,20251007_141033.jpg,168_BRAUNER SCHNITTKOHL_R4S_362_3_48,7.0,,,False,33,0.030809083333333334,143.70143425,4.125457763671875,4.285820960998535,4.005987167358398,4.036529064178467,4.427619934082031,4.082999229431152,5.276801586151123,5.373594760894775,4.561596393585205,4.64653205871582,4.577041149139404,4.85286283493042,3.9475114345550537,3.768005847930908,4.318844795227051,4.368200778961182
WG1_Weilburger_Grenze,20251007_141039.jpg,168_BRAUNER SCHNITTKOHL_R4S_362_3_48,4.0,,,False,28,0.023958916666666667,146.62090716666665,5.4351043701171875,5.519547462463379,5.243325710296631,4.979151725769043,5.355588912963867,5.151752471923828,5.800374984741211,5.92000675201416,4.990689277648926,5.086999893188477,4.897395133972168,5.309042930603027,5.277965545654297,4.986763000488281,5.524331092834473,5.687014579772949
WG1_Weilburger_Grenze,20251007_141056.jpg,169_R75_R4S_484_3_49,8.0,,,False,18,0.008128166666666667,141.38301066666668,7.070802688598633,7.576070308685303,6.73741340637207,6.180177211761475,6.462508678436279,6.0472564697265625,7.591490268707275,7.81919527053833,6.581325054168701,6.972036361694336,6.830249786376953,6.998931407928467,7.1190619468688965,6.875909328460693,7.166548728942871,7.064785957336426
WG1_Weilburger_Grenze,20251007_141103.jpg,169_R75_R4S_484_3_49,7.0,,,False,22,0.015515666666666667,146.94635858333334,7.399470329284668,7.885279655456543,6.741601943969727,8.735736846923828,9.49246597290039,8.707733154296875,8.46841049194336,9.138824462890625,7.248328685760498,8.315836906433105,7.638247966766357,7.806717395782471,7.717140197753906,7.296206474304199,7.536158561706543,7.400439739227295
WG1_Weilburger_Grenze,20251007_141108.jpg,169_R75_R4S_484_3_49,19.0,,,False,30,0.020482916666666667,146.43896616666666,5.682599067687988,6.1070556640625,5.424314498901367,6.5585479736328125,7.322851181030273,6.768072605133057,6.468352794647217,6.72056245803833,5.380496978759766,6.251033306121826,5.9476799964904785,6.000727653503418,5.490464687347412,5.363399505615234,5.686800003051758,5.744504928588867
WG1_Weilburger_Grenze,20251007_141126.jpg,170_Parapluie_R4S_301_3_50,11.0,,,True,8,0.027997706568134037,142.43560425559025,2.470140218734741,2.5032382011413574,2.411921977996826,2.455876350402832,2.6003828048706055,2.4744670391082764,3.249938726425171,3.64190936088562,3.2152578830718994,3.0466387271881104,2.942556858062744,2.97078537940979,2.3003787994384766,2.294759511947632,2.670105457305908,2.613551616668701
WG1_Weilburger_Grenze,20251007_141134.jpg,170_Parapluie_R4S_301_3_50,6.0,,,False,22,0.0153245,146.47021758333332,6.225332260131836,6.471044063568115,5.955881118774414,6.1890668869018555,6.765598297119141,6.223819255828857,6.739870548248291,6.875292778015137,5.788883686065674,6.0635809898376465,5.968691349029541,6.080906867980957,6.42710018157959,6.096752166748047,6.521413803100586,6.349696159362793
WG1_Weilburger_Grenze,20251007_141139.jpg,170_Parapluie_R4S_301_3_50,4.0,,,False,20,0.020946,146.3270905,4.598366737365723,4.794508934020996,4.396479606628418,5.459776878356934,6.208164215087891,5.497437477111816,5.888202667236328,6.150148868560791,5.32114839553833,5.617151737213135,5.406103610992432,5.620173454284668,4.647676467895508,4.444219589233398,4.946846961975098,4.865761756896973
WG1_Weilburger_Grenze,20251007_141154.jpg,171_Madrigal_R4S_247_3_51,4.0,,,False,22,0.01476225,143.5977755,4.745455265045166,4.607590198516846,4.478390693664551,3.9511523246765137,4.170834064483643,3.9325127601623535,5.238448619842529,5.743648529052734,4.7943854331970215,5.095492839813232,4.852149963378906,4.896507263183594,4.983064651489258,4.372014999389648,4.738786697387695,4.877102375030518
WG1_Weilburger_Grenze,20251007_141159.jpg,171_Madrigal_R4S_247_3_51,2.0,,,False,23,0.019028083333333334,145.30933108333332,5.467442035675049,5.457986831665039,5.0870866775512695,5.411892890930176,5.94734001159668,5.441971302032471,6.28882360458374,6.380625247955322,5.36386775970459,5.72191047668457,5.635932922363281,5.650205612182617,5.49250602722168,4.977024078369141,5.579070091247559,5.680959701538086
WG1_Weilburger_Grenze,20251007_141204.jpg,171_Madrigal_R4S_247_3_51,4.0,,,False,23,0.023487666666666667,144.618307,6.095376491546631,6.390981674194336,5.801682472229004,6.625785827636719,7.518260955810547,6.704726219177246,7.585625171661377,8.126310348510742,6.716693878173828,7.409801483154297,6.946384906768799,7.391024589538574,6.156989097595215,5.860118865966797,6.488166809082031,6.434268951416016
WG1_Weilburger_Grenze,20251007_141221.jpg,172_S3_R4S_454_3_52,3.0,,,True,10,0.023381638076583677,140.88828291175076,4.527560234069824,4.590223789215088,4.261908531188965,4.370456695556641,4.864234924316406,4.475501537322998,4.615631103515625,5.380605220794678,4.262406826019287,4.205307960510254,4.520656585693359,4.324260711669922,4.755681991577148,4.679941177368164,4.772214412689209,4.676172256469727
WG1_Weilburger_Grenze,20251007_141226.jpg,172_S3_R4S_454_3_52,3.0,,,False,35,0.015969833333333332,146.50685383333334,6.3743391036987305,6.723604202270508,6.216012001037598,5.941932201385498,6.582904815673828,6.08939266204834,7.1074299812316895,7.3454694747924805,6.154873371124268,7.101933479309082,6.359809875488281,6.693325042724609,6.267177581787109,6.1320295333862305,6.458327293395996,6.615346908569336
WG1_Weilburger_Grenze,20251007_141232.jpg,172_S3_R4S_454_3_52,2.0,,,False,31,0.015169083333333333,146.4742995,5.7031707763671875,5.943574905395508,5.541450500488281,5.454980850219727,5.837806701660156,5.514382362365723,6.435385227203369,6.301443099975586,5.364827632904053,5.903526306152344,5.7488908767700195,5.879265785217285,5.671688079833984,5.578496932983398,5.904633522033691,5.920202255249023
WG1_Weilburger_Grenze,20251007_141249.jpg,173_Diamant_R4S_396_3_53,2.0,,,False,19,0.010812083333333333,141.28378241666667,5.756711006164551,5.876590728759766,5.27395486831665,6.217236518859863,6.578258514404297,6.204795837402344,6.374636173248291,7.16310453414917,5.6238532066345215,6.381381511688232,5.936914443969727,6.493190765380859,5.691418170928955,5.288036823272705,5.680005073547363,5.8132710456848145
WG1_Weilburger_Grenze,20251007_141254.jpg,173_Diamant_R4S_396_3_53,3.0,,,False,20,0.01166975,143.92486216666666,5.984097003936768,6.246923446655273,5.610072135925293,5.413658618927002,5.838663578033447,5.327297210693359,6.000138282775879,6.259921073913574,5.28000020980835,5.6174702644348145,5.557168960571289,5.867525577545166,6.0997514724731445,5.675426483154297,6.111462116241455,6.07336950302124
WG1_Weilburger_Grenze,20251007_141259.jpg,173_Diamant_R4S_396_3_53,4.0,,,False,27,0.0138045,144.02339475,5.514240264892578,5.984431743621826,5.281420707702637,6.483853340148926,7.008816719055176,6.493144989013672,5.9313249588012695,6.317417144775391,5.0873236656188965,6.1934814453125,5.3198137283325195,5.876649379730225,5.564444541931152,5.407477378845215,5.791949272155762,5.665284156799316
WG1_Weilburger_Grenze,20251007_141316.jpg,174_Fortis_R4S_164_3_54,10.0,,,False,19,0.014447833333333333,146.52023283333332,5.8101887702941895,6.131514549255371,5.31099271774292,5.87263298034668,6.673371315002441,6.034389972686768,6.755908012390137,7.5759358406066895,5.92313289642334,6.717386245727539,6.37201452255249,6.550171375274658,6.552713871002197,5.8244476318359375,6.093769550323486,5.989635467529297
WG1_Weilburger_Grenze,20251007_141322.jpg,174_Fortis_R4S_164_3_54,4.0,,,False,22,0.017616666666666666,144.46020058333335,5.784512996673584,5.823095321655273,5.289546966552734,5.6788010597229,6.249189376831055,5.767769813537598,5.940756320953369,6.487165451049805,5.035975933074951,5.635013580322266,5.4245924949646,5.466353893280029,6.109087944030762,5.502257823944092,5.870992183685303,5.983346939086914
WG1_Weilburger_Grenze,20251007_141328.jpg,174_Fortis_R4S_164_3_54,21.0,,,False,21,0.013807,143.91331383333332,8.367046356201172,8.657155990600586,7.9258527755737305,8.948792457580566,9.714860916137695,9.038209915161133,9.098613739013672,10.053549766540527,8.48580551147461,8.618330001831055,8.611078262329102,8.841699600219727,8.906710624694824,8.396472930908203,8.61678695678711,8.44355583190918
WG1_Weilburger_Grenze,20251007_141344.jpg,175_WINFRED_R4S_534_3_55,6.0,,,False,26,0.013814333333333333,148.67216091666666,6.151251792907715,6.439580917358398,5.74495792388916,5.913452625274658,6.348853588104248,5.944219589233398,6.04268741607666,6.628708362579346,5.4644880294799805,5.996595859527588,5.675495624542236,5.871684551239014,6.258083820343018,5.793328285217285,6.16664457321167,6.325736999511719
WG1_Weilburger_Grenze,20251007_141349.jpg,175_WINFRED_R4S_534_3_55,12.0,,,False,22,0.009516,145.81995083333334,6.469450950622559,6.927188873291016,6.246874809265137,5.627198219299316,5.975658893585205,5.747115135192871,7.2375922203063965,7.415495872497559,6.561750888824463,6.818840026855469,6.449874401092529,6.845083236694336,6.350944519042969,6.143516540527344,6.720455646514893,6.7113037109375
WG1_Weilburger_Grenze,20251007_141355.jpg,175_WINFRED_R4S_534_3_55,9.0,,,False,22,0.009338416666666667,145.846464,7.745517730712891,8.174457550048828,7.374847412109375,7.642603874206543,8.493752479553223,7.83959436416626,7.99044132232666,9.150671005249023,7.114812850952148,7.809776306152344,7.854386329650879,8.22384262084961,7.983661651611328,7.464850425720215,7.744049072265625,7.929868698120117
WG1_Weilburger_Grenze,20251007_141414.jpg,176_Essex Model_R4S_322_3_56,3.0,,,False,25,0.005007,148.83016875,10.079916000366211,10.600601196289062,10.12722396850586,8.074211120605469,8.758315086364746,8.264713287353516,11.628363609313965,12.499255180358887,11.103753089904785,12.272285461425781,11.608020782470703,12.308512687683105,9.785209655761719,9.853023529052734,9.974596977233887,10.29256820678711
WG1_Weilburger_Grenze,20251007_141419.jpg,176_Essex Model_R4S_322_3_56,8.0,,,False,40,0.010340666666666666,146.37431433333333,13.98100757598877,15.179197311401367,13.723146438598633,9.354568481445312,10.21647834777832,9.523884773254395,11.668671607971191,10.444799423217773,10.041069030761719,10.754556655883789,9.763528823852539,10.90845775604248,14.17044448852539,14.577413558959961,14.139041900634766,13.869560241699219
WG1_Weilburger_Grenze,20251007_141427.jpg,176_Essex Model_R4S_322_3_56,4.0,,,False,28,0.006787166666666667,149.66555008333333,8.095720291137695,8.562627792358398,8.188699722290039,6.625788688659668,7.082084655761719,6.579140663146973,9.69774341583252,9.742587089538574,8.329569816589355,10.009427070617676,8.962019920349121,10.130574226379395,7.427373886108398,7.778834342956543,8.092967987060547,8.306787490844727
WG1_Weilburger_Grenze,20251007_141443.jpg,177_MOANA MOANA RAPE_R4S_371_3_57,3.0,,,False,10,0.004651333333333334,145.51601175,7.969621658325195,8.631767272949219,7.553014278411865,7.600464820861816,8.282513618469238,7.528820991516113,8.803247451782227,10.695661544799805,7.683385848999023,9.087922096252441,8.112820625305176,8.880480766296387,7.821617126464844,7.904049873352051,8.229005813598633,8.108531951904297
WG1_Weilburger_Grenze,20251007_141449.jpg,177_MOANA MOANA RAPE_R4S_371_3_57,3.0,,,False,25,0.009821083333333333,142.52309775,6.343388557434082,6.572187423706055,6.114611625671387,4.998711585998535,5.185883522033691,4.9254021644592285,5.792757511138916,5.822221755981445,5.064458847045898,5.242513656616211,5.1329874992370605,5.277426719665527,6.393302917480469,6.162657737731934,6.461352825164795,6.488826751708984
WG1_Weilburger_Grenze,20251007_141453.jpg,177_MOANA MOANA RAPE_R4S_371_3_57,4.0,,,False,36,0.015408083333333333,145.15616141666666,7.164294242858887,7.516664505004883,7.0601091384887695,5.293228626251221,5.500177383422852,5.171440601348877,6.484836578369141,6.777828216552734,5.5441412925720215,6.2746734619140625,5.789803504943848,6.178720474243164,7.249826431274414,7.098273277282715,7.351763725280762,7.407830238342285
WG1_Weilburger_Grenze,20251007_141512.jpg,178_FORTIN FAMILY_R4S_313_3_58,14.0,,,False,22,0.015190916666666667,149.2043415,5.163464546203613,5.422784805297852,5.027637958526611,5.814980506896973,6.357132434844971,6.145036220550537,6.415230751037598,6.4350104331970215,5.368100643157959,6.020037651062012,5.501208305358887,6.027017116546631,5.251337051391602,4.990640640258789,5.446669578552246,5.313207149505615
WG1_Weilburger_Grenze,20251007_141519.jpg,178_FORTIN FAMILY_R4S_313_3_58,11.0,,,False,28,0.01297375,144.57929533333333,5.46417236328125,5.761493682861328,5.28870964050293,4.763754844665527,4.9310784339904785,4.823850631713867,6.042159557342529,6.471109390258789,5.3670735359191895,5.791155815124512,5.337108612060547,6.007503032684326,5.241923809051514,5.057796478271484,5.667705535888672,5.647258758544922
WG1_Weilburger_Grenze,20251007_141526.jpg,178_FORTIN FAMILY_R4S_313_3_58,3.0,,,False,20,0.011981583333333334,148.44525233333334,5.447796821594238,5.655056953430176,5.384711742401123,5.295275688171387,5.734561443328857,5.254849910736084,6.1609930992126465,6.4924211502075195,5.306715488433838,5.865559101104736,5.556098461151123,6.0202507972717285,5.217360496520996,5.286188125610352,5.93089485168457,5.801786422729492
WG1_Weilburger_Grenze,20251007_141542.jpg,179_Lesira_R4S_219_3_59,8.0,,,True,4,0.026486275733000622,152.90353035974215,2.3202831745147705,2.401111602783203,2.340928077697754,3.7377681732177734,4.3992109298706055,3.986240863800049,4.1036529541015625,3.989983081817627,3.9422285556793213,3.31229305267334,3.4486868381500244,3.735690116882324,2.2483878135681152,2.1699235439300537,2.4587631225585938,2.541142463684082
WG1_Weilburger_Grenze,20251007_141547.jpg,179_Lesira_R4S_219_3_59,10.0,,,False,31,0.014556416666666667,146.36870108333332,6.254585266113281,6.30697774887085,5.857781410217285,6.125574588775635,6.614804744720459,6.111112594604492,6.650224208831787,6.745001792907715,5.511288642883301,6.361173152923584,5.9356818199157715,6.4243927001953125,6.631368637084961,6.057844161987305,6.283470630645752,6.39349365234375
WG1_Weilburger_Grenze,20251007_141556.jpg,179_Lesira_R4S_219_3_59,4.0,,,False,34,0.01986325,145.91108075,6.720555782318115,7.083612442016602,6.4065704345703125,6.878714561462402,7.712342262268066,7.036454200744629,7.825547218322754,8.105058670043945,6.903961181640625,7.383787631988525,7.144541263580322,7.511481761932373,6.683820724487305,6.282982349395752,6.8915300369262695,6.840089797973633
WG1_Weilburger_Grenze,20251007_141613.jpg,180_Guelzower Oelquell_R4S_274_3_60,5.0,,,False,28,0.017808416666666667,149.74384883333335,5.5375871658325195,5.779211521148682,5.494378089904785,7.150400161743164,7.516653537750244,6.965696334838867,7.641565799713135,8.104886054992676,6.482787609100342,7.549708366394043,6.671570777893066,7.662261962890625,5.364114761352539,5.186705589294434,5.895517349243164,5.876643180847168
WG1_Weilburger_Grenze,20251007_141618.jpg,180_Guelzower Oelquell_R4S_274_3_60,8.0,,,False,32,0.018453916666666667,144.694618,6.111464023590088,6.434935569763184,5.8908538818359375,5.013930320739746,5.192929267883301,4.947437286376953,6.212953090667725,6.547043323516846,5.402132987976074,5.9892377853393555,5.562377452850342,6.072977066040039,6.189390659332275,6.142915725708008,6.3670806884765625,6.2560224533081055
WG1_Weilburger_Grenze,20251007_141623.jpg,180_Guelzower Oelquell_R4S_274_3_60,9.0,,,False,21,0.009767916666666666,143.55373441666666,8.045616149902344,8.471392631530762,7.610335350036621,7.801340103149414,8.437933921813965,7.797286033630371,9.686579704284668,9.800095558166504,8.226082801818848,9.245561599731445,8.953374862670898,9.246379852294922,7.86453914642334,7.728908061981201,7.996891975402832,8.197324752807617
WG1_Weilburger_Grenze,20251007_141702.jpg,240_ALLESANDRO KWS_R4S_552_4_60,8.0,,,True,7,0.019907294614142274,145.11813261451942,3.319648027420044,3.5547780990600586,3.354591131210327,5.095808029174805,5.316779136657715,5.385190010070801,4.063540458679199,4.898044109344482,3.749870538711548,3.8700051307678223,3.641392230987549,3.673266649246216,3.312967300415039,3.317566394805908,3.766702890396118,3.449298858642578
WG1_Weilburger_Grenze,20251007_141707.jpg,240_ALLESANDRO KWS_R4S_552_4_60,4.0,,,False,32,0.016768666666666668,147.08015066666667,4.873971939086914,5.258089542388916,5.023743152618408,5.179259300231934,5.582094192504883,5.368345737457275,5.749234676361084,6.077376842498779,5.053009986877441,5.8219122886657715,5.282649993896484,5.633738040924072,4.537526607513428,4.677818298339844,5.178761005401611,5.237414360046387
WG1_Weilburger_Grenze,20251007_141712.jpg,240_ALLESANDRO KWS_R4S_552_4_60,5.0,,,False,18,0.015344416666666666,146.29599116666665,5.25663948059082,5.723000526428223,5.070766925811768,4.836791038513184,5.436241149902344,5.011039733886719,5.826687335968018,6.023623466491699,5.169200897216797,5.186382293701172,5.156898498535156,5.107353687286377,5.39143180847168,5.195941925048828,5.643129348754883,5.433072566986084
WG1_Weilburger_Grenze,20251007_141723.jpg,239_G89_R4S_422_4_59,9.0,,,False,18,0.010259333333333334,149.06667158333335,7.727395534515381,8.269219398498535,7.300148010253906,6.691540241241455,7.307653903961182,6.515313148498535,7.071036338806152,8.04405689239502,6.150757312774658,7.240930080413818,6.803651809692383,7.675729751586914,8.217416763305664,7.698884010314941,7.739319324493408,8.068817138671875
WG1_Weilburger_Grenze,20251007_141729.jpg,239_G89_R4S_422_4_59,4.0,,,False,22,0.009728,145.7748455,8.844134330749512,9.58859920501709,8.505081176757812,7.152545928955078,7.814992427825928,7.283036708831787,7.922887802124023,9.125897407531738,7.085221290588379,8.305665969848633,7.697516441345215,8.357691764831543,9.160213470458984,9.142759323120117,9.173904418945312,9.092109680175781
WG1_Weilburger_Grenze,20251007_141735.jpg,239_G89_R4S_422_4_59,5.0,,,False,27,0.0109665,150.25989658333333,7.774846076965332,8.511771202087402,7.417931079864502,6.974076747894287,7.496034622192383,6.993366241455078,7.213087558746338,8.631607055664062,6.437329292297363,7.597108364105225,7.246107578277588,7.646446704864502,8.420310974121094,8.033835411071777,7.994219779968262,7.709770202636719
WG1_Weilburger_Grenze,20251007_141749.jpg,238_Liporta_R4S_388_4_58,7.0,,,False,15,0.010527666666666666,151.521953,5.343531608581543,5.419187545776367,5.652925491333008,5.363443374633789,5.62670373916626,5.516653060913086,7.789187908172607,6.984750747680664,6.450813293457031,6.688512325286865,5.9497575759887695,6.733643054962158,4.907560348510742,4.8456244468688965,5.540249824523926,5.739274501800537
WG1_Weilburger_Grenze,20251007_141756.jpg,238_Liporta_R4S_388_4_58,10.0,,,False,24,0.012950583333333333,144.89187016666668,7.337411880493164,7.3310041427612305,6.957917213439941,6.273672580718994,6.6205244064331055,6.162320613861084,7.866672515869141,7.911515235900879,6.756556987762451,7.431133270263672,7.219258785247803,7.274138927459717,7.737903594970703,7.029613018035889,7.440356254577637,7.517954349517822
WG1_Weilburger_Grenze,20251007_141801.jpg,238_Liporta_R4S_388_4_58,4.0,,,False,29,0.010336166666666667,147.79113441666667,6.68668794631958,7.01080322265625,6.331665515899658,7.214813709259033,7.7272515296936035,7.3708577156066895,7.544583797454834,7.785329818725586,6.227207183837891,7.462088108062744,7.057744979858398,7.279139041900635,7.026882171630859,6.650199890136719,6.796693801879883,6.787939071655273
WG1_Weilburger_Grenze,20251007_141817.jpg,237_DSV3_R4S_496_4_57,8.0,,,False,20,0.017871166666666667,149.19860783333334,5.150844097137451,5.090351104736328,4.8383989334106445,5.666949272155762,6.393160820007324,5.837429523468018,5.616765022277832,6.151669025421143,4.8471598625183105,5.348957538604736,5.506299018859863,5.451326847076416,5.702410697937012,4.884953498840332,5.188301086425781,5.295204162597656
WG1_Weilburger_Grenze,20251007_141823.jpg,237_DSV3_R4S_496_4_57,3.0,,,False,39,0.01883025,142.08086391666666,6.1805877685546875,6.641063213348389,5.801629066467285,6.681084632873535,7.438834190368652,6.878591537475586,6.295217037200928,7.007083415985107,5.326365947723389,6.305631160736084,6.02830696105957,6.3018717765808105,6.770448684692383,6.261441707611084,6.300201416015625,6.213899612426758
WG1_Weilburger_Grenze,20251007_141829.jpg,237_DSV3_R4S_496_4_57,14.0,,,False,19,0.012547,147.97705891666666,9.904476165771484,10.246068954467773,9.373006820678711,8.108551025390625,8.714383125305176,8.213933944702148,9.140411376953125,9.630915641784668,7.7351250648498535,8.609633445739746,8.857369422912598,8.764323234558105,11.176932334899902,10.459386825561523,10.719358444213867,9.80616569519043
WG1_Weilburger_Grenze,20251007_141846.jpg,236_FELICIANO KWS_R4S_492_4_56,6.0,,,False,15,0.00613825,145.86281416666668,8.558027267456055,8.808937072753906,8.154814720153809,7.467888832092285,7.827094078063965,7.286293983459473,9.490427017211914,10.576045036315918,8.456192016601562,10.121903419494629,9.3905611038208,10.321432113647461,8.259069442749023,8.077939987182617,8.384753227233887,8.60383415222168
WG1_Weilburger_Grenze,20251007_141853.jpg,236_FELICIANO KWS_R4S_492_4_56,11.0,,,False,24,0.007212166666666667,144.01165366666666,8.26262092590332,8.705102920532227,7.995546340942383,6.940338134765625,7.40016508102417,6.998720169067383,9.229170799255371,9.660332679748535,8.103636741638184,9.277909278869629,8.421545028686523,9.333847045898438,8.195658683776855,8.134584426879883,8.555179595947266,8.487371444702148
WG1_Weilburger_Grenze,20251007_141858.jpg,236_FELICIANO KWS_R4S_492_4_56,12.0,,,False,19,0.007041416666666666,145.55645466666667,10.672096252441406,11.272188186645508,10.488882064819336,7.819967746734619,8.332978248596191,7.812993049621582,8.346776008605957,9.680082321166992,7.54215145111084,8.892040252685547,8.460479736328125,9.102643013000488,10.36476993560791,10.56898307800293,10.993167877197266,10.733415603637695
WG1_Weilburger_Grenze,20251007_141915.jpg,235_Brink_R4S_397_4_55,1.0,,,True,7,0.01692935390118489,148.99997764363962,10.535818099975586,10.701044082641602,11.203651428222656,8.4468994140625,8.975761413574219,8.388096809387207,11.065129280090332,10.647001266479492,9.17028522491455,9.175212860107422,9.153730392456055,10.645384788513184,9.740631103515625,10.451715469360352,11.345446586608887,11.699793815612793
WG1_Weilburger_Grenze,20251007_141919.jpg,235_Brink_R4S_397_4_55,4.0,,,False,23,0.013104583333333333,144.65844258333334,6.9960455894470215,7.552005290985107,6.678299427032471,6.863030433654785,7.511702537536621,6.951984882354736,8.132529258728027,8.332829475402832,7.272449016571045,7.82002067565918,7.324978828430176,7.799411773681641,7.424793243408203,7.368989944458008,7.466872692108154,7.263689994812012
WG1_Weilburger_Grenze,20251007_141924.jpg,235_Brink_R4S_397_4_55,5.0,,,False,26,0.014565833333333333,140.77858233333333,6.960493087768555,7.243553161621094,6.5450053215026855,6.386505603790283,6.702937126159668,6.250275611877441,7.343540191650391,7.939979553222656,6.640970706939697,7.045019626617432,6.627685546875,6.984292507171631,6.858111381530762,6.685997009277344,6.945619106292725,7.059634208679199
WG1_Weilburger_Grenze,20251007_141943.jpg,234_Rodeo_R4S_148_4_54,3.0,,,False,27,0.016156,145.37671966666667,5.323051452636719,5.482601165771484,5.287110328674316,5.770027160644531,5.991591453552246,5.611276626586914,6.260549068450928,6.238750457763672,5.255343437194824,5.83566951751709,5.148538112640381,5.799004554748535,5.183961868286133,5.0474138259887695,5.513514518737793,5.600411415100098
WG1_Weilburger_Grenze,20251007_141948.jpg,234_Rodeo_R4S_148_4_54,4.0,,,False,28,0.016670583333333332,143.25147558333333,6.142450332641602,6.436670303344727,5.7910966873168945,5.639105796813965,5.893845558166504,5.529884338378906,6.462490558624268,6.414644241333008,5.6264166831970215,5.891989231109619,5.779675483703613,5.972387790679932,6.142784118652344,5.887535095214844,6.249765396118164,6.2919745445251465
WG1_Weilburger_Grenze,20251007_141954.jpg,234_Rodeo_R4S_148_4_54,3.0,,,False,18,0.01050225,146.94493366666666,6.330132961273193,6.663148880004883,6.104790687561035,6.777944087982178,7.271370887756348,7.058439254760742,6.892038345336914,6.887139320373535,5.969367504119873,5.997513771057129,5.888247013092041,6.4023613929748535,5.951214790344238,5.901778221130371,6.2734575271606445,6.6068572998046875
WG1_Weilburger_Grenze,20251007_142011.jpg,233_Darmor_R4S_200_4_53,2.0,,,False,18,0.0072306666666666665,149.43518891666668,7.994923114776611,8.475414276123047,7.644835472106934,7.807833671569824,8.36705207824707,7.7324604988098145,8.03848648071289,8.532652854919434,6.556200981140137,8.000246047973633,6.938121318817139,7.610057830810547,8.607354164123535,8.336917877197266,8.5806884765625,8.130763053894043
WG1_Weilburger_Grenze,20251007_142016.jpg,233_Darmor_R4S_200_4_53,2.0,,,False,29,0.014413083333333333,143.65362083333332,8.854900360107422,9.435869216918945,8.378469467163086,8.223581314086914,8.99770736694336,8.384309768676758,8.618508338928223,9.611045837402344,7.523056983947754,8.534528732299805,7.77738618850708,8.14818286895752,9.306304931640625,9.116525650024414,9.096596717834473,8.830611228942871
WG1_Weilburger_Grenze,20251007_142022.jpg,233_Darmor_R4S_200_4_53,4.0,,,False,22,0.011355916666666667,152.93136933333332,7.6504597663879395,8.463729858398438,7.361040115356445,6.574326515197754,7.419687271118164,6.718121528625488,7.997392177581787,9.003214836120605,6.960781574249268,7.830162525177002,7.291790008544922,7.903944492340088,8.179216384887695,8.047407150268555,8.2222318649292,7.809516429901123
WG1_Weilburger_Grenze,20251007_142036.jpg,232_Ascona_R4S_179_4_52,1.0,,,False,26,0.01579675,142.63080941666666,5.222194671630859,5.307389736175537,4.9947662353515625,6.029856204986572,6.619660377502441,6.1204328536987305,6.162519931793213,6.471970081329346,5.343564033508301,5.524826526641846,5.922486782073975,5.584948539733887,5.426666259765625,4.960432529449463,5.457645416259766,5.35451078414917
WG1_Weilburger_Grenze,20251007_142041.jpg,232_Ascona_R4S_179_4_52,2.0,,,False,17,0.014547416666666667,142.4616495,3.920470714569092,4.009079933166504,3.872525930404663,4.899929046630859,5.216115951538086,4.854946136474609,5.18528413772583,5.47393274307251,4.52097225189209,4.947024345397949,4.529000282287598,4.902392387390137,3.4117696285247803,3.4061450958251953,3.9030063152313232,4.212520599365234
WG1_Weilburger_Grenze,20251007_142047.jpg,232_Ascona_R4S_179_4_52,10.0,,,False,30,0.02104425,145.66887075,8.516337394714355,8.686439514160156,8.10608959197998,8.890731811523438,9.673606872558594,9.207826614379883,9.899035453796387,9.579745292663574,8.713284492492676,8.83821964263916,8.987390518188477,9.372064590454102,8.733154296875,8.242883682250977,8.674890518188477,8.400123596191406
WG1_Weilburger_Grenze,20251007_142103.jpg,231_H231_R4S_401_4_51,2.0,,,False,15,0.00448,142.15772875,11.216229438781738,12.190804481506348,10.691381454467773,6.924119472503662,7.2151055335998535,6.845501899719238,8.022383689880371,10.013701438903809,7.082685947418213,9.169507026672363,8.612998962402344,8.762777328491211,11.245457649230957,11.875577926635742,11.55605697631836,10.853652954101562
WG1_Weilburger_Grenze,20251007_142112.jpg,231_H231_R4S_401_4_51,8.0,,,False,27,0.011683666666666667,144.58871241666668,8.846550941467285,9.328275680541992,8.450665473937988,7.593616485595703,8.185237884521484,7.801928520202637,7.778819561004639,7.841885089874268,6.982290744781494,7.790025234222412,7.346217155456543,7.922475814819336,9.227785110473633,8.920431137084961,9.036375045776367,8.735755920410156
WG1_Weilburger_Grenze,20251007_142117.jpg,231_H231_R4S_401_4_51,20.0,,,False,25,0.006544166666666667,147.40722341666665,10.319787979125977,10.823736190795898,9.47585678100586,9.626407623291016,9.86133861541748,9.479057312011719,10.033479690551758,9.914942741394043,8.486001014709473,9.305305480957031,9.045023918151855,9.218634605407715,10.593587875366211,10.169946670532227,10.29636001586914,10.05057144165039
WG1_Weilburger_Grenze,20251007_142137.jpg,230_S45.2.2_R4S_435_4_50,5.0,,,False,30,0.013781,144.51807791666667,8.71875,8.968805313110352,8.312946319580078,8.616365432739258,8.955230712890625,8.197349548339844,9.799568176269531,9.250188827514648,8.805849075317383,8.997719764709473,7.828639507293701,9.223296165466309,8.741472244262695,8.579059600830078,8.804276466369629,8.847183227539062
WG1_Weilburger_Grenze,20251007_142143.jpg,230_S45.2.2_R4S_435_4_50,2.0,,,False,29,0.0160545,145.0927995,6.672730445861816,6.879347801208496,6.418707847595215,6.8419270515441895,7.088192939758301,6.678502559661865,7.573755741119385,7.491049289703369,6.39414119720459,7.174820423126221,6.660467147827148,7.077516078948975,7.053831100463867,6.674961090087891,7.088128089904785,6.819773197174072
WG1_Weilburger_Grenze,20251007_142149.jpg,230_S45.2.2_R4S_435_4_50,2.0,,,False,26,0.013501416666666667,148.3067305,8.064102172851562,8.163804054260254,7.651534080505371,9.308849334716797,9.837738037109375,9.25156021118164,9.816815376281738,10.373445510864258,8.631558418273926,9.693852424621582,9.228278160095215,9.473200798034668,8.719426155090332,7.903382301330566,8.386006355285645,8.145988464355469
WG1_Weilburger_Grenze,20251007_142210.jpg,229_Boston_R4S_260_4_49,13.0,,,False,25,0.015037083333333333,142.54049283333333,6.520203590393066,6.692858695983887,6.319916725158691,6.646072864532471,7.030522346496582,6.685619354248047,7.9733500480651855,8.563042640686035,7.208678245544434,7.631117820739746,7.056739330291748,7.765096664428711,6.801513671875,6.356227874755859,6.8987627029418945,6.738101005554199
WG1_Weilburger_Grenze,20251007_142217.jpg,229_Boston_R4S_260_4_49,3.0,,,False,37,0.03029825,142.0279865,6.043083190917969,6.335118293762207,5.727469444274902,6.131039619445801,6.665743827819824,6.118450164794922,7.179904937744141,7.157351016998291,6.127840518951416,6.6832990646362305,6.082089424133301,6.689278602600098,6.329915523529053,5.939882278442383,6.359274387359619,6.330231189727783
WG1_Weilburger_Grenze,20251007_142222.jpg,229_Boston_R4S_260_4_49,5.0,,,False,23,0.026639583333333335,146.29007591666667,4.310792922973633,4.4620866775512695,4.064761161804199,5.182343006134033,5.7524003982543945,5.116464614868164,5.840359210968018,5.769266128540039,4.940184116363525,5.072024345397949,4.8697357177734375,4.945456027984619,4.397280216217041,3.9327821731567383,4.423131942749023,4.539644241333008
WG1_Weilburger_Grenze,20251007_142240.jpg,228_K29_R4S_485_4_48,3.0,,,False,31,0.01339275,143.85776241666667,6.169732093811035,6.367399215698242,5.982255935668945,5.895428657531738,6.2585062980651855,5.775209903717041,6.395688056945801,6.293777942657471,5.381096363067627,5.831188201904297,5.408335208892822,6.177371978759766,5.942502975463867,5.93840217590332,6.083291053771973,6.333353042602539
WG1_Weilburger_Grenze,20251007_142245.jpg,228_K29_R4S_485_4_48,3.0,,,False,27,0.0143955,145.22300433333334,7.608523845672607,7.492798328399658,7.54681396484375,5.416080474853516,5.643512725830078,5.427953720092773,6.806758880615234,6.106766223907471,5.6159563064575195,5.818785667419434,5.370226860046387,6.085798740386963,7.769833087921143,7.479179382324219,7.912079811096191,7.832938194274902
WG1_Weilburger_Grenze,20251007_142252.jpg,228_K29_R4S_485_4_48,1.0,,,False,17,0.0068795,150.52661966666668,5.891078948974609,6.144865989685059,5.760076999664307,6.156538486480713,6.81081485748291,6.241894245147705,7.582548141479492,7.475978851318359,6.315469741821289,7.38851261138916,6.440081596374512,7.167148590087891,5.728666305541992,5.458677291870117,5.747927188873291,5.9599738121032715
WG1_Weilburger_Grenze,20251007_142306.jpg,227_Dwarf Essex_R4S_368_4_47,2.0,,,False,22,0.010113083333333333,144.97771166666666,6.927417755126953,7.364636421203613,6.718932151794434,6.439540863037109,6.7375993728637695,6.365126609802246,7.7919206619262695,7.7107110023498535,6.8067708015441895,7.275432586669922,6.716104030609131,7.1266984939575195,7.204655647277832,6.955856800079346,7.22413444519043,7.095914840698242
WG1_Weilburger_Grenze,20251007_142313.jpg,227_Dwarf Essex_R4S_368_4_47,3.0,,,False,26,0.017524,144.31309591666667,5.801522731781006,5.933382987976074,5.549622535705566,5.706974506378174,6.126021385192871,5.545854568481445,6.966107368469238,6.402658462524414,5.750576972961426,5.88969087600708,5.526371479034424,5.753013610839844,5.577419281005859,5.314007759094238,5.844657897949219,6.049984931945801
WG1_Weilburger_Grenze,20251007_142319.jpg,227_Dwarf Essex_R4S_368_4_47,4.0,,,False,17,0.012220833333333334,146.2775345,7.051662921905518,6.7984490394592285,6.840817928314209,7.286159992218018,7.436489105224609,6.984042167663574,7.957760810852051,7.642006874084473,6.941612243652344,7.216180324554443,7.052951335906982,7.0344390869140625,7.341439723968506,6.602463722229004,7.499353885650635,7.219660758972168
WG1_Weilburger_Grenze,20251007_142334.jpg,226_Janpol_R4S_392_4_46,2.0,,,False,23,0.015108666666666666,148.73406625,5.455384254455566,5.354787349700928,5.151598930358887,6.053558349609375,6.562387943267822,6.237662315368652,6.986574649810791,7.123581409454346,5.854556560516357,6.6558637619018555,6.052711009979248,6.435937404632568,5.387323379516602,4.842950820922852,5.326235294342041,5.702592372894287
WG1_Weilburger_Grenze,20251007_142339.jpg,226_Janpol_R4S_392_4_46,2.0,,,False,32,0.023863333333333334,144.32960175,6.545255184173584,6.898319721221924,6.242350101470947,7.0761823654174805,8.063224792480469,7.3536553382873535,6.700441360473633,7.30750036239624,5.851903915405273,6.568987846374512,6.249565124511719,6.533220291137695,7.102612495422363,6.63784122467041,7.03124475479126,6.720629692077637
WG1_Weilburger_Grenze,20251007_142347.jpg,226_Janpol_R4S_392_4_46,19.0,,,False,19,0.017222166666666667,147.78036158333333,5.1535539627075195,5.144224643707275,4.8322224617004395,5.214204788208008,5.898408889770508,5.4756855964660645,5.907780647277832,6.106744289398193,5.3284125328063965,5.339366436004639,5.445399284362793,5.2932233810424805,5.622145175933838,5.022428512573242,5.642277717590332,5.431987762451172
WG1_Weilburger_Grenze,20251007_142403.jpg,225_R12_R4S_488_4_45,4.0,,,False,30,0.01617241666666667,144.85542891666665,7.743078708648682,8.144502639770508,7.323768138885498,7.219250202178955,7.699811935424805,7.094022750854492,7.96906852722168,8.020462989807129,6.7312188148498535,7.713184356689453,7.0214009284973145,7.110836982727051,7.972597122192383,7.599626064300537,7.954275131225586,7.735921859741211
WG1_Weilburger_Grenze,20251007_142410.jpg,225_R12_R4S_488_4_45,4.0,,,False,31,0.026244666666666666,146.192277,4.963220596313477,5.2218804359436035,4.682747840881348,5.679048538208008,5.965595245361328,5.4776740074157715,6.06136417388916,6.180599212646484,5.329613208770752,5.568268775939941,5.265766143798828,5.29033899307251,4.860498905181885,4.55399227142334,4.990996360778809,5.102100372314453
WG1_Weilburger_Grenze,20251007_142415.jpg,225_R12_R4S_488_4_45,5.0,,,False,24,0.017980083333333334,148.77649925,6.578200340270996,6.990607738494873,6.356670379638672,6.135841369628906,6.544755935668945,6.147372245788574,6.93133544921875,6.993465900421143,5.9520368576049805,6.400415420532227,6.043578147888184,6.090753078460693,6.600696086883545,6.4035162925720215,6.835149765014648,6.61284065246582
WG1_Weilburger_Grenze,20251007_142430.jpg,224_Allure_R4S_264_4_44,7.0,,,False,21,0.010399583333333334,142.31537425,9.960260391235352,10.38040542602539,9.357839584350586,8.091598510742188,8.671066284179688,8.084312438964844,9.19708251953125,9.907210350036621,7.810557842254639,9.717522621154785,9.011627197265625,9.333541870117188,10.061907768249512,9.869384765625,10.128250122070312,10.041400909423828
WG1_Weilburger_Grenze,20251007_142435.jpg,224_Allure_R4S_264_4_44,3.0,,,False,37,0.02651825,144.81919675,6.28680419921875,6.634552001953125,6.0935750007629395,7.154184341430664,7.47892951965332,7.0167741775512695,7.279182434082031,7.41062593460083,6.221802234649658,6.736124515533447,6.271054744720459,7.146864414215088,6.448633193969727,6.351624488830566,6.638161659240723,6.541739463806152
WG1_Weilburger_Grenze,20251007_142441.jpg,224_Allure_R4S_264_4_44,9.0,,,False,13,0.0152525,144.87922783333335,6.219968795776367,6.274252891540527,5.9455108642578125,5.886659622192383,6.327968597412109,5.820213794708252,7.557617664337158,7.212493419647217,6.46600341796875,6.592880725860596,6.568418502807617,6.490955352783203,6.173827171325684,5.782808780670166,6.749141693115234,6.586613655090332
WG1_Weilburger_Grenze,20251007_142455.jpg,223_WINFRED_R4S_533_4_43,7.0,,,False,27,0.012518333333333333,146.49251066666667,6.6396989822387695,7.016300678253174,6.539202690124512,6.4686408042907715,6.673351287841797,6.571312427520752,6.828439235687256,6.787327766418457,6.307774543762207,6.445614337921143,6.294861316680908,6.94667911529541,6.8193159103393555,6.647804260253906,7.123315334320068,6.753939628601074
WG1_Weilburger_Grenze,20251007_142503.jpg,223_WINFRED_R4S_533_4_43,4.0,,,False,30,0.017578,144.04670958333332,7.07698392868042,7.432069301605225,6.748136520385742,5.992657661437988,6.287961006164551,6.01969051361084,6.803378582000732,7.569367408752441,6.098536491394043,6.799055099487305,6.6429643630981445,6.94809627532959,7.316318035125732,6.860265254974365,7.384449481964111,7.272492408752441
WG1_Weilburger_Grenze,20251007_142508.jpg,223_WINFRED_R4S_533_4_43,6.0,,,False,23,0.016820583333333333,148.5397815,5.563414573669434,5.758535385131836,5.549530982971191,6.365589618682861,7.195847511291504,6.700586318969727,6.783095836639404,6.83727502822876,6.292904853820801,6.076868057250977,6.307674884796143,6.556498050689697,5.683818817138672,5.2731523513793945,6.186461448669434,5.894546985626221
WG1_Weilburger_Grenze,20251007_142525.jpg,222_VOGESA_R4S_315_4_42,2.0,,,False,37,0.009452916666666667,142.01499033333334,9.566619873046875,10.283537864685059,9.098761558532715,7.158531665802002,7.596207618713379,7.031854629516602,8.340564727783203,8.534402847290039,6.772644996643066,8.240544319152832,7.522747039794922,7.968684196472168,9.792577743530273,9.905731201171875,9.58755874633789,9.474666595458984
WG1_Weilburger_Grenze,20251007_142530.jpg,222_VOGESA_R4S_315_4_42,3.0,,,False,42,0.010668583333333334,141.33771366666667,13.406331062316895,14.3446044921875,12.748205184936523,8.267475128173828,8.564800262451172,8.045557022094727,9.917665481567383,9.804726600646973,8.531937599182129,9.738811492919922,8.369029998779297,9.708147048950195,13.966409683227539,14.17446517944336,13.748153686523438,13.181989669799805
WG1_Weilburger_Grenze,20251007_142535.jpg,222_VOGESA_R4S_315_4_42,2.0,,,False,21,0.0071983333333333335,149.17419183333334,8.44869613647461,8.96950912475586,8.345431327819824,8.229936599731445,8.918703079223633,8.47859001159668,9.772452354431152,9.612797737121582,9.002176284790039,8.91450023651123,8.666119575500488,9.425195693969727,8.118977546691895,8.018369674682617,8.818307876586914,8.714476585388184
WG1_Weilburger_Grenze,20251007_142550.jpg,221_Tina_R4S_339_4_41,1.0,,,False,30,0.0128745,147.76655325,8.327497482299805,8.577737808227539,8.583498001098633,6.239287853240967,6.346249103546143,6.114418029785156,9.02530574798584,7.915316581726074,7.318054676055908,8.205981254577637,6.920881748199463,8.2496919631958,7.537643909454346,7.819782733917236,8.614845275878906,8.812894821166992
WG1_Weilburger_Grenze,20251007_142558.jpg,221_Tina_R4S_339_4_41,1.0,,,True,14,0.021937734392933388,141.63783153250984,4.711906909942627,5.034905433654785,4.703364849090576,6.086204528808594,6.8381547927856445,6.6751179695129395,4.118834018707275,3.606091022491455,3.530393600463867,3.6451175212860107,3.7424728870391846,3.517394542694092,5.1830291748046875,5.1355509757995605,5.022617340087891,4.816303253173828
WG1_Weilburger_Grenze,20251007_142608.jpg,221_Tina_R4S_339_4_41,2.0,,,False,26,0.0115365,146.94214175,6.608061790466309,6.860958576202393,6.586301803588867,5.484963417053223,5.7883782386779785,5.404241561889648,7.102056503295898,6.97556209564209,6.147823333740234,6.605167865753174,6.35914945602417,7.176518440246582,6.3458051681518555,6.3409318923950195,6.82268762588501,6.971344470977783
WG1_Weilburger_Grenze,20251007_142627.jpg,220_Resyn-Goe S4_R4S_206_4_40,1.0,,,False,29,0.012812416666666666,141.6727405,6.703118324279785,6.825919151306152,6.3983540534973145,5.538670539855957,5.608921051025391,5.3682403564453125,6.7173004150390625,6.896039962768555,6.117614269256592,6.315788745880127,6.066929817199707,6.4497175216674805,6.312378883361816,6.026126861572266,6.493724822998047,6.827371597290039
WG1_Weilburger_Grenze,20251007_142633.jpg,220_Resyn-Goe S4_R4S_206_4_40,2.0,,,False,28,0.013499833333333334,142.82959033333333,5.063014984130859,5.192166328430176,4.960508823394775,5.334674835205078,5.714424133300781,5.361078262329102,5.967830657958984,6.491236209869385,5.208587646484375,5.923270225524902,5.469832420349121,5.825223922729492,5.0008697509765625,4.778398036956787,5.14601469039917,5.349463939666748
WG1_Weilburger_Grenze,20251007_142639.jpg,220_Resyn-Goe S4_R4S_206_4_40,3.0,,,False,26,0.011729833333333333,144.97283608333333,4.922873497009277,5.062897682189941,4.632681369781494,5.226486682891846,5.744053840637207,5.230005741119385,5.623809337615967,5.913427829742432,4.67083215713501,5.663978576660156,5.477926254272461,5.4692277908325195,5.190008640289307,4.597416400909424,4.93029260635376,5.0187811851501465
WG1_Weilburger_Grenze,20251007_142655.jpg,219_Sator Oetofte_R4S_334_4_39,1.0,,,False,13,0.00491,145.67959358333334,7.498778343200684,8.072721481323242,7.347424507141113,5.344526290893555,5.709203243255615,5.523923873901367,6.94680643081665,7.119645118713379,6.116746425628662,6.499206066131592,6.022284030914307,6.684666156768799,7.231535911560059,7.331738471984863,7.535898208618164,7.483674049377441
WG1_Weilburger_Grenze,20251007_142702.jpg,219_Sator Oetofte_R4S_334_4_39,1.0,,,False,27,0.010081916666666666,139.86592666666667,6.689845085144043,7.004016876220703,6.485328674316406,5.775723457336426,5.952392101287842,5.548720359802246,6.996294975280762,6.922532558441162,6.116998672485352,6.90016508102417,5.871862888336182,6.89105749130249,6.518278121948242,6.432611465454102,6.851496696472168,6.928755760192871
WG1_Weilburger_Grenze,20251007_142708.jpg,219_Sator Oetofte_R4S_334_4_39,4.0,,,False,23,0.008651,149.86087991666668,6.613726615905762,6.902557373046875,6.539869785308838,5.680581092834473,5.778008460998535,5.637192726135254,7.789048671722412,8.672964096069336,7.015511989593506,7.759294509887695,6.919551849365234,7.868632793426514,6.147849082946777,5.998173713684082,6.741824150085449,6.786592483520508
WG1_Weilburger_Grenze,20251007_142723.jpg,218_Viking_R4S_238_4_38,1.0,,,False,22,0.01429325,140.9235665,6.433188438415527,6.769038677215576,6.054174423217773,5.030242919921875,5.670078277587891,5.071779727935791,5.560458660125732,5.96348762512207,4.678689956665039,5.2719221115112305,4.960848808288574,5.222123622894287,6.814582347869873,6.674556732177734,6.8696513175964355,6.633108139038086
WG1_Weilburger_Grenze,20251007_142728.jpg,218_Viking_R4S_238_4_38,1.0,,,False,22,0.016936416666666666,136.68611991666666,4.071065425872803,4.336752891540527,3.9126691818237305,5.460923194885254,5.9458136558532715,5.348635673522949,5.9250969886779785,5.715992450714111,5.089393615722656,5.583903789520264,5.016772270202637,5.382518768310547,3.8313441276550293,3.777575969696045,4.068129062652588,4.233099460601807
WG1_Weilburger_Grenze,20251007_142734.jpg,218_Viking_R4S_238_4_38,2.0,,,False,22,0.015305333333333334,149.34159733333334,5.823976516723633,5.9638214111328125,5.574170112609863,7.043874740600586,7.592825412750244,7.21088981628418,6.512589931488037,6.790311813354492,5.712212562561035,6.100278854370117,6.0045928955078125,6.288039684295654,6.150803565979004,5.593218803405762,6.05562686920166,5.93182373046875
WG1_Weilburger_Grenze,20251007_142749.jpg,217_Palu_R4S_365_4_37,3.0,,,False,16,0.005245333333333334,141.46799458333334,7.7155656814575195,8.10110855102539,7.210756778717041,6.955470085144043,7.281344413757324,6.659356117248535,7.949057102203369,7.048511505126953,6.341800212860107,7.176269054412842,6.311634063720703,6.937115669250488,7.409913539886475,7.519148349761963,7.564942359924316,7.815378189086914
WG1_Weilburger_Grenze,20251007_142754.jpg,217_Palu_R4S_365_4_37,6.0,,,False,24,0.013708333333333333,139.64051533333333,8.434999465942383,8.533658027648926,7.9000701904296875,7.086345195770264,7.532069206237793,6.959542751312256,8.251194953918457,8.00900936126709,7.122612953186035,7.355853080749512,6.961944580078125,7.4336724281311035,8.207954406738281,7.877469062805176,8.407851219177246,8.618270874023438
WG1_Weilburger_Grenze,20251007_142803.jpg,217_Palu_R4S_365_4_37,8.0,,,False,22,0.013029333333333334,145.89809016666666,6.107230186462402,6.106165885925293,5.94729471206665,6.514181137084961,6.819958686828613,6.41088342666626,8.271048545837402,7.83767032623291,6.8799920082092285,7.214145183563232,6.885494232177734,7.314984321594238,5.962828159332275,5.625823020935059,6.339163780212402,6.415441989898682
WG1_Weilburger_Grenze,20251007_142818.jpg,216_ALLESANDRO KWS_R4S_550_4_36,6.0,,,False,15,0.007924416666666666,139.0553355,8.256547927856445,9.039556503295898,8.007048606872559,9.078168869018555,9.68301010131836,8.724210739135742,8.555826187133789,8.02258014678955,7.2583394050598145,7.876494407653809,6.998045921325684,7.523445129394531,8.097013473510742,8.272372245788574,8.507622718811035,8.372377395629883
WG1_Weilburger_Grenze,20251007_142824.jpg,216_ALLESANDRO KWS_R4S_550_4_36,4.0,,,False,26,0.026085416666666666,140.88772925,5.446936130523682,5.85170841217041,5.023612022399902,6.29673957824707,6.921337127685547,6.3352837562561035,6.503559112548828,6.990713119506836,5.720334529876709,6.2731733322143555,6.009992599487305,6.133153438568115,5.786855697631836,5.2383928298950195,5.591561317443848,5.564196586608887
WG1_Weilburger_Grenze,20251007_142831.jpg,216_ALLESANDRO KWS_R4S_550_4_36,5.0,,,False,14,0.0097925,145.4002375,7.3661909103393555,7.5332794189453125,7.113554954528809,8.628259658813477,9.085578918457031,8.718696594238281,9.58582878112793,9.742143630981445,9.385306358337402,8.84351921081543,8.561667442321777,9.719382286071777,7.529494285583496,6.7660322189331055,7.486007213592529,7.409098148345947
WG1_Weilburger_Grenze,20251007_142848.jpg,215_Lorenz_R4S_237_4_35,3.0,,,True,7,0.028912238124343397,138.50294273094397,3.5516550540924072,3.5647661685943604,3.141862630844116,4.368760585784912,5.114191055297852,4.314215660095215,4.362965106964111,4.6479878425598145,3.555079460144043,3.7709903717041016,4.417730331420898,3.7160229682922363,3.9915146827697754,3.3447463512420654,3.562220573425293,3.592848777770996
WG1_Weilburger_Grenze,20251007_142854.jpg,215_Lorenz_R4S_237_4_35,2.0,,,False,27,0.012095833333333333,143.43329983333334,5.7434282302856445,6.003800392150879,5.496710777282715,4.975438117980957,5.463242530822754,4.979968070983887,6.144241809844971,7.169842720031738,5.328489303588867,6.528214931488037,5.9060492515563965,6.318746566772461,5.786273002624512,5.420015335083008,5.7562408447265625,5.866820812225342
WG1_Weilburger_Grenze,20251007_142900.jpg,215_Lorenz_R4S_237_4_35,14.0,,,False,23,0.01450675,148.00922841666667,8.884870529174805,9.473281860351562,8.549756050109863,8.008983612060547,8.836150169372559,8.000950813293457,8.854616165161133,9.288105010986328,7.473114013671875,8.692680358886719,8.148616790771484,8.571510314941406,9.093545913696289,9.206624031066895,9.283588409423828,9.018026351928711
WG1_Weilburger_Grenze,20251007_142915.jpg,214_R64_R4S_418_4_34,7.0,,,False,18,0.007369583333333333,140.03975116666666,9.752694129943848,10.093938827514648,9.76317024230957,7.575898170471191,7.999416351318359,7.3549394607543945,10.545495986938477,11.521303176879883,8.732701301574707,10.587639808654785,9.854116439819336,10.168509483337402,9.140892028808594,9.150571823120117,9.734219551086426,10.45610237121582
WG1_Weilburger_Grenze,20251007_142921.jpg,214_R64_R4S_418_4_34,2.0,,,False,21,0.012347166666666666,145.8045395,7.340667724609375,7.732842445373535,7.229538917541504,7.950413703918457,8.304594039916992,8.024276733398438,8.858451843261719,8.29980182647705,7.667594909667969,7.628599643707275,7.148275375366211,8.080069541931152,7.386648178100586,7.116457462310791,7.760927200317383,7.584288597106934
WG1_Weilburger_Grenze,20251007_142927.jpg,214_R64_R4S_418_4_34,17.0,,,False,11,0.004592583333333333,141.92220891666668,11.13992977142334,11.716022491455078,10.628329277038574,9.58804702758789,10.483760833740234,9.509533882141113,10.201859474182129,10.760334968566895,9.11502742767334,10.837217330932617,10.02916145324707,10.596463203430176,11.476598739624023,11.6231689453125,11.63365364074707,11.256000518798828
WG1_Weilburger_Grenze,20251007_142941.jpg,213_Q100_R4S_304_4_33,3.0,,,False,21,0.017403666666666668,140.12519258333333,5.228672027587891,5.243793964385986,5.128717422485352,5.6417131423950195,5.92876672744751,5.611752510070801,6.317545413970947,6.573488712310791,5.644243240356445,5.919075965881348,5.5589165687561035,5.686832904815674,5.095514297485352,4.579832077026367,5.320868968963623,5.486693859100342
WG1_Weilburger_Grenze,20251007_142947.jpg,213_Q100_R4S_304_4_33,3.0,,,False,27,0.020714,142.78068266666668,4.397836208343506,4.546339988708496,4.472567558288574,4.0093865394592285,4.292469024658203,4.194733619689941,5.267050743103027,5.625344276428223,4.704354286193848,4.930150508880615,4.921089172363281,4.949480056762695,4.336796760559082,4.063922882080078,4.707663536071777,4.6653337478637695
WG1_Weilburger_Grenze,20251007_142953.jpg,213_Q100_R4S_304_4_33,4.0,,,False,38,0.031932833333333334,143.92581275,4.58513069152832,4.584539890289307,4.478999137878418,4.331933498382568,4.792961120605469,4.517940521240234,5.490748405456543,5.402228832244873,4.757242202758789,4.785816192626953,4.777440547943115,4.878039360046387,4.571427822113037,4.099867820739746,4.778131484985352,4.867510795593262
WG1_Weilburger_Grenze,20251007_143009.jpg,212_Aberdeenshire Prize_R4S_347_4_32,3.0,,,False,22,0.020436916666666666,139.56320608333334,7.09518575668335,7.509162902832031,6.204255104064941,6.067791938781738,6.792799472808838,6.043974876403809,6.26235294342041,7.09755277633667,5.379924774169922,5.979607105255127,5.875946044921875,5.702106952667236,8.124360084533691,7.184009552001953,7.008129596710205,6.964824199676514
WG1_Weilburger_Grenze,20251007_143015.jpg,212_Aberdeenshire Prize_R4S_347_4_32,2.0,,,False,24,0.022146916666666665,144.964618,3.958047866821289,4.043234348297119,3.8704371452331543,4.152054786682129,4.739059925079346,4.272828578948975,5.165114879608154,5.426148891448975,4.590390205383301,4.377441883087158,4.475093841552734,4.702059268951416,4.0521159172058105,3.58799409866333,4.189033508300781,4.278397560119629
WG1_Weilburger_Grenze,20251007_143021.jpg,212_Aberdeenshire Prize_R4S_347_4_32,1.0,,,False,29,0.013933166666666667,147.193001,6.736783981323242,7.325145721435547,6.301582336425781,5.580834865570068,6.088291645050049,5.634943962097168,6.001845836639404,6.512322425842285,5.251115322113037,5.898251533508301,5.6130900382995605,5.976840019226074,7.386579513549805,6.958471298217773,6.98190975189209,6.822238922119141
WG1_Weilburger_Grenze,20251007_143041.jpg,211_SW Sinatra_R4S_239_4_31,4.0,,,True,11,0.03506018933343722,140.6496510706819,3.9887611865997314,4.103701591491699,3.659811496734619,3.4029364585876465,3.6789560317993164,3.5512189865112305,3.700015068054199,4.078810214996338,3.688894510269165,3.528679847717285,3.846926212310791,3.498769521713257,4.6115899085998535,4.050421714782715,4.357579708099365,4.213386535644531
WG1_Weilburger_Grenze,20251007_143047.jpg,211_SW Sinatra_R4S_239_4_31,3.0,,,False,28,0.0254525,147.51726741666667,4.820370674133301,4.967736721038818,4.743563652038574,5.018185138702393,5.627331733703613,5.230077743530273,5.532721042633057,5.77155065536499,5.001963138580322,5.237461090087891,4.985560894012451,5.202035427093506,4.810421466827393,4.459458351135254,5.2593536376953125,5.1460418701171875
WG1_Weilburger_Grenze,20251007_143053.jpg,211_SW Sinatra_R4S_239_4_31,3.0,,,False,24,0.019708583333333335,148.36478416666668,6.233469009399414,6.46967887878418,6.137701988220215,6.2970991134643555,7.045290946960449,6.577861785888672,7.865070343017578,8.515983581542969,7.064748764038086,7.710139274597168,7.079028129577637,7.538684368133545,6.3225789070129395,6.003235816955566,6.317996501922607,6.584871292114258
WG1_Weilburger_Grenze,20251007_143117.jpg,210_Taisetsu_R4S_523_4_30,2.0,,,False,23,0.017703666666666666,141.11822658333332,5.1926116943359375,5.528097152709961,4.946610450744629,5.918344497680664,6.754227638244629,6.049459457397461,5.779928207397461,6.236209869384766,5.320427417755127,5.525663375854492,5.298449993133545,5.56043004989624,5.052007675170898,4.816920280456543,5.242794990539551,5.415426731109619
WG1_Weilburger_Grenze,20251007_143122.jpg,210_Taisetsu_R4S_523_4_30,8.0,,,False,23,0.013926416666666667,145.0451725,7.704317092895508,7.947290420532227,7.14227294921875,7.591187477111816,8.097692489624023,7.639047622680664,7.461611747741699,7.599514961242676,6.787990570068359,6.999383926391602,6.496031761169434,7.255444049835205,8.146236419677734,7.3843183517456055,7.981049060821533,7.857604026794434
WG1_Weilburger_Grenze,20251007_143128.jpg,210_Taisetsu_R4S_523_4_30,8.0,,,False,22,0.02061775,143.30709708333333,5.540505886077881,5.768887996673584,5.380911827087402,5.690715312957764,6.200430393218994,5.826604843139648,7.089935302734375,6.95184850692749,6.569314002990723,6.330419540405273,5.833035469055176,6.293035984039307,5.363644599914551,5.1773834228515625,5.779912948608398,5.888180732727051
WG1_Weilburger_Grenze,20251007_143145.jpg,209_K615_R4S_146_4_29,2.0,,,True,8,0.034839862599586977,142.76491294025553,2.9600484371185303,3.1446633338928223,2.970670700073242,2.949846029281616,3.0969128608703613,2.9867215156555176,3.7561488151550293,3.6733086109161377,3.2431581020355225,2.964183807373047,3.0600712299346924,3.103210210800171,3.140286922454834,2.9939115047454834,3.5450990200042725,3.2532598972320557
WG1_Weilburger_Grenze,20251007_143152.jpg,209_K615_R4S_146_4_29,2.0,,,False,20,0.026388,147.67126333333334,4.990854263305664,4.9782609939575195,5.034062385559082,4.985809326171875,5.263031482696533,4.798674583435059,6.822235107421875,6.92226505279541,6.396061897277832,6.252651691436768,5.6716742515563965,6.705995559692383,4.375602722167969,4.235116004943848,5.087698936462402,5.571166038513184
WG1_Weilburger_Grenze,20251007_143213.jpg,208_R76_R4S_439_4_28,2.0,,,True,6,0.03073034382062924,138.15420675240514,2.577657461166382,2.617321014404297,2.371258497238159,2.2725040912628174,2.464116334915161,2.187955856323242,2.5448036193847656,2.3523752689361572,2.3293848037719727,2.187821626663208,2.3705904483795166,2.3177907466888428,2.907853126525879,2.5490920543670654,2.73555326461792,2.7609474658966064
WG1_Weilburger_Grenze,20251007_143218.jpg,208_R76_R4S_439_4_28,2.0,,,False,23,0.018191166666666668,144.52088941666668,5.2189788818359375,5.171296119689941,5.081690311431885,5.118526458740234,5.777222633361816,5.30826473236084,6.16893196105957,6.517126560211182,5.4460768699646,5.624481201171875,5.467873573303223,5.739400386810303,4.995177268981934,4.5560221672058105,5.256309986114502,5.673013210296631
WG1_Weilburger_Grenze,20251007_143224.jpg,208_R76_R4S_439_4_28,2.0,,,False,18,0.0120865,145.9921765,5.830232620239258,5.8503594398498535,5.673433303833008,6.372016429901123,6.89823055267334,6.414593696594238,7.420857906341553,7.7003278732299805,6.31700325012207,6.7146687507629395,7.05259370803833,6.9917402267456055,6.236265182495117,5.684116363525391,6.205857753753662,5.9804277420043945
WG1_Weilburger_Grenze,20251007_143246.jpg,207_Angus_R4S_346_4_27,3.0,,,False,19,0.005659583333333333,143.39993583333333,8.142679214477539,8.393418312072754,8.552879333496094,6.234860897064209,6.376875400543213,5.9871368408203125,10.070042610168457,9.801901817321777,8.960399627685547,9.890337944030762,8.45154094696045,10.114480018615723,6.807321071624756,7.241804122924805,8.203414916992188,8.746748924255371
WG1_Weilburger_Grenze,20251007_143252.jpg,207_Angus_R4S_346_4_27,3.0,,,False,21,0.00691325,146.663619,6.492692947387695,6.596654415130615,6.582066535949707,5.608884334564209,5.754659652709961,5.455055236816406,8.831291198730469,9.037391662597656,7.877865314483643,8.581109046936035,8.00851058959961,8.998621940612793,5.70462703704834,5.620233535766602,6.488003730773926,6.993315696716309
WG1_Weilburger_Grenze,20251007_143258.jpg,207_Angus_R4S_346_4_27,4.0,,,False,18,0.004908166666666667,147.03147241666667,8.735332489013672,9.062067031860352,8.6142578125,7.23719596862793,7.381453037261963,7.207127571105957,10.722028732299805,10.055401802062988,10.104432106018066,10.520424842834473,9.643913269042969,10.606574058532715,8.199295043945312,8.336734771728516,8.639493942260742,8.800482749938965
WG1_Weilburger_Grenze,20251007_143313.jpg,206_LORD DERBY_R4S_352_4_26,2.0,,,False,21,0.017345583333333334,146.20157366666666,7.1389899253845215,7.377815246582031,7.4122819900512695,6.193901538848877,7.022706508636475,6.218852519989014,10.031492233276367,10.066530227661133,8.903611183166504,8.869128227233887,8.15106201171875,9.320890426635742,6.442181587219238,6.590110778808594,7.406659126281738,8.15975284576416
WG1_Weilburger_Grenze,20251007_143318.jpg,206_LORD DERBY_R4S_352_4_26,3.0,,,False,31,0.027431833333333332,145.544235,6.503379821777344,6.853608131408691,6.0981035232543945,6.053306579589844,6.832345962524414,6.161005973815918,6.016817569732666,6.166223049163818,5.0105791091918945,5.559382438659668,5.4369893074035645,5.363813877105713,7.145319938659668,6.593034744262695,6.700525283813477,6.499320983886719
WG1_Weilburger_Grenze,20251007_143324.jpg,206_LORD DERBY_R4S_352_4_26,3.0,,,False,18,0.020512,147.22406708333332,6.996833801269531,7.146883010864258,6.512053966522217,6.732697486877441,7.530930995941162,6.712810039520264,6.47564697265625,7.066795349121094,5.641767978668213,6.17971658706665,5.7088847160339355,6.194382667541504,7.214430809020996,6.658877372741699,6.97357702255249,7.251927375793457
WG1_Weilburger_Grenze,20251007_143344.jpg,205_RESYN-H048_R4S_205_4_25,4.0,,,False,27,0.010242416666666667,142.69664525,9.177167892456055,9.363470077514648,8.63308048248291,7.786657333374023,8.88401985168457,7.66981315612793,9.485869407653809,10.381635665893555,8.145889282226562,9.936990737915039,8.87513542175293,9.087776184082031,9.763406753540039,9.315585136413574,9.308777809143066,9.175018310546875
WG1_Weilburger_Grenze,20251007_143351.jpg,205_RESYN-H048_R4S_205_4_25,5.0,,,False,27,0.014181333333333334,147.32839816666666,7.029752731323242,7.200859069824219,6.589048862457275,7.5459418296813965,8.792236328125,7.696858882904053,7.516173362731934,7.854874610900879,6.061061382293701,7.735097408294678,7.400444030761719,7.343449592590332,7.749385833740234,6.936532020568848,7.032500743865967,6.992167949676514
WG1_Weilburger_Grenze,20251007_143357.jpg,205_RESYN-H048_R4S_205_4_25,4.0,,,False,22,0.0135285,149.17331775,9.435505867004395,9.89069938659668,8.938410758972168,9.55912971496582,11.144537925720215,9.780699729919434,9.658865928649902,10.627178192138672,8.222134590148926,9.776022911071777,9.274396896362305,9.489947319030762,10.326150894165039,10.062421798706055,9.806472778320312,9.394515991210938
WG1_Weilburger_Grenze,20251007_143413.jpg,204_ALLESANDRO KWS_R4S_549_4_24,2.0,,,True,8,0.026568708291397368,141.35582515834616,3.4939680099487305,3.6497621536254883,3.2899868488311768,4.461374282836914,4.772955894470215,4.596127033233643,4.508967399597168,4.33390998840332,4.022017478942871,4.414907455444336,4.0002360343933105,4.1798601150512695,4.08243465423584,3.696824312210083,3.9752397537231445,3.689970016479492
WG1_Weilburger_Grenze,20251007_143419.jpg,204_ALLESANDRO KWS_R4S_549_4_24,4.0,,,False,29,0.02127225,142.81963883333333,5.008768081665039,5.27239990234375,4.609745025634766,5.037721157073975,5.536380767822266,5.049500465393066,6.019099235534668,6.064306259155273,5.146182537078857,5.539678573608398,5.141388416290283,5.4988017082214355,5.25727653503418,4.708678245544434,5.062438011169434,5.111302852630615
WG1_Weilburger_Grenze,20251007_143425.jpg,204_ALLESANDRO KWS_R4S_549_4_24,6.0,,,False,25,0.021965666666666668,148.59707691666668,4.890993595123291,4.989457130432129,4.64867639541626,6.697047233581543,7.266067981719971,6.586060523986816,6.347919940948486,5.984344005584717,5.394355773925781,5.532408714294434,5.336461067199707,5.660723686218262,5.061805248260498,4.543209075927734,4.89243221282959,5.115140438079834
WG1_Weilburger_Grenze,20251007_143444.jpg,203_K160.1.1_R4S_448_4_23,1.0,,,False,19,0.010177,143.94180166666666,4.423761367797852,4.556057929992676,4.222599506378174,4.405391216278076,4.903801441192627,4.482155799865723,5.745961666107178,5.647744178771973,5.071141719818115,5.468600273132324,4.932164669036865,5.430951118469238,4.059854984283447,3.9581732749938965,4.135919570922852,4.653781414031982
WG1_Weilburger_Grenze,20251007_143450.jpg,203_K160.1.1_R4S_448_4_23,1.0,,,False,23,0.0120125,143.02473241666667,6.343127250671387,6.658721923828125,5.842139720916748,6.595651626586914,7.441910743713379,6.560251235961914,6.803680896759033,6.929379463195801,5.6701459884643555,6.382608413696289,6.267826080322266,6.571897029876709,6.379177093505859,6.022684097290039,6.217411041259766,6.398106575012207
WG1_Weilburger_Grenze,20251007_143456.jpg,203_K160.1.1_R4S_448_4_23,4.0,,,False,27,0.016571583333333334,142.96495225,5.625953197479248,5.677417755126953,5.349130630493164,7.10221004486084,7.670168876647949,7.231276512145996,7.603835105895996,7.4460320472717285,6.457579135894775,6.75523042678833,6.607700824737549,7.044804096221924,5.664841651916504,5.21901273727417,5.582876205444336,5.718520164489746
WG1_Weilburger_Grenze,20251007_143513.jpg,202_LG Atlas_R4S_500_4_22,3.0,,,False,22,0.010786,143.02027908333332,6.209412574768066,6.498599052429199,6.041959762573242,7.7385077476501465,8.400490760803223,7.760307312011719,9.34720230102539,9.449161529541016,8.342737197875977,9.02304458618164,7.949356555938721,8.708638191223145,6.217395782470703,6.026866912841797,6.220553398132324,6.4203643798828125
WG1_Weilburger_Grenze,20251007_143518.jpg,202_LG Atlas_R4S_500_4_22,3.0,,,False,28,0.01183375,144.88001575,8.860898971557617,9.014379501342773,8.82300090789795,7.464495658874512,7.784714698791504,7.433091163635254,9.84201431274414,9.716437339782715,8.69163990020752,9.257619857788086,7.970128059387207,9.35120677947998,8.297845840454102,8.403526306152344,9.244406700134277,9.349041938781738
WG1_Weilburger_Grenze,20251007_143526.jpg,202_LG Atlas_R4S_500_4_22,8.0,,,False,14,0.0057666666666666665,148.59706433333332,6.708759784698486,6.79184627532959,6.964349269866943,5.169768333435059,5.339598655700684,5.349296569824219,7.643128871917725,8.013595581054688,6.73748779296875,7.417036056518555,6.233989238739014,7.3686113357543945,6.172524452209473,6.295830726623535,7.071773052215576,7.273521423339844
WG1_Weilburger_Grenze,20251007_143544.jpg,201_Scotia_R4S_324_4_21,2.0,,,False,27,0.012804,145.4718585,5.162806510925293,5.395402908325195,4.865037441253662,5.276989459991455,5.53456974029541,5.102095603942871,5.433965682983398,5.960732460021973,4.881765842437744,5.496798515319824,5.289053916931152,5.655675888061523,5.4351115226745605,4.95163631439209,5.278166770935059,5.325433731079102
WG1_Weilburger_Grenze,20251007_143550.jpg,201_Scotia_R4S_324_4_21,2.0,,,False,32,0.02377175,143.92666583333335,5.312816619873047,5.583315372467041,4.974946022033691,5.084902763366699,5.631811141967773,5.056670188903809,5.79984188079834,6.403460502624512,5.187983989715576,5.630926609039307,5.4792704582214355,5.70011568069458,5.351578712463379,5.04189920425415,5.4643659591674805,5.592761039733887
WG1_Weilburger_Grenze,20251007_143556.jpg,201_Scotia_R4S_324_4_21,18.0,,,False,23,0.024583583333333332,144.25839908333333,5.606042861938477,6.025082588195801,5.0958051681518555,5.544950008392334,6.703369617462158,5.693457126617432,5.47854471206665,6.293755531311035,4.86721658706665,5.473534107208252,5.7402191162109375,5.4231109619140625,6.342133045196533,5.619178771972656,5.844145774841309,5.739344596862793
WG1_Weilburger_Grenze,20251007_143613.jpg,200_CANARD_R4S_372_4_20,7.0,,,False,25,0.013933583333333333,144.40576116666668,6.10247802734375,6.281274795532227,6.025952339172363,6.944960594177246,7.490677356719971,6.899608612060547,8.21708869934082,8.139852523803711,6.993917465209961,7.557735443115234,7.136962413787842,7.463168144226074,6.168950080871582,5.896777153015137,6.295969486236572,6.3084611892700195
WG1_Weilburger_Grenze,20251007_143619.jpg,200_CANARD_R4S_372_4_20,2.0,,,False,30,0.019312833333333335,144.28211366666667,6.958704471588135,7.146813869476318,6.6018571853637695,6.969161510467529,7.594370365142822,6.975849151611328,7.246932506561279,7.289257049560547,6.027209758758545,7.218575477600098,6.648777961730957,7.019147872924805,7.380690574645996,6.771141052246094,7.139832019805908,7.131968975067139
WG1_Weilburger_Grenze,20251007_143625.jpg,200_CANARD_R4S_372_4_20,4.0,,,False,20,0.014080916666666667,146.01801375,9.247269630432129,9.81369686126709,8.03774642944336,9.654684066772461,11.07909107208252,9.580914497375488,9.678454399108887,10.255046844482422,8.10202693939209,9.13331413269043,9.355359077453613,8.685372352600098,10.301542282104492,9.427602767944336,9.262693405151367,8.891046524047852
WG1_Weilburger_Grenze,20251007_143642.jpg,199_Lipton_R4S_159_4_19 (possibly),1.0,,,False,17,0.011591166666666666,152.37103925,5.3868865966796875,5.436983108520508,5.608538627624512,4.240847587585449,4.419670104980469,4.347978591918945,6.299260139465332,6.2606587409973145,5.664851665496826,5.705831050872803,5.330947399139404,6.022806644439697,4.656105041503906,4.463856220245361,5.235783576965332,5.993065357208252
WG1_Weilburger_Grenze,20251007_143701.jpg,199_Lipton_R4S_159_4_19,3.0,,,False,33,0.02874625,145.1501845,4.626180648803711,4.840787410736084,4.359258651733398,4.366986274719238,4.857779026031494,4.617486953735352,5.36536169052124,5.617713928222656,4.964056968688965,4.830641269683838,5.169345378875732,5.057712078094482,4.8662919998168945,4.194369792938232,4.831848621368408,4.826166152954102
WG1_Weilburger_Grenze,20251007_143706.jpg,199_Lipton_R4S_159_4_19,3.0,,,False,21,0.016147416666666668,144.78376283333333,4.902358055114746,5.106459617614746,4.626155376434326,5.449587345123291,5.891200065612793,5.42414665222168,6.248932838439941,6.7429728507995605,5.671905517578125,6.0311126708984375,5.662580966949463,6.014950752258301,5.033651351928711,4.551966190338135,5.061581134796143,5.109448432922363
WG1_Weilburger_Grenze,20251007_143738.jpg,198_S39_R4S_407_4_18,1.0,,,False,29,0.02118475,147.47512291666666,4.611868858337402,4.753857612609863,4.358389854431152,5.32675313949585,5.989207744598389,5.398688793182373,5.298759937286377,5.286393165588379,4.30061674118042,4.976406574249268,4.873293399810791,4.814586639404297,4.641726493835449,4.3551225662231445,4.485480308532715,4.677474498748779
WG1_Weilburger_Grenze,20251007_143744.jpg,198_S39_R4S_407_4_18,1.0,,,False,24,0.015265083333333334,144.98693033333333,6.145414352416992,6.219997882843018,6.404078483581543,6.099181175231934,6.285573959350586,6.016918659210205,10.08224105834961,8.660343170166016,8.223681449890137,8.563959121704102,7.464799404144287,8.574456214904785,5.121145248413086,5.252511024475098,6.141971588134766,6.825308799743652
WG1_Weilburger_Grenze,20251007_143750.jpg,198_S39_R4S_407_4_18,4.0,,,False,27,0.015662916666666665,144.25681858333334,4.3430023193359375,4.433474540710449,4.200484752655029,3.8634700775146484,4.169417381286621,3.9297523498535156,4.8344831466674805,5.024011611938477,4.206137180328369,4.4625372886657715,4.594846725463867,4.5193257331848145,4.4948625564575195,4.094785690307617,4.478384494781494,4.481203556060791
WG1_Weilburger_Grenze,20251007_143809.jpg,197_Prince_R4S_183_4_17,3.0,,,False,23,0.010139083333333333,148.09245633333333,7.4367828369140625,7.809148788452148,7.170780181884766,5.709583282470703,6.246490955352783,5.714229583740234,7.490472316741943,7.964620113372803,6.587314605712891,7.013660430908203,6.6176018714904785,7.0635666847229,7.424896717071533,7.375292778015137,7.729689121246338,7.535768508911133
WG1_Weilburger_Grenze,20251007_143814.jpg,197_Prince_R4S_183_4_17,4.0,,,False,22,0.0164345,144.16724375,4.177062034606934,4.387927532196045,4.068851947784424,4.404885768890381,4.900578498840332,4.377905368804932,5.3325419425964355,5.6912946701049805,4.742420673370361,4.8642730712890625,4.683410167694092,4.767548084259033,3.7837657928466797,3.6357507705688477,4.185973644256592,4.437386989593506
WG1_Weilburger_Grenze,20251007_143818.jpg,197_Prince_R4S_183_4_17,2.0,,,False,18,0.010116083333333333,144.61245141666666,6.883831024169922,7.212772369384766,6.600764274597168,6.273228645324707,6.754734039306641,5.971283435821533,7.886380672454834,8.292549133300781,6.729037284851074,7.595134735107422,6.973272323608398,7.192540168762207,7.277410507202148,7.172242641448975,7.268338203430176,7.105738162994385
WG1_Weilburger_Grenze,20251007_143839.jpg,196_Lisabeth_R4S_251_4_16,4.0,,,False,27,0.0151095,142.227288,5.792372703552246,6.012143135070801,5.563785552978516,5.251220703125,5.602329730987549,5.28613805770874,5.541657447814941,5.715723991394043,4.877790451049805,5.328512668609619,5.100060939788818,5.3625288009643555,5.760221481323242,5.761141777038574,6.052839279174805,5.956849098205566
WG1_Weilburger_Grenze,20251007_143846.jpg,196_Lisabeth_R4S_251_4_16,4.0,,,False,30,0.023856083333333333,145.33742866666665,5.013411521911621,5.09130859375,4.903146743774414,4.960777759552002,5.449554443359375,4.981171607971191,6.023121356964111,6.323763847351074,5.377577781677246,5.6469926834106445,5.380107879638672,5.639857292175293,4.980284690856934,4.680504322052002,5.273068904876709,5.355045318603516
WG1_Weilburger_Grenze,20251007_143851.jpg,196_Lisabeth_R4S_251_4_16,3.0,,,False,23,0.016034583333333335,143.96335783333333,5.984339714050293,6.14970064163208,5.845395088195801,6.79837703704834,7.595657825469971,7.069151878356934,7.435703277587891,7.464961051940918,6.413956642150879,6.844228744506836,6.540568828582764,7.059393882751465,5.785975933074951,5.473130226135254,6.290926933288574,6.319924354553223
WG1_Weilburger_Grenze,20251007_143914.jpg,195_LG Aviron_R4S_502_4_15,3.0,,,False,18,0.02026375,144.90025958333334,6.164507865905762,6.573480606079102,5.830250263214111,6.736237525939941,7.136784553527832,6.726734638214111,7.225768089294434,6.947012901306152,6.128273963928223,6.424041271209717,5.9954423904418945,6.50040340423584,6.328690528869629,6.144516944885254,6.513133525848389,6.4125165939331055
WG1_Weilburger_Grenze,20251007_143919.jpg,195_LG Aviron_R4S_502_4_15,2.0,,,False,23,0.019873666666666668,146.7281595,5.360565662384033,5.595147609710693,5.129502296447754,6.7925920486450195,7.158310890197754,6.761567115783691,6.488845348358154,6.088192939758301,5.451708793640137,5.819591522216797,5.225775241851807,5.750791549682617,5.289679527282715,5.119063377380371,5.616052150726318,5.4647111892700195
WG1_Weilburger_Grenze,20251007_143924.jpg,195_LG Aviron_R4S_502_4_15,2.0,,,False,31,0.019016833333333334,144.12678858333334,4.576548099517822,4.876354217529297,4.348056316375732,4.879899024963379,5.333144187927246,4.923731803894043,5.168346405029297,5.359132766723633,4.5629425048828125,4.724383354187012,4.570438385009766,4.710546970367432,4.458523750305176,4.2980804443359375,4.680767059326172,4.707394599914551
WG1_Weilburger_Grenze,20251007_143941.jpg,194_Aragon_R4S_172_4_14,2.0,,,False,12,0.008333916666666667,143.74810441666668,6.530562400817871,6.983769416809082,6.114598274230957,7.012210845947266,7.496606826782227,6.823570728302002,7.935285568237305,8.330533981323242,6.785796642303467,7.884432315826416,6.969205856323242,7.884036064147949,6.636453628540039,6.520883560180664,6.93618106842041,6.787411689758301
WG1_Weilburger_Grenze,20251007_143947.jpg,194_Aragon_R4S_172_4_14,6.0,,,False,26,0.0171495,147.870497,5.475627422332764,5.689590930938721,5.251307487487793,5.514651775360107,5.9499640464782715,5.582470893859863,6.099264144897461,6.600648880004883,5.476233959197998,5.604167461395264,5.505934715270996,5.623570919036865,5.770684242248535,5.137962341308594,5.771334648132324,5.601737976074219
WG1_Weilburger_Grenze,20251007_143954.jpg,194_Aragon_R4S_172_4_14,4.0,,,False,21,0.016566083333333332,143.68359533333333,4.5202789306640625,4.782371997833252,4.401884078979492,4.5822834968566895,5.1930975914001465,4.687497138977051,5.4136199951171875,5.669875621795654,4.640435218811035,4.933444023132324,4.851633548736572,4.984774589538574,4.578275680541992,4.223729133605957,4.61503791809082,4.6519927978515625
WG1_Weilburger_Grenze,20251007_144009.jpg,193_Express 617_R4S_504_4_13,3.0,,,False,22,0.0157235,146.03844808333332,4.9897589683532715,5.112446308135986,4.87199068069458,4.983196258544922,5.531501770019531,5.16225528717041,5.854795932769775,5.604262351989746,5.038651466369629,5.397775173187256,5.294094562530518,5.248566150665283,5.009203910827637,4.677698612213135,5.240715980529785,5.241922378540039
WG1_Weilburger_Grenze,20251007_144015.jpg,193_Express 617_R4S_504_4_13,3.0,,,False,20,0.011006166666666666,146.20213183333334,7.304600715637207,7.593178749084473,7.153735637664795,7.258289813995361,7.924721717834473,7.231616973876953,8.384318351745605,7.650833606719971,6.842535972595215,7.496424198150635,6.660374164581299,7.4697136878967285,6.917320728302002,6.793870449066162,7.431513786315918,7.644937515258789
WG1_Weilburger_Grenze,20251007_144020.jpg,193_Express 617_R4S_504_4_13,4.0,,,False,28,0.015406416666666667,143.71901608333334,7.4863386154174805,7.767878532409668,6.926217079162598,7.793766021728516,8.767273902893066,8.035673141479492,6.8513007164001465,6.924615859985352,5.386335372924805,6.660835266113281,6.355398178100586,6.743895053863525,8.279699325561523,7.619185924530029,7.618165016174316,7.407969951629639
WG1_Weilburger_Grenze,20251007_144035.jpg,192_Missouri_R4S_152_4_12 (possibly),3.0,,,False,23,0.00834,150.24394633333333,6.684248447418213,6.79525089263916,6.6341938972473145,6.889390468597412,7.135555267333984,6.808606147766113,7.913900375366211,8.09051513671875,6.809327602386475,7.949628829956055,6.932358264923096,8.15810775756836,6.216625690460205,6.250948429107666,6.7823028564453125,7.168576717376709
WG1_Weilburger_Grenze,20251007_144040.jpg,192_Missouri_R4S_152_4_12,4.0,,,False,23,0.0133785,146.83408591666668,5.9257707595825195,6.31585693359375,5.562016010284424,5.6455488204956055,6.244596481323242,5.680742263793945,6.677304267883301,7.156965732574463,5.89106559753418,6.509663105010986,6.283161640167236,6.443246364593506,5.922695159912109,5.551055908203125,6.047695636749268,6.082170486450195
WG1_Weilburger_Grenze,20251007_144045.jpg,192_Missouri_R4S_152_4_12,4.0,,,False,27,0.01552675,147.0166085,4.931576728820801,5.264438629150391,4.703876495361328,5.465420722961426,6.104966163635254,5.633876323699951,5.409780502319336,5.378673076629639,4.658244609832764,5.236453056335449,5.112359523773193,5.2102532386779785,4.968654155731201,4.699224948883057,5.1626811027526855,5.151782512664795
WG1_Weilburger_Grenze,20251007_144102.jpg,191_Jupiter_R4S_276_4_11,2.0,,,True,7,0.04804797294503925,146.40402323108952,5.427204132080078,6.123603820800781,5.844799995422363,5.132985591888428,5.573857307434082,5.314786434173584,5.113098621368408,5.208737373352051,4.826440811157227,5.276448726654053,4.584367275238037,4.684142589569092,5.008897304534912,5.688797473907471,6.685764312744141,6.0738911628723145
WG1_Weilburger_Grenze,20251007_144108.jpg,191_Jupiter_R4S_276_4_11,3.0,,,False,30,0.027563833333333333,146.80046316666667,5.844550132751465,6.177810192108154,5.216535568237305,6.743778228759766,7.6554975509643555,6.8293304443359375,6.239922523498535,6.688978672027588,5.415002346038818,6.078017711639404,6.045577526092529,6.029775142669678,6.935946464538574,6.093038558959961,6.17394495010376,5.857784271240234
WG1_Weilburger_Grenze,20251007_144114.jpg,191_Jupiter_R4S_276_4_11,2.0,,,False,22,0.019894166666666668,149.00045625,4.601904392242432,4.462775707244873,4.154526710510254,5.139862060546875,5.790496826171875,5.098604679107666,5.175848007202148,5.799610137939453,4.745467185974121,4.84705924987793,5.070504188537598,4.684024810791016,4.946825981140137,4.2484211921691895,4.562625408172607,4.7312822341918945
WG1_Weilburger_Grenze,20251007_144129.jpg,190_Parkside_R4S_323_4_10,1.0,,,True,10,0.025674253177881624,145.0180340794909,4.009468078613281,3.985234022140503,4.527543067932129,4.012233734130859,4.010648727416992,3.8627893924713135,6.067441940307617,6.26273250579834,5.856816291809082,5.377938747406006,5.1125311851501465,6.126919746398926,3.0567221641540527,3.3654630184173584,4.129549026489258,4.775984764099121
WG1_Weilburger_Grenze,20251007_144136.jpg,190_Parkside_R4S_323_4_10,6.0,,,False,28,0.013867583333333334,146.82661883333333,5.174615383148193,5.16002082824707,5.240546703338623,4.865874290466309,4.924549102783203,4.803484916687012,7.036139011383057,6.659929275512695,6.360259532928467,6.681753158569336,5.962421417236328,6.717367649078369,4.706557273864746,4.518537998199463,5.278491020202637,5.498485565185547
WG1_Weilburger_Grenze,20251007_144140.jpg,190_Parkside_R4S_323_4_10,2.0,,,False,16,0.009825083333333333,147.37168991666667,9.04850959777832,8.995014190673828,9.668509483337402,7.321440696716309,7.384740352630615,7.062935829162598,9.749094009399414,9.634708404541016,8.961660385131836,9.936341285705566,8.49471664428711,10.590476036071777,7.557021617889404,8.06296157836914,9.209266662597656,10.228839874267578
WG1_Weilburger_Grenze,20251007_144203.jpg,189_Sarepta_R4S_380_4_9,2.0,,,False,32,0.024667166666666667,144.57526341666667,6.093244552612305,6.376645088195801,5.543562889099121,5.455362796783447,5.969508647918701,5.385951995849609,5.557343482971191,6.084843158721924,4.943531036376953,5.55713415145874,5.214309215545654,5.360451698303223,6.735102653503418,6.261206150054932,6.393472194671631,6.20787239074707
WG1_Weilburger_Grenze,20251007_144208.jpg,189_Sarepta_R4S_380_4_9,3.0,,,False,24,0.028910583333333333,146.07286933333333,4.54709529876709,4.480810165405273,4.188361644744873,5.472550868988037,6.3384857177734375,5.73546838760376,5.091273307800293,5.56957483291626,4.322946071624756,4.837447166442871,4.842960357666016,4.969189167022705,4.853996753692627,4.203727722167969,4.740744590759277,4.813517093658447
WG1_Weilburger_Grenze,20251007_144213.jpg,189_Sarepta_R4S_380_4_9,2.0,,,False,21,0.02555975,147.11840258333334,4.406203269958496,4.452675819396973,4.277109146118164,5.3995208740234375,6.079137325286865,5.673418045043945,5.616294860839844,5.936984539031982,4.819371223449707,5.271337985992432,5.001447677612305,5.360568523406982,4.694283485412598,4.251511573791504,4.832314968109131,4.652726650238037
WG1_Weilburger_Grenze,20251007_144232.jpg,188_RS13/6_R4S_436_4_8,4.0,,,False,26,0.01530825,146.5818395,7.037036895751953,7.3588547706604,6.375134468078613,6.647902488708496,7.313338279724121,6.551077365875244,7.18393087387085,8.756935119628906,6.289554595947266,7.652097702026367,7.158197402954102,7.49195671081543,8.083818435668945,7.335723876953125,7.19597053527832,7.121443748474121
WG1_Weilburger_Grenze,20251007_144238.jpg,188_RS13/6_R4S_436_4_8,6.0,,,False,25,0.01595825,146.34748066666666,8.141592979431152,8.418782234191895,7.471128463745117,8.735519409179688,9.478683471679688,8.773412704467773,9.262924194335938,10.245869636535645,7.890587329864502,8.76876449584961,8.073254585266113,8.394618034362793,9.241382598876953,8.310502052307129,8.712884902954102,8.160934448242188
WG1_Weilburger_Grenze,20251007_144243.jpg,188_RS13/6_R4S_436_4_8,2.0,,,False,17,0.016167166666666666,147.72293875,5.703199863433838,5.688190460205078,5.186610221862793,5.916529178619385,6.499300956726074,5.9885663986206055,6.384364604949951,7.324899673461914,5.6145243644714355,6.206279754638672,6.2251176834106445,6.182739734649658,6.534128665924072,5.55235481262207,6.176304817199707,5.99335241317749
WG1_Weilburger_Grenze,20251007_144310.jpg,187_Lipid_R4S_158_4_7,3.0,,,False,23,0.00999975,145.44054408333332,6.79976749420166,7.179616928100586,6.397359371185303,7.428399085998535,8.246119499206543,7.703035831451416,6.704639434814453,6.559723854064941,5.4766459465026855,6.47135066986084,5.821330547332764,6.184349536895752,7.530711650848389,7.079592704772949,7.265388488769531,6.771034240722656
WG1_Weilburger_Grenze,20251007_144318.jpg,187_Lipid_R4S_158_4_7,4.0,,,False,22,0.0170085,148.53227683333333,4.499890327453613,4.661419868469238,4.242700576782227,4.876256465911865,5.4144697189331055,4.993451118469238,5.632716655731201,5.7704901695251465,4.769835472106934,5.194055080413818,5.301252841949463,5.423046588897705,4.684746265411377,4.192806243896484,4.667317867279053,4.655519008636475
WG1_Weilburger_Grenze,20251007_144323.jpg,187_Lipid_R4S_158_4_7,3.0,,,False,32,0.026925833333333333,151.58968266666668,10.370556831359863,10.71338176727295,10.579951286315918,10.079439163208008,11.521652221679688,10.438255310058594,9.618087768554688,8.700148582458496,7.123775005340576,8.84615707397461,7.964447021484375,9.457777976989746,9.966536521911621,9.58834171295166,10.483941078186035,11.336798667907715
WG1_Weilburger_Grenze,20251007_144339.jpg,186_Panter_R4S_381_4_6,7.0,,,False,20,0.014208666666666666,149.1866125,7.742128849029541,8.119623184204102,7.323605537414551,6.970175743103027,7.665375709533691,6.930216312408447,8.488225936889648,9.562976837158203,7.650182247161865,8.574563980102539,8.509172439575195,8.445451736450195,8.020805358886719,7.7305073738098145,8.073892593383789,7.966305255889893
WG1_Weilburger_Grenze,20251007_144345.jpg,186_Panter_R4S_381_4_6,4.0,,,False,25,0.028914166666666668,147.68064158333334,4.989574432373047,5.027336120605469,4.728185176849365,4.84351921081543,5.473452568054199,4.848083972930908,5.810517311096191,5.9225287437438965,5.109707832336426,5.4539103507995605,5.297169208526611,5.351695537567139,4.983802318572998,4.69040060043335,5.158375263214111,5.331676006317139
WG1_Weilburger_Grenze,20251007_144349.jpg,186_Panter_R4S_381_4_6,13.0,,,False,22,0.018515916666666667,149.17652041666668,6.766985893249512,6.7607831954956055,6.474417209625244,7.018634796142578,7.547702789306641,7.027961730957031,10.388811111450195,8.620169639587402,9.077448844909668,8.433579444885254,8.46096420288086,9.578097343444824,6.760967254638672,6.086658000946045,6.6350603103637695,6.931443214416504
WG1_Weilburger_Grenze,20251007_144404.jpg,185_Madora_R4S_281_4_5,2.0,,,False,35,0.009391833333333334,154.49824716666666,10.979911804199219,11.447749137878418,11.113815307617188,8.6390962600708,9.216875076293945,8.40333080291748,12.243695259094238,13.416626930236816,11.08504581451416,12.569252014160156,11.254223823547363,12.93442440032959,10.3726806640625,10.657546043395996,11.036069869995117,11.563756942749023
WG1_Weilburger_Grenze,20251007_152817.jpg,185_Madora_R4S_281_4_5,15.0,,,False,24,0.011132,142.45053941666666,6.281948089599609,6.4262542724609375,5.897444725036621,6.024513244628906,6.405107498168945,5.898390769958496,6.8550944328308105,7.0687031745910645,6.163046836853027,6.976855754852295,6.563138008117676,7.022665500640869,6.625432014465332,5.893372535705566,6.341789245605469,6.533246040344238
WG1_Weilburger_Grenze,20251007_152822.jpg,185_Madora_R4S_281_4_5,13.0,,,True,8,0.029966004541319046,140.346611923411,7.501063823699951,7.727754592895508,6.906778335571289,5.027508735656738,5.163775444030762,4.9099578857421875,5.30518913269043,5.23837423324585,5.291195392608643,4.230279445648193,5.117763042449951,4.8458709716796875,8.278989791870117,8.018316268920898,7.991978645324707,7.536749839782715
WG1_Weilburger_Grenze,20251007_152829.jpg,185_Madora_R4S_281_4_5,8.0,,,True,7,0.03188384250828987,145.50548802770447,2.755408763885498,2.846611499786377,2.6605026721954346,2.919065475463867,3.1014175415039062,2.803900718688965,3.113985300064087,2.7489278316497803,2.994936227798462,2.49531626701355,2.6194300651550293,2.7021872997283936,2.9513673782348633,2.7480053901672363,2.972229480743408,2.971724033355713
WG1_Weilburger_Grenze,20251007_152848.jpg,184_Wilhelmsburger_R4S_348_4_4,12.0,,,True,8,0.03026914045199792,137.77818349046734,4.066841125488281,3.9690699577331543,3.9702367782592773,3.303244113922119,3.425894260406494,3.1383261680603027,4.00365686416626,4.013123512268066,3.770890474319458,3.4901247024536133,4.015048027038574,3.6380090713500977,4.2964677810668945,4.013942718505859,4.527028560638428,4.210557460784912
WG1_Weilburger_Grenze,20251007_152855.jpg,184_Wilhelmsburger_R4S_348_4_4,6.0,,,True,7,0.022696312025993093,142.52866894305163,3.2809247970581055,3.101217031478882,3.139242172241211,3.4787697792053223,3.3956491947174072,3.1931207180023193,3.7892818450927734,4.266738414764404,3.6088876724243164,3.549730062484741,3.87580943107605,3.584916114807129,3.117619514465332,3.0034425258636475,3.32127046585083,3.4698734283447266
WG1_Weilburger_Grenze,20251007_152900.jpg,184_Wilhelmsburger_R4S_348_4_4,18.0,,,True,8,0.01798415297372842,142.45323656676536,4.4198832511901855,4.338385581970215,4.137411117553711,5.584845542907715,5.599522113800049,5.068088054656982,5.224050045013428,5.202861309051514,4.838949680328369,5.150838375091553,5.891664505004883,5.159698963165283,4.435713768005371,4.199355125427246,4.32205867767334,4.505290985107422
WG1_Weilburger_Grenze,20251007_152915.jpg,183_Libritta_R4S_278_4_3,2.0,,,True,5,0.025596166562113224,141.49565749987283,2.6484241485595703,2.8590879440307617,2.8061108589172363,1.7038562297821045,1.852696418762207,1.7058295011520386,2.964589834213257,2.9337573051452637,2.900441884994507,2.4568228721618652,2.4903602600097656,2.369102716445923,2.3274924755096436,2.54744029045105,3.1350483894348145,2.894263744354248
WG1_Weilburger_Grenze,20251007_152920.jpg,183_Libritta_R4S_278_4_3,5.0,,,True,6,0.039879853648889185,144.41006689218142,3.1394577026367188,3.268251657485962,2.8991637229919434,3.606631278991699,4.227242469787598,3.692117691040039,3.9247169494628906,3.949173927307129,3.5556721687316895,3.2663955688476562,3.5217018127441406,3.215254068374634,3.394774913787842,2.9293761253356934,3.288607597351074,3.2708466053009033
WG1_Weilburger_Grenze,20251007_152927.jpg,183_Libritta_R4S_278_4_3,3.0,,,True,8,0.039902085540181216,142.5415981526287,5.518532752990723,6.033044815063477,5.103775978088379,4.945754051208496,5.415421009063721,5.025637149810791,4.686021327972412,4.896820545196533,4.52295446395874,4.257575035095215,4.2861223220825195,4.574331283569336,5.99537467956543,5.905787467956543,6.091768741607666,5.635724067687988
WG1_Weilburger_Grenze,20251007_152943.jpg,182_S14_R4S_459_4_2,2.0,,,False,25,0.0231405,140.7437075,6.03449821472168,6.191712379455566,5.353739261627197,6.9700822830200195,7.4756317138671875,6.646093845367432,6.4993062019348145,7.438323497772217,5.7698869705200195,6.293529510498047,6.3274993896484375,6.2216477394104,6.551860809326172,5.635799407958984,5.9238386154174805,6.053165435791016
WG1_Weilburger_Grenze,20251007_152950.jpg,182_S14_R4S_459_4_2,2.0,,,True,7,0.045269253910950664,141.48296641309955,3.720659017562866,4.038917064666748,3.5921852588653564,3.099954128265381,3.4569530487060547,3.1835787296295166,3.928335428237915,4.303183078765869,3.77228045463562,3.5461158752441406,3.64034366607666,3.7285077571868896,3.5787456035614014,3.559907913208008,4.239468574523926,3.990370750427246
WG1_Weilburger_Grenze,20251007_152957.jpg,182_S14_R4S_459_4_2,4.0,,,True,7,0.04039181638011054,142.54212500559007,2.282593011856079,2.3601627349853516,2.157982110977173,2.1900887489318848,2.1380693912506104,1.9627578258514404,3.034149408340454,3.4177989959716797,2.885551691055298,2.609874725341797,3.017097234725952,2.6001970767974854,2.056042194366455,1.9411303997039795,2.319817543029785,2.4211177825927734
WG1_Weilburger_Grenze,20251007_153023.jpg,181_Express 617_R4S_503_4_1,5.0,,,True,10,0.02600317381094069,141.015906381109,6.1358256340026855,6.2903666496276855,5.938974380493164,6.913315773010254,7.331679344177246,6.931650161743164,5.557263374328613,6.9619340896606445,6.20088005065918,5.5807414054870605,5.47837495803833,6.069324016571045,6.6342291831970215,6.285520076751709,6.5488433837890625,6.24668025970459
WG1_Weilburger_Grenze,20251007_153029.jpg,181_Express 617_R4S_503_4_1,5.0,,,True,12,0.04463907075984963,142.62757072127317,3.6036276817321777,3.724334239959717,3.3182179927825928,6.200160026550293,6.725383758544922,6.597175598144531,4.628336429595947,4.282928943634033,3.9029412269592285,3.9784138202667236,3.7078897953033447,3.5570952892303467,3.780179977416992,3.5038931369781494,3.6887712478637695,3.7488811016082764
WG1_Weilburger_Grenze,20251007_153034.jpg,181_Express 617_R4S_503_4_1,4.0,,,True,11,0.04572168735258864,145.26646853325892,4.241619110107422,4.3264617919921875,3.976672887802124,4.114352226257324,4.472936630249023,4.184384346008301,4.574379920959473,5.083897113800049,4.164321422576904,4.227513313293457,4.462274551391602,4.12210750579834,4.5709333419799805,4.176488399505615,4.426517009735107,4.337027549743652
WG1_Weilburger_Grenze,20251007_153107.jpg,241_KWS ARIANOS_R4S_493_5_1,13.0,,,False,20,0.013319833333333333,142.52352858333333,8.491039276123047,8.977380752563477,7.446652412414551,8.204629898071289,9.064594268798828,8.190231323242188,7.486443996429443,9.390127182006836,6.4565839767456055,8.043713569641113,7.881348609924316,7.646595001220703,9.566574096679688,8.649080276489258,8.292327880859375,8.233333587646484
WG1_Weilburger_Grenze,20251007_153113.jpg,241_KWS ARIANOS_R4S_493_5_1,7.0,,,False,30,0.025398166666666666,139.86739125,6.782344818115234,6.883604526519775,5.856623649597168,8.754947662353516,9.819343566894531,8.837453842163086,6.958279132843018,8.362043380737305,5.910524845123291,7.410913467407227,7.131350994110107,6.584288120269775,8.217548370361328,6.727566242218018,6.636517524719238,6.563300132751465
WG1_Weilburger_Grenze,20251007_153119.jpg,241_KWS ARIANOS_R4S_493_5_1,8.0,,,False,15,0.013143916666666667,144.33536758333332,6.761723518371582,7.005459308624268,6.086134910583496,6.972653388977051,7.758705139160156,7.144662857055664,6.869418144226074,7.2233781814575195,5.479238510131836,6.451780319213867,6.043790817260742,6.472937107086182,7.388613700866699,6.454387187957764,6.908565521240234,6.754909515380859
WG1_Weilburger_Grenze,20251007_153132.jpg,242_Victor_R4S_376_5_2,2.0,,,True,7,0.03022171148296638,144.5606424400782,3.3880817890167236,3.3936209678649902,3.2824246883392334,3.429530382156372,3.627424478530884,3.31809139251709,3.6342594623565674,3.91920804977417,3.3200721740722656,3.526249885559082,3.3869869709014893,3.3842933177948,3.276973247528076,3.037658452987671,3.4561891555786133,3.639401912689209
WG1_Weilburger_Grenze,20251007_153138.jpg,242_Victor_R4S_376_5_2,4.0,,,False,30,0.026838,144.78874133333332,5.587113857269287,5.603433609008789,5.16533899307251,6.089687347412109,6.658816337585449,6.034307479858398,6.668636322021484,7.011692047119141,5.694991588592529,6.640237808227539,6.378419876098633,6.360914707183838,6.370490074157715,5.631434440612793,6.062905311584473,5.792389869689941
WG1_Weilburger_Grenze,20251007_153143.jpg,242_Victor_R4S_376_5_2,3.0,,,True,7,0.03736385639370714,141.91008948854588,6.6420135498046875,6.555556297302246,6.283638954162598,8.465351104736328,9.175045013427734,8.776095390319824,7.666125297546387,8.359691619873047,7.217588424682617,6.745370388031006,7.146491050720215,7.413255214691162,7.420124053955078,6.817140579223633,7.476439476013184,6.827939987182617
WG1_Weilburger_Grenze,20251007_153201.jpg,243_R31_R4S_512_5_3,6.0,,,True,7,0.023634867185535258,142.37058986192173,5.657121181488037,5.747274398803711,5.238473892211914,7.379668712615967,7.697052478790283,7.621634006500244,5.4269938468933105,5.754115581512451,5.359128475189209,6.549593925476074,5.082700252532959,5.859174728393555,6.585200309753418,5.8006391525268555,5.853302001953125,5.654594421386719
WG1_Weilburger_Grenze,20251007_153206.jpg,243_R31_R4S_512_5_3,6.0,,,False,31,0.019350916666666666,144.43712541666667,5.552961349487305,5.8560099601745605,5.1933369636535645,5.9757771492004395,6.637238502502441,6.0467729568481445,6.134438514709473,6.9441304206848145,5.2506608963012695,6.172108173370361,6.2176713943481445,5.896294593811035,5.839663505554199,5.33634090423584,5.4918365478515625,5.631863117218018
WG1_Weilburger_Grenze,20251007_153211.jpg,243_R31_R4S_512_5_3,15.0,,,True,9,0.02427578431216129,145.4170716530785,5.3350982666015625,5.566799640655518,4.858676433563232,7.993233680725098,9.371438980102539,8.671131134033203,6.852104663848877,6.53618860244751,5.428667068481445,6.452629089355469,6.211827754974365,5.9976396560668945,6.100416660308838,5.654900074005127,5.6566972732543945,5.275806427001953
WG1_Weilburger_Grenze,20251007_153228.jpg,244_H365_R4S_461_5_4,6.0,,,True,5,0.022326708061393953,146.77489342797,10.87385082244873,10.879070281982422,10.247962951660156,8.289316177368164,9.092574119567871,7.9511613845825195,10.498353958129883,13.262699127197266,9.817422866821289,11.324769973754883,11.807394981384277,11.209043502807617,12.468578338623047,12.278944969177246,12.125332832336426,11.556818962097168
WG1_Weilburger_Grenze,20251007_153233.jpg,244_H365_R4S_461_5_4,7.0,,,True,6,0.04725056050805093,144.46042115877665,2.8471310138702393,2.834010124206543,2.4707555770874023,2.9293053150177,3.355477809906006,2.903310537338257,3.3122518062591553,3.407513380050659,2.8154215812683105,2.8345236778259277,3.1255855560302734,2.591808795928955,3.228543758392334,2.589146137237549,2.818732500076294,2.902636766433716
WG1_Weilburger_Grenze,20251007_153238.jpg,244_H365_R4S_461_5_4,14.0,,,False,19,0.013578916666666666,146.5375805,10.21960735321045,10.688895225524902,9.27238655090332,9.761290550231934,11.155386924743652,10.260440826416016,11.08956241607666,11.794416427612305,9.602913856506348,10.036956787109375,10.00439453125,9.922237396240234,11.486501693725586,10.774394989013672,10.907856941223145,10.096892356872559
WG1_Weilburger_Grenze,20251007_153254.jpg,245_BRONZE TOP_R4S_316_5_5,3.0,,,True,6,0.02759797803949535,143.60006449718415,4.964194297790527,5.113282203674316,5.012811660766602,4.13584566116333,4.442907333374023,3.8921751976013184,6.758651256561279,6.763459205627441,6.046268463134766,5.752581596374512,5.375700950622559,5.936112880706787,4.311994552612305,4.67877721786499,5.392462253570557,5.821418285369873
WG1_Weilburger_Grenze,20251007_153258.jpg,245_BRONZE TOP_R4S_316_5_5,9.0,,,True,9,0.0633534800139089,140.726410201281,5.897661209106445,5.885432243347168,5.439925193786621,5.361575126647949,5.714960098266602,5.332503318786621,5.337095260620117,7.038614273071289,5.194944381713867,5.293210506439209,5.991420745849609,5.264201641082764,6.936800003051758,6.527948379516602,6.653314590454102,5.975757598876953
WG1_Weilburger_Grenze,20251007_153303.jpg,245_BRONZE TOP_R4S_316_5_5,3.0,,,True,6,0.0461787718244061,141.16628864496144,2.454533338546753,2.6392111778259277,2.3244519233703613,2.2653815746307373,2.7037813663482666,2.371521472930908,3.1080589294433594,3.558377981185913,3.009047269821167,2.675304412841797,2.986745595932007,2.7552363872528076,2.7110981941223145,2.571183681488037,2.8438377380371094,2.624788761138916
WG1_Weilburger_Grenze,20251007_153319.jpg,246_Vinnickij 15/59_R4S_375_5_6,8.0,,,True,7,0.020132361268773272,141.0247891103392,4.995521545410156,5.036114692687988,4.715497970581055,6.99809455871582,7.227272033691406,6.6579718589782715,5.821858882904053,6.482537269592285,5.727743625640869,5.887516021728516,5.961872100830078,5.550744533538818,5.522183418273926,5.003477096557617,5.259139060974121,5.088237285614014
WG1_Weilburger_Grenze,20251007_153324.jpg,246_Vinnickij 15/59_R4S_375_5_6,8.0,,,False,27,0.01166975,146.11348191666667,7.1190690994262695,7.768477439880371,6.695792198181152,7.207751750946045,7.853455543518066,6.975510120391846,7.281745910644531,7.993414402008057,6.515251636505127,7.2943115234375,7.091947078704834,7.529077053070068,7.27695369720459,7.287763595581055,7.2193756103515625,7.147906303405762
WG1_Weilburger_Grenze,20251007_153328.jpg,246_Vinnickij 15/59_R4S_375_5_6,12.0,,,True,7,0.03305905773059058,142.88544178449288,5.85522985458374,6.0885515213012695,5.668696880340576,6.843952178955078,6.886023044586182,6.82931661605835,6.265975475311279,6.768214702606201,6.166827201843262,5.6137847900390625,5.951822757720947,6.0366106033325195,6.373019695281982,6.04095458984375,6.653831481933594,5.789944648742676
WG1_Weilburger_Grenze,20251007_153344.jpg,247_Silona_R4S_364_5_7,3.0,,,True,11,0.018383112214887917,141.58692739036664,3.1610798835754395,3.158766746520996,3.207470417022705,3.60964298248291,3.6422791481018066,3.490521192550659,3.38592267036438,3.91884708404541,3.193579912185669,3.335970640182495,3.387157917022705,3.0990231037139893,2.7759175300598145,2.8040168285369873,3.202089786529541,3.441610097885132
WG1_Weilburger_Grenze,20251007_153350.jpg,247_Silona_R4S_364_5_7,5.0,,,True,8,0.0344724111351842,143.31788623169226,4.085649490356445,4.1859211921691895,3.8163113594055176,4.492725849151611,5.088457107543945,4.773798942565918,4.489673137664795,5.449575901031494,4.222700595855713,4.5997633934021,4.9725661277771,3.909482479095459,4.701833248138428,4.1629204750061035,4.496833801269531,4.174116134643555
WG1_Weilburger_Grenze,20251007_153357.jpg,247_Silona_R4S_364_5_7,22.0,,,False,19,0.015129416666666666,148.23341116666666,8.003265380859375,8.074047088623047,7.021361351013184,6.603174209594727,7.126076698303223,6.772161960601807,6.866419315338135,7.338341236114502,6.551126956939697,6.4195404052734375,6.976603031158447,6.73373556137085,8.423249244689941,7.868769645690918,8.134096145629883,7.855095863342285
WG1_Weilburger_Grenze,20251007_153413.jpg,248_Nemertschanskij 1_R4S_284_5_8,7.0,,,True,8,0.030006101152907513,140.23180594126063,3.937106132507324,3.822849988937378,3.6404623985290527,6.233881950378418,6.213414192199707,5.756082057952881,3.5837254524230957,3.1256611347198486,3.11171555519104,3.2490062713623047,3.3624660968780518,3.0223233699798584,4.486209869384766,3.713920831680298,4.084819316864014,4.032487869262695
WG1_Weilburger_Grenze,20251007_153419.jpg,248_Nemertschanskij 1_R4S_284_5_8,12.0,,,True,6,0.043813747885881556,139.2270094583303,4.4251580238342285,4.588647365570068,4.103076934814453,4.557608604431152,5.203271865844727,4.8914690017700195,5.067387104034424,5.7555060386657715,4.832818508148193,4.5955305099487305,5.038267612457275,4.40917444229126,5.605093955993652,4.6996588706970215,4.984983444213867,4.516040802001953
WG1_Weilburger_Grenze,20251007_153424.jpg,248_Nemertschanskij 1_R4S_284_5_8,8.0,,,True,6,0.0328630781914432,141.88992178686107,4.572894096374512,5.110930442810059,4.370285987854004,3.8897740840911865,4.287290573120117,3.9301514625549316,3.5081558227539062,3.924107551574707,3.3951168060302734,3.1709558963775635,3.3595759868621826,3.44315767288208,4.695270538330078,4.659270286560059,4.953222274780273,5.123948097229004
WG1_Weilburger_Grenze,20251007_153441.jpg,249_G56_R4S_452_5_9,4.0,,,True,9,0.02242988248317051,142.83909590557465,3.656719446182251,3.459908962249756,3.5322439670562744,3.4132585525512695,3.3597545623779297,3.282174587249756,4.375850200653076,4.39338493347168,3.9975836277008057,4.118714809417725,4.231198787689209,3.9787843227386475,3.7786495685577393,3.3773717880249023,3.712127685546875,3.9106740951538086
WG1_Weilburger_Grenze,20251007_153449.jpg,249_G56_R4S_452_5_9,15.0,,,True,9,0.025538775445477564,141.67865090734173,6.669805526733398,6.771636962890625,6.399188041687012,5.787714004516602,5.643959999084473,5.439538955688477,5.937127590179443,7.039353847503662,6.0015549659729,5.841304779052734,5.58925199508667,5.91837215423584,7.232632637023926,6.918783187866211,7.5421671867370605,6.7673845291137695
WG1_Weilburger_Grenze,20251007_153454.jpg,249_G56_R4S_452_5_9,6.0,,,True,9,0.019963765407860233,141.9401581815751,3.6616969108581543,3.9738943576812744,3.810945749282837,4.272895812988281,4.815059661865234,5.035463333129883,4.483495712280273,4.8794450759887695,4.281456470489502,4.215762615203857,4.179310321807861,4.264204025268555,3.436148166656494,3.6256613731384277,4.2511982917785645,3.9717109203338623
WG1_Weilburger_Grenze,20251007_153513.jpg,250_Adder_R4S_144_5_10,3.0,,,True,4,0.02940552016985138,138.20751761363036,5.244173049926758,5.658361434936523,4.813910484313965,5.181911945343018,6.186048984527588,5.42170524597168,4.623172283172607,6.152302265167236,4.08638858795166,4.918051242828369,5.114645004272461,4.538781642913818,6.475465774536133,5.838086128234863,5.856696128845215,5.35706901550293
WG1_Weilburger_Grenze,20251007_153518.jpg,250_Adder_R4S_144_5_10,2.0,,,True,5,0.034942104507487144,138.60184497014433,2.9802327156066895,3.0009233951568604,2.58372163772583,2.834261894226074,3.271223783493042,2.775117874145508,3.3981480598449707,3.4632039070129395,2.7913424968719482,2.9032065868377686,3.045072555541992,2.6203629970550537,3.2748985290527344,2.886202096939087,3.0711755752563477,3.248185396194458
WG1_Weilburger_Grenze,20251007_153523.jpg,250_Adder_R4S_144_5_10,4.0,,,True,8,0.047770046473412583,141.02892820157308,5.11811637878418,5.474068641662598,5.057613849639893,5.377686023712158,6.048738479614258,5.584231853485107,5.214495658874512,5.2442193031311035,4.468062400817871,4.576217174530029,4.5134429931640625,4.384548664093018,6.1215667724609375,5.754859924316406,6.047479152679443,5.412443161010742
WG1_Weilburger_Grenze,20251007_153541.jpg,251_LEMBKES MALCHOWER (LENORA)_R4S_194_5_11,4.0,,,True,9,0.0315721187734177,141.13696956861688,3.3071932792663574,3.1771790981292725,3.3665101528167725,2.499641180038452,2.710763931274414,2.5118815898895264,4.051064491271973,4.627295017242432,3.6073975563049316,3.629875898361206,3.7977821826934814,3.6795907020568848,3.3220467567443848,3.045943260192871,3.653172016143799,3.550565242767334
WG1_Weilburger_Grenze,20251007_153546.jpg,251_LEMBKES MALCHOWER (LENORA)_R4S_194_5_11,5.0,,,True,10,0.043642784004776954,141.43129871304012,4.991548538208008,5.045677185058594,4.548695087432861,4.431324481964111,5.22468376159668,4.677040100097656,4.946784973144531,5.529983997344971,4.515157222747803,4.413686752319336,4.937009334564209,4.530104637145996,5.816275596618652,5.040525436401367,5.59638786315918,5.088160514831543
WG1_Weilburger_Grenze,20251007_153551.jpg,251_LEMBKES MALCHOWER (LENORA)_R4S_194_5_11,6.0,,,True,5,0.045531307528937255,141.98948379063592,5.343593597412109,5.4393486976623535,4.623404026031494,6.239163398742676,6.956530570983887,5.889724254608154,5.789951801300049,6.363323211669922,4.990417957305908,5.090067386627197,5.697710037231445,4.822408199310303,6.20086145401001,5.508561134338379,5.735584259033203,5.417230606079102
WG1_Weilburger_Grenze,20251007_153624.jpg,252_ALLESANDRO KWS_R4S_548_5_12,7.0,,,True,7,0.03337432480814433,142.57379555112777,4.174720764160156,4.194419860839844,4.094352722167969,4.548763275146484,5.002986431121826,4.43516731262207,5.346439361572266,6.1313652992248535,5.119182586669922,5.071932315826416,5.1052327156066895,4.59823751449585,4.015562057495117,3.8475899696350098,4.430808067321777,4.439849853515625
WG1_Weilburger_Grenze,20251007_153632.jpg,252_ALLESANDRO KWS_R4S_548_5_12,11.0,,,True,5,0.022448220200410884,141.31943734015346,3.8165531158447266,3.67854642868042,3.596663475036621,3.6906628608703613,3.796236991882324,3.4282777309417725,4.252519607543945,4.675832271575928,4.083712100982666,3.6589462757110596,4.014155864715576,3.7900562286376953,4.024344444274902,3.5296847820281982,4.0273051261901855,4.131349563598633
WG1_Weilburger_Grenze,20251007_153638.jpg,252_ALLESANDRO KWS_R4S_548_5_12,12.0,,,True,9,0.03571807005757954,141.03931493698462,5.70827054977417,6.386442184448242,5.363211154937744,6.768677711486816,7.275803089141846,7.028619289398193,5.018755912780762,5.135828018188477,4.406312465667725,4.431215763092041,4.474597454071045,4.273555278778076,7.295090675354004,6.816239356994629,6.892143249511719,5.847651958465576
WG1_Weilburger_Grenze,20251007_153659.jpg,253_NK Bravour_R4S_244_5_13,5.0,,,False,24,0.010707666666666667,144.14201383333332,6.300062656402588,6.548039436340332,5.864721298217773,6.402127265930176,6.764416217803955,6.322594165802002,6.670678615570068,7.098217964172363,5.582012176513672,7.207995414733887,6.467906951904297,7.080413341522217,7.098698616027832,6.284806728363037,6.517394065856934,6.334715366363525
WG1_Weilburger_Grenze,20251007_153706.jpg,253_NK Bravour_R4S_244_5_13,10.0,,,False,31,0.016212166666666666,141.55080641666666,7.501487731933594,7.587082862854004,7.100429534912109,7.563398838043213,8.357851028442383,7.670937538146973,8.227319717407227,8.683629989624023,7.451421737670898,8.078640937805176,7.9141974449157715,8.213140487670898,7.875195026397705,7.082767486572266,7.921273231506348,7.710392951965332
WG1_Weilburger_Grenze,20251007_153717.jpg,253_NK Bravour_R4S_244_5_13,15.0,,,True,15,0.04450726008286788,140.07540558757296,7.051414966583252,7.240174293518066,6.515329837799072,7.220489978790283,7.8334269523620605,7.44283390045166,6.790523052215576,6.9521942138671875,6.076307773590088,6.514564037322998,6.394206523895264,6.799378395080566,8.207376480102539,7.655026435852051,7.823803901672363,7.23847770690918
WG1_Weilburger_Grenze,20251007_153735.jpg,254_K53_R4S_460_5_14,12.0,,,True,8,0.03177907269943644,139.66135623479244,5.877503395080566,6.019675254821777,5.676455497741699,6.0566816329956055,6.646947860717773,6.180107593536377,5.375138759613037,5.919968128204346,5.38562536239624,5.320096969604492,5.100656509399414,5.336265563964844,6.338862419128418,6.006094932556152,6.061585426330566,5.984699726104736
WG1_Weilburger_Grenze,20251007_153742.jpg,254_K53_R4S_460_5_14,6.0,,,True,9,0.028752114480876514,141.18210190792524,5.4431986808776855,5.340911865234375,4.925052165985107,6.041464805603027,6.374006271362305,5.9043288230896,4.950855255126953,5.020482063293457,4.049998760223389,4.019096374511719,4.641134738922119,4.5676398277282715,6.319114685058594,5.508556842803955,5.7131242752075195,5.518134117126465
WG1_Weilburger_Grenze,20251007_153748.jpg,254_K53_R4S_460_5_14,4.0,,,True,10,0.03475634468984766,141.0470602797764,7.777932643890381,7.579197406768799,8.512414932250977,8.310026168823242,8.321428298950195,8.164974212646484,11.558526992797852,10.520088195800781,9.709555625915527,10.605009078979492,9.130373001098633,10.889657974243164,7.145601272583008,7.741417407989502,8.918977737426758,8.88070297241211
WG1_Weilburger_Grenze,20251007_153807.jpg,255_Pollen_R4S_182_5_15,19.0,,,False,24,0.009173,143.33760658333333,10.213640213012695,10.050901412963867,9.716669082641602,8.971518516540527,9.425024032592773,8.931441307067871,10.149545669555664,10.870526313781738,9.320164680480957,10.065041542053223,9.69641399383545,10.33110237121582,10.614666938781738,9.630839347839355,10.155877113342285,10.256654739379883
WG1_Weilburger_Grenze,20251007_153813.jpg,255_Pollen_R4S_182_5_15,15.0,,,True,12,0.03945082990837645,142.8294659663571,4.233935356140137,3.7747602462768555,4.48598575592041,3.9061636924743652,3.807957887649536,3.9240121841430664,5.7160797119140625,5.663974761962891,5.576402187347412,4.876082420349121,5.104978561401367,5.134961128234863,4.2470293045043945,3.58732271194458,4.7461748123168945,4.8647990226745605
WG1_Weilburger_Grenze,20251007_153819.jpg,255_Pollen_R4S_182_5_15,7.0,,,True,9,0.029315432435838198,140.68752677783846,4.761228084564209,4.746455192565918,4.809856414794922,5.556013584136963,5.8686604499816895,5.286574363708496,6.66025447845459,7.2277045249938965,6.047307968139648,5.9282402992248535,6.056691646575928,6.159460544586182,4.825091361999512,4.544178485870361,5.014476299285889,5.224507808685303
WG1_Weilburger_Grenze,20251007_153837.jpg,256_Jessica_R4S_229_5_16,8.0,,,False,23,0.017855333333333334,144.64833775,6.63681697845459,6.700169563293457,6.502145290374756,7.294249057769775,8.027849197387695,7.443558692932129,9.36756706237793,9.557531356811523,8.009182929992676,9.095466613769531,8.662278175354004,8.781484603881836,6.971640110015869,6.726412773132324,7.114675998687744,7.007297515869141
WG1_Weilburger_Grenze,20251007_153842.jpg,256_Jessica_R4S_229_5_16,12.0,,,True,8,0.056924980717301066,143.36111268712142,3.550468683242798,3.4896175861358643,3.512777805328369,3.939741849899292,4.205852031707764,3.571228504180908,4.073702335357666,3.96911883354187,3.67159104347229,3.525035858154297,3.89172101020813,3.708395481109619,3.385775566101074,3.1379003524780273,3.6396963596343994,3.9441747665405273
WG1_Weilburger_Grenze,20251007_153847.jpg,256_Jessica_R4S_229_5_16,10.0,,,True,5,0.02531417286003846,144.50714775739306,8.005377769470215,8.002007484436035,8.708402633666992,7.887637138366699,8.311260223388672,8.575162887573242,10.444177627563477,9.807315826416016,9.424858093261719,8.650413513183594,8.365618705749512,8.550182342529297,7.428372859954834,7.832704544067383,9.255087852478027,8.995255470275879
WG1_Weilburger_Grenze,20251007_153905.jpg,257_RESYN-H048_R4S_553_5_17,9.0,,,True,7,0.019311447638682325,139.21217830208957,9.63498306274414,9.243156433105469,9.950536727905273,9.46676254272461,9.523748397827148,9.383882522583008,13.105098724365234,15.303510665893555,13.243077278137207,10.912199974060059,11.788471221923828,12.519388198852539,9.421010971069336,9.238707542419434,10.221399307250977,10.396360397338867
WG1_Weilburger_Grenze,20251007_153924.jpg,257_RESYN-H048_R4S_553_5_17,13.0,,,True,6,0.01976121097726187,140.66260564327607,6.732147216796875,6.807156562805176,6.582967281341553,7.12372350692749,8.268730163574219,7.960954666137695,7.324917793273926,7.022775650024414,6.11855411529541,6.616335391998291,6.543060302734375,5.976582050323486,8.0886869430542,7.495604038238525,7.978111743927002,6.767236709594727
WG1_Weilburger_Grenze,20251007_153930.jpg,257_RESYN-H048_R4S_553_5_17,4.0,,,True,6,0.013635418966838557,141.34809827200263,3.800474166870117,3.5894675254821777,3.5478639602661133,5.168259620666504,6.160173416137695,5.1644392013549805,5.58575439453125,6.946128845214844,4.793013572692871,5.28452205657959,6.166345596313477,5.133592128753662,3.8695526123046875,3.5750627517700195,3.655576229095459,3.8706722259521484
WG1_Weilburger_Grenze,20251007_153950.jpg,258_TAIWAN_R4S_312_5_18,7.0,,,False,28,0.016663,145.5170295,4.524585723876953,4.682672500610352,4.272802829742432,5.031428813934326,5.547543525695801,4.884515762329102,5.624179363250732,5.513204574584961,4.788806438446045,5.148646831512451,5.017653465270996,5.18264102935791,4.208442211151123,4.103034019470215,4.536778926849365,4.768692970275879
WG1_Weilburger_Grenze,20251007_153956.jpg,258_TAIWAN_R4S_312_5_18,12.0,,,False,24,0.014316166666666666,143.20571183333334,5.330738067626953,5.378337860107422,4.9977521896362305,4.904894828796387,5.4509968757629395,5.037200927734375,5.722507953643799,5.8991618156433105,4.822734832763672,5.276571750640869,5.161182403564453,5.1768107414245605,5.027529239654541,4.738715171813965,5.268924713134766,5.479453086853027
WG1_Weilburger_Grenze,20251007_154004.jpg,258_TAIWAN_R4S_312_5_18,13.0,,,False,25,0.01791875,143.22313783333334,6.264115333557129,6.321698188781738,5.688526153564453,5.21318244934082,5.834758758544922,5.5050578117370605,5.754497051239014,5.308355808258057,4.7364044189453125,4.982061862945557,4.93776273727417,5.112249374389648,6.733006477355957,5.946517467498779,6.452579498291016,6.458946228027344
WG1_Weilburger_Grenze,20251007_154023.jpg,259_Lirajet_R4S_252_5_19,7.0,,,True,9,0.036243474221525435,140.7844020037901,3.5896661281585693,3.5778284072875977,3.4087750911712646,3.367382049560547,3.735241651535034,3.4374074935913086,3.9923126697540283,4.378229141235352,3.551262617111206,3.735189437866211,4.140568733215332,3.6336400508880615,3.806906223297119,3.4126763343811035,3.690624475479126,3.7081668376922607
WG1_Weilburger_Grenze,20251007_154028.jpg,259_Lirajet_R4S_252_5_19,16.0,,,True,8,0.01874894245729591,140.41633392762074,6.743844032287598,7.197294235229492,6.465497970581055,6.291682720184326,7.099596977233887,6.34761905670166,5.40491247177124,6.571572303771973,5.326777458190918,5.9758806228637695,6.089609146118164,5.663552761077881,7.960323333740234,7.597853660583496,7.76436710357666,6.767287731170654
WG1_Weilburger_Grenze,20251007_154035.jpg,259_Lirajet_R4S_252_5_19,7.0,,,True,4,0.030065065356535917,140.8861980972751,5.65314245223999,6.122694969177246,4.958284854888916,5.9924845695495605,6.971199989318848,5.74635124206543,5.869837284088135,6.659787178039551,5.474008083343506,5.805013656616211,6.123251914978027,5.890937328338623,6.824769973754883,6.369527816772461,6.396343231201172,5.882040023803711
WG1_Weilburger_Grenze,20251007_154052.jpg,260_Campari_R4S_231_5_20,8.0,,,True,7,0.022288426981032488,137.81902151197025,3.2313590049743652,3.3527896404266357,2.981785297393799,4.438445091247559,5.099393844604492,4.508314609527588,3.941877841949463,5.181214332580566,3.7424392700195312,4.3959150314331055,4.744931221008301,3.6970322132110596,3.3915090560913086,3.0663394927978516,3.26975154876709,3.3981120586395264
WG1_Weilburger_Grenze,20251007_154057.jpg,260_Campari_R4S_231_5_20,4.0,,,True,9,0.021089664178217095,141.8310772976,4.456871032714844,4.619394302368164,4.032423973083496,4.765838623046875,5.319847106933594,4.729395866394043,5.324471950531006,6.291452884674072,5.076931476593018,5.29885721206665,5.355147361755371,5.18666934967041,4.758335590362549,4.464321136474609,4.794471740722656,4.740453720092773
WG1_Weilburger_Grenze,20251007_154103.jpg,260_Campari_R4S_231_5_20,11.0,,,True,5,0.040588346307839286,142.45189987719618,3.753269672393799,4.040994644165039,3.4662904739379883,4.428893089294434,5.555070877075195,4.6020684242248535,4.1411285400390625,4.238919258117676,3.6239311695098877,3.5039093494415283,3.641441822052002,3.24277663230896,4.319842338562012,3.8720531463623047,4.005063056945801,3.947699785232544
WG1_Weilburger_Grenze,20251007_154121.jpg,261_Smaragd_R4S_540_5_21,8.0,,,True,7,0.019400110727596866,145.7094820438513,7.974682807922363,8.624263763427734,7.963655948638916,7.607041835784912,8.353713989257812,7.53872537612915,5.248186111450195,3.9330899715423584,3.8769073486328125,4.729266166687012,4.635374069213867,4.756049633026123,8.238759994506836,8.515887260437012,9.015392303466797,8.272192001342773
WG1_Weilburger_Grenze,20251007_154126.jpg,261_Smaragd_R4S_540_5_21,9.0,,,True,5,0.025838692368680277,138.5956711274129,2.493274211883545,2.5068740844726562,2.3585519790649414,2.0517568588256836,2.403271198272705,2.1491641998291016,2.855685234069824,3.1402997970581055,2.596576690673828,2.4966142177581787,2.9647228717803955,2.314227342605591,3.0804762840270996,2.5897555351257324,2.7421889305114746,2.5677852630615234
WG1_Weilburger_Grenze,20251007_154130.jpg,261_Smaragd_R4S_540_5_21,13.0,,,True,5,0.019790787195374995,143.55226689605132,4.13642692565918,3.9454586505889893,3.6876072883605957,5.596904754638672,5.921967029571533,5.316540241241455,5.456429958343506,5.965076923370361,4.442739486694336,4.923187732696533,5.023825168609619,4.63384485244751,4.9069366455078125,4.026938438415527,4.314031600952148,4.350210189819336
WG1_Weilburger_Grenze,20251007_154146.jpg,262_BIENVENU DH4_R4S_223_5_22,7.0,,,True,6,0.04209020588997396,142.40877198757948,2.796626567840576,2.8516366481781006,2.487860679626465,1.9729448556900024,2.252948760986328,2.0148942470550537,2.711275100708008,3.0160763263702393,2.504122734069824,2.3291923999786377,2.583695650100708,2.3184573650360107,3.0476596355438232,2.6878933906555176,2.8046648502349854,2.929431438446045
WG1_Weilburger_Grenze,20251007_154153.jpg,262_BIENVENU DH4_R4S_223_5_22,8.0,,,True,9,0.031033548530638336,138.00496076894046,2.4811525344848633,2.5068321228027344,2.293386220932007,2.3609235286712646,2.562223196029663,2.3385777473449707,2.7192628383636475,3.0558547973632812,2.5193686485290527,2.4549460411071777,2.7457947731018066,2.365875244140625,2.6828441619873047,2.4430627822875977,2.6121954917907715,2.599674701690674
WG1_Weilburger_Grenze,20251007_154159.jpg,262_BIENVENU DH4_R4S_223_5_22,11.0,,,True,10,0.03834131609035923,143.50369144359007,3.692265033721924,3.898355722427368,3.8413257598876953,6.717324256896973,7.179234504699707,6.952232360839844,4.686976432800293,3.9023427963256836,3.965333938598633,4.779475688934326,3.6522984504699707,4.4095988273620605,3.58408260345459,3.8650636672973633,4.253965377807617,3.959280490875244
WG1_Weilburger_Grenze,20251007_154221.jpg,263_R18_R4S_424_5_23,9.0,,,True,3,0.00966087183271521,138.29340556553208,9.794283866882324,9.25556755065918,11.471117973327637,7.262152671813965,7.139012336730957,6.951617240905762,12.958712577819824,13.976153373718262,13.398422241210938,9.662650108337402,11.599780082702637,12.27367877960205,9.077666282653809,9.620488166809082,11.858292579650879,12.260750770568848
WG1_Weilburger_Grenze,20251007_154227.jpg,263_R18_R4S_424_5_23,15.0,,,True,5,0.014578326355282474,135.6406579305095,3.4098565578460693,3.5604679584503174,3.2295422554016113,3.1114351749420166,3.6280531883239746,3.2231335639953613,4.27047872543335,4.7089924812316895,3.9087772369384766,3.600153684616089,3.963231325149536,3.507890462875366,3.748849391937256,3.3805480003356934,3.656826972961426,3.5793519020080566
WG1_Weilburger_Grenze,20251007_154233.jpg,263_R18_R4S_424_5_23,4.0,,,True,7,0.015895514008654008,143.66312456639105,3.0018696784973145,2.913860321044922,2.9023666381835938,2.57751727104187,2.7330570220947266,2.576427459716797,3.5588667392730713,3.8716812133789062,3.209537982940674,3.0502166748046875,3.384138345718384,2.9078879356384277,3.2054758071899414,2.7775838375091553,3.1335525512695312,3.076253890991211
WG1_Weilburger_Grenze,20251007_154249.jpg,264_Nugget_R4S_235_5_24,1.0,,,True,7,0.015316067947646894,138.4076504392294,6.256435394287109,6.522007942199707,6.1319990158081055,5.588322639465332,5.96348237991333,5.436393737792969,6.410830497741699,8.084315299987793,5.7174177169799805,6.621737003326416,6.3957953453063965,6.511326313018799,6.946757793426514,6.77345085144043,6.942519187927246,6.377776622772217
WG1_Weilburger_Grenze,20251007_154254.jpg,264_Nugget_R4S_235_5_24,4.0,,,True,10,0.02602469446762065,135.40766179179195,5.428282737731934,5.595607757568359,4.7947001457214355,5.1147236824035645,5.801617622375488,5.154664039611816,4.642519950866699,5.505375385284424,4.176339626312256,4.572062969207764,4.916632652282715,4.292880535125732,6.361625671386719,5.6047492027282715,5.676753997802734,5.4056267738342285
WG1_Weilburger_Grenze,20251007_154259.jpg,264_Nugget_R4S_235_5_24,5.0,,,True,5,0.04710777001353554,139.81616742105763,4.053253173828125,3.5387802124023438,3.348351001739502,3.9681060314178467,4.721023082733154,3.9450244903564453,3.7015483379364014,4.253993988037109,3.330575942993164,3.3985073566436768,3.6882565021514893,3.4016971588134766,4.01702356338501,3.0376477241516113,3.5247714519500732,4.418443202972412
WG1_Weilburger_Grenze,20251007_154316.jpg,265_Mytnickij_R4S_283_5_25,3.0,,,True,10,0.036278686776971915,138.78851095271528,3.4196462631225586,3.650627613067627,3.5225095748901367,4.9001030921936035,4.673379898071289,4.924849033355713,3.563737154006958,3.568990468978882,3.1194584369659424,3.3355607986450195,3.2819437980651855,3.282756805419922,3.1316077709198,3.164868116378784,3.818033456802368,3.7723147869110107
WG1_Weilburger_Grenze,20251007_154321.jpg,265_Mytnickij_R4S_283_5_25,3.0,,,True,11,0.04799323105208168,141.2139756363527,3.8678946495056152,4.10099983215332,3.7606348991394043,6.705364227294922,7.04420804977417,6.857001781463623,4.053142547607422,3.947709560394287,3.660569667816162,3.927981376647949,3.8404197692871094,3.7577061653137207,3.9065074920654297,3.821176290512085,4.224517822265625,3.9924685955047607
WG1_Weilburger_Grenze,20251007_154326.jpg,265_Mytnickij_R4S_283_5_25,7.0,,,True,5,0.03827515936879507,140.72543943985787,8.923823356628418,9.849075317382812,8.85176944732666,9.373035430908203,10.378106117248535,9.717731475830078,9.99770736694336,10.791234970092773,10.677639961242676,8.22607135772705,9.156916618347168,10.517260551452637,8.69658374786377,9.086515426635742,9.664957046508789,9.012262344360352
WG1_Weilburger_Grenze,20251007_154343.jpg,266_CANBERRA x COURAGE DH LINE_R4S_188_5_26,12.0,,,True,7,0.02654934518829926,138.50392464204063,6.669395923614502,6.935849189758301,6.409953594207764,6.538853645324707,7.292603492736816,6.868456840515137,5.857119560241699,6.092465877532959,4.819069862365723,5.503811359405518,4.905422210693359,5.142019271850586,7.42460823059082,6.836950302124023,7.324587345123291,6.614064693450928
WG1_Weilburger_Grenze,20251007_154348.jpg,266_CANBERRA x COURAGE DH LINE_R4S_188_5_26,3.0,,,True,8,0.03826583203703356,136.33840868531257,4.054445266723633,4.123295307159424,3.645625352859497,3.566257953643799,4.125205039978027,3.592561960220337,3.955980062484741,4.5643110275268555,3.7534236907958984,3.593654155731201,3.8772146701812744,3.562936544418335,4.356593608856201,3.957659959793091,4.333033561706543,4.178750038146973
WG1_Weilburger_Grenze,20251007_154355.jpg,266_CANBERRA x COURAGE DH LINE_R4S_188_5_26,17.0,,,False,22,0.0155255,143.71423291666667,7.703740119934082,7.831205368041992,6.943312644958496,9.745149612426758,10.575984954833984,9.906494140625,8.747004508972168,9.094883918762207,7.687005519866943,7.784583568572998,8.056083679199219,8.41930103302002,8.658345222473145,7.9756364822387695,8.207681655883789,7.6474785804748535
WG1_Weilburger_Grenze,20251007_154411.jpg,267_Krapphauser_R4S_277_5_27,5.0,,,True,8,0.03447526082016321,141.21788658196468,6.164316177368164,5.790260314941406,5.913829326629639,5.778887748718262,5.855135440826416,5.446754455566406,4.04257869720459,3.7251944541931152,3.6296117305755615,3.538851499557495,3.443755626678467,3.6868016719818115,5.843411922454834,5.605278015136719,6.248779296875,6.913880348205566
WG1_Weilburger_Grenze,20251007_154419.jpg,267_Krapphauser_R4S_277_5_27,7.0,,,True,7,0.04780618450209093,139.54621455407275,3.276430606842041,3.4961354732513428,2.9842710494995117,2.9770772457122803,3.5429389476776123,3.115058422088623,3.6742377281188965,3.9275922775268555,3.2777674198150635,3.3077969551086426,3.645246744155884,3.1654980182647705,3.6594200134277344,3.4011762142181396,3.544658660888672,3.360100269317627
WG1_Weilburger_Grenze,20251007_154425.jpg,267_Krapphauser_R4S_277_5_27,19.0,,,True,8,0.03236696302022935,138.89821109734964,4.232702732086182,4.147254467010498,3.878458261489868,4.636752128601074,4.919624328613281,4.638260841369629,4.782402992248535,5.262580871582031,4.40254020690918,4.1942572593688965,4.768826961517334,4.143945693969727,5.1102495193481445,4.235527038574219,4.512928009033203,4.172980308532715
WG1_Weilburger_Grenze,20251007_154441.jpg,268_R31_R4S_514_5_28,4.0,,,True,10,0.03436475675047477,139.35148215941237,3.4023213386535645,3.531464099884033,3.3698830604553223,3.0863215923309326,3.544346332550049,3.1288692951202393,3.3074655532836914,3.62001371383667,3.181955337524414,3.2380261421203613,3.356189012527466,3.336397171020508,3.573474407196045,3.37601900100708,3.7642288208007812,3.607975482940674
WG1_Weilburger_Grenze,20251007_154447.jpg,268_R31_R4S_514_5_28,3.0,,,True,8,0.02745831238478297,144.01491798642533,3.817574977874756,3.8409197330474854,3.596160888671875,3.749253273010254,4.00616979598999,3.667752742767334,4.398313522338867,4.449660301208496,4.086014747619629,3.821380138397217,4.017958164215088,3.831582546234131,4.275209426879883,3.7867612838745117,4.0581207275390625,4.015098571777344
WG1_Weilburger_Grenze,20251007_154452.jpg,268_R31_R4S_514_5_28,22.0,,,False,19,0.010069166666666667,143.73491066666668,9.07815933227539,9.70231819152832,8.698616981506348,9.410181045532227,10.485200881958008,9.722058296203613,10.500408172607422,10.534774780273438,8.994997024536133,9.67404556274414,9.417926788330078,10.27333927154541,9.15383529663086,8.904991149902344,9.184362411499023,8.906740188598633
WG1_Weilburger_Grenze,20251007_154510.jpg,269_1012-98_R4S_444_5_29,28.0,,,True,4,0.025269857116116554,138.89436471787192,8.108467102050781,7.355505466461182,7.695828914642334,9.152485847473145,8.615849494934082,8.264566421508789,9.219087600708008,8.832554817199707,10.15024185180664,7.9812116622924805,7.493099689483643,8.691228866577148,7.740635871887207,7.285922050476074,8.348394393920898,8.254230499267578
WG1_Weilburger_Grenze,20251007_154516.jpg,269_1012-98_R4S_444_5_29,17.0,,,True,5,0.014632892804698972,139.7972015942941,3.515381336212158,3.312007188796997,3.478304862976074,3.3160858154296875,3.276630401611328,3.022756338119507,4.6020941734313965,5.006532192230225,4.458064556121826,4.079129219055176,4.6622819900512695,3.8099660873413086,3.5214474201202393,3.3058111667633057,3.7144887447357178,3.7158865928649902
WG1_Weilburger_Grenze,20251007_154522.jpg,269_1012-98_R4S_444_5_29,8.0,,,True,9,0.031639550696571296,140.87701089287157,9.513237953186035,9.501723289489746,9.378670692443848,9.434356689453125,10.045164108276367,10.159088134765625,10.190311431884766,10.962640762329102,9.326507568359375,9.34774398803711,9.03802490234375,9.42923355102539,10.012763977050781,10.133637428283691,10.698480606079102,9.469382286071777
WG1_Weilburger_Grenze,20251007_154539.jpg,270_Milena_R4S_145_5_30,4.0,,,True,6,0.03378150342680829,136.76318379160637,3.3171114921569824,3.2430410385131836,3.2405686378479004,2.1671133041381836,2.3829457759857178,2.2927958965301514,3.537019729614258,3.5414769649505615,3.460919141769409,2.947068452835083,3.361011266708374,3.1310226917266846,3.563523769378662,3.2874197959899902,3.842766284942627,3.6761224269866943
WG1_Weilburger_Grenze,20251007_154544.jpg,270_Milena_R4S_145_5_30,10.0,,,True,9,0.05219759918660377,136.83239668708248,5.608452320098877,5.983505725860596,5.097587585449219,7.832396507263184,8.762943267822266,7.968013763427734,5.939545631408691,6.680194854736328,5.6544189453125,5.998133659362793,6.135911464691162,6.416127681732178,6.496434211730957,5.953037738800049,6.300714015960693,5.988707542419434
WG1_Weilburger_Grenze,20251007_154553.jpg,270_Milena_R4S_145_5_30,30.0,,,True,12,0.03808671268447492,138.55980407680366,10.903051376342773,11.10063362121582,9.917510986328125,13.518177032470703,14.58283805847168,13.783456802368164,10.57305908203125,12.157806396484375,9.689729690551758,10.418007850646973,12.771151542663574,10.667193412780762,12.976186752319336,11.47281551361084,11.719659805297852,10.72291374206543
WG1_Weilburger_Grenze,20251007_154610.jpg,271_L90_R4S_466_5_31,3.0,,,True,6,0.026656579961935524,134.21208302592817,3.6299924850463867,3.2743451595306396,3.3032073974609375,3.0047314167022705,3.354316234588623,3.091330051422119,3.5578315258026123,3.9740071296691895,3.2678990364074707,3.160770893096924,3.71924090385437,3.145024299621582,4.400474548339844,3.4372541904449463,3.8860185146331787,3.743859052658081
WG1_Weilburger_Grenze,20251007_154614.jpg,271_L90_R4S_466_5_31,18.0,,,True,11,0.02332816169516381,138.4881799730083,3.821098804473877,4.025060653686523,3.733319044113159,4.9922871589660645,5.172323226928711,5.224367141723633,4.71509313583374,5.653111457824707,4.099459171295166,5.333600997924805,5.549386501312256,4.996210098266602,4.694029808044434,4.258040904998779,4.437227725982666,3.861764430999756
WG1_Weilburger_Grenze,20251007_154620.jpg,271_L90_R4S_466_5_31,27.0,,,True,8,0.034996906468680665,139.45712045570917,3.716188669204712,3.6391634941101074,3.4477624893188477,4.845614433288574,5.075501918792725,4.8052544593811035,4.370971202850342,4.671915054321289,4.018038749694824,4.075466632843018,3.835184097290039,3.982908248901367,4.283594131469727,3.7835049629211426,4.199460029602051,3.9067211151123047
WG1_Weilburger_Grenze,20251007_154638.jpg,272_Roxet_R4S_245_5_32,5.0,,,True,10,0.028269723703039738,136.59149512771722,4.048246383666992,3.9799365997314453,3.8280029296875,4.28502082824707,4.409390449523926,4.009568691253662,4.94474458694458,5.3140788078308105,5.14235258102417,4.605928897857666,4.903090953826904,4.781752586364746,4.8600616455078125,4.08409309387207,4.302249908447266,4.329726219177246
WG1_Weilburger_Grenze,20251007_154643.jpg,272_Roxet_R4S_245_5_32,10.0,,,True,7,0.030638671055129393,139.88086125809133,8.6602783203125,8.185184478759766,7.731818199157715,6.4189581871032715,6.857367515563965,6.562412738800049,6.3452839851379395,7.512234687805176,5.982797622680664,5.135324001312256,6.2909440994262695,5.46699857711792,9.833669662475586,9.022392272949219,9.288542747497559,8.507821083068848
WG1_Weilburger_Grenze,20251007_154649.jpg,272_Roxet_R4S_245_5_32,30.0,,,True,10,0.034731593942120255,139.25389167362852,8.471213340759277,8.671279907226562,7.443703651428223,12.335260391235352,12.836971282958984,12.193004608154297,8.855789184570312,10.757569313049316,8.175676345825195,9.232630729675293,9.754532814025879,8.608360290527344,10.849018096923828,9.148083686828613,9.112643241882324,8.275249481201172
WG1_Weilburger_Grenze,20251007_154709.jpg,273_SHANNON x WINNER DH LINE_R4S_218_5_33,4.0,,,True,4,0.017783066820198788,138.6945717187193,3.3514809608459473,3.334465980529785,3.2140278816223145,3.8575265407562256,3.8098690509796143,3.6061367988586426,4.20620584487915,3.470876693725586,3.5507380962371826,3.1392533779144287,2.9554452896118164,3.4026339054107666,3.1690850257873535,3.1303982734680176,3.4985604286193848,3.6684770584106445
WG1_Weilburger_Grenze,20251007_154714.jpg,273_SHANNON x WINNER DH LINE_R4S_218_5_33,8.0,,,True,8,0.02635680242022126,142.43754968592896,3.4929118156433105,3.709841728210449,3.25189471244812,4.620151996612549,5.139583587646484,4.4601263999938965,3.575326442718506,4.045259952545166,3.312150001525879,3.676781177520752,3.9239041805267334,3.513319492340088,3.584355354309082,3.231200695037842,3.596924304962158,3.6549367904663086
WG1_Weilburger_Grenze,20251007_154720.jpg,273_SHANNON x WINNER DH LINE_R4S_218_5_33,15.0,,,True,8,0.050321830021205126,139.4424933583184,3.6857333183288574,3.736793041229248,3.493149518966675,4.247653961181641,4.426304817199707,4.398755073547363,4.351606369018555,4.58709716796875,4.0137248039245605,3.977674961090088,4.2236833572387695,3.784038782119751,4.1529741287231445,3.7081916332244873,4.0301899909973145,3.764920711517334
WG1_Weilburger_Grenze,20251007_154737.jpg,274_Caramba_R4S_230_5_34,7.0,,,True,4,0.015125305248940603,137.34936783292844,9.949655532836914,10.378716468811035,9.033910751342773,11.397035598754883,11.628642082214355,11.171104431152344,6.337865352630615,6.254247665405273,5.6818132400512695,5.9439473152160645,5.510094165802002,5.9961323738098145,11.43960189819336,10.836275100708008,10.151519775390625,9.54498291015625
WG1_Weilburger_Grenze,20251007_154742.jpg,274_Caramba_R4S_230_5_34,7.0,,,True,10,0.022206272985139316,137.8514457303964,5.067658424377441,5.382278919219971,4.978691101074219,4.9893927574157715,5.490911483764648,5.151121616363525,5.035166263580322,4.883859157562256,4.284690856933594,4.814582824707031,4.374309539794922,4.5193610191345215,5.760159492492676,5.571016788482666,5.813607692718506,5.302010536193848
WG1_Weilburger_Grenze,20251007_154747.jpg,274_Caramba_R4S_230_5_34,3.0,,,True,7,0.031710164337463854,140.26069563478777,3.2997145652770996,3.177809715270996,3.212597370147705,5.33898401260376,5.82697057723999,5.228086948394775,4.802708625793457,4.658762454986572,4.1820526123046875,4.5667805671691895,4.177292346954346,4.307343006134033,3.652772903442383,3.235642671585083,3.5976474285125732,3.550227165222168
WG1_Weilburger_Grenze,20251007_154805.jpg,275_S101_R4S_463_5_35,21.0,,,True,4,0.024572474543804818,138.10954880364284,6.332848072052002,5.995977401733398,5.362370491027832,8.044200897216797,8.276860237121582,7.5421552658081055,5.642590045928955,6.268020153045654,5.576381683349609,5.158348083496094,4.85346794128418,5.396182537078857,7.340966701507568,6.3955488204956055,6.39337682723999,6.026254653930664
WG1_Weilburger_Grenze,20251007_154810.jpg,275_S101_R4S_463_5_35,5.0,,,True,5,0.031613459167204906,139.02133272394784,9.01994514465332,8.605962753295898,7.611980438232422,8.478803634643555,9.197345733642578,8.04500961303711,7.3686981201171875,8.634073257446289,6.686157703399658,6.294107437133789,7.674988269805908,6.161435127258301,11.01994514465332,9.341188430786133,9.04195499420166,8.768348693847656
WG1_Weilburger_Grenze,20251007_154814.jpg,275_S101_R4S_463_5_35,8.0,,,False,29,0.018713,143.22514066666668,6.311498641967773,6.610719203948975,5.7146782875061035,7.753173351287842,8.306217193603516,7.667042255401611,7.938801288604736,7.8744916915893555,6.483366966247559,7.004474639892578,6.833322525024414,6.986700057983398,7.043987274169922,6.29127311706543,6.388784408569336,6.292455673217773
WG1_Weilburger_Grenze,20251007_154833.jpg,276_S4_R4S_465_5_36,6.0,,,True,9,0.019548418572032183,135.70759971860556,10.193960189819336,10.55848217010498,9.792987823486328,8.368169784545898,9.579187393188477,8.851274490356445,10.058661460876465,13.863271713256836,11.001121520996094,9.441829681396484,10.863926887512207,9.489136695861816,12.139748573303223,11.231613159179688,11.343558311462402,10.483924865722656
WG1_Weilburger_Grenze,20251007_154837.jpg,276_S4_R4S_465_5_36,8.0,,,True,9,0.03540377247273799,139.62479604214985,6.315092086791992,6.4851603507995605,6.106071472167969,6.891157150268555,8.019796371459961,7.235874652862549,7.4528985023498535,8.929667472839355,6.282121658325195,6.494009494781494,7.017901420593262,6.054180145263672,6.7049078941345215,6.2545576095581055,6.657179355621338,6.603525638580322
WG1_Weilburger_Grenze,20251007_154842.jpg,276_S4_R4S_465_5_36,4.0,,,True,9,0.025367351109665204,139.18278819805053,4.539190292358398,4.738739013671875,4.121720314025879,4.21182918548584,4.860840797424316,4.179791450500488,4.108480930328369,4.159389972686768,3.3905856609344482,3.7137415409088135,3.762272834777832,3.4564013481140137,4.9238505363464355,4.725368976593018,4.788455009460449,4.73372745513916
WG1_Weilburger_Grenze,20251007_154859.jpg,277_Manitoba_R4S_153_5_37,3.0,,,True,5,0.03521775111203062,135.93738129719665,3.5017216205596924,3.664442300796509,3.1161575317382812,2.6184182167053223,2.984546422958374,2.5781779289245605,3.1222550868988037,3.8004982471466064,3.0378382205963135,3.014286518096924,3.2413907051086426,2.975144863128662,3.744455337524414,3.3636045455932617,3.6014814376831055,3.4957799911499023
WG1_Weilburger_Grenze,20251007_154903.jpg,277_Manitoba_R4S_153_5_37,2.0,,,False,25,0.017192333333333334,142.70042341666667,5.193600654602051,5.398821830749512,4.966034412384033,4.998594760894775,5.696201324462891,4.8621392250061035,5.705514430999756,6.303671836853027,4.828462600708008,5.489365100860596,5.112578868865967,5.438421249389648,5.173677444458008,4.979596138000488,5.349249839782715,5.502236366271973
WG1_Weilburger_Grenze,20251007_154908.jpg,277_Manitoba_R4S_153_5_37,6.0,,,False,27,0.016389583333333332,141.62984233333333,6.312657356262207,6.529929161071777,6.150971412658691,6.794965744018555,7.5023088455200195,6.73952054977417,6.459484100341797,7.052270412445068,5.127228736877441,6.183163642883301,6.126646518707275,6.24914026260376,6.518615245819092,6.283352851867676,6.727151870727539,6.429483413696289
WG1_Weilburger_Grenze,20251007_154926.jpg,278_G50_R4S_449_5_38,2.0,,,True,11,0.029629407695687917,136.00536461060054,3.877350330352783,4.092709541320801,3.7207963466644287,3.5215485095977783,4.190706729888916,3.627106189727783,4.169792175292969,4.173027038574219,3.459160327911377,3.670839548110962,4.149266242980957,3.389460325241089,4.012421607971191,4.054908752441406,4.276103496551514,4.062392234802246
WG1_Weilburger_Grenze,20251007_154932.jpg,278_G50_R4S_449_5_38,3.0,,,True,10,0.025671725591434342,139.70235568132597,5.141666889190674,4.800051212310791,5.283553123474121,6.139349937438965,5.375494956970215,5.668076992034912,7.439823627471924,7.340484142303467,7.070058822631836,5.638064384460449,5.471899509429932,6.538638591766357,4.741636753082275,4.463210105895996,5.205704212188721,5.549232482910156
WG1_Weilburger_Grenze,20251007_154939.jpg,278_G50_R4S_449_5_38,9.0,,,True,9,0.024608850322585574,136.53096641409607,5.868385314941406,6.218636989593506,5.582897663116455,5.534786701202393,6.158130645751953,5.644608497619629,6.222891330718994,8.427722930908203,5.619011402130127,6.036587238311768,7.162891864776611,6.125699996948242,7.035609245300293,6.545995712280273,6.7462158203125,5.917228698730469
WG1_Weilburger_Grenze,20251007_154956.jpg,279_Sobotkowski_R4S_378_5_39,2.0,,,True,6,0.030135649614486355,134.79539303196083,4.452179431915283,4.462292194366455,3.8774819374084473,3.6853044033050537,4.2592597007751465,3.668212890625,4.092395782470703,4.7903594970703125,3.6228253841400146,4.077075958251953,4.32658052444458,3.7643306255340576,5.298825263977051,4.538618087768555,4.503275394439697,4.465754508972168
WG1_Weilburger_Grenze,20251007_155002.jpg,279_Sobotkowski_R4S_378_5_39,2.0,,,True,12,0.03216540098642345,137.56814227503864,3.3182778358459473,3.6582391262054443,3.3907651901245117,3.2840192317962646,3.7344441413879395,3.5851831436157227,3.6005067825317383,3.881204843521118,3.302360773086548,3.614105701446533,3.516176223754883,3.3217825889587402,3.4066362380981445,3.4182000160217285,3.652951955795288,3.4954872131347656
WG1_Weilburger_Grenze,20251007_155011.jpg,279_Sobotkowski_R4S_378_5_39,20.0,,,True,7,0.03171457045284312,141.0212546602513,6.112823009490967,6.447981357574463,6.1850972175598145,8.145988464355469,8.222918510437012,8.486392974853516,8.038917541503906,7.400103569030762,6.384944915771484,6.570507526397705,5.652469635009766,6.467338562011719,5.992498397827148,5.948792934417725,6.602550029754639,6.275583267211914
WG1_Weilburger_Grenze,20251007_155028.jpg,280_Wotan_R4S_227_5_40,3.0,,,True,6,0.016776275918565238,135.7524231063408,4.273067474365234,4.3078436851501465,3.967761516571045,3.745138645172119,4.260990142822266,3.7521424293518066,4.112149238586426,4.265139102935791,3.6605489253997803,3.674041748046875,4.131153583526611,3.7844631671905518,4.624415397644043,4.211941242218018,4.597620964050293,4.475808620452881
WG1_Weilburger_Grenze,20251007_155034.jpg,280_Wotan_R4S_227_5_40,5.0,,,True,5,0.02250347385003949,136.74941556960582,2.420354127883911,2.5087080001831055,2.2271008491516113,1.982560157775879,2.198275566101074,1.9673629999160767,3.078587055206299,3.1435179710388184,2.753887176513672,2.510357618331909,2.6560404300689697,2.4167251586914062,2.7385401725769043,2.436616897583008,2.623508930206299,2.530951976776123
WG1_Weilburger_Grenze,20251007_155039.jpg,280_Wotan_R4S_227_5_40,1.0,,,True,8,0.03355499289033138,139.00721010260125,3.1236329078674316,3.4487836360931396,2.964327335357666,3.064753532409668,3.972261428833008,3.3355588912963867,3.8215525150299072,4.245337963104248,3.341824531555176,3.309185028076172,3.5533447265625,3.0927388668060303,3.4907262325286865,3.1236891746520996,3.4824154376983643,3.233858585357666
WG1_Weilburger_Grenze,20251007_155055.jpg,281_Mohican_R4S_202_5_41,2.0,,,False,26,0.015329666666666667,141.96684375,5.607348918914795,5.790792942047119,5.169598579406738,5.891618728637695,6.486780643463135,5.803218841552734,6.074337005615234,6.656954288482666,4.901514530181885,6.144955635070801,5.630724906921387,6.0616865158081055,5.652021884918213,5.305095672607422,5.411531925201416,5.806617736816406
WG1_Weilburger_Grenze,20251007_155100.jpg,281_Mohican_R4S_202_5_41,2.0,,,False,22,0.020688166666666667,136.69318716666666,4.221636772155762,4.088858604431152,3.7788748741149902,3.559495449066162,3.8147034645080566,3.440613269805908,4.596161842346191,5.363440990447998,3.913236379623413,4.284530162811279,4.5029802322387695,4.1802167892456055,4.364965438842773,3.8561019897460938,4.143074035644531,4.435539245605469
WG1_Weilburger_Grenze,20251007_155107.jpg,281_Mohican_R4S_202_5_41,3.0,,,True,9,0.03657026251788728,134.40191193362296,4.362897872924805,4.234958171844482,4.010645389556885,7.060242652893066,7.121672630310059,6.990446090698242,5.653471946716309,6.479403495788574,5.073540210723877,5.45206880569458,6.583888053894043,5.975410461425781,5.229240417480469,4.659854412078857,4.866334915161133,4.582520484924316
WG1_Weilburger_Grenze,20251007_155124.jpg,282_Taisetsu_R4S_524_5_42,2.0,,,True,4,0.01451444558804343,134.11353004156302,11.624090194702148,11.496877670288086,11.312698364257812,8.968860626220703,9.284965515136719,8.948715209960938,10.473978042602539,12.091185569763184,10.86378002166748,10.009921073913574,11.309496879577637,10.26682186126709,13.363533020019531,12.81407356262207,12.854854583740234,11.69756031036377
WG1_Weilburger_Grenze,20251007_155128.jpg,282_Taisetsu_R4S_524_5_42,2.0,,,True,8,0.031211972821141167,137.9041231707548,3.8153491020202637,4.191474914550781,3.830510139465332,3.4782018661499023,3.627596139907837,3.4345920085906982,3.027522087097168,3.4713001251220703,2.973378896713257,2.8577284812927246,2.9726104736328125,2.673053741455078,3.8243141174316406,3.9718093872070312,4.47463846206665,4.044935703277588
WG1_Weilburger_Grenze,20251007_155135.jpg,282_Taisetsu_R4S_524_5_42,4.0,,,True,10,0.03714034112222882,137.367090830245,2.6723852157592773,2.736178159713745,2.734062910079956,3.720433235168457,3.7558631896972656,3.6300148963928223,3.3946235179901123,3.882498025894165,3.1547367572784424,3.1391215324401855,3.415114402770996,3.1673595905303955,2.6910104751586914,2.5340933799743652,3.031567096710205,2.859187364578247
WG1_Weilburger_Grenze,20251007_155152.jpg,283_HANSEN X GASPARD DH LINE_R4S_222_5_43,18.0,,,False,17,0.013589916666666667,141.48332525,5.522390365600586,5.7440690994262695,5.381227970123291,5.95869779586792,6.815652847290039,5.999776840209961,6.011802673339844,6.2677531242370605,5.202839374542236,5.751501560211182,5.570312976837158,5.4715752601623535,5.3216552734375,5.209323406219482,5.697732448577881,5.768754005432129
WG1_Weilburger_Grenze,20251007_155157.jpg,283_HANSEN X GASPARD DH LINE_R4S_222_5_43,3.0,,,False,21,0.020560833333333334,139.64036883333333,5.18048095703125,5.434203624725342,5.102025985717773,6.325384140014648,6.862184524536133,6.314844131469727,7.266597270965576,8.06751823425293,6.214616775512695,7.551668643951416,6.612950325012207,7.063608646392822,4.848534107208252,5.014475345611572,5.392421722412109,5.4386467933654785
WG1_Weilburger_Grenze,20251007_155202.jpg,283_HANSEN X GASPARD DH LINE_R4S_222_5_43,7.0,,,True,11,0.03555883418478518,134.62799395145413,5.267061233520508,5.359523773193359,4.920892238616943,6.264730453491211,6.968860626220703,6.52235746383667,4.8533501625061035,5.662600517272949,4.467934608459473,4.778416633605957,4.9961395263671875,4.77038049697876,6.1301069259643555,5.520941734313965,5.999459266662598,5.286214828491211
WG1_Weilburger_Grenze,20251007_155219.jpg,284_Gross-Luesewitzer_R4S_393_5_44,4.0,,,True,7,0.04336845010568742,131.9158456336847,3.4079275131225586,3.560649871826172,3.2905795574188232,4.030455112457275,4.442000389099121,4.080334186553955,4.396970748901367,4.930253505706787,4.075244426727295,4.2522735595703125,4.31406307220459,4.163166522979736,3.5475053787231445,3.5445828437805176,3.960150957107544,3.6718063354492188
WG1_Weilburger_Grenze,20251007_155225.jpg,284_Gross-Luesewitzer_R4S_393_5_44,3.0,,,True,13,0.05692811540979147,129.53964926933767,3.789642810821533,3.7856497764587402,3.458806276321411,5.855367660522461,5.84924840927124,5.549528121948242,4.3875203132629395,4.68903923034668,4.470645904541016,4.085591793060303,4.533238410949707,4.044201850891113,4.028862476348877,3.7562103271484375,4.213947296142578,3.8983750343322754
WG1_Weilburger_Grenze,20251007_155232.jpg,284_Gross-Luesewitzer_R4S_393_5_44,1.0,,,True,11,0.08462861293398043,132.77482317028947,4.092234134674072,4.5948710441589355,3.783090114593506,4.347354412078857,4.833617210388184,4.229349613189697,4.549646854400635,5.384620189666748,4.485143184661865,4.177060127258301,4.438050270080566,4.343163967132568,4.334478855133057,4.383396625518799,4.718017578125,4.302920818328857
WG1_Weilburger_Grenze,20251007_155252.jpg,285_RAGGED JACK_R4S_306_5_45,3.0,,,True,7,0.012630188259074636,132.49186591037565,2.9678356647491455,2.8940272331237793,3.042931079864502,2.4786128997802734,2.2753195762634277,2.2849860191345215,3.613537549972534,4.072185039520264,3.3967370986938477,3.2655603885650635,3.46150279045105,3.2948594093322754,2.806305408477783,2.7304282188415527,2.892111301422119,3.1664700508117676
WG1_Weilburger_Grenze,20251007_155256.jpg,285_RAGGED JACK_R4S_306_5_45,2.0,,,True,11,0.018343239794185305,135.06130909516577,5.201724529266357,5.019024848937988,5.130192756652832,5.146248817443848,4.8968706130981445,4.472564697265625,5.512642860412598,5.232691764831543,4.662467002868652,4.737305641174316,4.668373107910156,5.083073139190674,4.862157821655273,5.077030181884766,5.1737470626831055,5.566134452819824
WG1_Weilburger_Grenze,20251007_155301.jpg,285_RAGGED JACK_R4S_306_5_45,2.0,,,True,11,0.01935001336169344,131.53975972850776,3.21128511428833,3.1351475715637207,3.297171115875244,3.8245110511779785,3.670989990234375,3.718792200088501,4.120789527893066,3.413121461868286,3.425837755203247,3.290034055709839,3.471057176589966,3.3191471099853516,3.363070487976074,3.2911839485168457,3.533406972885132,3.409497022628784
WG1_Weilburger_Grenze,20251007_155319.jpg,286_K26-96_R4S_293_5_46,3.0,,,True,9,0.041794874554892454,133.3697887113499,4.1543803215026855,4.066065788269043,4.114473342895508,5.615678787231445,5.465451240539551,5.251124382019043,5.726029872894287,5.3767876625061035,5.598280429840088,4.6931562423706055,4.8605475425720215,5.016086101531982,4.033656120300293,3.940018653869629,4.462689399719238,4.289341926574707
WG1_Weilburger_Grenze,20251007_155325.jpg,286_K26-96_R4S_293_5_46,1.0,,,True,6,0.0305361358344996,132.37213290774108,5.118612289428711,5.249505996704102,4.7837677001953125,7.424178600311279,8.862556457519531,7.924656867980957,6.967608451843262,7.219654083251953,6.038182258605957,6.842433452606201,6.095470428466797,5.501842975616455,5.521879196166992,5.350902557373047,5.537835121154785,5.27944278717041
WG1_Weilburger_Grenze,20251007_155330.jpg,286_K26-96_R4S_293_5_46,2.0,,,False,27,0.016971666666666666,138.07275908333332,5.443350791931152,5.869760513305664,5.250744819641113,5.573308944702148,6.04489803314209,5.536059379577637,6.0403900146484375,6.382194995880127,5.135453224182129,5.897225379943848,5.487550735473633,5.570353984832764,5.260622024536133,5.476450443267822,5.761160850524902,5.58100700378418
WG1_Weilburger_Grenze,20251007_155347.jpg,287_Best of All_RAS_320_5_47,1.0,,,False,30,0.008777833333333334,142.5778695,9.71044635772705,10.08481216430664,9.71031665802002,7.124063491821289,7.314594268798828,6.751986503601074,10.647086143493652,10.526308059692383,8.91834831237793,10.82043743133545,9.781062126159668,10.361360549926758,8.583818435668945,9.228625297546387,9.471139907836914,10.382402420043945
WG1_Weilburger_Grenze,20251007_155353.jpg,287_Best of All_RAS_320_5_47,3.0,,,True,5,0.01618087000816272,136.57845918744403,6.872121334075928,7.058155536651611,6.855123996734619,4.262331485748291,4.069367408752441,4.10131311416626,4.538768291473389,4.25374174118042,4.014935493469238,4.030420303344727,3.8579013347625732,4.0590901374816895,6.293242454528809,6.908236503601074,7.083093166351318,7.235711574554443
WG1_Weilburger_Grenze,20251007_155359.jpg,287_Best of All_RAS_320_5_47,9.0,,,True,7,0.011191081272442218,140.57936959490215,2.8090879917144775,2.6926701068878174,2.7516348361968994,2.557826042175293,2.554798126220703,2.367737054824829,4.111103534698486,3.7894468307495117,3.5022671222686768,3.4374070167541504,3.5954270362854004,3.2975211143493652,2.157226085662842,2.260626792907715,2.5235137939453125,2.986602783203125
WG1_Weilburger_Grenze,20251007_155420.jpg,288_K306_R4S_447_5_48,6.0,,,True,8,0.036170938894784274,137.87207418585925,6.630850791931152,6.920854568481445,6.2851057052612305,8.487396240234375,9.27037239074707,8.758485794067383,7.863339900970459,8.645547866821289,6.596567630767822,7.632124423980713,7.622236251831055,7.462778091430664,7.630931377410889,7.3595757484436035,7.671070098876953,7.0024943351745605
WG1_Weilburger_Grenze,20251007_155426.jpg,288_K306_R4S_447_5_48,4.0,,,True,7,0.023041462481747505,135.50257648085574,3.2552003860473633,3.3957645893096924,3.167311668395996,3.118468761444092,3.5025877952575684,3.1108016967773438,3.5885236263275146,3.6938178539276123,3.350358724594116,3.5041556358337402,3.487297534942627,3.286952257156372,3.338191270828247,3.3054542541503906,3.4927573204040527,3.443387746810913
WG1_Weilburger_Grenze,20251007_155433.jpg,288_K306_R4S_447_5_48,31.0,,,True,8,0.012351356290937818,145.18837466441775,15.434825897216797,15.908027648925781,14.313957214355469,20.621992111206055,20.809385299682617,20.337053298950195,19.043670654296875,23.122543334960938,19.423542022705078,18.945598602294922,20.275236129760742,20.01314353942871,16.807029724121094,16.803852081298828,15.395112991333008,14.950647354125977
WG1_Weilburger_Grenze,20251007_155448.jpg,289_LICROWN X EXPRESS DH LINE_R4S_193_5_49,3.0,,,False,23,0.0133005,143.674334,7.588115692138672,8.043863296508789,7.261257171630859,6.438332557678223,7.135148048400879,6.3372297286987305,7.763348579406738,8.509167671203613,6.727442741394043,7.601912975311279,7.101139545440674,7.582716464996338,7.956645488739014,7.627122402191162,7.932194709777832,7.863659858703613
WG1_Weilburger_Grenze,20251007_155453.jpg,289_LICROWN X EXPRESS DH LINE_R4S_193_5_49,3.0,,,True,9,0.034235753623547166,137.04242351186215,4.085184097290039,4.384833812713623,3.706116199493408,6.7835540771484375,7.464206695556641,6.253607749938965,5.080511569976807,5.772397041320801,4.1283698081970215,5.3856306076049805,5.531582355499268,4.8896260261535645,4.405878067016602,4.119276523590088,4.16654634475708,4.143671989440918
WG1_Weilburger_Grenze,20251007_155459.jpg,289_LICROWN X EXPRESS DH LINE_R4S_193_5_49,5.0,,,True,8,0.029738179690642484,143.58929842826078,8.48408317565918,8.397125244140625,7.44594669342041,7.587144374847412,8.379261016845703,7.639719486236572,7.646788597106934,8.594685554504395,6.977962017059326,6.732141017913818,7.915802955627441,6.864052772521973,9.658577919006348,8.742166519165039,9.106023788452148,8.33793830871582
WG1_Weilburger_Grenze,20251007_155516.jpg,290_GRUENER SCHNITTKOHL_R4S_356_5_50,7.0,,,True,5,0.02662120509873446,136.66123822845373,3.6747303009033203,3.5593268871307373,3.6982951164245605,3.0139691829681396,3.277944326400757,3.075223922729492,4.213165760040283,4.177002429962158,3.760068893432617,3.3742148876190186,3.7111337184906006,3.477808952331543,3.7840685844421387,3.460404634475708,3.894557476043701,4.1694841384887695
WG1_Weilburger_Grenze,20251007_155520.jpg,290_GRUENER SCHNITTKOHL_R4S_356_5_50,8.0,,,True,6,0.02411042418917616,139.19305321918762,6.290350914001465,5.967169761657715,5.47888708114624,6.49147891998291,7.010560989379883,6.311856746673584,6.875023365020752,7.512163162231445,5.995169162750244,6.0357136726379395,6.67624568939209,5.90848445892334,7.67349100112915,6.196284770965576,6.455819129943848,6.306770324707031
WG1_Weilburger_Grenze,20251007_155529.jpg,290_GRUENER SCHNITTKOHL_R4S_356_5_50,2.0,,,True,9,0.03557189316023065,142.59484334056384,3.907534599304199,3.7560572624206543,4.01393985748291,6.408915996551514,6.239881992340088,6.274885177612305,6.576605319976807,5.148900508880615,4.90223503112793,5.49147891998291,5.028606414794922,5.648006916046143,3.3989603519439697,3.3443498611450195,4.039213180541992,4.457342624664307
WG1_Weilburger_Grenze,20251007_155547.jpg,291_S17_R4S_456_5_51,18.0,,,True,5,0.018792149771300927,139.92570418040634,5.28712797164917,5.116025924682617,4.732538223266602,4.764589786529541,5.241186141967773,4.888758659362793,5.016900062561035,5.867319583892822,4.877954006195068,4.471589088439941,5.321004867553711,4.4977850914001465,6.197112560272217,4.863511085510254,5.519438743591309,5.327478885650635
WG1_Weilburger_Grenze,20251007_155554.jpg,291_S17_R4S_456_5_51,18.0,,,True,10,0.05888083775237375,139.37239290773215,5.322105407714844,5.581909656524658,4.927851676940918,5.195087432861328,6.043163299560547,5.222934722900391,5.648689270019531,6.408129692077637,5.161457538604736,5.360537528991699,5.873547554016113,5.104739665985107,5.98189115524292,5.651147365570068,5.821816444396973,5.414884567260742
WG1_Weilburger_Grenze,20251007_155559.jpg,291_S17_R4S_456_5_51,30.0,,,True,7,0.045399749703702,143.40663793052755,4.871276378631592,4.674038887023926,4.428243637084961,5.8528547286987305,6.28179407119751,5.86207389831543,4.951513767242432,5.282860279083252,4.89272403717041,4.403719902038574,4.775656700134277,4.393102645874023,5.44145393371582,4.753996849060059,5.446577072143555,4.95412540435791
WG1_Weilburger_Grenze,20251007_155615.jpg,292_R31_R4S_516_5_52,19.0,,,True,4,0.020336387040013462,140.47071658257522,3.334660530090332,3.3969483375549316,3.041455030441284,3.5332818031311035,3.8201637268066406,3.4514527320861816,3.7645578384399414,3.6187376976013184,3.472219705581665,3.110077142715454,3.5715115070343018,3.148989677429199,3.636343002319336,3.4114456176757812,3.5815951824188232,3.3858425617218018
WG1_Weilburger_Grenze,20251007_155620.jpg,292_R31_R4S_516_5_52,2.0,,,True,11,0.03566807141483204,139.28901017713815,4.063241958618164,3.945058584213257,3.884309768676758,4.169260025024414,4.65255069732666,4.307634353637695,5.048590660095215,5.144566059112549,4.412020206451416,4.8985915184021,4.304781913757324,3.97101092338562,3.9881105422973633,3.6514604091644287,4.142312049865723,4.32275915145874
WG1_Weilburger_Grenze,20251007_155625.jpg,292_R31_R4S_516_5_52,12.0,,,True,8,0.03448790350041303,144.68706412493833,7.603580474853516,7.568939208984375,7.5864081382751465,7.145474910736084,7.220452308654785,7.350735664367676,7.768012046813965,8.95268726348877,7.292474269866943,6.861911773681641,6.799365520477295,7.056781768798828,8.067919731140137,7.4186506271362305,8.365853309631348,8.062037467956543
WG1_Weilburger_Grenze,20251007_155642.jpg,293_Moldavia_R4S_383_5_53,2.0,,,True,5,0.02851314242557475,140.33824456004888,3.351376533508301,3.271617889404297,3.124540328979492,4.702967643737793,5.2120561599731445,4.72746467590332,4.843522071838379,4.6023454666137695,4.377042293548584,4.3847126960754395,4.522275447845459,4.2828569412231445,3.8605480194091797,3.3394508361816406,3.623793601989746,3.524707794189453
WG1_Weilburger_Grenze,20251007_155647.jpg,293_Moldavia_R4S_383_5_53,2.0,,,True,10,0.03919369486456217,140.63970264971007,3.669630527496338,3.802732229232788,3.453681468963623,2.589301109313965,2.8556008338928223,2.4764492511749268,3.2363991737365723,3.2762820720672607,2.9234116077423096,2.547595500946045,3.1709139347076416,2.718097448348999,3.767712116241455,3.6430282592773438,3.693361520767212,3.7986533641815186
WG1_Weilburger_Grenze,20251007_155652.jpg,293_Moldavia_R4S_383_5_53,3.0,,,True,10,0.04933256870896564,142.93336701069467,3.0243616104125977,2.872415781021118,2.825974941253662,2.584216594696045,2.843062400817871,2.629696846008301,3.441843032836914,3.9038472175598145,3.278897762298584,3.017348051071167,3.3325557708740234,3.0001564025878906,3.1464736461639404,2.6196582317352295,3.017958402633667,3.2390317916870117
WG1_Weilburger_Grenze,20251007_155708.jpg,294_Beluga_R4S_232_5_54,3.0,,,True,7,0.03084198929807995,141.69890672542232,3.305478096008301,3.197093963623047,3.0292952060699463,2.878469467163086,3.1174473762512207,2.758723020553589,3.9553449153900146,4.171539783477783,3.646286964416504,3.328148603439331,3.6885547637939453,3.341712713241577,3.411876916885376,2.9200551509857178,3.298175811767578,3.5756545066833496
WG1_Weilburger_Grenze,20251007_155714.jpg,294_Beluga_R4S_232_5_54,3.0,,,True,8,0.039058012336472804,140.7323302899468,4.601477146148682,4.367908477783203,4.996870040893555,6.358290672302246,5.9758806228637695,5.906920433044434,7.074160099029541,5.799225807189941,5.7772932052612305,5.757009029388428,4.809206485748291,5.620363235473633,3.9156265258789062,4.175207138061523,5.05082893371582,5.482196807861328
WG1_Weilburger_Grenze,20251007_155719.jpg,294_Beluga_R4S_232_5_54,6.0,,,True,9,0.020401012284058797,143.73340795419125,4.8285298347473145,4.9181013107299805,4.537050247192383,5.449251651763916,5.485383033752441,5.1195173263549805,4.901910781860352,4.89469575881958,4.297754764556885,4.748139381408691,4.7230224609375,4.8440423011779785,5.009032249450684,4.910598278045654,5.193681240081787,4.945005416870117
WG1_Weilburger_Grenze,20251007_155736.jpg,295_Falstaff_R4S_171_5_55,5.0,,,True,10,0.0362918736479863,143.1842404319826,4.5045976638793945,4.624256610870361,4.142935276031494,6.990499973297119,7.574522972106934,7.217808723449707,4.997010231018066,4.89765739440918,4.62844181060791,5.056746482849121,4.7295756340026855,4.974565029144287,5.471890449523926,4.681734085083008,4.879424571990967,4.644085884094238
WG1_Weilburger_Grenze,20251007_155742.jpg,295_Falstaff_R4S_171_5_55,9.0,,,False,31,0.014594916666666667,139.53182675,6.638571739196777,7.205323696136475,6.331934928894043,5.219132423400879,5.7673420906066895,5.221866607666016,6.151486396789551,7.532639980316162,5.448784828186035,6.16402006149292,6.372649192810059,6.055377006530762,6.911688804626465,6.638439655303955,6.662516117095947,6.708843231201172
WG1_Weilburger_Grenze,20251007_155750.jpg,295_Falstaff_R4S_171_5_55,30.0,,,False,24,0.010289166666666667,148.30182075,8.470577239990234,9.19790267944336,8.075109481811523,7.727054595947266,8.298202514648438,7.7716474533081055,9.52725887298584,10.165154457092285,8.561408996582031,8.71809196472168,8.57121753692627,8.893898963928223,9.081754684448242,8.541765213012695,8.711688041687012,8.564562797546387
WG1_Weilburger_Grenze,20251007_155807.jpg,296_Hollandse Gele Roodkop_R4S_332_5_56,14.0,,,False,16,0.0060170833333333335,148.28478933333332,7.796977996826172,8.296555519104004,7.531886100769043,6.3136186599731445,6.5861406326293945,6.266521453857422,9.185587882995605,9.427496910095215,7.869096755981445,8.840744018554688,7.9207940101623535,9.122735977172852,7.347612380981445,7.259729385375977,7.635504722595215,8.112119674682617
WG1_Weilburger_Grenze,20251007_155813.jpg,296_Hollandse Gele Roodkop_R4S_332_5_56,2.0,,,True,10,0.019082753668902316,140.8093286199283,7.770854949951172,8.127508163452148,7.5784173011779785,4.065818786621094,4.08109712600708,4.007446765899658,5.712396144866943,6.138108253479004,4.82236909866333,5.5136823654174805,5.575340270996094,5.393873691558838,7.932799339294434,7.992140769958496,7.933937072753906,7.822397708892822
WG1_Weilburger_Grenze,20251007_155819.jpg,296_Hollandse Gele Roodkop_R4S_332_5_56,12.0,,,False,25,0.007641166666666667,150.2573785,8.54024600982666,8.651455879211426,8.168256759643555,6.449383735656738,6.497945308685303,6.195494651794434,9.428518295288086,9.000882148742676,7.928942680358887,8.742814064025879,8.187007904052734,9.340922355651855,7.808913230895996,7.6837849617004395,8.202752113342285,8.978550910949707
WG1_Weilburger_Grenze,20251007_155834.jpg,297_L122_R4S_429_5_57,4.0,,,True,5,0.027514537333558065,140.99160100286534,3.980597972869873,3.717684745788574,3.74332332611084,4.353447914123535,4.812551975250244,4.48820686340332,5.00437593460083,5.494343280792236,4.412753582000732,4.452855587005615,5.078554153442383,4.358637809753418,4.487712860107422,3.8738930225372314,4.315740585327148,4.180393218994141
WG1_Weilburger_Grenze,20251007_155839.jpg,297_L122_R4S_429_5_57,2.0,,,True,5,0.023094731479261568,138.34987488012467,3.459533214569092,3.1941778659820557,3.3012781143188477,2.810880184173584,2.915977954864502,2.6447136402130127,4.3674397468566895,4.589037895202637,4.152796745300293,3.5648417472839355,4.327169418334961,3.5985875129699707,3.8491344451904297,3.334507942199707,3.8395938873291016,3.8419687747955322
WG1_Weilburger_Grenze,20251007_155845.jpg,297_L122_R4S_429_5_57,31.0,,,True,6,0.021102272593571877,143.56761572878193,12.109443664550781,12.639381408691406,10.288528442382812,11.670944213867188,14.06386661529541,12.799283981323242,9.427361488342285,11.027507781982422,8.708420753479004,9.88064956665039,10.184929847717285,9.209244728088379,15.129252433776855,13.809511184692383,13.121018409729004,11.430646896362305
WG1_Weilburger_Grenze,20251007_155902.jpg,298_Orlando_R4S_228_5_58,17.0,,,True,7,0.024638915147340765,146.46003625838873,3.9137024879455566,3.753000497817993,4.126431465148926,4.795336723327637,4.5341997146606445,4.445216178894043,5.971463203430176,5.940737724304199,5.1860527992248535,5.139828205108643,4.876890182495117,5.175857067108154,3.8016812801361084,3.553306818008423,4.1867828369140625,4.36586856842041
WG1_Weilburger_Grenze,20251007_155907.jpg,298_Orlando_R4S_228_5_58,4.0,,,True,8,0.019914596481804752,139.49973573250975,6.254003047943115,6.291316032409668,5.87365198135376,4.514331817626953,4.869045257568359,4.359818458557129,4.464822769165039,5.065856456756592,3.8624014854431152,4.28179407119751,4.0241804122924805,3.8920109272003174,6.880199432373047,6.57125997543335,6.483292102813721,6.247535228729248
WG1_Weilburger_Grenze,20251007_155913.jpg,298_Orlando_R4S_228_5_58,5.0,,,True,10,0.025424988239319164,146.39437304879613,7.615281581878662,7.401991844177246,7.604008674621582,8.28722095489502,8.33430290222168,8.087424278259277,7.823981285095215,6.967719078063965,6.762065887451172,6.663880348205566,7.3890380859375,7.586984157562256,8.337125778198242,7.890366554260254,8.236688613891602,7.91012716293335
WG1_Weilburger_Grenze,20251007_155930.jpg,299_Doral_R4S_272_5_59,1.0,,,True,8,0.03794894249561098,147.55862182831495,5.528662204742432,5.895989894866943,6.641139030456543,9.121989250183105,10.200079917907715,8.811141967773438,12.379437446594238,11.537172317504883,12.265983581542969,10.515302658081055,9.746075630187988,12.559823989868164,4.928112030029297,6.013248443603516,6.523827075958252,6.688304901123047
WG1_Weilburger_Grenze,20251007_155935.jpg,299_Doral_R4S_272_5_59,2.0,,,True,7,0.0376328144304423,142.57693299384408,3.1577205657958984,3.079089641571045,2.8532156944274902,3.3763396739959717,3.8740484714508057,3.354928970336914,3.773073196411133,4.094295024871826,3.3428993225097656,3.3328545093536377,3.506075859069824,3.118105888366699,3.3878908157348633,2.8044188022613525,3.0475192070007324,3.3060030937194824
WG1_Weilburger_Grenze,20251007_155940.jpg,299_Doral_R4S_272_5_59,4.0,,,True,7,0.05025031121939231,146.27946005438994,5.626116752624512,5.961397171020508,4.976128578186035,5.326661109924316,6.2450361251831055,5.579840183258057,4.535393238067627,4.964602947235107,4.084385395050049,4.283851623535156,4.670344829559326,4.362200736999512,7.3656907081604,6.318805694580078,5.968961238861084,5.627984046936035
WG1_Weilburger_Grenze,20251007_155956.jpg,300_Duell_R4S_180_5_60,6.0,,,True,9,0.0430780544306118,145.17976132443377,5.150094985961914,5.19532585144043,4.89285135269165,6.001319885253906,6.77369499206543,6.313368797302246,6.601638317108154,7.270325660705566,5.703380107879639,5.661298751831055,5.623732089996338,5.959397792816162,5.537452220916748,5.165384292602539,5.538619041442871,5.31391716003418
WG1_Weilburger_Grenze,20251007_160001.jpg,300_Duell_R4S_180_5_60,15.0,,,True,10,0.031177396913054264,141.43040566047912,5.778912544250488,5.961600303649902,6.3708391189575195,3.998180866241455,4.2634992599487305,4.09071159362793,7.194516181945801,7.354957580566406,6.601988315582275,6.340753078460693,6.7081170082092285,6.109325885772705,5.001413345336914,5.458490371704102,6.592497825622559,6.47568941116333
WG1_Weilburger_Grenze,20251007_160007.jpg,300_Duell_R4S_180_5_60,16.0,,,False,21,0.014629666666666666,146.58549616666667,6.679054260253906,6.716423034667969,6.1508684158325195,6.708428382873535,7.301344394683838,6.547502040863037,7.5344672203063965,7.985672473907471,6.534296035766602,6.80712366104126,6.977616786956787,6.942798137664795,7.037035942077637,6.403653144836426,6.705862045288086,6.7791619300842285
DSV_Trial_1,IMG_2531.JPG,1_R4S_470_A4C34_1_1,20.0,,,False,20,0.008937916666666667,120.597052,15.181208610534668,14.726207733154297,13.154136657714844,17.597312927246094,16.99830436706543,16.846240997314453,14.026498794555664,13.029509544372559,11.061563491821289,13.403860092163086,12.71013069152832,13.83016300201416,14.949310302734375,14.802082061767578,15.21006965637207,15.473855972290039
DSV_Trial_1,IMG_2532.JPG,1_R4S_470_A4C34_1_1,36.0,,,False,25,0.013558166666666666,110.99606633333333,13.498262405395508,12.781848907470703,11.676421165466309,17.1357364654541,16.349170684814453,16.85235023498535,14.462547302246094,15.766440391540527,12.289763450622559,15.122459411621094,14.424437522888184,14.915204048156738,13.44113540649414,12.627899169921875,13.5925931930542,13.43509292602539
DSV_Trial_1,IMG_2533.JPG,1_R4S_470_A4C34_1_1,3.0,,,False,22,0.01584525,117.319587,9.076818466186523,8.51091194152832,8.37397575378418,15.682340621948242,14.005661010742188,15.718547821044922,13.584981918334961,10.823022842407227,9.749741554260254,12.365062713623047,9.560189247131348,12.408052444458008,8.498566627502441,8.642348289489746,9.727466583251953,9.504164695739746
DSV_Trial_1,IMG_2534.JPG,2_R4S_212_Askari_1_2,35.0,,,False,14,0.018674333333333334,118.21379033333334,13.569804191589355,13.741227149963379,11.982195854187012,19.703847885131836,19.89689826965332,19.979110717773438,16.918437957763672,16.882282257080078,15.330924034118652,16.09952735900879,13.911048889160156,14.447842597961426,13.007674217224121,13.596153259277344,14.316418647766113,13.74224853515625
DSV_Trial_1,IMG_2535.JPG,2_R4S_212_Askari_1_2,22.0,,,False,23,0.014729333333333334,118.07293583333333,11.282306671142578,11.328706741333008,11.044758796691895,19.601051330566406,18.556814193725586,19.816028594970703,19.07699203491211,14.212259292602539,16.035762786865234,17.819374084472656,14.439493179321289,16.676298141479492,9.454641342163086,10.19163703918457,11.753222465515137,11.690805435180664
DSV_Trial_1,IMG_2536.JPG,2_R4S_212_Askari_1_2,10.0,,,False,34,0.019959666666666667,123.69984275,9.49925422668457,9.376530647277832,8.930978775024414,20.95590591430664,19.94720458984375,20.830602645874023,17.422182083129883,14.58570671081543,13.511021614074707,21.090490341186523,13.012202262878418,18.52165985107422,9.385269165039062,9.031219482421875,10.31460952758789,9.94941520690918
DSV_Trial_1,IMG_2537.JPG,3_R4S_291_Wolynski_1_3,3.0,,,False,16,0.017355333333333334,117.11994283333334,8.572147369384766,9.238826751708984,7.728141784667969,19.12714958190918,19.283920288085938,19.75206756591797,13.259347915649414,9.369756698608398,9.861311912536621,12.601515769958496,8.273298263549805,11.07189655303955,9.030973434448242,9.2973051071167,9.090109825134277,8.784873962402344
DSV_Trial_1,IMG_2538.JPG,3_R4S_291_Wolynski_1_3,8.0,,,False,23,0.017440583333333332,124.76569683333334,9.35814380645752,9.40908145904541,8.312527656555176,19.892566680908203,19.9299373626709,20.808332443237305,13.441326141357422,10.001212120056152,9.987666130065918,12.885393142700195,9.999364852905273,12.287869453430176,9.788818359375,9.867507934570312,9.859408378601074,9.596117973327637
DSV_Trial_1,IMG_2539.JPG,3_R4S_291_Wolynski_1_3,1.0,,,False,23,0.024085833333333334,120.7120595,10.065713882446289,10.521700859069824,9.346811294555664,19.01235580444336,19.12820816040039,19.462968826293945,15.284236907958984,13.09052848815918,12.520302772521973,15.809053421020508,11.601983070373535,13.833418846130371,10.473156929016113,10.62288761138916,11.054937362670898,10.468737602233887
DSV_Trial_1,IMG_2540.JPG,4_R4S_387_Lirafit_1_4,1.0,,,False,15,0.00863275,119.83078516666667,13.173200607299805,14.011889457702637,11.419504165649414,18.277408599853516,18.68457794189453,17.855693817138672,17.288673400878906,14.560710906982422,12.976119995117188,15.785825729370117,13.172040939331055,14.6558837890625,14.049617767333984,14.248806953430176,13.469375610351562,13.823921203613281
DSV_Trial_1,IMG_2541.JPG,4_R4S_387_Lirafit_1_4,30.0,,,False,18,0.0066556666666666665,117.72484366666667,18.38449478149414,18.72502899169922,16.190956115722656,20.30017852783203,20.787384033203125,20.24322509765625,23.561229705810547,22.994308471679688,20.589908599853516,21.385042190551758,19.981327056884766,21.349517822265625,17.51498794555664,19.2855224609375,19.20174789428711,18.89598846435547
DSV_Trial_1,IMG_2542.JPG,4_R4S_387_Lirafit_1_4,20.0,,,False,18,0.006689583333333333,118.07362391666666,10.633149147033691,11.188112258911133,10.054582595825195,17.80858612060547,17.528305053710938,17.391216278076172,15.652362823486328,12.29120922088623,12.248360633850098,14.153860092163086,11.505496978759766,13.958888053894043,10.011273384094238,10.712589263916016,11.038820266723633,11.171290397644043
DSV_Trial_1,IMG_2543.JPG,5_R4S_433_SEM_1_5,8.0,,,False,17,0.01010275,132.0865825,16.19273567199707,16.852767944335938,14.306341171264648,20.94312286376953,19.916759490966797,20.567935943603516,20.688535690307617,21.99802017211914,16.477306365966797,20.762903213500977,17.81410789489746,19.254613876342773,15.362837791442871,16.061420440673828,16.63709259033203,16.18535041809082
DSV_Trial_1,IMG_2544.JPG,5_R4S_433_SEM_1_5,6.0,,,False,22,0.010201583333333333,122.29423466666667,12.762853622436523,12.690979957580566,11.978843688964844,17.451526641845703,15.645547866821289,16.78908348083496,19.09672737121582,15.867982864379883,14.210136413574219,19.527982711791992,13.621343612670898,18.145666122436523,12.789667129516602,13.026493072509766,14.144060134887695,13.076834678649902
DSV_Trial_1,IMG_2545.JPG,5_R4S_433_SEM_1_5,8.0,,,False,22,0.01913275,127.29300033333334,12.345321655273438,12.443063735961914,10.958854675292969,18.01321029663086,17.08127784729004,17.309925079345703,16.824312210083008,15.214618682861328,12.834935188293457,16.38558578491211,12.903240203857422,15.453083992004395,11.739434242248535,11.656766891479492,12.640243530273438,12.928022384643555
DSV_Trial_1,IMG_2546.JPG,6_R4S_521_Taisetsu_1_6,7.0,,,False,17,0.02111125,118.15043433333334,9.003427505493164,9.767847061157227,7.792727470397949,17.880687713623047,18.92913818359375,17.959274291992188,13.156512260437012,12.110082626342773,11.352767944335938,13.41361141204834,10.987308502197266,11.758070945739746,10.211669921875,10.062886238098145,9.512146949768066,9.23434066772461
DSV_Trial_1,IMG_2547.JPG,6_R4S_521_Taisetsu_1_6,6.0,,,False,14,0.01195625,121.22271658333334,10.60409927368164,10.57269287109375,8.829757690429688,17.496376037597656,17.899477005004883,18.110309600830078,14.866142272949219,13.772441864013672,12.453571319580078,14.510107040405273,11.778560638427734,13.80198860168457,11.987013816833496,11.50705337524414,11.135343551635742,11.029247283935547
DSV_Trial_1,IMG_2548.JPG,6_R4S_521_Taisetsu_1_6,23.0,,,False,15,0.0138995,116.503141,12.107088088989258,12.239941596984863,10.198503494262695,16.03496742248535,15.9166259765625,15.912031173706055,16.87036895751953,15.89490795135498,13.963146209716797,13.491601943969727,13.300996780395508,13.431083679199219,12.310781478881836,12.292669296264648,12.21721076965332,12.414194107055664
DSV_Trial_1,IMG_2549.JPG,7_R4S_406_S30_1_7,15.0,,,False,19,0.014959166666666667,115.15314933333333,6.871889114379883,6.93856143951416,6.324390411376953,14.34472370147705,15.159174919128418,14.546916007995605,11.370081901550293,10.558484077453613,9.648844718933105,12.058795928955078,9.023507118225098,10.105695724487305,7.234274387359619,6.95247745513916,7.020453453063965,7.295039653778076
DSV_Trial_1,IMG_2550.JPG,7_R4S_406_S30_1_7,32.0,,,False,17,0.012444083333333333,105.002479,14.990549087524414,15.059679985046387,12.847635269165039,20.320329666137695,19.953994750976562,20.496623992919922,17.810747146606445,16.163101196289062,14.098401069641113,17.060283660888672,14.937588691711426,16.528562545776367,15.336763381958008,15.656558990478516,15.333154678344727,14.937740325927734
DSV_Trial_1,IMG_2551.JPG,7_R4S_406_S30_1_7,7.0,,,False,19,0.011455666666666666,119.67126316666666,8.318375587463379,8.56800365447998,7.958901882171631,14.05961799621582,13.816438674926758,14.096134185791016,11.896162033081055,9.638590812683105,9.417304039001465,10.64785385131836,8.624175071716309,10.083868026733398,7.904479026794434,8.420498847961426,8.944190979003906,8.870697021484375
DSV_Trial_1,IMG_2552.JPG,8_R4S_427_J 154_1_8,12.0,,,False,10,0.011155083333333333,117.55224725,5.978605270385742,5.934105396270752,5.420663356781006,11.208038330078125,11.606074333190918,11.728515625,8.244829177856445,6.82002067565918,6.3074469566345215,6.812603950500488,5.6199421882629395,6.848450183868408,5.632502555847168,5.410035133361816,6.136889457702637,6.5573577880859375
DSV_Trial_1,IMG_2553.JPG,8_R4S_427_J 154_1_8,3.0,,,False,16,0.011439666666666667,120.44992808333333,4.870306968688965,5.07440710067749,4.54455041885376,10.931158065795898,11.185908317565918,10.91978645324707,7.444986820220947,6.568676948547363,5.750107288360596,7.237326145172119,5.583356857299805,6.844507217407227,4.570276260375977,4.723269462585449,5.024040222167969,5.27885627746582
DSV_Trial_1,IMG_2554.JPG,8_R4S_427_J 154_1_8,1.0,,,False,17,0.012528833333333333,128.65370858333333,6.904626369476318,7.2467474937438965,6.7706708908081055,14.91321849822998,15.200788497924805,14.606212615966797,10.669129371643066,9.52575397491455,8.119047164916992,10.015717506408691,7.585360050201416,9.702987670898438,6.383682727813721,6.458047389984131,7.074537754058838,7.360352039337158
DSV_Trial_1,IMG_2555.JPG,9_R4S_209_Falcon_1_9,30.0,,,False,15,0.010809333333333334,117.84694958333333,12.688287734985352,12.596542358398438,11.149989128112793,19.154081344604492,18.652971267700195,19.151914596557617,17.90498924255371,16.223730087280273,14.822237014770508,17.442983627319336,14.233634948730469,16.914081573486328,12.8580322265625,12.674593925476074,13.31313419342041,13.004055976867676
DSV_Trial_1,IMG_2556.JPG,9_R4S_209_Falcon_1_9,15.0,,,False,16,0.019667666666666667,86.08345091666666,26.36904525756836,25.203243255615234,23.1743106842041,18.03876495361328,16.69491195678711,17.36907958984375,22.10017967224121,19.922103881835938,17.912126541137695,21.050729751586914,18.36762809753418,21.00265121459961,24.18142318725586,25.21194076538086,25.65005111694336,27.03896713256836
DSV_Trial_1,IMG_2557.JPG,9_R4S_209_Falcon_1_9,5.0,,,False,28,0.018883083333333335,101.16035225,11.121711730957031,11.347227096557617,10.454902648925781,18.500083923339844,17.013641357421875,18.45126724243164,17.11944580078125,15.105997085571289,13.875649452209473,16.78564453125,13.361644744873047,16.833946228027344,11.083850860595703,11.59681510925293,12.506080627441406,11.452322959899902
DSV_Trial_1,IMG_2558.JPG,10_R4S_442_INL 2_1_10,20.0,,,False,14,0.007642166666666667,116.64037666666667,8.189776420593262,8.116292953491211,7.543856143951416,16.704927444458008,16.557048797607422,17.135784149169922,14.089152336120605,11.522347450256348,11.494402885437012,12.829240798950195,11.697937965393066,12.448295593261719,8.570453643798828,8.550954818725586,8.98054313659668,8.647573471069336
DSV_Trial_1,IMG_2559.JPG,10_R4S_442_INL 2_1_10,5.0,,,False,25,0.011323,116.00393575,14.173822402954102,14.412630081176758,13.55019760131836,16.79433822631836,16.7602481842041,16.591705322265625,18.020082473754883,18.33152961730957,15.195481300354004,18.706174850463867,16.02239418029785,18.153945922851562,14.400394439697266,14.705714225769043,15.653499603271484,14.794061660766602
DSV_Trial_1,IMG_2560.JPG,10_R4S_442_INL 2_1_10,10.0,,,False,23,0.009948666666666666,117.88418,11.475444793701172,11.73036003112793,11.113685607910156,17.09096908569336,16.17522621154785,15.79258918762207,17.4179630279541,15.609715461730957,15.316322326660156,17.989168167114258,13.07793140411377,17.507137298583984,10.949061393737793,10.896768569946289,12.03936767578125,11.933635711669922
DSV_Trial_1,IMG_2561.JPG,11_R4S_386_Major_1_11,5.0,,,False,13,0.015248,118.59024041666666,9.455636978149414,9.483770370483398,8.085989952087402,12.690311431884766,12.939229965209961,12.585907936096191,11.079500198364258,9.375569343566895,9.278905868530273,8.12664794921875,8.23339557647705,8.7398099899292,9.555896759033203,9.57840347290039,10.133094787597656,9.82967758178711
DSV_Trial_1,IMG_2562.JPG,11_R4S_386_Major_1_11,12.0,,,False,18,0.014930666666666667,120.52887458333333,7.301695823669434,7.247696399688721,6.242978096008301,13.295112609863281,13.01123046875,12.865737915039062,9.916484832763672,9.737828254699707,8.319990158081055,10.679707527160645,8.683255195617676,10.558262825012207,7.606575012207031,7.449596405029297,7.738068103790283,7.6372785568237305
DSV_Trial_1,IMG_2563.JPG,11_R4S_386_Major_1_11,12.0,,,False,25,0.018063,119.30356091666667,13.458812713623047,13.519877433776855,11.285758972167969,15.886676788330078,16.072551727294922,15.723190307617188,17.086008071899414,15.067148208618164,13.35422420501709,14.766560554504395,15.043926239013672,14.232955932617188,14.119294166564941,13.697761535644531,13.692455291748047,13.619729042053223
DSV_Trial_1,IMG_2564.JPG,12_R4S_437_S2_1_12,4.0,,,False,18,0.013163916666666668,122.88897366666667,11.459444046020508,12.19687271118164,11.174799919128418,18.65717315673828,19.048826217651367,18.47698402404785,20.682968139648438,15.745383262634277,18.34468650817871,17.095073699951172,15.026591300964355,17.155214309692383,10.289915084838867,11.430534362792969,12.026427268981934,12.103434562683105
DSV_Trial_1,IMG_2565.JPG,12_R4S_437_S2_1_12,8.0,,,False,25,0.0180435,116.16588058333333,12.003124237060547,12.360618591308594,10.61041259765625,17.295473098754883,16.892688751220703,16.74480628967285,15.865616798400879,13.34371280670166,12.771248817443848,16.421890258789062,12.015642166137695,15.340638160705566,12.160773277282715,12.209856986999512,12.292439460754395,12.211156845092773
DSV_Trial_1,IMG_2566.JPG,12_R4S_437_S2_1_12,8.0,,,False,19,0.025267083333333332,122.44015175,14.199766159057617,14.792184829711914,12.353658676147461,13.56045150756836,13.339866638183594,12.805898666381836,16.146459579467773,16.649215698242188,14.999797821044922,13.42574691772461,13.122953414916992,14.50539779663086,12.658590316772461,13.318238258361816,14.04568862915039,14.731473922729492
DSV_Trial_1,IMG_2567.JPG,13_R4S_177_SLM 0512_1_13,14.0,,,False,16,0.01710075,117.91623366666667,10.217082977294922,10.312844276428223,8.970319747924805,14.392226219177246,13.789289474487305,14.5416259765625,11.879164695739746,10.037314414978027,9.080796241760254,10.947025299072266,8.706072807312012,10.575499534606934,10.08877182006836,10.324931144714355,10.70742416381836,10.184263229370117
DSV_Trial_1,IMG_2568.JPG,13_R4S_177_SLM 0512_1_13,16.0,,,False,32,0.021799833333333334,107.46523666666667,10.403620719909668,10.531255722045898,9.871255874633789,18.710315704345703,16.66693115234375,18.48455238342285,19.39008140563965,15.994071960449219,14.237239837646484,19.797151565551758,14.196573257446289,18.688974380493164,10.153642654418945,10.341991424560547,11.341814994812012,10.694120407104492
DSV_Trial_1,IMG_2569.JPG,13_R4S_177_SLM 0512_1_13,15.0,,,False,22,0.010895916666666667,117.88537925,15.433137893676758,15.655396461486816,14.168127059936523,17.434478759765625,15.925397872924805,16.357913970947266,18.80437469482422,17.956262588500977,14.70003604888916,18.32414436340332,15.215542793273926,17.992977142333984,14.65347957611084,15.169838905334473,16.081497192382812,15.403800964355469
DSV_Trial_1,IMG_2570.JPG,14_R4S_408_DH5 Oase x Nugget  PBY061 von NPZ_1_14,2.0,,,False,30,0.014758166666666666,116.79188708333334,11.275934219360352,11.549842834472656,10.81298828125,17.449787139892578,15.930458068847656,16.271236419677734,19.17844009399414,16.577903747558594,12.947162628173828,18.99970245361328,14.087122917175293,17.72688865661621,10.986854553222656,11.146164894104004,11.729057312011719,11.46585464477539
DSV_Trial_1,IMG_2571.JPG,14_R4S_408_DH5 Oase x Nugget  PBY061 von NPZ_1_14,4.0,,,False,29,0.016471416666666665,97.16644075,15.030284881591797,14.864188194274902,13.516154289245605,19.425094604492188,17.776464462280273,18.206533432006836,24.138479232788086,20.983718872070312,21.704179763793945,20.835002899169922,16.606351852416992,22.832500457763672,14.162452697753906,13.98520278930664,14.635076522827148,15.304444313049316
DSV_Trial_1,IMG_2572.JPG,14_R4S_408_DH5 Oase x Nugget  PBY061 von NPZ_1_14,7.0,,,False,20,0.011486583333333333,113.28042091666667,12.293481826782227,11.86726188659668,10.799187660217285,15.283183097839355,13.998167037963867,14.208413124084473,15.322266578674316,14.139765739440918,12.095927238464355,14.206886291503906,12.159960746765137,13.341766357421875,12.043533325195312,11.785799026489258,12.148687362670898,12.377498626708984
DSV_Trial_1,IMG_2573.JPG,15_R4S_389_Librador_1_15,11.0,,,False,12,0.016096833333333335,119.58261391666667,9.836385726928711,9.968026161193848,8.70107364654541,18.67576026916504,19.04317855834961,18.820541381835938,12.682930946350098,12.572524070739746,11.36074447631836,13.609562873840332,10.762969017028809,12.256575584411621,10.367740631103516,10.242375373840332,10.343123435974121,10.215680122375488
DSV_Trial_1,IMG_2574.JPG,15_R4S_389_Librador_1_15,5.0,,,False,21,0.018653,138.18126908333332,8.844003677368164,8.972743034362793,7.803995609283447,17.947254180908203,16.891027450561523,16.51932144165039,16.429534912109375,12.413128852844238,12.263845443725586,16.432226181030273,10.850178718566895,15.345478057861328,8.828933715820312,8.61750602722168,8.697662353515625,9.23856258392334
DSV_Trial_1,IMG_2575.JPG,15_R4S_389_Librador_1_15,12.0,,,False,19,0.012541416666666666,110.36647291666667,10.82247543334961,10.787879943847656,9.952262878417969,16.618207931518555,14.92251968383789,15.720192909240723,13.687494277954102,11.414361953735352,10.20107364654541,14.573432922363281,10.6893949508667,14.590920448303223,10.440244674682617,10.496624946594238,10.915356636047363,11.005365371704102
DSV_Trial_1,IMG_2576.JPG,16_R4S_265_Pirola_1_16,12.0,,,False,15,0.01006425,123.02219308333333,12.90835952758789,11.933792114257812,11.256564140319824,19.513927459716797,18.26526641845703,19.225072860717773,16.404640197753906,13.845179557800293,13.095662117004395,15.805307388305664,12.66690444946289,14.917940139770508,13.184835433959961,12.879476547241211,13.863512992858887,13.131840705871582
DSV_Trial_1,IMG_2577.JPG,16_R4S_265_Pirola_1_16,4.0,,,False,11,0.013729416666666666,119.21509825,7.846205711364746,7.7694091796875,7.052091598510742,13.5479097366333,13.912528991699219,13.913979530334473,9.614297866821289,9.512225151062012,7.921969890594482,8.672467231750488,7.743413925170898,8.473299026489258,7.843642234802246,7.799591541290283,8.391874313354492,8.185117721557617
DSV_Trial_1,IMG_2578.JPG,16_R4S_265_Pirola_1_16,8.0,,,False,21,0.012583083333333333,117.79453533333333,10.77563762664795,11.24433708190918,9.701139450073242,16.078594207763672,16.2578182220459,16.713687896728516,13.411042213439941,12.328112602233887,10.22283935546875,13.79250717163086,10.776902198791504,12.994720458984375,11.509016036987305,11.7667236328125,11.621414184570312,11.076559066772461
DSV_Trial_1,IMG_2579.JPG,17_R4S_242_SWGospel_1_17,5.0,,,False,14,0.016276416666666668,120.34892683333334,7.379454612731934,7.738370895385742,6.530648231506348,15.895965576171875,15.774884223937988,15.937192916870117,11.545848846435547,10.304496765136719,9.074883460998535,11.20445728302002,8.800712585449219,10.736310005187988,7.529282093048096,7.548331260681152,7.482154369354248,7.467666149139404
DSV_Trial_1,IMG_2580.JPG,17_R4S_242_SWGospel_1_17,14.0,,,False,22,0.016954166666666666,121.03926658333333,8.05759048461914,7.969882011413574,6.793680191040039,18.599828720092773,18.107685089111328,18.1881160736084,14.677379608154297,11.603699684143066,10.737258911132812,15.10749340057373,12.112397193908691,13.86507797241211,8.791393280029297,8.17628288269043,8.108304023742676,8.05990982055664
DSV_Trial_1,IMG_2581.JPG,17_R4S_242_SWGospel_1_17,18.0,,,False,25,0.020004583333333333,120.38083633333333,9.790522575378418,9.531354904174805,8.352951049804688,14.830068588256836,14.873283386230469,14.803281784057617,13.337233543395996,11.601991653442383,10.389288902282715,13.019211769104004,11.260677337646484,12.798115730285645,10.681096076965332,10.521722793579102,10.295883178710938,10.044230461120605
DSV_Trial_1,IMG_2582.JPG,18_R4S_187_AMBER X COMMANCHE DH LINE_1_18,14.0,,,False,16,0.019002583333333333,123.92397258333334,9.427506446838379,9.306011199951172,8.040912628173828,14.004990577697754,13.803142547607422,13.939255714416504,11.85867977142334,11.469603538513184,9.804275512695312,10.893243789672852,10.170923233032227,10.94067668914795,9.664874076843262,9.404115676879883,10.136372566223145,9.927414894104004
DSV_Trial_1,IMG_2583.JPG,18_R4S_187_AMBER X COMMANCHE DH LINE_1_18,17.0,,,False,30,0.017884916666666667,115.26525525,12.300326347351074,12.075139045715332,11.619654655456543,16.29635238647461,15.2266263961792,16.051067352294922,16.566869735717773,15.195631980895996,13.178552627563477,16.31660270690918,13.940286636352539,15.801064491271973,12.631937026977539,12.734827995300293,13.75365161895752,12.415607452392578
DSV_Trial_1,IMG_2584.JPG,18_R4S_187_AMBER X COMMANCHE DH LINE_1_18,23.0,,,False,14,0.0086735,125.08141433333333,6.822634220123291,7.094318389892578,6.258150100708008,13.22000789642334,13.293554306030273,13.166728973388672,11.87045955657959,9.96151065826416,9.724632263183594,10.761402130126953,9.481348991394043,11.406295776367188,6.550395965576172,6.898062229156494,7.239201545715332,7.109464645385742
DSV_Trial_1,IMG_2585.JPG,19_R4S_531_WINFRED_1_19,10.0,,,False,12,0.014458416666666666,123.40571058333333,6.805220603942871,6.953525543212891,6.243446350097656,18.48153305053711,18.602508544921875,18.77593231201172,8.762480735778809,7.338151454925537,7.221959590911865,8.517130851745605,6.5317912101745605,7.9227118492126465,7.1757049560546875,6.914796352386475,7.210486888885498,7.153553009033203
DSV_Trial_1,IMG_2586.JPG,19_R4S_531_WINFRED_1_19,13.0,,,False,14,0.009076666666666667,122.06415641666666,7.811663627624512,7.986264228820801,7.435042381286621,17.20201873779297,17.280933380126953,17.470577239990234,13.810250282287598,10.551501274108887,10.309158325195312,13.01867389678955,9.339433670043945,11.709460258483887,7.93704891204834,7.6363372802734375,8.317192077636719,8.166152000427246
DSV_Trial_1,IMG_2587.JPG,19_R4S_531_WINFRED_1_19,19.0,,,False,17,0.007773666666666667,121.5489035,14.382649421691895,14.42725944519043,13.464029312133789,19.318737030029297,18.742427825927734,18.839069366455078,17.21660041809082,14.193771362304688,14.360673904418945,16.470134735107422,12.724640846252441,15.76507568359375,12.805540084838867,13.876178741455078,15.463630676269531,14.806844711303711
DSV_Trial_1,IMG_2588.JPG,20_R4S_147_Picasso_1_20,4.0,,,False,20,0.012830833333333333,122.14637383333333,8.642084121704102,8.572698593139648,7.555333614349365,14.841702461242676,14.115007400512695,14.72890567779541,12.125475883483887,10.565183639526367,9.213019371032715,11.826973915100098,9.20445442199707,11.351042747497559,9.410621643066406,8.973526000976562,8.989362716674805,8.682062149047852
DSV_Trial_1,IMG_2589.JPG,20_R4S_147_Picasso_1_20,23.0,,,False,13,0.01291725,123.3600635,16.98006248474121,17.02242660522461,15.22854232788086,21.016895294189453,20.305936813354492,20.18250274658203,24.150070190429688,24.414052963256836,21.610610961914062,23.171953201293945,19.587324142456055,22.3337345123291,15.948256492614746,16.06804084777832,17.071073532104492,17.252412796020508
DSV_Trial_1,IMG_2589_2.JPG,20_R4S_147_Picasso_1_20,34.0,,,False,14,0.0211375,114.80996866666666,19.394420623779297,20.212818145751953,16.99201011657715,24.799076080322266,25.421316146850586,25.465185165405273,22.7518310546875,24.510698318481445,21.75241470336914,23.5466365814209,20.21056365966797,22.033979415893555,19.947006225585938,20.81098747253418,19.578134536743164,18.84343147277832
DSV_Trial_1,IMG_2590.JPG,21_R4S_266_Alaska_1_21,10.0,,,False,41,0.024509833333333335,116.71823741666667,13.395740509033203,13.341880798339844,11.997078895568848,19.44888687133789,18.521251678466797,19.573074340820312,19.324228286743164,16.369699478149414,13.918789863586426,20.023609161376953,14.776704788208008,19.475467681884766,13.717907905578613,13.834532737731934,14.097800254821777,13.613417625427246
DSV_Trial_1,IMG_2591.JPG,21_R4S_266_Alaska_1_21,4.0,,,False,29,0.024023,115.55381,7.959403038024902,7.859811782836914,7.198893070220947,15.885498046875,15.223089218139648,16.373802185058594,11.361411094665527,10.244588851928711,8.645963668823242,11.955049514770508,9.523579597473145,12.133523941040039,7.784398078918457,7.788669586181641,8.512943267822266,8.163942337036133
DSV_Trial_1,IMG_2592.JPG,21_R4S_266_Alaska_1_21,17.0,,,False,25,0.0175,125.24408241666667,14.885198593139648,15.175477981567383,13.822372436523438,19.277013778686523,18.875167846679688,19.19525146484375,21.99367904663086,19.382936477661133,18.022083282470703,19.457876205444336,17.233192443847656,20.020261764526367,13.477219581604004,14.506932258605957,15.118066787719727,14.935236930847168
DSV_Trial_1,IMG_2593.JPG,22_R4S_224_APEX-93_5 X GINYOU_3 DH LINE_1_22,10.0,,,False,16,0.019041666666666665,118.78007433333333,12.566829681396484,11.860709190368652,10.518133163452148,16.994216918945312,17.48246192932129,17.00324821472168,14.910740852355957,15.426360130310059,12.321401596069336,13.834397315979004,13.898616790771484,14.152310371398926,13.214361190795898,12.800552368164062,12.892461776733398,13.104986190795898
DSV_Trial_1,IMG_2594.JPG,22_R4S_224_APEX-93_5 X GINYOU_3 DH LINE_1_22,1.0,,,False,22,0.023703083333333333,117.88874158333333,11.59228515625,11.64976978302002,10.91250228881836,15.920148849487305,16.548702239990234,16.608238220214844,12.934148788452148,11.063844680786133,10.219538688659668,11.994264602661133,11.674468040466309,13.011879920959473,12.018989562988281,12.000846862792969,12.307478904724121,11.844836235046387
DSV_Trial_1,IMG_2595.JPG,22_R4S_224_APEX-93_5 X GINYOU_3 DH LINE_1_22,3.0,,,False,25,0.021251416666666665,114.04018325,14.589231491088867,14.670747756958008,12.7616605758667,16.56787109375,15.650266647338867,16.05253791809082,15.928064346313477,17.58870506286621,13.519343376159668,18.07345962524414,15.923078536987305,17.232362747192383,15.369815826416016,15.303218841552734,15.031171798706055,14.259031295776367
DSV_Trial_1,IMG_2596.JPG,23_R4S_379_Skrzeszowicki_1_23,5.0,,,False,23,0.013960166666666666,107.60527983333333,5.943197250366211,6.105643272399902,5.618008613586426,14.380212783813477,14.154945373535156,14.529356002807617,9.607644081115723,8.628213882446289,7.820764064788818,9.406436920166016,7.814453601837158,10.041633605957031,5.483818531036377,5.596987724304199,6.270413398742676,6.354795932769775
DSV_Trial_1,IMG_2597.JPG,23_R4S_379_Skrzeszowicki_1_23,4.0,,,False,19,0.01379825,117.477073,5.578636169433594,5.5384039878845215,4.992423057556152,14.328692436218262,13.87536334991455,14.35551643371582,9.556885719299316,8.069297790527344,7.202800273895264,8.669818878173828,7.123871803283691,9.018289566040039,5.105658531188965,5.099264144897461,5.519382476806641,5.998642921447754
DSV_Trial_1,IMG_2598.JPG,23_R4S_379_Skrzeszowicki_1_23,23.0,,,False,25,0.007693083333333333,127.666797,12.080284118652344,12.2158203125,11.358933448791504,21.101390838623047,19.37784194946289,20.460773468017578,21.583158493041992,17.426664352416992,16.18600082397461,23.033329010009766,15.244632720947266,22.379230499267578,11.064376831054688,11.705390930175781,12.462532043457031,12.361080169677734
DSV_Trial_1,IMG_2599.JPG,24_R4S_384_Mestnij_1_24,23.0,,,False,25,0.01383875,135.61483716666666,11.38047981262207,11.823464393615723,10.835186958312988,17.360918045043945,16.329116821289062,17.354459762573242,14.725804328918457,15.718229293823242,12.771126747131348,17.504240036010742,11.714920997619629,17.57294273376465,11.455907821655273,11.594382286071777,12.41219711303711,11.381692886352539
DSV_Trial_1,IMG_2600.JPG,24_R4S_384_Mestnij_1_24,7.0,,,False,20,0.012140916666666666,123.22023475,12.039518356323242,11.962326049804688,10.765584945678711,17.154422760009766,15.572386741638184,15.995488166809082,14.601434707641602,12.902067184448242,10.796256065368652,15.193814277648926,11.666162490844727,14.519259452819824,11.83537483215332,11.607603073120117,12.295233726501465,12.222673416137695
DSV_Trial_1,IMG_2601.JPG,24_R4S_384_Mestnij_1_24,6.0,,,False,22,0.016506,111.07794191666666,8.702836036682129,8.712976455688477,8.065385818481445,15.88961410522461,15.151947975158691,15.853588104248047,13.954268455505371,11.36069393157959,10.876360893249512,13.773688316345215,10.344367980957031,12.941336631774902,8.705557823181152,8.711965560913086,9.665258407592773,8.983599662780762
DSV_Trial_1,IMG_2602.JPG,25_R4S_344_Conqueror Bronze Green Top_1_25,3.0,,,False,28,0.01168775,112.75214866666667,8.688593864440918,8.713080406188965,8.18494987487793,14.117132186889648,13.756804466247559,14.084020614624023,10.996356010437012,8.346619606018066,8.58698844909668,10.2467622756958,7.981663703918457,10.488283157348633,8.352241516113281,8.90837287902832,9.32377815246582,9.269498825073242
DSV_Trial_1,IMG_2603.JPG,25_R4S_344_Conqueror Bronze Green Top_1_25,7.0,,,False,23,0.017522916666666666,118.625947,13.32638168334961,13.3314208984375,11.816404342651367,14.536029815673828,14.476140022277832,14.16272258758545,15.675971984863281,16.240835189819336,13.631197929382324,14.303072929382324,14.33975887298584,14.754999160766602,12.988409996032715,13.852160453796387,14.287681579589844,14.170461654663086
DSV_Trial_1,IMG_2604.JPG,25_R4S_344_Conqueror Bronze Green Top_1_25,35.0,,,False,28,0.006891583333333334,121.44683916666666,25.830108642578125,26.300704956054688,23.83612060546875,21.511096954345703,21.16727638244629,21.568523406982422,29.03002166748047,30.51287841796875,27.41283416748047,28.911436080932617,26.70470428466797,29.320960998535156,24.673599243164062,26.416284561157227,26.239370346069336,25.944046020507812
DSV_Trial_1,IMG_2605.JPG,26_R4S_225_Barrel_1_26,2.0,,,False,32,0.014510083333333333,120.18926691666667,8.921847343444824,8.985235214233398,8.40678596496582,15.37247371673584,14.891521453857422,15.609254837036133,14.071403503417969,12.68139362335205,10.375448226928711,13.952614784240723,11.5536470413208,14.534958839416504,8.380638122558594,8.785637855529785,9.429068565368652,9.325748443603516
DSV_Trial_1,IMG_2606.JPG,26_R4S_225_Barrel_1_26,18.0,,,False,25,0.006414916666666667,117.80258475,14.947746276855469,14.59844970703125,14.10293960571289,15.592340469360352,14.05743408203125,14.298574447631836,18.29346466064453,15.031106948852539,13.438972473144531,17.1193904876709,14.799742698669434,18.193191528320312,15.335249900817871,14.520840644836426,15.043108940124512,15.289582252502441
DSV_Trial_1,IMG_2606_2.JPG,26_R4S_225_Barrel_1_26,4.0,,,False,22,0.020015416666666667,121.6424935,7.824739456176758,8.18143081665039,7.52976131439209,16.951309204101562,17.421398162841797,17.009748458862305,13.602508544921875,10.219422340393066,11.188148498535156,13.484564781188965,10.089426040649414,11.754725456237793,7.994065284729004,8.052145957946777,8.439603805541992,8.175850868225098
DSV_Trial_1,IMG_2608.JPG,27_R4S_342_Peerless (Acme)_1_27,2.0,,,False,27,0.0087875,81.6061035,14.322242736816406,14.708440780639648,13.87324047088623,18.4700927734375,18.059293746948242,19.082534790039062,19.090023040771484,18.281593322753906,15.67127513885498,20.04609489440918,16.71212387084961,19.369558334350586,12.950302124023438,14.637884140014648,15.335679054260254,14.689525604248047
DSV_Trial_1,IMG_2609.JPG,27_R4S_342_Peerless (Acme)_1_27,5.0,,,False,23,0.011017,121.14722475,8.160249710083008,8.23364543914795,7.4968743324279785,17.498573303222656,17.820819854736328,17.530933380126953,12.778456687927246,8.759613037109375,8.986489295959473,10.61065673828125,8.924691200256348,11.543898582458496,7.192511558532715,7.690256118774414,7.994338035583496,8.673717498779297
DSV_Trial_1,IMG_2610.JPG,27_R4S_342_Peerless (Acme)_1_27,11.0,,,False,26,0.0105285,117.79163808333334,10.792703628540039,11.5389986038208,10.533426284790039,13.605806350708008,13.626626968383789,13.396849632263184,14.785157203674316,12.009812355041504,12.097636222839355,12.019939422607422,10.732138633728027,13.038505554199219,9.082168579101562,10.325057029724121,10.852008819580078,11.41497802734375
DSV_Trial_1,IMG_2611.JPG,28_R4S_149_Rapid_1_28,3.0,,,False,22,0.010932416666666667,118.62346916666667,6.577664375305176,6.816215515136719,6.448420524597168,14.812192916870117,14.824216842651367,14.811826705932617,9.776922225952148,7.745724201202393,7.887513160705566,11.554037094116211,6.9928131103515625,9.6283597946167,6.477461814880371,6.645528793334961,6.973743915557861,7.017087936401367
DSV_Trial_1,IMG_2612.JPG,28_R4S_149_Rapid_1_28,3.0,,,False,25,0.00910025,110.13771925,8.87340259552002,9.582489013671875,8.356339454650879,13.439176559448242,13.483309745788574,13.909980773925781,11.861383438110352,11.065032005310059,8.92691421508789,12.472126007080078,10.761209487915039,12.338181495666504,8.711421966552734,9.289037704467773,9.495532989501953,9.191680908203125
DSV_Trial_1,IMG_2613.JPG,28_R4S_149_Rapid_1_28,40.0,,,False,25,0.015073083333333334,144.04772925,11.349311828613281,11.575271606445312,10.500205039978027,15.231618881225586,14.399234771728516,14.68093490600586,15.851828575134277,13.911096572875977,12.647331237792969,16.100082397460938,11.747505187988281,14.760547637939453,11.504327774047852,11.672307968139648,11.772988319396973,11.699178695678711
DSV_Trial_1,IMG_2614.JPG,29_R4S_221_MADRIGAL x RECITAL DH LINE_1_29,4.0,,,False,38,0.023156,118.29391783333334,7.373371601104736,7.549380302429199,7.0848588943481445,12.472748756408691,12.061838150024414,11.984308242797852,12.009323120117188,10.530843734741211,9.112383842468262,11.740862846374512,9.5481595993042,11.498970031738281,7.047770977020264,7.411826133728027,7.934813499450684,7.82756233215332
DSV_Trial_1,IMG_2615.JPG,29_R4S_221_MADRIGAL x RECITAL DH LINE_1_29,12.0,,,False,29,0.011775166666666666,106.95540175,9.517165184020996,9.726308822631836,8.875688552856445,13.820304870605469,14.021617889404297,13.67650032043457,14.024504661560059,11.813430786132812,10.354533195495605,13.327884674072266,11.089005470275879,12.890950202941895,9.189926147460938,9.335756301879883,9.698736190795898,9.910877227783203
DSV_Trial_1,IMG_2616.JPG,29_R4S_221_MADRIGAL x RECITAL DH LINE_1_29,14.0,,,False,36,0.016121833333333332,118.13445208333333,11.719889640808105,12.181182861328125,10.190038681030273,15.421648025512695,15.845494270324707,15.327756881713867,15.689362525939941,16.255817413330078,12.19828987121582,14.823495864868164,13.792064666748047,14.54428482055664,12.098803520202637,11.349783897399902,11.36202621459961,12.060663223266602
DSV_Trial_1,IMG_2617.JPG,30_R4S_296_EMERALD_1_30,2.0,,,False,30,0.01455975,116.75056691666667,5.907907962799072,5.8976640701293945,5.546029090881348,11.817184448242188,11.712211608886719,11.427330017089844,10.147469520568848,9.799275398254395,8.247299194335938,11.047924041748047,8.920143127441406,10.71689224243164,5.864360809326172,5.755942344665527,6.228414058685303,6.460216045379639
DSV_Trial_1,IMG_2618.JPG,30_R4S_296_EMERALD_1_30,12.0,,,False,33,0.01572075,118.29298641666666,6.255526065826416,6.471945285797119,5.915095806121826,13.082592010498047,13.495294570922852,12.924858093261719,9.937116622924805,8.5935697555542,8.136762619018555,10.24802303314209,7.778304100036621,10.487603187561035,5.94728946685791,6.075203895568848,6.5358686447143555,6.761194705963135
DSV_Trial_1,IMG_2619.JPG,30_R4S_296_EMERALD_1_30,17.0,,,False,32,0.019259583333333333,118.5717815,10.54725170135498,10.868511199951172,9.830199241638184,12.792337417602539,12.841085433959961,12.715374946594238,12.067916870117188,10.730667114257812,10.17815113067627,11.409090995788574,9.305134773254395,11.976006507873535,10.370552062988281,11.015027046203613,11.589700698852539,11.193338394165039
DSV_Trial_1,IMG_2620.JPG,31_R4S_181_Express 617_1_31,3.0,,,False,24,0.0149395,123.02855741666667,5.520391464233398,5.779060363769531,5.282149791717529,15.028972625732422,15.112338066101074,14.948431015014648,11.649105072021484,7.804652214050293,7.3734283447265625,11.750456809997559,7.967592716217041,10.515047073364258,5.38709020614624,5.4806952476501465,5.76224422454834,5.799154281616211
DSV_Trial_1,IMG_2621.JPG,31_R4S_181_Express 617_1_31,5.0,,,False,26,0.019936416666666668,117.16479875,8.154522895812988,9.016925811767578,8.179944038391113,12.898130416870117,13.413446426391602,13.019732475280762,11.493412971496582,9.982134819030762,8.961479187011719,11.735803604125977,9.090038299560547,11.62601375579834,7.577550888061523,8.133573532104492,8.979328155517578,8.784605026245117
DSV_Trial_1,IMG_2622.JPG,31_R4S_181_Express 617_1_31,7.0,,,False,19,0.014070333333333334,122.20382383333333,11.345787048339844,11.219905853271484,10.405640602111816,14.959565162658691,15.456640243530273,14.746438980102539,11.883158683776855,10.930397033691406,9.586155891418457,12.09842300415039,9.713619232177734,12.407431602478027,10.972004890441895,10.935375213623047,11.595052719116211,12.116352081298828
DSV_Trial_1,IMG_2623.JPG,32_R4S_532_WINFRED_1_32,10.0,,,False,29,0.011923083333333334,118.20067933333333,13.416412353515625,13.507364273071289,12.393318176269531,16.50894546508789,15.574214935302734,16.39360237121582,15.792088508605957,15.175655364990234,12.387328147888184,16.07566261291504,13.595329284667969,15.398059844970703,12.99863052368164,13.116809844970703,13.936296463012695,13.613887786865234
DSV_Trial_1,IMG_2624.JPG,32_R4S_532_WINFRED_1_32,2.0,,,False,25,0.008575833333333333,117.65458083333333,13.155067443847656,13.511322021484375,12.681224822998047,19.743030548095703,18.933406829833984,19.35936737060547,17.05388641357422,17.56048011779785,12.384737014770508,19.806055068969727,16.367467880249023,18.47498893737793,12.77647590637207,13.161846160888672,13.613504409790039,13.257338523864746
DSV_Trial_1,IMG_2625.JPG,32_R4S_532_WINFRED_1_32,19.0,,,False,30,0.012889833333333333,126.33268,13.057673454284668,13.571767807006836,11.703136444091797,16.857698440551758,15.729463577270508,15.70443058013916,17.227354049682617,15.74820327758789,13.464980125427246,17.748416900634766,13.966819763183594,16.76902198791504,12.718931198120117,13.001428604125977,13.188956260681152,13.386027336120605
DSV_Trial_1,IMG_2626.JPG,33_R4S_327_York_1_33,10.0,,,False,23,0.010537916666666666,125.57896633333333,13.483997344970703,13.194009780883789,12.381157875061035,16.915569305419922,15.543111801147461,15.888755798339844,18.497764587402344,14.770819664001465,13.560737609863281,16.881866455078125,12.661141395568848,16.983144760131836,12.33598518371582,12.596639633178711,13.165085792541504,14.397947311401367
DSV_Trial_1,IMG_2627.JPG,33_R4S_327_York_1_33,2.0,,,False,20,0.008114333333333333,123.36878608333333,7.910584449768066,8.012173652648926,7.848617076873779,13.949685096740723,13.427477836608887,13.56827163696289,12.804243087768555,10.103837013244629,8.990521430969238,11.434186935424805,8.530311584472656,11.130396842956543,6.818136215209961,7.378391265869141,7.960380554199219,8.708930969238281
DSV_Trial_1,IMG_2628.JPG,33_R4S_327_York_1_33,18.0,,,False,20,0.007733333333333333,131.90838333333335,11.977299690246582,12.815526962280273,11.482552528381348,14.210214614868164,14.937223434448242,14.530323028564453,14.77342700958252,14.052249908447266,11.969075202941895,14.741878509521484,12.975187301635742,15.222084045410156,11.716882705688477,12.570047378540039,12.53526496887207,12.634702682495117
DSV_Trial_1,IMG_2629.JPG,34_R4S_358_PI271452_1_34,8.0,,,False,16,0.011141166666666667,118.46789958333333,8.46740436553955,8.757269859313965,7.6052703857421875,16.503402709960938,15.699170112609863,15.49160385131836,14.528447151184082,12.881760597229004,10.298131942749023,16.5552921295166,11.5149564743042,13.681502342224121,9.168643951416016,8.813664436340332,8.757072448730469,8.469231605529785
DSV_Trial_1,IMG_2630.JPG,34_R4S_358_PI271452_1_34,23.0,,,False,22,0.00932975,115.60233458333333,10.957744598388672,10.978678703308105,10.450989723205566,18.00534439086914,16.707406997680664,16.7232666015625,16.388280868530273,14.323064804077148,11.88464641571045,18.01110076904297,13.052471160888672,15.929765701293945,10.681396484375,10.776995658874512,11.35861587524414,11.29010009765625
DSV_Trial_1,IMG_2631.JPG,34_R4S_358_PI271452_1_34,15.0,,,False,19,0.009180083333333333,104.57397183333333,9.703522682189941,10.106992721557617,9.254107475280762,16.268709182739258,15.970479965209961,15.910865783691406,13.51314640045166,8.612086296081543,9.83030891418457,13.94657039642334,9.745817184448242,12.973406791687012,10.462596893310547,10.68734359741211,10.617227554321289,9.782922744750977
DSV_Trial_1,IMG_2632.JPG,35_R4S_366_Nunsdale_1_35,32.0,,,False,27,0.01008525,127.16726258333334,16.913497924804688,17.247661590576172,15.067641258239746,19.755746841430664,18.447601318359375,19.57927894592285,23.420074462890625,23.156904220581055,17.4813175201416,24.168237686157227,19.81743621826172,21.99030303955078,16.078140258789062,16.977922439575195,17.208709716796875,16.89375114440918
DSV_Trial_1,IMG_2633.JPG,35_R4S_366_Nunsdale_1_35,39.0,,,False,51,0.010906083333333334,113.38562958333333,17.62267303466797,18.23352813720703,16.839677810668945,18.46354866027832,16.594627380371094,17.92592430114746,23.14702796936035,20.259668350219727,17.85086441040039,22.21263313293457,17.056819915771484,22.347314834594727,15.959419250488281,17.573097229003906,17.740009307861328,18.34156036376953
DSV_Trial_1,IMG_2634.JPG,35_R4S_366_Nunsdale_1_35,40.0,,,False,27,0.010470166666666666,119.35317141666667,12.078184127807617,11.945302963256836,11.175483703613281,16.919408798217773,15.420783996582031,15.968481063842773,18.934221267700195,17.23272132873535,14.98713207244873,18.34407615661621,14.452399253845215,17.94716453552246,10.866952896118164,11.231660842895508,11.668328285217285,12.785664558410645
DSV_Trial_1,IMG_2635.JPG,36_R4S_359_SIBERISCHE BOERENKOOL_1_36,24.0,,,False,27,0.007654916666666667,114.43983708333333,15.860860824584961,15.931325912475586,15.099906921386719,19.47921371459961,18.449033737182617,19.090309143066406,23.791746139526367,19.102439880371094,17.805471420288086,21.405303955078125,19.462268829345703,20.42786979675293,14.444294929504395,15.57595443725586,16.23749351501465,16.280710220336914
DSV_Trial_1,IMG_2636.JPG,36_R4S_359_SIBERISCHE BOERENKOOL_1_36,36.0,,,False,24,0.011042083333333333,116.28968225,12.941181182861328,13.044958114624023,12.557836532592773,17.999492645263672,16.99801254272461,17.996341705322266,18.571794509887695,16.54902458190918,14.074963569641113,18.244651794433594,14.825648307800293,17.774871826171875,11.513824462890625,12.539294242858887,13.434951782226562,13.42561149597168
DSV_Trial_1,IMG_2637.JPG,36_R4S_359_SIBERISCHE BOERENKOOL_1_36,42.0,,,False,21,0.009159416666666666,123.49604883333333,12.496686935424805,12.50880241394043,11.558614730834961,15.929216384887695,15.042718887329102,15.632288932800293,16.685163497924805,13.797889709472656,12.435678482055664,15.526002883911133,12.499364852905273,14.903336524963379,12.141141891479492,12.158711433410645,12.232152938842773,13.002005577087402
DSV_Trial_1,IMG_2638.JPG,37_R4S_269_Baltia_1_37,30.0,,,False,24,0.014353,116.64664541666667,12.781980514526367,12.760644912719727,11.420656204223633,18.537975311279297,17.817028045654297,18.290040969848633,15.799844741821289,16.442827224731445,12.460654258728027,17.809242248535156,13.934408187866211,16.470964431762695,12.18979263305664,12.588541030883789,13.456820487976074,12.728585243225098
DSV_Trial_1,IMG_2639.JPG,37_R4S_269_Baltia_1_37,42.0,,,False,21,0.0109855,116.79452483333333,9.545217514038086,9.625609397888184,8.58991813659668,17.783512115478516,16.855857849121094,16.41907501220703,15.527256965637207,10.240147590637207,9.789043426513672,14.005884170532227,9.675297737121582,12.773048400878906,8.800487518310547,9.007031440734863,9.371129989624023,10.180551528930664
DSV_Trial_1,IMG_2640.JPG,37_R4S_269_Baltia_1_37,45.0,,,False,26,0.01311825,117.09223991666667,14.54241943359375,14.687004089355469,13.472914695739746,16.73740577697754,16.255691528320312,15.84282112121582,18.641971588134766,18.487485885620117,15.847992897033691,18.725183486938477,14.324145317077637,17.38634490966797,13.998176574707031,14.559337615966797,15.700389862060547,15.13100814819336
DSV_Trial_1,IMG_2641.JPG,38_R4S_216_OLIMPIADE_1_38,28.0,,,False,25,0.0182325,114.3820995,9.497454643249512,9.57558536529541,9.03112506866455,15.950736045837402,15.163703918457031,15.842354774475098,12.512872695922852,10.654295921325684,9.870403289794922,13.083849906921387,9.838459968566895,12.768409729003906,8.78643798828125,9.735481262207031,10.004382133483887,9.74039077758789
DSV_Trial_1,IMG_2642.JPG,38_R4S_216_OLIMPIADE_1_38,2.0,,,False,25,0.0187125,118.11007616666667,12.419478416442871,12.179891586303711,10.791452407836914,18.724445343017578,18.067142486572266,18.529075622558594,15.725152015686035,14.232828140258789,11.572610855102539,16.544137954711914,14.443695068359375,15.676304817199707,12.511987686157227,12.448373794555664,12.916990280151367,12.271455764770508
DSV_Trial_1,IMG_2643.JPG,38_R4S_216_OLIMPIADE_1_38,3.0,,,False,23,0.02040608333333333,117.569693,6.264955520629883,6.114087104797363,5.853428840637207,12.74848747253418,12.39500617980957,13.294549942016602,9.299443244934082,9.778226852416992,7.969269752502441,9.488907814025879,8.220003128051758,9.623919486999512,5.528753757476807,5.854974746704102,6.667311668395996,6.592710018157959
DSV_Trial_1,IMG_2644.JPG,39_R4S_233_LSF 0519_1_39,1.0,,,False,41,0.018212833333333334,121.82752875,7.524296760559082,7.544349670410156,6.730249404907227,15.00304126739502,14.531731605529785,15.060702323913574,12.48538589477539,10.71566390991211,9.862520217895508,12.86978530883789,10.502863883972168,12.236930847167969,6.777176856994629,7.0663533210754395,7.381509780883789,7.833940505981445
DSV_Trial_1,IMG_2645.JPG,39_R4S_233_LSF 0519_1_39,2.0,,,False,44,0.02221358333333333,121.75472383333333,9.07132339477539,9.333242416381836,8.235252380371094,14.151885986328125,14.519329071044922,14.671300888061523,11.853798866271973,11.551994323730469,9.213166236877441,12.165765762329102,10.706368446350098,11.786701202392578,8.8349027633667,9.170231819152832,9.57863998413086,9.391801834106445
DSV_Trial_1,IMG_2646.JPG,39_R4S_233_LSF 0519_1_39,8.0,,,False,28,0.01261175,121.16370683333334,10.416335105895996,10.128499984741211,9.817131042480469,16.859643936157227,16.57352066040039,17.28392219543457,16.513561248779297,14.870670318603516,13.161863327026367,16.554933547973633,14.89224910736084,15.903897285461426,10.556560516357422,10.917546272277832,11.458028793334961,10.905725479125977
DSV_Trial_1,IMG_2647.JPG,40_R4S_195_NORIN_1_40,9.0,,,False,35,0.021993166666666668,120.57010516666666,8.60604476928711,8.360492706298828,8.055834770202637,14.22857666015625,13.738053321838379,14.211036682128906,12.13303279876709,10.507383346557617,9.305999755859375,11.96251106262207,9.399170875549316,11.547133445739746,7.7006025314331055,7.8486433029174805,8.74992561340332,8.954214096069336
DSV_Trial_1,IMG_2648.JPG,40_R4S_195_NORIN_1_40,24.0,,,False,42,0.01498275,116.67774341666667,10.532291412353516,10.5579252243042,10.08252239227295,16.122318267822266,15.509855270385742,16.29483413696289,14.07364273071289,12.925026893615723,10.81136417388916,14.722018241882324,11.604999542236328,14.234044075012207,9.725357055664062,10.243992805480957,10.894153594970703,10.862075805664062
DSV_Trial_1,IMG_2649.JPG,40_R4S_195_NORIN_1_40,3.0,,,False,65,0.022793583333333332,120.03862475,11.69639778137207,11.65953540802002,11.212265968322754,13.156084060668945,13.067410469055176,13.277376174926758,13.97439956665039,12.644781112670898,11.082952499389648,13.078333854675293,12.827308654785156,12.878439903259277,10.772159576416016,11.29647445678711,12.576078414916992,12.47941780090332
DSV_Trial_1,IMG_2650.JPG,41_R4S_471_H61_1_41,2.0,,,False,30,0.010842666666666667,122.29950141666667,9.0521240234375,9.07719612121582,8.559657096862793,16.053848266601562,15.960498809814453,16.113121032714844,14.524642944335938,12.452712059020996,10.570379257202148,14.286406517028809,12.412818908691406,13.496957778930664,8.616474151611328,8.548627853393555,9.401527404785156,9.558479309082031
DSV_Trial_1,IMG_2651.JPG,41_R4S_471_H61_1_41,1.0,,,False,39,0.013776583333333333,122.08379975,7.246988296508789,7.485187530517578,6.877114295959473,13.518342971801758,13.428592681884766,13.455472946166992,11.935829162597656,10.00800609588623,8.55506420135498,11.364307403564453,10.013203620910645,11.245940208435059,6.81434965133667,6.830592155456543,7.250998020172119,7.726422309875488
DSV_Trial_1,IMG_2652.JPG,41_R4S_471_H61_1_41,13.0,,,False,41,0.0189235,124.71425566666667,7.693522930145264,7.963354587554932,7.052107334136963,11.70759391784668,11.942975044250488,11.609824180603027,11.216261863708496,11.434764862060547,8.800947189331055,11.04086685180664,9.789569854736328,11.47962474822998,7.314221382141113,7.313431262969971,7.5547943115234375,8.225226402282715
DSV_Trial_1,IMG_2653.JPG,42_R4S_288_Slovenska Krajova_1_42,11.0,,,False,21,0.01070975,124.141033,6.347104549407959,6.677636623382568,5.872917652130127,10.416202545166016,10.489892959594727,10.205974578857422,9.484375,8.384062767028809,7.349991798400879,8.68199348449707,7.3588175773620605,8.452216148376465,5.637282848358154,6.1048054695129395,6.58479642868042,6.925362586975098
DSV_Trial_1,IMG_2654.JPG,42_R4S_288_Slovenska Krajova_1_42,7.0,,,False,15,0.010548833333333334,125.75628891666666,7.442559719085693,7.816653251647949,6.707265853881836,12.078237533569336,12.76578140258789,12.177484512329102,9.277477264404297,8.715991973876953,7.319772243499756,8.643648147583008,7.7707929611206055,8.87264633178711,7.077091693878174,7.428850173950195,7.669898509979248,7.93656063079834
DSV_Trial_1,IMG_2655.JPG,42_R4S_288_Slovenska Krajova_1_42,8.0,,,False,29,0.015298166666666667,103.35893925,16.17677879333496,16.606243133544922,15.273775100708008,16.754772186279297,16.077747344970703,17.24417495727539,17.483835220336914,16.998573303222656,13.314290046691895,18.610565185546875,16.153488159179688,17.299367904663086,14.746232032775879,16.268566131591797,16.75145149230957,16.583576202392578
DSV_Trial_1,IMG_2656.JPG,43_R4S_305_COUVE NABICA_1_43,2.0,,,False,37,0.011394833333333333,104.07157541666666,14.572542190551758,14.190183639526367,13.838350296020508,16.066661834716797,14.60166072845459,16.352558135986328,16.584924697875977,11.896669387817383,11.92772388458252,14.937379837036133,12.849098205566406,15.60366439819336,14.274250984191895,14.468836784362793,15.093988418579102,15.022815704345703
DSV_Trial_1,IMG_2657.JPG,43_R4S_305_COUVE NABICA_1_43,1.0,,,False,43,0.012811833333333333,120.565598,12.46509838104248,12.59094524383545,11.598546981811523,15.964077949523926,15.76779842376709,15.720438003540039,16.946870803833008,16.881975173950195,13.044482231140137,16.27229881286621,15.765092849731445,15.88611125946045,12.151498794555664,12.381208419799805,12.884370803833008,13.10067367553711
DSV_Trial_1,IMG_2657_2.JPG,43_R4S_305_COUVE NABICA_1_43,6.0,,,False,31,0.01785075,118.05588166666666,12.751424789428711,12.605400085449219,11.733142852783203,15.148736953735352,15.39019775390625,14.700777053833008,18.693111419677734,17.677406311035156,16.905521392822266,15.540199279785156,15.999645233154297,17.136049270629883,11.378959655761719,11.973665237426758,12.55224895477295,13.821452140808105
DSV_Trial_1,IMG_2659.JPG,44_R4S_189_CAPRICORN DH1_1_44,15.0,,,False,39,0.020098166666666667,115.44299716666667,8.740194320678711,8.770959854125977,8.310857772827148,13.896903991699219,13.458856582641602,13.475109100341797,12.352157592773438,11.760364532470703,9.914340019226074,12.87975025177002,9.568207740783691,12.35558795928955,8.004486083984375,8.129427909851074,9.082479476928711,9.36379623413086
DSV_Trial_1,IMG_2660.JPG,44_R4S_189_CAPRICORN DH1_1_44,18.0,,,False,48,0.02116825,113.465966,9.356527328491211,9.662185668945312,8.95714282989502,11.64518928527832,11.114758491516113,11.11964225769043,12.688030242919922,12.09019660949707,9.955650329589844,11.724092483520508,9.81264877319336,11.334317207336426,9.126354217529297,9.445209503173828,9.878877639770508,9.80154037475586
DSV_Trial_1,IMG_2661.JPG,44_R4S_189_CAPRICORN DH1_1_44,25.0,,,False,34,0.021226416666666668,115.07002383333334,8.860176086425781,9.011232376098633,8.251510620117188,11.360237121582031,10.799505233764648,10.85411262512207,12.00338363647461,12.403934478759766,9.950966835021973,12.285581588745117,10.020334243774414,11.515569686889648,8.925088882446289,8.89173412322998,9.176618576049805,9.156545639038086
DSV_Trial_1,IMG_2662.JPG,45_R4S_385_Markus_1_45,12.0,,,False,32,0.015502333333333333,116.20700583333333,10.547725677490234,10.464560508728027,9.87867259979248,18.233135223388672,16.94363784790039,17.88355827331543,17.931089401245117,16.05024528503418,13.765364646911621,17.956424713134766,14.265047073364258,17.370059967041016,9.832615852355957,10.344622611999512,11.077920913696289,10.784187316894531
DSV_Trial_1,IMG_2663.JPG,45_R4S_385_Markus_1_45,38.0,,,False,56,0.017719083333333333,136.40544191666666,15.703792572021484,16.271957397460938,13.893692016601562,15.822029113769531,15.326092720031738,15.742806434631348,18.211252212524414,17.218524932861328,13.624427795410156,18.43021011352539,17.768733978271484,17.523120880126953,15.915781021118164,16.46405792236328,15.832301139831543,15.477378845214844
DSV_Trial_1,IMG_2664.JPG,45_R4S_385_Markus_1_45,15.0,,,False,73,0.02682075,114.51981225,14.084117889404297,13.871874809265137,12.734474182128906,14.430870056152344,13.395854949951172,14.453548431396484,16.44980812072754,16.79717254638672,12.891674041748047,16.917375564575195,15.70146369934082,15.945021629333496,14.095890998840332,14.068146705627441,14.11796760559082,14.085210800170898
DSV_Trial_1,IMG_2665.JPG,46_R4S_280_Lirakotta_1_46,45.0,,,False,51,0.014072083333333334,116.96203066666666,24.22156524658203,24.1824951171875,21.119125366210938,23.184690475463867,21.12021255493164,22.983144760131836,29.749784469604492,32.14462661743164,24.992164611816406,31.54888153076172,28.034427642822266,31.47205924987793,23.581058502197266,23.953166961669922,23.624948501586914,24.105443954467773
DSV_Trial_1,IMG_2666.JPG,46_R4S_280_Lirakotta_1_46,40.0,,,False,43,0.014945416666666666,118.67857466666666,9.126145362854004,8.8872652053833,8.502362251281738,18.515716552734375,16.99166488647461,18.034107208251953,16.84002685546875,12.063088417053223,10.791428565979004,16.52631950378418,10.69411849975586,15.498908042907715,7.882112503051758,8.099517822265625,9.018247604370117,9.419536590576172
DSV_Trial_1,IMG_2667.JPG,46_R4S_280_Lirakotta_1_46,10.0,,,False,42,0.015147166666666666,115.57168966666667,10.318100929260254,10.389888763427734,9.86203670501709,17.431766510009766,15.560476303100586,16.647653579711914,14.629570960998535,11.090579986572266,10.89646053314209,15.199220657348633,9.784445762634277,15.187677383422852,9.493989944458008,9.911327362060547,10.64554214477539,10.65982437133789
DSV_Trial_1,IMG_2668.JPG,47_R4S_551_ALLESANDRO KWS_1_47,42.0,,,False,39,0.0166155,104.76155158333333,11.560365676879883,11.305681228637695,10.448890686035156,19.155210494995117,16.84534454345703,17.831268310546875,20.648324966430664,16.33275604248047,15.134101867675781,20.393661499023438,13.766862869262695,20.006513595581055,11.399148941040039,11.454848289489746,11.469847679138184,11.989827156066895
DSV_Trial_1,IMG_2669.JPG,47_R4S_551_ALLESANDRO KWS_1_47,40.0,,,False,19,0.016584333333333333,110.87065008333333,7.627675533294678,7.539349555969238,7.125859260559082,16.860759735107422,15.426847457885742,16.846668243408203,12.357291221618652,10.729903221130371,9.387979507446289,12.38017749786377,8.736329078674316,11.924660682678223,7.004150390625,6.964877128601074,7.660219192504883,7.755759239196777
DSV_Trial_1,IMG_2670.JPG,47_R4S_551_ALLESANDRO KWS_1_47,30.0,,,False,26,0.017098583333333334,112.61962816666667,8.133639335632324,8.11013126373291,7.263041973114014,17.226036071777344,15.408456802368164,16.36211585998535,14.267839431762695,11.7164945602417,10.533205032348633,15.047749519348145,9.042580604553223,14.296209335327148,7.26297664642334,7.075860977172852,7.729051113128662,8.180538177490234
DSV_Trial_1,IMG_2671.JPG,48_R4S_154_Cooper_1_48,8.0,,,False,28,0.0187235,114.85812341666667,11.21078872680664,11.102423667907715,10.237913131713867,18.598670959472656,17.32522201538086,18.269126892089844,17.300390243530273,17.527999877929688,13.192709922790527,19.644100189208984,15.223844528198242,19.04319953918457,11.878070831298828,11.462313652038574,12.127067565917969,11.042768478393555
DSV_Trial_1,IMG_2672.JPG,48_R4S_154_Cooper_1_48,30.0,,,False,33,0.017109583333333334,114.02694933333333,8.398635864257812,8.065984725952148,7.719357490539551,14.97607135772705,14.06682014465332,14.65853500366211,14.19040298461914,14.249343872070312,10.670415878295898,14.13991928100586,11.955175399780273,14.13105583190918,7.471826076507568,7.700972080230713,8.338021278381348,8.582098007202148
DSV_Trial_1,IMG_2673.JPG,48_R4S_154_Cooper_1_48,3.0,,,False,27,0.015716416666666667,125.62184416666666,9.741896629333496,9.753756523132324,8.921916961669922,12.70855712890625,12.634296417236328,12.496442794799805,13.491969108581543,12.425267219543457,11.218536376953125,11.823075294494629,10.56472396850586,12.393067359924316,9.61855697631836,9.649275779724121,9.70547103881836,10.194011688232422
DSV_Trial_1,IMG_2674.JPG,49_R4S507_Express 617_1_49,1.0,,,False,28,0.014595916666666667,124.05596258333334,8.470858573913574,9.071481704711914,8.063983917236328,13.904619216918945,14.47795295715332,13.975845336914062,12.962868690490723,10.54664421081543,10.063333511352539,11.758281707763672,10.01746654510498,11.758331298828125,8.676207542419434,8.943506240844727,8.958383560180664,9.17272663116455
DSV_Trial_1,IMG_2675.JPG,49_R4S507_Express 617_1_49,1.0,,,False,46,0.022927666666666666,125.89420091666666,6.126193046569824,6.579456329345703,5.95914888381958,11.679878234863281,12.179643630981445,11.702820777893066,10.66235065460205,8.939098358154297,8.058505058288574,10.405695915222168,8.300973892211914,10.452005386352539,5.963512897491455,6.115413665771484,6.304556846618652,6.656922817230225
DSV_Trial_1,IMG_2676.JPG,49_R4S507_Express 617_1_49,3.0,,,False,48,0.023692583333333333,127.96875975,8.091720581054688,8.799129486083984,7.632937431335449,9.360031127929688,9.619864463806152,9.35490608215332,10.825294494628906,9.62033748626709,8.4097318649292,9.587528228759766,9.075817108154297,9.586073875427246,7.948426246643066,8.161375045776367,8.357312202453613,8.676441192626953
DSV_Trial_1,IMG_2677.JPG,50_R4S_275_Hokkai 3-Go_1_50,1.0,,,False,25,0.0206085,125.25503641666667,6.958044528961182,7.358327388763428,6.096308708190918,11.805370330810547,12.089513778686523,11.704980850219727,10.391451835632324,8.801761627197266,8.174057960510254,9.182578086853027,8.637369155883789,9.00732135772705,7.072711944580078,6.9119157791137695,6.724584102630615,7.404812812805176
DSV_Trial_1,IMG_2678.JPG,50_R4S_275_Hokkai 3-Go_1_50,1.0,,,False,24,0.016821083333333334,130.83027758333333,5.395007133483887,5.604016304016113,5.157054901123047,10.95145320892334,10.882478713989258,10.678074836730957,9.44001579284668,8.126774787902832,7.656583309173584,8.809782981872559,7.069940090179443,8.559014320373535,4.845607280731201,5.181341648101807,5.29544734954834,5.980238914489746
DSV_Trial_1,IMG_2679.JPG,50_R4S_275_Hokkai 3-Go_1_50,1.0,,,False,33,0.02061575,127.96284508333333,5.19040584564209,5.570534706115723,4.946335792541504,9.422149658203125,9.650344848632812,9.673900604248047,9.257305145263672,8.111926078796387,7.249858379364014,8.463085174560547,6.692080020904541,8.330568313598633,4.679577827453613,4.812849044799805,5.021867752075195,5.753400802612305
DSV_Trial_1,IMG_2680.JPG,51_R4S_184_NK Nemax_1_51,7.0,,,False,15,0.01390575,127.42447133333333,5.100022315979004,5.138921737670898,4.733270645141602,12.331087112426758,12.609933853149414,12.661130905151367,8.403898239135742,7.4491448402404785,6.748899936676025,8.802446365356445,7.31431245803833,7.991026401519775,4.974685192108154,5.074185371398926,5.3738555908203125,5.621053695678711
DSV_Trial_1,IMG_2681.JPG,51_R4S_184_NK Nemax_1_51,5.0,,,False,23,0.017995666666666667,127.784195,5.544111251831055,5.87263298034668,5.310720443725586,12.41849422454834,12.64866828918457,12.430665969848633,9.814552307128906,8.603081703186035,7.8847527503967285,9.391905784606934,8.188298225402832,9.124493598937988,5.1807098388671875,5.301437854766846,5.743118762969971,6.219971656799316
DSV_Trial_1,IMG_2682.JPG,51_R4S_184_NK Nemax_1_51,3.0,,,False,21,0.02201825,128.0376485,6.9162821769714355,7.14684534072876,6.756967067718506,11.170443534851074,11.296751022338867,10.8800630569458,9.019211769104004,8.812187194824219,9.356151580810547,9.02057933807373,7.628270149230957,9.514017105102539,6.731597900390625,6.89471435546875,7.523149490356445,7.645550727844238
DSV_Trial_1,IMG_2683.JPG,52_R4S_395_Dippes_1_52,2.0,,,False,22,0.0179875,134.31198025,9.020525932312012,9.614717483520508,8.824870109558105,15.292553901672363,16.18933868408203,15.607142448425293,14.730413436889648,11.636630058288574,12.835987091064453,12.47583293914795,10.96015453338623,12.786528587341309,8.491016387939453,9.783920288085938,10.013412475585938,10.277141571044922
DSV_Trial_1,IMG_2683_2.JPG,52_R4S_395_Dippes_1_52,5.0,,,False,20,0.017591666666666665,120.87516533333333,7.577912330627441,7.974697113037109,6.883262634277344,17.059173583984375,17.679861068725586,16.689125061035156,14.218401908874512,11.118342399597168,11.581156730651855,14.422805786132812,10.753098487854004,13.054794311523438,8.552281379699707,8.027905464172363,7.77276611328125,7.927157878875732
DSV_Trial_1,IMG_2684.JPG,52_R4S_395_Dippes_1_52,7.0,,,False,17,0.013982166666666667,137.82802958333335,6.2733988761901855,6.817279815673828,6.170114517211914,13.958559036254883,14.784886360168457,14.194316864013672,11.88989543914795,9.47375774383545,9.521955490112305,10.164669036865234,8.537335395812988,10.193449020385742,6.142578601837158,6.404202461242676,6.632481575012207,7.00264835357666
DSV_Trial_1,IMG_2686.JPG,53_R4S_199_Maplus_1_53,1.0,,,False,11,0.0074698333333333335,128.50324908333334,5.536230087280273,5.8314361572265625,5.309232711791992,16.006675720214844,16.154388427734375,15.625542640686035,11.491283416748047,7.82853364944458,7.653378009796143,10.688793182373047,9.798467636108398,10.053427696228027,4.972046375274658,5.400022506713867,5.4845428466796875,6.054379463195801
DSV_Trial_1,IMG_2687.JPG,53_R4S_199_Maplus_1_53,1.0,,,False,20,0.020677333333333332,123.27613116666667,5.030779838562012,5.385519027709961,4.952754020690918,11.561321258544922,11.868608474731445,11.550025939941406,8.333385467529297,6.88479471206665,6.396183967590332,7.4487433433532715,5.763433933258057,7.583237648010254,4.36054801940918,4.757450580596924,5.077145576477051,5.75024938583374
DSV_Trial_1,IMG_2688.JPG,53_R4S_199_Maplus_1_53,1.0,,,False,20,0.01602808333333333,140.16987508333332,7.040907859802246,7.738925933837891,6.821758270263672,13.449560165405273,14.272071838378906,13.750447273254395,12.049206733703613,9.266521453857422,9.040313720703125,10.176457405090332,8.053237915039062,10.11047649383545,6.950511932373047,7.444019317626953,7.532575607299805,7.9488420486450195
DSV_Trial_1,IMG_2689.JPG,54_R4S_525_Taisetsu_1_54,1.0,,,False,17,0.013572333333333334,135.41936866666666,10.00539779663086,11.405579566955566,9.285688400268555,16.509689331054688,18.205171585083008,16.994014739990234,14.698622703552246,12.87191104888916,12.262213706970215,13.596494674682617,11.879011154174805,14.145648956298828,10.530811309814453,11.720309257507324,11.036816596984863,10.911199569702148
DSV_Trial_1,IMG_2690.JPG,54_R4S_525_Taisetsu_1_54,2.0,,,False,14,0.01700283333333333,134.53318508333334,10.959365844726562,11.775213241577148,9.634244918823242,17.77937889099121,19.34395980834961,17.95789337158203,16.32434844970703,16.053579330444336,13.461689949035645,13.607393264770508,14.433964729309082,15.371474266052246,11.797690391540527,12.103214263916016,11.29998779296875,11.763879776000977
DSV_Trial_1,IMG_2691.JPG,54_R4S_525_Taisetsu_1_54,1.0,,,False,20,0.018992416666666668,135.70262266666666,9.851616859436035,10.602141380310059,8.976664543151855,14.499507904052734,15.225492477416992,14.614465713500977,13.643072128295898,12.025355339050293,11.249822616577148,12.05409049987793,10.88447380065918,13.0326509475708,10.432506561279297,11.0636625289917,10.62775707244873,10.72238540649414
DSV_Trial_1,IMG_2692.JPG,55_R4S_240_Musette_1_55,20.0,,,False,18,0.00588925,126.23808166666667,11.578664779663086,12.503006935119629,10.626195907592773,19.005393981933594,19.48343849182129,18.962230682373047,18.330791473388672,15.156203269958496,13.177545547485352,17.00390625,15.797379493713379,16.870296478271484,12.20523738861084,12.44475269317627,11.493996620178223,11.917411804199219
DSV_Trial_1,IMG_2693.JPG,55_R4S_240_Musette_1_55,9.0,,,False,17,0.011244416666666666,123.95940308333333,7.609704971313477,7.713245868682861,6.86847448348999,13.467643737792969,13.208395004272461,13.134721755981445,12.03012752532959,9.573256492614746,9.279876708984375,10.933197975158691,9.08193588256836,11.083047866821289,7.562497138977051,7.728677749633789,7.641102313995361,8.092941284179688
DSV_Trial_1,IMG_2694.JPG,55_R4S_240_Musette_1_55,1.0,,,False,17,0.012381333333333333,125.6945545,7.414276123046875,7.499763488769531,6.5291337966918945,13.211076736450195,13.373278617858887,13.230002403259277,10.771967887878418,8.907977104187012,7.70473051071167,9.807016372680664,8.934544563293457,9.188693046569824,7.886037349700928,7.617737770080566,7.493799686431885,7.781547546386719
DSV_Trial_1,IMG_2695.JPG,56_R4S_294_R53_1_56,1.0,,,False,15,0.013174666666666666,122.43422208333334,4.972316741943359,4.90183162689209,4.477186679840088,12.009310722351074,11.685178756713867,11.809199333190918,9.064730644226074,6.723555088043213,6.394043445587158,6.8418684005737305,6.27822208404541,6.624533176422119,4.437944412231445,4.402545928955078,4.667102813720703,5.363494873046875
DSV_Trial_1,IMG_2696.JPG,56_R4S_294_R53_1_56,2.0,,,False,23,0.00800475,128.208198,6.929161071777344,6.97503662109375,6.675800800323486,10.74569320678711,10.513917922973633,10.533642768859863,11.507311820983887,8.969179153442383,8.30519962310791,8.888723373413086,8.703792572021484,9.336851119995117,6.003251075744629,6.045444488525391,6.57864236831665,7.605548858642578
DSV_Trial_1,IMG_2697.JPG,56_R4S_294_R53_1_56,1.0,,,False,24,0.011307666666666667,129.0645845,5.655350208282471,5.769375801086426,5.428735733032227,12.023761749267578,12.049976348876953,12.157651901245117,10.472284317016602,7.840668201446533,7.5547919273376465,8.08615779876709,7.091802597045898,8.272310256958008,4.801248550415039,4.9774322509765625,5.388504981994629,6.187895774841309
DSV_Trial_1,IMG_2698.JPG,57_R4S_217_JANETZKIS SCHLESISCHER_1_57,7.0,,,True,8,0.012336354481369587,127.26552661946697,5.498227596282959,5.644201755523682,5.250571250915527,8.168381690979004,8.329208374023438,8.100725173950195,7.931373119354248,9.974181175231934,7.590726852416992,7.894190311431885,7.568363189697266,8.515765190124512,5.668559551239014,5.198525428771973,5.6597795486450195,5.910855293273926
DSV_Trial_1,IMG_2699.JPG,57_R4S_217_JANETZKIS SCHLESISCHER_1_57,10.0,,,False,17,0.007298,123.94328716666666,13.884963989257812,14.64614486694336,12.947219848632812,16.485164642333984,17.195308685302734,17.242835998535156,17.550050735473633,14.973916053771973,13.313348770141602,16.74360466003418,14.730386734008789,15.1553316116333,13.260866165161133,14.442058563232422,13.740165710449219,14.455102920532227
DSV_Trial_1,IMG_2700.JPG,57_R4S_217_JANETZKIS SCHLESISCHER_1_57,32.0,,,False,25,0.018401583333333332,126.11275633333334,10.555870056152344,11.071099281311035,9.759039878845215,14.900289535522461,15.332205772399902,15.467103004455566,16.473731994628906,17.598161697387695,15.619709014892578,15.785760879516602,13.630983352661133,16.184518814086914,10.676504135131836,11.042003631591797,11.101705551147461,11.244569778442383
DSV_Trial_1,IMG_2701.JPG,58_R4S_398_Bolko_1_58,11.0,,,False,21,0.014698916666666667,123.71208325,8.59532356262207,8.932113647460938,8.106584548950195,13.077241897583008,13.413646697998047,13.150035858154297,12.539320945739746,11.487517356872559,10.355735778808594,11.794709205627441,10.39985179901123,12.12453556060791,8.535640716552734,9.18970012664795,9.31886100769043,9.168989181518555
DSV_Trial_1,IMG_2702.JPG,58_R4S_398_Bolko_1_58,1.0,,,False,14,0.0195895,124.65580991666667,6.63784122467041,6.7760515213012695,6.219459533691406,12.876672744750977,13.158924102783203,12.991697311401367,10.820631980895996,10.650823593139648,9.27879810333252,10.034087181091309,8.367178916931152,10.159003257751465,6.383833408355713,6.779231071472168,7.000554084777832,7.364370346069336
DSV_Trial_1,IMG_2703.JPG,58_R4S_398_Bolko_1_58,24.0,,,False,21,0.01499175,127.67483516666667,11.292600631713867,11.956987380981445,10.400247573852539,14.159499168395996,14.399348258972168,14.348394393920898,15.253856658935547,13.030415534973145,11.305073738098145,12.451494216918945,12.040648460388184,13.232172966003418,11.944801330566406,12.409887313842773,11.97385025024414,11.843762397766113
DSV_Trial_1,IMG_2704.JPG,59_R4S_501_LG Avenger_1_59,1.0,,,False,18,0.01767975,124.88569516666666,8.265846252441406,8.445884704589844,7.7808942794799805,14.304481506347656,14.706154823303223,14.385941505432129,13.545912742614746,11.843880653381348,11.885428428649902,13.164647102355957,10.653093338012695,12.650696754455566,9.147209167480469,9.002822875976562,8.96995735168457,9.04432487487793
DSV_Trial_1,IMG_2705.JPG,59_R4S_501_LG Avenger_1_59,2.0,,,False,16,0.0144425,126.01100941666667,6.072752952575684,6.500115394592285,5.657705307006836,11.494800567626953,11.365774154663086,11.408500671386719,9.656892776489258,8.602978706359863,8.041741371154785,9.310993194580078,6.749976634979248,8.367629051208496,6.163651466369629,6.22052001953125,6.284445762634277,6.533333778381348
DSV_Trial_1,IMG_2706.JPG,59_R4S_501_LG Avenger_1_59,1.0,,,False,21,0.01781341666666667,128.38400708333333,7.449872016906738,7.818966865539551,7.001092910766602,11.261157989501953,11.48179817199707,11.371221542358398,9.908268928527832,7.47697114944458,7.424536228179932,8.793924331665039,7.415328025817871,8.986734390258789,7.673818111419678,8.046821594238281,8.107765197753906,8.197282791137695
DSV_Trial_1,IMG_2707.JPG,60_R4S_490_R8_1_60,4.0,,,False,12,0.00814,127.96146408333334,7.4126787185668945,7.780123710632324,6.787008285522461,14.700874328613281,15.401738166809082,14.738173484802246,10.647233963012695,7.678731441497803,8.07579231262207,9.053773880004883,7.330689430236816,8.755444526672363,6.994332790374756,7.668534278869629,7.18497896194458,8.015780448913574
DSV_Trial_1,IMG_2708.JPG,60_R4S_490_R8_1_60,2.0,,,False,15,0.01378125,129.280894,4.863170146942139,5.061484336853027,4.652620315551758,12.594256401062012,12.377554893493652,12.464691162109375,8.761540412902832,6.87162446975708,6.700226783752441,7.6860785484313965,5.921824932098389,7.176095962524414,4.036258220672607,4.299992561340332,4.6025800704956055,5.361191749572754
DSV_Trial_1,IMG_2709.JPG,60_R4S_490_R8_1_60,4.0,,,False,17,0.015685666666666667,130.87769733333334,8.024288177490234,8.550525665283203,7.584110260009766,17.058391571044922,17.394134521484375,16.81951141357422,14.36326789855957,10.940403938293457,11.622660636901855,11.259262084960938,9.110503196716309,11.475817680358887,7.207657814025879,7.947132110595703,8.167974472045898,8.601197242736816
DSV_Trial_1,IMG_2710.JPG,61_R4S_443_J 104_2_1,2.0,,,False,12,0.02696125,124.60683991666667,7.02916145324707,7.178149223327637,6.1238627433776855,14.351198196411133,15.372343063354492,14.802133560180664,11.366064071655273,10.284615516662598,9.07399845123291,9.52296257019043,8.476183891296387,9.174824714660645,7.2401838302612305,7.184926986694336,7.585526466369629,7.461962699890137
DSV_Trial_1,IMG_2711.JPG,61_R4S_443_J 104_2_1,2.0,,,False,14,0.018169583333333333,125.78356058333334,7.77340030670166,8.090387344360352,7.263093948364258,14.269189834594727,14.077631950378418,14.163799285888672,12.518580436706543,9.458919525146484,9.235243797302246,10.017786979675293,8.592336654663086,9.891687393188477,7.481423377990723,8.010359764099121,8.538694381713867,8.576981544494629
DSV_Trial_1,IMG_2712.JPG,61_R4S_443_J 104_2_1,3.0,,,False,12,0.013341916666666667,127.376895,11.251309394836426,11.501079559326172,9.87860107421875,17.15467071533203,17.543745040893555,17.55563735961914,15.281036376953125,12.301594734191895,11.703821182250977,13.699601173400879,11.935723304748535,12.819099426269531,11.546821594238281,11.968097686767578,12.01304817199707,11.864500045776367
DSV_Trial_1,IMG_2713.JPG,62_R4S_331_Magres Pajberg_2_2,3.0,,,False,14,0.012650166666666667,127.24689758333334,15.433160781860352,15.345149040222168,13.219711303710938,17.53673553466797,17.34839630126953,17.03203582763672,18.395532608032227,19.88033676147461,16.140735626220703,16.63569450378418,17.50315284729004,18.068552017211914,15.095130920410156,15.372003555297852,15.021051406860352,15.948968887329102
DSV_Trial_1,IMG_2714.JPG,62_R4S_331_Magres Pajberg_2_2,4.0,,,False,13,0.013661166666666667,129.03469933333332,13.824342727661133,13.076417922973633,12.142377853393555,18.606754302978516,18.451995849609375,18.155929565429688,16.816360473632812,14.95534610748291,14.653533935546875,14.174509048461914,13.573439598083496,15.07886028289795,13.562908172607422,12.901503562927246,14.074810028076172,14.738371849060059
DSV_Trial_1,IMG_2715.JPG,62_R4S_331_Magres Pajberg_2_2,7.0,,,False,12,0.01539,128.35251433333335,19.231904983520508,19.021678924560547,16.551664352416992,21.178512573242188,21.450084686279297,20.60611343383789,22.64472007751465,21.052661895751953,20.9155330657959,19.05498504638672,19.887008666992188,21.91844367980957,18.30963897705078,19.140932083129883,18.831192016601562,19.7582950592041
DSV_Trial_1,IMG_2716.JPG,63_R4S_156_Vivol_2_3,2.0,,,False,16,0.013719,125.84815083333334,7.792113304138184,8.046751022338867,6.778134822845459,15.404479026794434,15.515127182006836,15.025070190429688,11.25885009765625,9.94938850402832,8.907905578613281,10.929191589355469,9.481884956359863,10.632742881774902,7.463132858276367,7.551858425140381,7.712886810302734,8.508340835571289
DSV_Trial_1,IMG_2717.JPG,63_R4S_156_Vivol_2_3,9.0,,,False,12,0.014132333333333334,130.46950883333332,11.792668342590332,11.772209167480469,9.578060150146484,21.31147003173828,22.101810455322266,20.95598793029785,16.520069122314453,15.899823188781738,14.165769577026367,15.294496536254883,13.671618461608887,15.136618614196777,11.852258682250977,11.432997703552246,11.331067085266113,12.613876342773438
DSV_Trial_1,IMG_2718.JPG,63_R4S_156_Vivol_2_3,15.0,,,False,13,0.020425416666666668,126.90016941666667,13.607293128967285,14.280672073364258,11.047076225280762,19.720523834228516,21.16518783569336,18.897415161132812,14.843940734863281,14.808930397033691,13.598613739013672,14.781644821166992,13.272531509399414,14.864595413208008,13.892263412475586,13.922986030578613,13.32368278503418,14.114580154418945
DSV_Trial_1,IMG_2719.JPG,64_R4S_494_DSV1_2_4,29.0,,,False,14,0.009069083333333334,123.803927,14.51017951965332,15.232348442077637,12.711408615112305,17.667922973632812,18.64336395263672,17.994384765625,18.982423782348633,18.5390567779541,16.238536834716797,18.844886779785156,15.161805152893066,16.737125396728516,16.525333404541016,17.231565475463867,16.002286911010742,15.316057205200195
DSV_Trial_1,IMG_2720.JPG,64_R4S_494_DSV1_2_4,14.0,,,False,10,0.01243825,128.99419716666668,9.157221794128418,9.280241012573242,8.283674240112305,18.547943115234375,18.946319580078125,18.894695281982422,15.5178804397583,12.616363525390625,10.95102310180664,12.766355514526367,10.30381965637207,12.231123924255371,9.6452054977417,9.419543266296387,9.463632583618164,9.581151962280273
DSV_Trial_1,IMG_2721.JPG,64_R4S_494_DSV1_2_4,20.0,,,False,8,0.009467,125.5998715,13.647619247436523,14.59675407409668,12.306775093078613,18.910633087158203,20.254619598388672,20.054946899414062,17.18388557434082,14.96013069152832,14.020544052124023,14.478116035461426,12.816283226013184,14.006258964538574,14.507980346679688,15.193319320678711,14.548806190490723,14.577264785766602
DSV_Trial_1,IMG_2722.JPG,65_R4S_151_Ontario_2_5,3.0,,,False,10,0.005442166666666666,124.654563,7.387248992919922,7.798877716064453,6.769197940826416,16.185901641845703,16.234975814819336,16.89989471435547,11.667232513427734,7.280483722686768,8.207469940185547,9.171927452087402,6.878708839416504,8.641531944274902,7.589682579040527,7.769021987915039,7.646828651428223,7.673168182373047
DSV_Trial_1,IMG_2723.JPG,65_R4S_151_Ontario_2_5,1.0,,,False,13,0.006425666666666666,123.90271208333333,7.689481735229492,7.108223915100098,6.7081193923950195,13.427151679992676,13.539937973022461,13.813060760498047,15.061670303344727,12.899999618530273,11.729061126708984,13.605356216430664,12.112080574035645,12.145916938781738,7.923595905303955,7.478684425354004,7.547513008117676,8.253987312316895
DSV_Trial_1,IMG_2724.JPG,65_R4S_151_Ontario_2_5,1.0,,,False,8,0.004145833333333333,121.97372808333333,6.931637763977051,7.194659233093262,6.831411361694336,16.066925048828125,16.045795440673828,16.756053924560547,15.980265617370605,10.622278213500977,10.191036224365234,12.504426956176758,9.080974578857422,11.00776481628418,6.5553693771362305,7.036682605743408,7.140519142150879,7.409403324127197
DSV_Trial_1,IMG_2725.JPG,66_R4S_292_V8_2_6,2.0,,,False,13,0.01208325,126.46449966666667,12.391101837158203,13.399969100952148,11.813230514526367,13.343204498291016,13.916899681091309,13.977951049804688,15.221672058105469,15.974312782287598,12.89380168914795,14.073308944702148,12.554123878479004,13.7591552734375,12.351973533630371,13.653606414794922,13.656246185302734,13.549789428710938
DSV_Trial_1,IMG_2726.JPG,66_R4S_292_V8_2_6,8.0,,,False,8,0.016181583333333333,125.40030516666667,6.9670023918151855,7.423299312591553,6.455374240875244,16.03495216369629,16.405601501464844,16.676578521728516,11.590927124023438,11.015751838684082,11.238689422607422,10.479682922363281,8.505012512207031,9.84228515625,7.1319966316223145,7.377982139587402,7.631599426269531,7.528566360473633
DSV_Trial_1,IMG_2727.JPG,66_R4S_292_V8_2_6,2.0,,,False,16,0.02272025,126.8478955,6.835873603820801,6.958705902099609,6.444866180419922,14.763622283935547,15.21191692352295,15.172922134399414,11.775917053222656,10.735090255737305,10.826251983642578,10.832379341125488,8.568554878234863,10.771072387695312,6.97643518447876,6.921764373779297,7.545884609222412,7.491083145141602
DSV_Trial_1,IMG_2728.JPG,67_R4S_203_Flip_2_7,1.0,,,False,14,0.012840083333333334,124.44678591666667,8.201292037963867,8.093810081481934,7.068389415740967,12.286696434020996,12.026463508605957,12.488743782043457,11.011762619018555,10.580118179321289,8.981738090515137,10.063915252685547,9.53924560546875,9.427933692932129,8.158380508422852,7.947855472564697,7.968802452087402,8.574849128723145
DSV_Trial_1,IMG_2729.JPG,67_R4S_203_Flip_2_7,2.0,,,False,18,0.023334,129.9780505,7.641849040985107,7.473232269287109,6.635923385620117,13.049776077270508,13.086359977722168,12.72968578338623,11.984396934509277,11.533345222473145,9.81207275390625,9.979597091674805,10.016265869140625,9.986702919006348,7.704193592071533,7.434147834777832,7.737876892089844,8.273882865905762
DSV_Trial_1,IMG_2730.JPG,67_R4S_203_Flip_2_7,2.0,,,False,16,0.0167895,127.988743,8.225080490112305,8.5819730758667,7.4609222412109375,13.348312377929688,13.686209678649902,13.598922729492188,12.018951416015625,10.365010261535645,9.831515312194824,10.71931266784668,10.527234077453613,10.385610580444336,8.318716049194336,8.812660217285156,8.712591171264648,8.592798233032227
DSV_Trial_1,IMG_2731.JPG,68_R4S_204_Leopard_2_8,6.0,,,False,23,0.022887166666666667,128.51792466666666,11.252017974853516,11.993532180786133,10.038505554199219,16.84508514404297,17.163543701171875,16.537845611572266,17.816192626953125,17.141490936279297,13.893105506896973,15.984585762023926,15.105525016784668,15.54715347290039,11.741390228271484,12.078559875488281,11.569911003112793,11.805695533752441
DSV_Trial_1,IMG_2732.JPG,68_R4S_204_Leopard_2_8,1.0,,,False,23,0.019875833333333332,130.27252458333334,10.990909576416016,11.367971420288086,9.480192184448242,14.357124328613281,14.587982177734375,14.114805221557617,15.168722152709961,12.761235237121582,11.399832725524902,13.04437255859375,12.118889808654785,12.947776794433594,10.63265323638916,11.132524490356445,10.799750328063965,11.4890775680542
DSV_Trial_1,IMG_2733.JPG,68_R4S_204_Leopard_2_8,4.0,,,False,30,0.020349166666666668,123.56236158333333,16.93090057373047,17.572235107421875,15.021177291870117,17.00142478942871,16.77176856994629,16.419212341308594,20.041284561157227,20.03297996520996,16.4638671875,17.3460693359375,17.48235511779785,17.76569175720215,15.967875480651855,17.097728729248047,17.353540420532227,17.397594451904297
DSV_Trial_1,IMG_2734.JPG,69_R4S_329_Rotabaggeue_2_9,2.0,,,False,9,0.008534166666666667,130.13177283333334,6.477255821228027,6.5199995040893555,6.278904914855957,13.189981460571289,13.380048751831055,13.268028259277344,11.337751388549805,10.338981628417969,8.713491439819336,9.440234184265137,7.95361852645874,8.680150985717773,5.924609184265137,6.248427391052246,6.742431640625,7.25606632232666
DSV_Trial_1,IMG_2735.JPG,69_R4S_329_Rotabaggeue_2_9,1.0,,,False,16,0.011881916666666667,132.09706708333334,9.634727478027344,9.568862915039062,9.094680786132812,13.35467529296875,13.872699737548828,13.781970024108887,14.385344505310059,14.721334457397461,12.560667037963867,13.386765480041504,12.027700424194336,14.084074020385742,8.882286071777344,9.244874000549316,9.80884838104248,10.650217056274414
DSV_Trial_1,IMG_2736.JPG,69_R4S_329_Rotabaggeue_2_9,3.0,,,False,10,0.007839333333333334,128.135417,12.498815536499023,12.809965133666992,11.49481201171875,17.448509216308594,18.017322540283203,17.306726455688477,18.464155197143555,16.453859329223633,15.451905250549316,16.443317413330078,13.91549301147461,16.615066528320312,11.317546844482422,12.615453720092773,12.58879566192627,13.629388809204102
DSV_Trial_1,IMG_2737.JPG,70_R4S_539_Smaragd_2_10,2.0,,,False,24,0.012150583333333333,122.019422,7.386516094207764,7.540189266204834,6.957080841064453,12.835257530212402,12.942821502685547,13.226696014404297,10.685455322265625,10.129297256469727,8.643795013427734,11.24269962310791,8.824350357055664,10.801802635192871,7.105761528015137,6.879323482513428,7.564208030700684,7.759255409240723
DSV_Trial_1,IMG_2738.JPG,70_R4S_539_Smaragd_2_10,5.0,,,False,12,0.004337666666666667,128.64585066666666,13.356051445007324,13.724902153015137,12.501415252685547,15.51006031036377,15.671643257141113,15.48745059967041,17.350391387939453,14.653306007385254,13.907255172729492,14.122078895568848,13.331449508666992,14.29626178741455,12.839494705200195,13.556543350219727,13.128205299377441,14.075287818908691
DSV_Trial_1,IMG_2739.JPG,70_R4S_539_Smaragd_2_10,20.0,,,False,19,0.01083125,130.5682565,7.90003776550293,8.424541473388672,7.352283000946045,12.747769355773926,13.09397029876709,12.678264617919922,11.391009330749512,9.271954536437988,8.849663734436035,10.830546379089355,9.333343505859375,10.59203052520752,8.69320011138916,8.960539817810059,8.204549789428711,8.07913589477539
DSV_Trial_1,IMG_2740.JPG,71_R4S_169_Tenor_2_11,17.0,,,False,26,0.020935916666666665,124.95117608333334,9.988264083862305,10.606178283691406,8.546831130981445,12.874561309814453,13.52981948852539,13.136743545532227,13.635380744934082,12.33527946472168,10.972129821777344,11.5158052444458,11.495428085327148,11.561934471130371,10.538555145263672,10.426076889038086,10.152359962463379,10.550859451293945
DSV_Trial_1,IMG_2741.JPG,71_R4S_169_Tenor_2_11,6.0,,,False,16,0.01154325,125.42166741666666,9.086385726928711,9.402901649475098,7.932552337646484,14.727710723876953,14.97528076171875,14.712469100952148,14.504697799682617,12.393074035644531,11.228419303894043,12.399372100830078,11.044116020202637,12.270439147949219,9.090249061584473,9.139827728271484,9.25561809539795,9.662796020507812
DSV_Trial_1,IMG_2742.JPG,71_R4S_169_Tenor_2_11,2.0,,,False,16,0.0125715,122.56914841666666,9.162525177001953,9.772775650024414,8.67281723022461,13.838984489440918,14.491403579711914,14.334338188171387,12.756750106811523,11.306468963623047,10.854830741882324,11.717357635498047,9.817962646484375,11.612499237060547,9.492568969726562,9.845345497131348,9.703705787658691,9.891039848327637
DSV_Trial_1,IMG_2743.JPG,72_R4S_197_Samourai_2_12,2.0,,,False,20,0.007879583333333334,125.15856733333334,9.161406517028809,9.625375747680664,8.046491622924805,12.23080825805664,11.927472114562988,11.943458557128906,13.338020324707031,11.652633666992188,10.36862850189209,11.322360038757324,10.879081726074219,11.203330993652344,8.909610748291016,9.10351848602295,8.87968635559082,9.84205436706543
DSV_Trial_1,IMG_2744.JPG,72_R4S_197_Samourai_2_12,2.0,,,False,20,0.00542525,124.80708641666666,8.083553314208984,8.26884651184082,8.16336441040039,13.38535213470459,13.017525672912598,13.173108100891113,15.093196868896484,12.382311820983887,11.451101303100586,12.720161437988281,12.64137077331543,12.66952896118164,7.207768440246582,7.44523286819458,7.961307525634766,8.931175231933594
DSV_Trial_1,IMG_2745.JPG,72_R4S_197_Samourai_2_12,2.0,,,False,10,0.00165275,126.42579941666666,16.6982364654541,17.738208770751953,16.228899002075195,17.625642776489258,17.528884887695312,17.721696853637695,23.870365142822266,19.027069091796875,17.971059799194336,18.904207229614258,18.603973388671875,20.10192108154297,15.875482559204102,16.888668060302734,16.997867584228516,17.64497947692871
DSV_Trial_1,IMG_2746.JPG,73_R4S_166_NK Fair_2_13,2.0,,,False,16,0.01533575,127.64918066666667,17.454532623291016,17.81631088256836,14.638326644897461,16.946937561035156,17.34566879272461,16.567564010620117,19.882579803466797,21.06690788269043,18.217971801757812,17.94861602783203,19.781490325927734,18.816720962524414,16.298999786376953,16.853788375854492,16.634841918945312,18.044763565063477
DSV_Trial_1,IMG_2747.JPG,73_R4S_166_NK Fair_2_13,2.0,,,False,15,0.0148785,124.78334358333333,13.401423454284668,13.69644546508789,11.35577392578125,15.583847999572754,16.21514320373535,15.525184631347656,15.350629806518555,14.069501876831055,13.436287879943848,13.117859840393066,13.429340362548828,13.228583335876465,13.549689292907715,14.51058292388916,13.794474601745605,13.94859504699707
DSV_Trial_1,IMG_2748.JPG,73_R4S_166_NK Fair_2_13,8.0,,,False,15,0.020867666666666666,128.819409,11.001651763916016,11.74354076385498,9.615742683410645,18.381938934326172,19.313899993896484,18.45157241821289,17.561235427856445,16.64483070373535,14.506940841674805,15.44755744934082,16.558799743652344,15.458683967590332,11.442269325256348,11.85828685760498,11.10368537902832,11.418684005737305
DSV_Trial_1,IMG_2749.JPG,74_R4S_343_Drummonds Purple Top_2_14,9.0,,,False,15,0.017042333333333333,125.2522685,14.45409107208252,14.832571983337402,13.183079719543457,17.85561752319336,19.527599334716797,18.46546173095703,20.2645206451416,20.960674285888672,17.65435791015625,16.706195831298828,17.111236572265625,17.412925720214844,14.1076078414917,14.424398422241211,14.97774887084961,15.030834197998047
DSV_Trial_1,IMG_2750.JPG,74_R4S_343_Drummonds Purple Top_2_14,8.0,,,False,14,0.012368416666666666,122.627598,9.74478530883789,10.035880088806152,8.762704849243164,14.117870330810547,14.618602752685547,14.238028526306152,14.539122581481934,11.237878799438477,10.887917518615723,11.667040824890137,10.261274337768555,11.529459953308105,9.146787643432617,10.029287338256836,9.926100730895996,10.548218727111816
DSV_Trial_1,IMG_2752.JPG,74_R4S_343_Drummonds Purple Top_2_14,1.0,,,False,9,0.010376583333333333,128.73183291666666,8.945951461791992,9.062302589416504,8.015849113464355,15.634429931640625,16.107017517089844,16.506591796875,14.512975692749023,11.921377182006836,12.014435768127441,11.002058029174805,11.164606094360352,10.707669258117676,9.87228012084961,9.394707679748535,9.73002815246582,9.39085578918457
DSV_Trial_1,IMG_2753.JPG,75_R4S_279_Liglory_2_15,4.0,,,False,21,0.01482725,127.49579991666667,12.366181373596191,12.850133895874023,11.214310646057129,14.82591438293457,14.540319442749023,14.449398040771484,15.34912109375,11.77034854888916,12.499215126037598,12.109793663024902,11.946077346801758,13.202796936035156,10.653173446655273,11.96800422668457,12.227272033691406,13.125141143798828
DSV_Trial_1,IMG_2754.JPG,75_R4S_279_Liglory_2_15,1.0,,,False,15,0.012145833333333333,127.97873291666667,5.919697284698486,5.939659118652344,5.603379249572754,13.04088020324707,13.009610176086426,12.922028541564941,12.086002349853516,11.558003425598145,9.671767234802246,10.527737617492676,9.271411895751953,10.361067771911621,5.296173572540283,5.420591831207275,5.961734771728516,6.5997700691223145
DSV_Trial_1,IMG_2755.JPG,75_R4S_279_Liglory_2_15,2.0,,,False,16,0.016505666666666665,128.1261605,9.451351165771484,9.569387435913086,8.12080192565918,16.131122589111328,16.531587600708008,15.97255802154541,14.078582763671875,12.677423477172852,10.948869705200195,11.986892700195312,11.720807075500488,12.084165573120117,9.612616539001465,9.80494499206543,9.469792366027832,10.03370475769043
DSV_Trial_1,IMG_2756.JPG,76_R4S_417_H355_2_16,1.0,,,False,17,0.017347166666666667,126.33280925,6.9233574867248535,7.054969310760498,6.42068338394165,13.303977966308594,13.345525741577148,13.347907066345215,11.262175559997559,8.934672355651855,8.377032279968262,9.044251441955566,7.0401458740234375,9.20134449005127,6.278203010559082,6.415909290313721,6.892336845397949,7.545083045959473
DSV_Trial_1,IMG_2757.JPG,76_R4S_417_H355_2_16,7.0,,,False,24,0.010601833333333333,128.09709366666667,7.384676933288574,7.5553765296936035,6.774918556213379,16.098392486572266,16.487476348876953,16.365001678466797,13.018636703491211,10.511930465698242,10.015461921691895,11.381399154663086,10.347722053527832,11.405272483825684,7.517265319824219,7.0146379470825195,7.222324371337891,7.847939491271973
DSV_Trial_1,IMG_2758.JPG,76_R4S_417_H355_2_16,3.0,,,False,15,0.01470225,124.72655666666667,7.5282135009765625,7.6265435218811035,6.7368316650390625,13.737871170043945,14.188138961791992,13.80662727355957,13.011781692504883,10.740720748901367,10.170228004455566,10.594462394714355,9.336136817932129,9.940906524658203,7.194096088409424,7.038754463195801,7.142397403717041,8.224774360656738
DSV_Trial_1,IMG_2759.JPG,77_R4S_451_S5_2_17,6.0,,,False,24,0.014506416666666667,125.32802108333334,7.8376874923706055,8.309301376342773,7.318844795227051,11.774009704589844,12.14210319519043,11.644235610961914,12.207956314086914,10.581507682800293,9.505324363708496,10.85163688659668,9.250596046447754,10.913352012634277,7.977069854736328,8.066184997558594,8.088785171508789,8.53026008605957
DSV_Trial_1,IMG_2760.JPG,77_R4S_451_S5_2_17,3.0,,,False,22,0.021552583333333333,127.11585858333333,6.058393955230713,6.241236686706543,5.690362930297852,15.538311958312988,15.588666915893555,15.45212173461914,10.633909225463867,8.88650131225586,8.419988632202148,10.898859977722168,8.682256698608398,10.586525917053223,5.997414588928223,6.020937919616699,6.432090759277344,6.62884521484375
DSV_Trial_1,IMG_2761.JPG,77_R4S_451_S5_2_17,12.0,,,False,21,0.016942166666666668,126.00125391666667,9.05301284790039,9.643604278564453,8.30791187286377,14.288581848144531,15.262483596801758,14.592273712158203,13.816511154174805,13.80182933807373,12.095927238464355,13.696439743041992,13.333691596984863,12.987492561340332,9.678560256958008,9.830066680908203,9.85067367553711,9.7290678024292
DSV_Trial_1,IMG_2762.JPG,78_R4S_522_Taisetsu_2_18,3.0,,,False,25,0.026047666666666667,124.90205183333333,8.19221019744873,8.647760391235352,7.273782730102539,12.925800323486328,13.401615142822266,12.789926528930664,11.13794231414795,10.892501831054688,9.83060073852539,11.104646682739258,9.058036804199219,11.743680000305176,8.184795379638672,8.798715591430664,8.760059356689453,8.977500915527344
DSV_Trial_1,IMG_2763.JPG,78_R4S_522_Taisetsu_2_18,3.0,,,False,28,0.01812975,127.30444183333333,10.083078384399414,10.593027114868164,8.576598167419434,14.175539016723633,15.049707412719727,14.457809448242188,13.799466133117676,12.498424530029297,11.19704532623291,13.253901481628418,11.408079147338867,13.23265266418457,10.384284973144531,10.374601364135742,10.027948379516602,10.453137397766113
DSV_Trial_1,IMG_2764.JPG,78_R4S_522_Taisetsu_2_18,4.0,,,False,18,0.017164,126.33565291666666,12.703261375427246,13.584132194519043,12.218484878540039,12.372993469238281,13.267135620117188,13.038167953491211,14.863689422607422,14.308709144592285,13.071613311767578,13.616424560546875,12.417442321777344,13.82160472869873,13.645333290100098,14.932389259338379,14.700260162353516,13.624198913574219
DSV_Trial_1,IMG_2765.JPG,79_R4S_391_Jantar_2_19,4.0,,,False,17,0.013890083333333334,126.04843625,7.918031692504883,8.198394775390625,7.428736686706543,14.038917541503906,14.928914070129395,14.452127456665039,12.839129447937012,11.282248497009277,10.288987159729004,11.928361892700195,9.871683120727539,11.027201652526855,7.917914867401123,8.2253999710083,8.681724548339844,8.681502342224121
DSV_Trial_1,IMG_2766.JPG,79_R4S_391_Jantar_2_19,2.0,,,False,14,0.017349916666666666,126.50084466666667,9.847991943359375,10.461933135986328,9.376885414123535,15.797640800476074,16.3643798828125,16.240388870239258,14.5062894821167,14.060004234313965,11.936826705932617,13.713325500488281,11.128480911254883,13.745306015014648,9.661447525024414,10.055264472961426,10.301803588867188,10.50306510925293
DSV_Trial_1,IMG_2767.JPG,79_R4S_391_Jantar_2_19,26.0,,,False,14,0.021552916666666668,123.50664833333333,16.145343780517578,16.544326782226562,14.126472473144531,17.408531188964844,19.072006225585938,17.506792068481445,17.837099075317383,18.297773361206055,16.111717224121094,16.556800842285156,16.174755096435547,16.17852210998535,15.520235061645508,16.279680252075195,16.33675765991211,16.847537994384766
DSV_Trial_1,IMG_2768.JPG,80_R4S_246_Laser_2_20,4.0,,,False,21,0.023931833333333333,124.95114333333333,9.293855667114258,9.456710815429688,8.239524841308594,13.60748291015625,13.631129264831543,13.635805130004883,13.621166229248047,14.336750984191895,12.35146427154541,13.333645820617676,11.558232307434082,13.61101245880127,9.07689094543457,9.263108253479004,9.825469970703125,10.093276977539062
DSV_Trial_1,IMG_2769.JPG,80_R4S_246_Laser_2_20,2.0,,,False,12,0.015874,126.42194816666667,7.902200222015381,8.067377090454102,7.3429059982299805,15.561399459838867,15.809314727783203,15.354255676269531,12.5750093460083,11.014591217041016,11.427411079406738,11.158671379089355,8.376455307006836,11.20737361907959,7.652645111083984,7.862471580505371,8.213838577270508,8.703563690185547
DSV_Trial_1,IMG_2770.JPG,80_R4S_246_Laser_2_20,29.0,,,False,12,0.014235666666666667,125.85487291666666,21.285032272338867,23.380069732666016,18.862804412841797,20.387781143188477,21.95083999633789,20.67022705078125,21.60641098022461,24.739404678344727,19.080474853515625,22.60391616821289,21.94165802001953,21.550613403320312,22.584747314453125,24.87360382080078,23.071340560913086,22.009044647216797
DSV_Trial_1,IMG_2771.JPG,81_R4S_373_25629-3_2_21,2.0,,,False,16,0.01151975,125.23888375,8.670328140258789,8.829110145568848,7.489070892333984,15.658223152160645,15.515384674072266,15.939391136169434,17.080039978027344,16.548828125,12.99409294128418,16.063243865966797,14.077064514160156,14.440269470214844,9.264938354492188,9.019515991210938,8.381651878356934,8.993515014648438
DSV_Trial_1,IMG_2772.JPG,81_R4S_373_25629-3_2_21,3.0,,,False,18,0.019469583333333332,125.119692,6.217516899108887,6.537917613983154,5.865776062011719,11.994425773620605,12.28962516784668,12.265413284301758,10.436064720153809,8.90382194519043,9.090953826904297,9.538086891174316,7.685897350311279,9.266901016235352,6.634754180908203,6.854367256164551,6.879706859588623,6.84031867980957
DSV_Trial_1,IMG_2773.JPG,81_R4S_373_25629-3_2_21,2.0,,,False,15,0.013050833333333333,125.53274516666667,7.09212589263916,7.252850532531738,6.631755828857422,13.665033340454102,14.489672660827637,14.261497497558594,10.481331825256348,10.182374000549316,9.050993919372559,9.812604904174805,8.594704627990723,9.641736030578613,7.250185489654541,7.649498462677002,7.661118984222412,7.629021644592285
DSV_Trial_1,IMG_2774.JPG,82_R4S_345_Bangholm PT_2_22,7.0,,,False,16,0.007847166666666667,131.84583066666667,12.939188957214355,13.33176326751709,11.546889305114746,14.909565925598145,14.53549575805664,14.425262451171875,13.899267196655273,12.603609085083008,11.201531410217285,13.605064392089844,11.72536563873291,14.129341125488281,13.144216537475586,13.912070274353027,13.507386207580566,13.401022911071777
DSV_Trial_1,IMG_2775.JPG,82_R4S_345_Bangholm PT_2_22,4.0,,,False,24,0.01458575,128.10820541666666,18.181377410888672,18.47410011291504,16.15707778930664,17.194766998291016,17.541976928710938,16.95022964477539,23.238554000854492,21.35973358154297,19.2321834564209,19.64131736755371,20.867637634277344,20.309221267700195,17.005592346191406,18.758811950683594,18.91009521484375,18.80975341796875
DSV_Trial_1,IMG_2776.JPG,82_R4S_345_Bangholm PT_2_22,2.0,,,False,25,0.011734916666666666,128.37956558333335,8.523130416870117,8.877223014831543,8.146774291992188,14.490144729614258,15.102781295776367,14.903075218200684,13.900754928588867,12.46237564086914,10.93172836303711,13.654141426086426,11.331745147705078,12.988222122192383,7.987857341766357,8.510292053222656,8.797155380249023,9.318492889404297
DSV_Trial_1,IMG_2777.JPG,83_R4S_289_Start_2_23,3.0,,,False,23,0.016949833333333334,124.80992858333333,9.793161392211914,10.342626571655273,9.288105010986328,15.441967010498047,15.090250015258789,14.919617652893066,14.05776596069336,10.073455810546875,11.292401313781738,12.047772407531738,9.44115161895752,12.161781311035156,9.11781120300293,10.167173385620117,10.26715087890625,10.683027267456055
DSV_Trial_1,IMG_2778.JPG,83_R4S_289_Start_2_23,3.0,,,False,19,0.01686,125.01405108333333,5.798244476318359,6.070432662963867,5.57633113861084,13.302152633666992,13.51248550415039,13.336921691894531,10.74958610534668,8.13749885559082,7.7427191734313965,8.567391395568848,6.524993419647217,8.46364688873291,5.288726806640625,5.484753608703613,5.835818767547607,6.367162704467773
DSV_Trial_1,IMG_2779.JPG,83_R4S_289_Start_2_23,5.0,,,False,23,0.02204625,122.217778,8.028203964233398,8.48908805847168,7.370293140411377,15.705122947692871,15.61014461517334,15.107226371765137,13.515090942382812,11.258590698242188,10.073251724243164,12.674798011779785,9.398345947265625,12.032012939453125,7.592573165893555,8.010501861572266,8.328802108764648,8.903533935546875
DSV_Trial_1,IMG_2780.JPG,84_R4S_243_Sansibar_2_24,2.0,,,False,35,0.0131895,124.1108655,6.446060657501221,6.5459089279174805,6.443772315979004,11.452211380004883,11.448017120361328,11.675558090209961,12.53242301940918,11.076894760131836,9.943286895751953,11.413390159606934,9.75162410736084,11.862899780273438,5.998160362243652,6.126971244812012,6.6217451095581055,7.198755264282227
DSV_Trial_1,IMG_2781.JPG,84_R4S_243_Sansibar_2_24,1.0,,,False,13,0.006144083333333333,124.92004308333334,12.020544052124023,11.999916076660156,11.04837417602539,18.112638473510742,18.421247482299805,18.067031860351562,17.126535415649414,16.01311492919922,14.782646179199219,17.03309440612793,13.456633567810059,15.549407958984375,11.621779441833496,11.591329574584961,12.312742233276367,12.597146987915039
DSV_Trial_1,IMG_2782.JPG,84_R4S_243_Sansibar_2_24,2.0,,,False,15,0.005297833333333333,126.59204866666667,6.073392391204834,6.1229753494262695,5.564535140991211,17.028926849365234,16.90862274169922,17.174734115600586,14.068017959594727,9.851719856262207,10.465631484985352,14.013330459594727,8.709914207458496,13.1592378616333,5.517553806304932,5.450788497924805,5.78898811340332,6.722894668579102
DSV_Trial_1,IMG_2783.JPG,85_R4S_190_RAFAL DH1_2_25,6.0,,,False,26,0.02916075,128.27986075,10.047185897827148,10.563902854919434,9.005081176757812,13.948716163635254,14.471780776977539,14.223417282104492,15.825069427490234,10.834650993347168,10.988597869873047,11.603370666503906,11.092827796936035,14.217384338378906,9.613585472106934,9.983301162719727,9.748897552490234,10.551309585571289
DSV_Trial_1,IMG_2784.JPG,85_R4S_190_RAFAL DH1_2_25,14.0,,,False,22,0.017350583333333332,126.33530058333334,13.239421844482422,13.505744934082031,12.299153327941895,15.747228622436523,16.046123504638672,16.071374893188477,20.28767967224121,17.35249137878418,16.31046485900879,15.794756889343262,15.500545501708984,16.57946014404297,12.423749923706055,13.07816219329834,13.303163528442383,13.98263931274414
DSV_Trial_1,IMG_2785.JPG,85_R4S_190_RAFAL DH1_2_25,11.0,,,False,24,0.018740833333333335,127.94050933333334,10.561443328857422,10.980850219726562,8.91141128540039,11.949729919433594,12.373805046081543,11.629034042358398,13.637116432189941,11.200125694274902,10.222039222717285,10.8220796585083,10.923898696899414,11.258190155029297,11.449520111083984,11.5166654586792,10.655083656311035,11.217144012451172
DSV_Trial_1,IMG_2786.JPG,86_R4S_505_Express 617_2_26,6.0,,,False,17,0.012164833333333333,124.49787091666667,6.783403396606445,7.089071273803711,6.688770294189453,12.420242309570312,12.681537628173828,12.305500984191895,13.242471694946289,9.73691463470459,8.915655136108398,10.530538558959961,9.59985065460205,9.856030464172363,6.863484859466553,6.996242523193359,7.255117416381836,7.406266689300537
DSV_Trial_1,IMG_2787.JPG,86_R4S_505_Express 617_2_26,5.0,,,False,18,0.009527666666666667,126.53173133333334,8.549561500549316,8.819448471069336,7.715181350708008,11.601110458374023,11.702366828918457,11.091270446777344,11.491329193115234,8.44249153137207,8.72294807434082,8.797471046447754,7.819650173187256,10.307268142700195,7.635772228240967,7.977804183959961,8.243362426757812,9.450435638427734
DSV_Trial_1,IMG_2788.JPG,86_R4S_505_Express 617_2_26,3.0,,,False,14,0.018262583333333332,125.72155091666667,8.784143447875977,8.903817176818848,8.44473648071289,13.548583030700684,13.700807571411133,13.589492797851562,11.723091125488281,8.899209022521973,11.61078929901123,9.637993812561035,8.09061336517334,10.687642097473145,7.778602600097656,8.411686897277832,8.856170654296875,9.318577766418457
DSV_Trial_1,IMG_2789.JPG,87_R4S_157_BRISTOL_2_27,4.0,,,False,15,0.018833166666666668,122.441783,9.263978004455566,9.795536994934082,7.985593795776367,16.77890396118164,17.157772064208984,16.63178062438965,14.440695762634277,11.136368751525879,9.960755348205566,11.343363761901855,10.386356353759766,11.345566749572754,8.909570693969727,9.529706001281738,9.100895881652832,9.82317066192627
DSV_Trial_1,IMG_2790.JPG,87_R4S_157_BRISTOL_2_27,1.0,,,False,17,0.017197833333333332,125.9312575,6.644776344299316,7.086266994476318,6.45737361907959,14.482935905456543,14.578734397888184,14.891471862792969,13.722623825073242,10.729083061218262,10.271145820617676,10.8037691116333,9.378141403198242,11.220562934875488,6.448524475097656,6.626490592956543,6.938992500305176,7.258208274841309
DSV_Trial_1,IMG_2791.JPG,87_R4S_157_BRISTOL_2_27,1.0,,,False,10,0.013228,123.39346741666667,5.236354351043701,5.658764362335205,4.703697204589844,14.66489315032959,15.425691604614258,14.582229614257812,9.566388130187988,6.3203325271606445,6.258602619171143,7.003006458282471,5.922685146331787,6.093554973602295,5.208776950836182,5.316590309143066,5.0229997634887695,5.642443656921387
DSV_Trial_1,IMG_2792.JPG,88_R4S_285_Quedlinburger Platzfester_2_28,14.0,,,False,29,0.011653166666666666,125.34842358333333,8.366026878356934,8.441489219665527,7.754955291748047,11.590325355529785,11.618426322937012,11.426125526428223,14.068053245544434,12.137276649475098,11.409870147705078,12.16604232788086,11.580780982971191,12.402120590209961,8.080266952514648,7.855738639831543,8.30795955657959,9.141544342041016
DSV_Trial_1,IMG_2793.JPG,88_R4S_285_Quedlinburger Platzfester_2_28,2.0,,,False,22,0.018918666666666667,124.6877335,5.429547309875488,5.426408290863037,5.212453365325928,9.803140640258789,9.851119995117188,9.84669303894043,9.56847858428955,8.28161907196045,7.535792827606201,8.519989013671875,7.3877787590026855,8.44160270690918,5.213685989379883,4.836643218994141,5.689487457275391,5.913107395172119
DSV_Trial_1,IMG_2794.JPG,88_R4S_285_Quedlinburger Platzfester_2_28,3.0,,,False,14,0.013030916666666666,125.71864008333333,8.37442398071289,8.821496963500977,8.102208137512207,13.967185974121094,14.095115661621094,14.47031021118164,13.3681001663208,11.700016975402832,11.255810737609863,11.246649742126465,10.13166618347168,10.636630058288574,7.833272933959961,8.527265548706055,9.165648460388184,9.302247047424316
DSV_Trial_1,IMG_2795.JPG,89_R4S_263_Agalon_2_29,5.0,,,False,29,0.0147275,123.84432616666666,4.335262298583984,4.568887233734131,4.2516984939575195,8.388720512390137,8.424232482910156,8.371000289916992,8.733781814575195,7.650409698486328,7.1869330406188965,7.495349884033203,5.990568161010742,7.678487777709961,3.6526505947113037,3.878307819366455,4.241052150726318,4.983516693115234
DSV_Trial_1,IMG_2796.JPG,89_R4S_263_Agalon_2_29,1.0,,,False,20,0.012610916666666666,124.24720733333334,4.347176551818848,4.654613971710205,4.330443382263184,13.400087356567383,13.855432510375977,14.039569854736328,9.330190658569336,7.159666061401367,7.253634929656982,8.601195335388184,6.655257225036621,8.018148422241211,3.762755870819092,4.040821552276611,4.384906768798828,4.908079147338867
DSV_Trial_1,IMG_2797.JPG,89_R4S_263_Agalon_2_29,3.0,,,False,15,0.0167625,124.9140705,6.663114547729492,7.3462371826171875,6.1740522384643555,9.359564781188965,10.18435001373291,9.909818649291992,9.240619659423828,8.467536926269531,7.728306293487549,8.292999267578125,7.018458843231201,8.472641944885254,6.855478286743164,7.071744918823242,7.145074844360352,7.303116798400879
DSV_Trial_1,IMG_2798.JPG,90_R4S_268_Anja_2_30,5.0,,,False,28,0.022043166666666666,126.71843108333333,13.505779266357422,14.727901458740234,11.797445297241211,15.299230575561523,16.341524124145508,15.399449348449707,16.763751983642578,15.233447074890137,14.398694038391113,14.293806076049805,14.864206314086914,14.24669075012207,14.558856964111328,15.548316955566406,14.171621322631836,13.832660675048828
DSV_Trial_1,IMG_2799.JPG,90_R4S_268_Anja_2_30,13.0,,,False,11,0.024240333333333332,125.12511575,15.063417434692383,15.297111511230469,12.927352905273438,21.2208194732666,22.011491775512695,21.538894653320312,22.608736038208008,20.95388412475586,18.731245040893555,17.923830032348633,17.77670669555664,18.728849411010742,13.988690376281738,14.6957426071167,15.118783950805664,16.00396728515625
DSV_Trial_1,IMG_2799_2.JPG,90_R4S_268_Anja_2_30,30.0,,,False,19,0.02645675,120.87867425,20.806686401367188,21.892608642578125,18.14699935913086,20.76972007751465,21.775129318237305,20.654094696044922,22.412033081054688,20.242429733276367,19.945358276367188,21.30485725402832,23.292129516601562,22.717294692993164,19.818405151367188,21.345346450805664,20.69463539123535,21.25684928894043
DSV_Trial_1,IMG_2801.JPG,91_R4S_499_R4S_NPZ3_2_31,11.0,,,False,18,0.023941833333333332,125.45487908333334,14.255757331848145,14.491277694702148,12.622154235839844,15.150030136108398,15.675678253173828,15.151397705078125,14.386604309082031,13.263591766357422,13.589152336120605,12.600825309753418,11.72756290435791,13.350261688232422,13.465927124023438,14.609793663024902,14.45472526550293,14.542520523071289
DSV_Trial_1,IMG_2802.JPG,91_R4S_499_R4S_NPZ3_2_31,5.0,,,False,19,0.018829833333333334,128.76618066666666,9.373100280761719,9.189157485961914,7.854917526245117,16.875619888305664,17.511430740356445,16.968730926513672,14.201833724975586,12.917529106140137,11.181365966796875,14.169092178344727,11.762328147888184,13.251688003540039,9.95683479309082,9.221932411193848,9.08674144744873,9.63945198059082
DSV_Trial_1,IMG_2803.JPG,91_R4S_499_R4S_NPZ3_2_31,6.0,,,False,22,0.026044916666666668,126.8040785,7.651571273803711,7.963300704956055,7.075467109680176,13.978388786315918,14.15490436553955,14.030993461608887,10.84615707397461,9.464553833007812,8.794512748718262,11.18506145477295,8.052301406860352,11.182246208190918,8.031424522399902,7.836589813232422,8.19306755065918,8.114253044128418
DSV_Trial_1,IMG_2805.JPG,92_R4S_428_S35_2_32,3.0,,,False,25,0.0154675,126.49571191666666,9.132545471191406,9.510772705078125,8.51685905456543,13.0198392868042,13.538253784179688,12.650224685668945,11.075335502624512,10.089363098144531,9.046658515930176,10.674162864685059,8.697175025939941,10.841704368591309,9.440889358520508,9.169963836669922,9.503137588500977,9.76456069946289
DSV_Trial_1,IMG_2806.JPG,92_R4S_428_S35_2_32,7.0,,,False,23,0.01964475,123.59298308333334,7.100013732910156,7.197979927062988,6.43427848815918,12.737045288085938,13.100749015808105,12.78245735168457,12.10571002960205,9.375876426696777,9.242889404296875,10.228574752807617,8.197530746459961,10.260124206542969,7.121506214141846,7.115039825439453,7.2768449783325195,7.759137153625488
DSV_Trial_1,IMG_2807.JPG,92_R4S_428_S35_2_32,2.0,,,False,20,0.0140335,125.28299533333333,8.446056365966797,8.714754104614258,7.626676559448242,14.172182083129883,14.055977821350098,14.034605979919434,10.218767166137695,7.932990074157715,7.740036964416504,9.251837730407715,7.661775588989258,9.40248966217041,8.595677375793457,8.921107292175293,9.03499984741211,9.272501945495605
DSV_Trial_1,IMG_2808.JPG,93_R4S_438_R99_2_33,1.0,,,False,23,0.006540833333333333,123.26088758333333,11.634925842285156,12.526071548461914,10.932034492492676,15.22950553894043,15.275779724121094,14.809081077575684,17.359140396118164,15.970979690551758,13.254891395568848,16.55047035217285,16.03868865966797,15.432855606079102,11.863834381103516,12.740970611572266,12.115431785583496,12.51034164428711
DSV_Trial_1,IMG_2809.JPG,93_R4S_438_R99_2_33,2.0,,,False,18,0.01221725,125.07650208333334,9.075453758239746,9.43448257446289,8.10536003112793,12.810684204101562,12.891529083251953,12.678556442260742,13.567408561706543,10.92245864868164,9.7302885055542,10.657999038696289,10.236180305480957,10.789881706237793,9.253843307495117,9.384016990661621,9.2304105758667,9.7591552734375
DSV_Trial_1,IMG_2810.JPG,93_R4S_438_R99_2_33,1.0,,,False,19,0.01447325,124.09688725,13.999870300292969,14.825769424438477,12.609190940856934,11.816648483276367,12.027416229248047,11.709359169006348,14.808204650878906,12.69384765625,11.305949211120605,11.680882453918457,13.100695610046387,12.300104141235352,15.648523330688477,15.911495208740234,15.22304916381836,14.555477142333984
DSV_Trial_1,IMG_2811.JPG,94_R4S_489_S16_2_34,1.0,,,False,22,0.01569,121.374518,6.959837913513184,6.909076690673828,6.370543479919434,14.928180694580078,15.10716438293457,14.796913146972656,12.479039192199707,9.136178970336914,8.597143173217773,10.975785255432129,8.788839340209961,10.56028938293457,7.2026472091674805,7.0508809089660645,7.21705436706543,7.581845283508301
DSV_Trial_1,IMG_2812.JPG,94_R4S_489_S16_2_34,1.0,,,False,28,0.011993416666666666,122.07461991666666,12.882960319519043,13.592793464660645,11.523430824279785,16.129642486572266,16.717750549316406,16.314699172973633,16.654035568237305,13.66599178314209,11.842439651489258,15.227723121643066,12.78357982635498,14.600438117980957,13.321893692016602,13.515462875366211,13.053354263305664,13.203607559204102
DSV_Trial_1,IMG_2813.JPG,94_R4S_489_S16_2_34,4.0,,,False,20,0.014620833333333333,122.49024883333334,6.952397346496582,7.139054298400879,6.802339553833008,14.05236530303955,14.392648696899414,14.436988830566406,11.398146629333496,9.360596656799316,9.501016616821289,10.268325805664062,7.851225852966309,10.026289939880371,6.833772659301758,7.117911338806152,7.514705657958984,7.724109649658203
DSV_Trial_1,IMG_2814.JPG,95_R4S_458_FS94.3_2_35,2.0,,,False,21,0.016282416666666667,122.67244241666667,12.210646629333496,12.077413558959961,10.309402465820312,14.910646438598633,15.172607421875,14.484956741333008,15.635186195373535,14.967967987060547,13.159671783447266,13.57772159576416,13.062392234802246,14.018574714660645,13.429441452026367,12.754551887512207,12.297144889831543,12.874059677124023
DSV_Trial_1,IMG_2815.JPG,95_R4S_458_FS94.3_2_35,2.0,,,False,19,0.018290166666666666,124.106375,7.47170352935791,7.5331854820251465,6.591624736785889,14.072880744934082,14.468589782714844,14.54783821105957,13.593326568603516,11.71540355682373,10.630058288574219,12.316475868225098,10.171674728393555,11.27234172821045,7.474767684936523,7.455724239349365,7.243236064910889,8.083285331726074
DSV_Trial_1,IMG_2816.JPG,95_R4S_458_FS94.3_2_35,2.0,,,False,21,0.022464,121.34845008333333,11.605081558227539,11.654193878173828,9.713666915893555,15.216787338256836,15.73826789855957,15.156717300415039,15.047268867492676,14.88332748413086,13.627815246582031,14.741971015930176,13.5148286819458,14.284396171569824,12.990762710571289,12.882857322692871,12.141127586364746,12.141426086425781
DSV_Trial_1,IMG_2817.JPG,96_R4S_498_R4S_NPZ2_2_36,1.0,,,False,24,0.025192583333333334,122.01292158333334,6.493190765380859,6.622067451477051,6.319392204284668,13.632546424865723,14.267706871032715,14.22145938873291,10.143613815307617,7.063477516174316,7.999179363250732,8.943102836608887,6.581915855407715,8.444162368774414,6.473845481872559,6.661409378051758,7.0412821769714355,7.004480838775635
DSV_Trial_1,IMG_2818.JPG,96_R4S_498_R4S_NPZ2_2_36,5.0,,,False,24,0.016772833333333334,119.33967366666667,7.875328540802002,8.041059494018555,7.624625205993652,14.686345100402832,15.155592918395996,15.216026306152344,13.32875919342041,11.123093605041504,9.6967134475708,12.241602897644043,12.749080657958984,13.54792594909668,8.094573974609375,7.915148735046387,8.159638404846191,8.237604141235352
DSV_Trial_1,IMG_2819.JPG,96_R4S_498_R4S_NPZ2_2_36,5.0,,,False,28,0.028860916666666667,122.15021825,8.711433410644531,8.739845275878906,8.143136024475098,15.148537635803223,15.760517120361328,15.09584903717041,14.840669631958008,13.154801368713379,12.364323616027832,14.733724594116211,11.158369064331055,13.989006042480469,8.93883228302002,8.646773338317871,9.431760787963867,9.3588228225708
DSV_Trial_1,IMG_2820.JPG,97_R4S_506_Express 617_2_37,1.0,,,False,28,0.01782675,120.43036783333334,12.349367141723633,12.862043380737305,10.38654899597168,14.16586685180664,14.120965957641602,14.10009765625,15.808826446533203,12.697553634643555,12.156362533569336,14.11253833770752,12.875085830688477,13.730448722839355,13.194900512695312,13.265579223632812,12.211400985717773,12.765166282653809
DSV_Trial_1,IMG_2821.JPG,97_R4S_506_Express 617_2_37,2.0,,,False,18,0.02768775,124.42819791666666,9.624831199645996,9.450368881225586,7.981585502624512,14.265409469604492,14.740703582763672,14.163078308105469,13.13219928741455,13.145009994506836,10.861084938049316,12.446150779724121,10.848495483398438,11.37605094909668,9.691742897033691,9.255509376525879,9.43405818939209,10.254166603088379
DSV_Trial_1,IMG_2822.JPG,97_R4S_506_Express 617_2_37,1.0,,,False,23,0.024685083333333333,122.31104283333333,5.54482889175415,5.685960292816162,4.975078582763672,12.6032133102417,13.137842178344727,12.681848526000977,9.319832801818848,7.458061695098877,6.469546794891357,8.15371322631836,6.98479700088501,7.95587682723999,5.812378883361816,5.63364839553833,5.56157112121582,6.071500778198242
DSV_Trial_1,IMG_2823.JPG,98_R4S_341_Purple Top_2_38,3.0,,,False,40,0.016702666666666668,120.7657775,10.209630012512207,10.424980163574219,9.301898956298828,12.237136840820312,12.22849178314209,11.983996391296387,12.581292152404785,11.238938331604004,9.778682708740234,11.823070526123047,10.607748985290527,11.892642974853516,9.65163803100586,9.88412094116211,9.978645324707031,10.917691230773926
DSV_Trial_1,IMG_2824.JPG,98_R4S_341_Purple Top_2_38,33.0,,,False,25,0.006243166666666667,120.10453175,11.481634140014648,12.322021484375,11.757308959960938,13.12706470489502,13.130441665649414,13.377378463745117,15.149002075195312,13.208550453186035,11.392396926879883,13.999658584594727,12.827570915222168,13.515941619873047,11.291326522827148,12.294332504272461,12.48994255065918,12.245028495788574
DSV_Trial_1,IMG_2825.JPG,98_R4S_341_Purple Top_2_38,2.0,,,False,37,0.012043333333333333,119.91797925,9.04808235168457,9.255720138549805,8.709020614624023,13.098031997680664,13.29814338684082,12.942317962646484,12.650277137756348,10.092815399169922,9.462174415588379,11.836100578308105,9.58189582824707,11.504850387573242,8.533747673034668,8.964290618896484,9.19581413269043,9.670892715454102
DSV_Trial_1,IMG_2826.JPG,99_R4S_215_SHANG-YOU_2_39,12.0,,,False,25,0.015083416666666667,120.15660025,12.198026657104492,12.494529724121094,11.384692192077637,14.238557815551758,14.202835083007812,14.076574325561523,15.60824966430664,12.832209587097168,13.071891784667969,12.953493118286133,12.426790237426758,13.594993591308594,11.222555160522461,12.262133598327637,12.741645812988281,12.685260772705078
DSV_Trial_1,IMG_2827.JPG,99_R4S_215_SHANG-YOU_2_39,1.0,,,False,28,0.018983333333333335,121.07144391666667,8.370444297790527,8.292472839355469,7.909786701202393,13.990570068359375,14.060903549194336,13.928871154785156,13.746359825134277,11.445744514465332,11.170146942138672,12.26169490814209,10.182931900024414,12.318336486816406,7.813239097595215,8.047842979431152,8.744840621948242,9.0653076171875
DSV_Trial_1,IMG_2828.JPG,99_R4S_215_SHANG-YOU_2_39,1.0,,,False,20,0.0241835,122.86453158333333,4.671946048736572,4.719457626342773,4.37769889831543,10.724227905273438,10.979230880737305,10.803506851196289,7.1930646896362305,5.606003284454346,5.806436538696289,6.4424591064453125,5.4709153175354,6.58498477935791,4.3867950439453125,4.532930374145508,4.765128135681152,5.1335859298706055
DSV_Trial_1,IMG_2829.JPG,100_R4S_273_Edita_2_40,7.0,,,False,48,0.022031,119.99292333333334,10.828620910644531,11.074459075927734,9.871017456054688,9.874661445617676,9.970624923706055,9.668201446533203,12.79562759399414,11.18352222442627,10.701508522033691,10.474210739135742,11.790495872497559,10.992098808288574,10.411739349365234,10.827432632446289,11.514504432678223,11.708345413208008
DSV_Trial_1,IMG_2830.JPG,100_R4S_273_Edita_2_40,3.0,,,False,41,0.026171083333333334,126.53312858333334,10.537985801696777,10.97602653503418,9.05279541015625,11.089336395263672,11.399105072021484,11.027219772338867,11.80600643157959,11.359944343566895,9.910022735595703,10.553458213806152,10.627680778503418,10.907801628112793,12.286972999572754,11.800827026367188,11.019380569458008,11.026128768920898
DSV_Trial_1,IMG_2831.JPG,100_R4S_273_Edita_2_40,1.0,,,False,30,0.029578083333333335,123.96076166666667,9.7308931350708,9.893524169921875,8.366185188293457,10.820152282714844,11.365989685058594,10.975980758666992,11.817533493041992,12.714786529541016,10.213884353637695,11.401786804199219,10.993377685546875,11.751758575439453,11.037591934204102,11.232020378112793,10.657392501831055,10.646900177001953
DSV_Trial_1,IMG_2832.JPG,101_R4S_259_Escort_2_41,18.0,,,False,48,0.021638833333333333,124.74146058333334,8.144798278808594,8.770027160644531,7.419360160827637,11.434331893920898,11.857479095458984,11.205841064453125,14.175580024719238,12.771561622619629,10.81896686553955,12.603898048400879,12.091349601745605,12.517446517944336,8.443324089050293,8.43604850769043,7.866207599639893,8.715801239013672
DSV_Trial_1,IMG_2833.JPG,101_R4S_259_Escort_2_41,2.0,,,False,54,0.031670583333333335,121.5068495,12.759869575500488,13.432132720947266,11.043207168579102,12.01236629486084,12.322851181030273,11.786659240722656,15.64024829864502,14.400378227233887,12.742051124572754,13.665163040161133,14.769207000732422,14.20112133026123,13.723304748535156,13.572216033935547,12.415517807006836,13.119649887084961
DSV_Trial_1,IMG_2834.JPG,101_R4S_259_Escort_2_41,3.0,,,False,33,0.019824916666666668,124.14348125,8.775142669677734,8.957075119018555,7.692232131958008,10.379877090454102,10.759223937988281,10.519262313842773,11.417291641235352,9.9423246383667,8.687521934509277,9.679737091064453,9.29369831085205,9.930757522583008,9.755163192749023,9.17617416381836,8.684289932250977,8.810741424560547
DSV_Trial_1,IMG_2835.JPG,102_R4S_497_R4S_NPZ1_2_42,4.0,,,False,52,0.0153465,122.48546691666667,6.988875389099121,7.181057929992676,6.8377509117126465,9.838773727416992,9.84434700012207,9.769336700439453,11.711544036865234,9.585831642150879,8.940022468566895,10.363178253173828,9.43388843536377,10.524420738220215,6.401218414306641,6.55511474609375,6.917481899261475,7.646869659423828
DSV_Trial_1,IMG_2836.JPG,102_R4S_497_R4S_NPZ1_2_42,5.0,,,False,52,0.029795416666666668,122.09800691666666,7.933783531188965,7.999078750610352,7.054100513458252,11.959602355957031,12.371370315551758,11.942741394042969,12.781998634338379,11.721774101257324,10.524642944335938,11.38066291809082,11.021210670471191,12.04768180847168,7.397799968719482,7.526944160461426,7.711219787597656,8.472917556762695
DSV_Trial_1,IMG_2837.JPG,102_R4S_497_R4S_NPZ1_2_42,2.0,,,False,41,0.024857833333333332,119.8288205,8.580848693847656,8.551115989685059,7.627509117126465,13.501108169555664,13.569291114807129,12.918862342834473,13.471251487731934,12.295936584472656,10.413602828979492,12.486184120178223,10.875635147094727,12.592460632324219,8.48663330078125,8.162078857421875,8.441015243530273,9.207687377929688
DSV_Trial_1,IMG_2838.JPG,103_R4S_255_Atlantic_2_43,1.0,,,False,36,0.020900166666666668,120.15672225,5.632023811340332,5.723576545715332,5.398832321166992,10.042102813720703,10.117515563964844,10.026315689086914,9.377248764038086,7.4101433753967285,6.906750679016113,8.480106353759766,6.244735240936279,8.012125968933105,5.624617099761963,5.395711898803711,5.7170209884643555,6.09359884262085
DSV_Trial_1,IMG_2839.JPG,103_R4S_255_Atlantic_2_43,8.0,,,False,34,0.023197833333333334,122.24681175,7.46953010559082,7.894355773925781,7.006571292877197,11.620362281799316,11.877279281616211,11.683239936828613,12.448662757873535,9.662343978881836,9.236160278320312,10.200867652893066,8.818092346191406,10.156837463378906,7.0354838371276855,7.361952304840088,7.45994758605957,8.066938400268555
DSV_Trial_1,IMG_2840.JPG,103_R4S_255_Atlantic_2_43,2.0,,,False,44,0.022262916666666667,123.00840275,7.7042059898376465,7.966476917266846,7.861739635467529,11.423168182373047,11.586091995239258,11.446121215820312,12.314491271972656,9.630001068115234,9.643021583557129,10.858564376831055,8.519651412963867,10.839005470275879,6.748563766479492,7.551695823669434,8.211505889892578,8.534456253051758
DSV_Trial_1,IMG_2841.JPG,104_R4S_335_Dalo Trifolium_2_44,2.0,,,False,39,0.011271916666666666,121.89809916666667,7.273489952087402,7.535059928894043,7.153611183166504,10.490364074707031,10.549798011779785,10.200000762939453,11.000056266784668,9.284126281738281,8.166194915771484,9.638466835021973,8.57481861114502,9.723164558410645,6.4840288162231445,6.959824562072754,7.154951095581055,7.985188961029053
DSV_Trial_1,IMG_2842.JPG,104_R4S_335_Dalo Trifolium_2_44,1.0,,,False,26,0.013903583333333334,122.32579866666667,8.413330078125,8.707953453063965,7.763569355010986,12.422608375549316,12.344417572021484,12.16374397277832,11.60019302368164,9.63205623626709,8.92225170135498,10.134090423583984,8.491096496582031,9.887593269348145,8.159671783447266,8.401293754577637,8.56591510772705,9.130990982055664
DSV_Trial_1,IMG_2843.JPG,104_R4S_335_Dalo Trifolium_2_44,1.0,,,False,29,0.011073833333333333,121.62404833333333,8.837640762329102,9.105162620544434,8.692060470581055,14.084371566772461,13.72146224975586,13.71442985534668,13.735109329223633,10.418194770812988,10.92794132232666,11.410905838012695,10.080387115478516,11.603778839111328,8.212757110595703,8.828032493591309,9.234264373779297,9.735943794250488
DSV_Trial_1,IMG_2844.JPG,105_R4S_308_ABUKUMA NATANE_2_45,1.0,,,False,47,0.021801666666666667,122.77390808333334,8.357985496520996,8.564765930175781,7.614704608917236,12.192131042480469,12.37605094909668,11.860023498535156,14.302783966064453,13.168774604797363,10.751676559448242,13.64030647277832,12.610395431518555,13.474827766418457,8.537870407104492,8.443302154541016,8.628503799438477,9.05522346496582
DSV_Trial_1,IMG_2845.JPG,105_R4S_308_ABUKUMA NATANE_2_45,2.0,,,False,35,0.02434475,123.22658616666666,7.127474308013916,7.4148173332214355,6.340086936950684,13.245193481445312,13.996678352355957,13.788508415222168,11.999053001403809,10.519859313964844,10.038742065429688,11.793753623962402,9.837444305419922,11.02099323272705,7.038003921508789,7.036293029785156,7.253489017486572,7.618042945861816
DSV_Trial_1,IMG_2846.JPG,105_R4S_308_ABUKUMA NATANE_2_45,3.0,,,False,19,0.026118083333333333,125.33114191666667,13.281290054321289,13.53921890258789,10.852705955505371,15.381689071655273,15.8671875,15.040552139282227,14.919302940368652,12.126018524169922,11.917675971984863,12.313895225524902,11.302101135253906,11.820420265197754,14.45189094543457,14.181944847106934,13.222270965576172,13.405155181884766
DSV_Trial_1,IMG_2847.JPG,106_R4S_394_Erra_2_46,1.0,,,False,21,0.0208265,124.57352508333334,6.391797065734863,6.629274368286133,5.718186378479004,12.395997047424316,12.592429161071777,12.68376350402832,10.231412887573242,8.077723503112793,7.524590015411377,9.611714363098145,7.871066570281982,8.705320358276367,6.477168560028076,6.745301246643066,6.44429349899292,6.848160266876221
DSV_Trial_1,IMG_2848.JPG,106_R4S_394_Erra_2_46,1.0,,,False,30,0.029678083333333334,121.52257791666666,5.890226364135742,6.113038539886475,5.314690589904785,12.243757247924805,12.575471878051758,12.246793746948242,9.479652404785156,8.166276931762695,8.146509170532227,9.680697441101074,7.440634250640869,9.7875394821167,5.869356155395508,5.987422943115234,6.100725173950195,6.399476051330566
DSV_Trial_1,IMG_2849.JPG,106_R4S_394_Erra_2_46,1.0,,,False,42,0.029716333333333334,121.11940958333334,5.792445659637451,5.7771687507629395,5.1201276779174805,12.18631649017334,12.242151260375977,11.658357620239258,10.07957649230957,8.357909202575684,7.779473304748535,9.784746170043945,7.951340675354004,9.708292007446289,5.37250280380249,5.375331401824951,5.547821998596191,6.22263240814209
DSV_Trial_1,IMG_2850.JPG,107_R4S_161_OASE_2_47,1.0,,,False,31,0.018611333333333334,127.309342,5.685844421386719,5.765859127044678,5.123723030090332,9.914867401123047,9.6687593460083,9.717065811157227,9.737272262573242,8.729174613952637,7.823742389678955,8.702065467834473,7.7051191329956055,8.52353572845459,5.424802780151367,5.366605281829834,5.448259353637695,6.08355712890625
DSV_Trial_1,IMG_2851.JPG,107_R4S_161_OASE_2_47,2.0,,,False,37,0.022230166666666665,119.00567233333334,5.535618782043457,5.785622596740723,5.212237358093262,12.444940567016602,12.143980026245117,12.103468894958496,11.458381652832031,8.523641586303711,8.783251762390137,10.080611228942871,8.46855354309082,9.700591087341309,5.083306789398193,5.354930400848389,5.567370891571045,5.936466217041016
DSV_Trial_1,IMG_2852.JPG,107_R4S_161_OASE_2_47,5.0,,,False,34,0.02114675,119.88095725,6.841872215270996,7.070811748504639,6.190675735473633,13.416918754577637,13.69071102142334,13.3963623046875,13.199543952941895,9.886444091796875,9.297245979309082,12.021049499511719,10.163926124572754,11.314618110656738,6.770033836364746,6.995419979095459,6.830658912658691,7.1009111404418945
DSV_Trial_1,IMG_2853.JPG,108_R4S_211_Lirabon_2_48,1.0,,,False,22,0.015406833333333333,119.32439275,6.334804058074951,6.839484214782715,6.102323055267334,12.991132736206055,13.150529861450195,12.739962577819824,12.697272300720215,9.71821117401123,9.176292419433594,11.176012992858887,9.051839828491211,10.970442771911621,6.231093406677246,6.659937858581543,6.615862846374512,6.853749752044678
DSV_Trial_1,IMG_2854.JPG,108_R4S_211_Lirabon_2_48,1.0,,,False,21,0.0135745,123.82421608333334,5.357189178466797,5.555599689483643,4.909775257110596,11.670785903930664,11.897554397583008,11.722908020019531,9.440323829650879,7.400163173675537,6.496114253997803,8.309420585632324,6.34237003326416,7.737208366394043,4.783219337463379,4.937694072723389,5.141489028930664,5.785584449768066
DSV_Trial_1,IMG_2855.JPG,108_R4S_211_Lirabon_2_48,1.0,,,False,26,0.025640583333333335,124.777875,7.509472846984863,7.751988410949707,7.272276878356934,13.585884094238281,13.5001859664917,13.810298919677734,12.42187213897705,9.462502479553223,10.634598731994629,11.264022827148438,8.131590843200684,12.126551628112793,6.792193412780762,7.235373497009277,7.7663187980651855,8.40311050415039
DSV_Trial_1,IMG_2856.JPG,109_R4S_143_Robust_2_49,2.0,,,False,43,0.020043833333333334,118.81942083333334,8.823738098144531,9.381357192993164,8.207082748413086,12.333552360534668,12.989128112792969,12.36303997039795,12.080204010009766,10.048505783081055,9.010364532470703,10.932696342468262,9.39905834197998,10.518012046813965,8.867271423339844,9.42671012878418,9.107590675354004,9.511837005615234
DSV_Trial_1,IMG_2857.JPG,109_R4S_143_Robust_2_49,1.0,,,False,36,0.0155225,121.81771091666667,10.397751808166504,10.451558113098145,9.288135528564453,12.394612312316895,12.463743209838867,12.023551940917969,13.999605178833008,11.015563011169434,10.293018341064453,11.883942604064941,11.1481351852417,11.775936126708984,10.055252075195312,11.005598068237305,10.877079010009766,11.124170303344727
DSV_Trial_1,IMG_2858.JPG,109_R4S_143_Robust_2_49,2.0,,,False,32,0.02324475,122.19702125,9.67071533203125,9.24747085571289,8.608199119567871,13.345955848693848,13.107072830200195,12.930901527404785,14.125706672668457,12.25837516784668,10.853327751159668,11.41003704071045,10.507452011108398,11.565750122070312,9.104673385620117,9.478827476501465,9.919952392578125,10.516059875488281
DSV_Trial_1,IMG_2859.JPG,110_R4S_382_Norde_2_50,9.0,,,False,36,0.021231916666666666,120.93787491666667,7.377865791320801,7.429856777191162,6.518313884735107,11.552873611450195,11.312170028686523,11.17232894897461,9.773555755615234,8.408227920532227,7.754209041595459,9.63379955291748,8.174245834350586,9.300590515136719,7.5895233154296875,7.341808319091797,7.468288421630859,7.839572429656982
DSV_Trial_1,IMG_2860.JPG,110_R4S_382_Norde_2_50,1.0,,,False,35,0.023035666666666666,119.13579841666666,5.189306259155273,5.353014945983887,4.861292839050293,11.80666732788086,11.593523025512695,11.478729248046875,9.89624309539795,8.939306259155273,7.847298622131348,10.015034675598145,8.123968124389648,9.60094928741455,4.6018548011779785,4.82394552230835,5.244401931762695,5.683600902557373
DSV_Trial_1,IMG_2861.JPG,110_R4S_382_Norde_2_50,5.0,,,False,30,0.018463833333333332,98.70080775,11.388915061950684,11.93779468536377,11.491333961486816,13.410787582397461,13.272348403930664,13.231796264648438,10.627229690551758,10.219103813171387,8.768875122070312,12.037690162658691,10.068107604980469,11.280877113342285,10.537298202514648,12.503533363342285,12.415694236755371,12.137441635131836
DSV_Trial_1,IMG_2862.JPG,111_R4S_318_SENSATION NZ_2_51,2.0,,,False,31,0.014637083333333334,120.02796708333334,5.153546333312988,5.199176788330078,4.884701728820801,11.658406257629395,12.314936637878418,11.775806427001953,9.533431053161621,7.498610019683838,7.024205684661865,8.572127342224121,7.385756015777588,8.121631622314453,4.30587100982666,4.461838722229004,4.853532791137695,5.683798313140869
DSV_Trial_1,IMG_2863.JPG,111_R4S_318_SENSATION NZ_2_51,1.0,,,False,30,0.011093583333333334,122.05183716666667,6.650948524475098,6.869287967681885,6.608322620391846,13.362415313720703,13.969060897827148,13.507444381713867,11.100153923034668,7.8274617195129395,7.543494701385498,9.622506141662598,7.529412269592285,9.251404762268066,5.981069087982178,6.310366153717041,6.855101585388184,7.268835067749023
DSV_Trial_1,IMG_2864.JPG,111_R4S_318_SENSATION NZ_2_51,1.0,,,False,24,0.013581166666666667,123.85135608333333,7.472695827484131,7.8896636962890625,7.085139274597168,11.98188591003418,12.488359451293945,12.185104370117188,11.375650405883789,8.03048324584961,8.092087745666504,9.732925415039062,8.860821723937988,10.183420181274414,7.035511016845703,8.063375473022461,7.720308780670166,8.194829940795898
DSV_Trial_1,IMG_2865.JPG,112_R4S_286_Ramses_2_52,5.0,,,False,21,0.016258166666666667,114.04498341666667,10.768959045410156,11.265296936035156,10.91351318359375,12.748039245605469,12.356836318969727,12.467906951904297,11.787787437438965,9.728046417236328,8.769583702087402,10.551762580871582,8.343005180358887,9.843221664428711,9.949594497680664,11.37006664276123,11.541267395019531,11.500785827636719
DSV_Trial_1,IMG_2866.JPG,112_R4S_286_Ramses_2_52,1.0,,,False,37,0.022461916666666668,102.88191,13.068150520324707,12.631624221801758,12.396575927734375,14.769906044006348,13.06701374053955,13.990718841552734,19.685344696044922,16.308156967163086,14.169690132141113,17.847740173339844,14.733870506286621,18.1068115234375,11.596705436706543,12.414539337158203,13.447592735290527,14.332369804382324
DSV_Trial_1,IMG_2867.JPG,112_R4S_286_Ramses_2_52,1.0,,,False,30,0.019819166666666665,111.27404275,8.628124237060547,8.77383041381836,8.470874786376953,17.541046142578125,17.349287033081055,18.16607666015625,13.6626558303833,10.799077987670898,10.008136749267578,14.87257194519043,9.716947555541992,13.730698585510254,7.807044982910156,8.160884857177734,8.888486862182617,9.151775360107422
DSV_Trial_1,IMG_2868.JPG,113_R4S_434_J 134_2_53,2.0,,,False,24,0.01695525,120.32893508333333,12.481698989868164,13.241071701049805,11.211844444274902,15.506038665771484,15.97317886352539,15.707831382751465,14.466063499450684,11.909279823303223,11.742140769958496,13.271078109741211,11.1376953125,14.09260368347168,12.619946479797363,13.702644348144531,12.92727279663086,12.919290542602539
DSV_Trial_1,IMG_2869.JPG,113_R4S_434_J 134_2_53,1.0,,,False,25,0.024157916666666668,115.41430233333334,8.11668872833252,8.399012565612793,7.209516525268555,13.730406761169434,13.429709434509277,13.504899978637695,12.575756072998047,11.622478485107422,10.695220947265625,12.625269889831543,9.533005714416504,12.1234769821167,7.857431411743164,8.645421028137207,8.625625610351562,8.793413162231445
DSV_Trial_1,IMG_2870.JPG,113_R4S_434_J 134_2_53,2.0,,,False,21,0.015601083333333333,120.72569308333334,10.393680572509766,10.848287582397461,9.587814331054688,16.858013153076172,16.836322784423828,16.939682006835938,12.246779441833496,8.698860168457031,8.905674934387207,11.520120620727539,8.830324172973633,11.115470886230469,10.300236701965332,11.062475204467773,10.536154747009277,11.047017097473145
DSV_Trial_1,IMG_2871.JPG,114_R4S_236_Baros_2_54,2.0,,,False,33,0.013851083333333333,120.17226608333333,12.647096633911133,12.744180679321289,11.532151222229004,15.625516891479492,15.748971939086914,15.747791290283203,14.667013168334961,12.542116165161133,10.576623916625977,15.866992950439453,12.891538619995117,14.901535034179688,13.940400123596191,13.895505905151367,13.777825355529785,12.989460945129395
DSV_Trial_1,IMG_2872.JPG,114_R4S_236_Baros_2_54,1.0,,,False,23,0.022126333333333335,118.16794291666666,6.0201334953308105,6.211137294769287,5.596503734588623,13.241853713989258,12.722145080566406,12.976568222045898,11.300335884094238,8.878120422363281,9.21336555480957,10.158085823059082,7.783313751220703,9.79244613647461,6.054364204406738,6.139692306518555,6.281861305236816,6.429238319396973
DSV_Trial_1,IMG_2873.JPG,114_R4S_236_Baros_2_54,1.0,,,False,16,0.01923425,121.55950758333333,5.748869895935059,6.116748809814453,5.22879695892334,13.593706130981445,13.514912605285645,13.369449615478516,9.300833702087402,6.425967216491699,6.563934803009033,8.234257698059082,6.307093620300293,7.424013137817383,6.11325216293335,6.1886749267578125,5.98374080657959,6.189488410949707
DSV_Trial_1,IMG_2874.JPG,115_R4S_377_Sonnengold_2_55,1.0,,,False,15,0.0204145,122.76673616666666,4.942193984985352,5.117729187011719,4.7425031661987305,12.354385375976562,12.105310440063477,11.940240859985352,8.228816986083984,7.376430034637451,7.658056735992432,8.833399772644043,5.976138114929199,7.837175369262695,4.60736083984375,5.005385875701904,5.307973384857178,5.46925163269043
DSV_Trial_1,IMG_2875.JPG,115_R4S_377_Sonnengold_2_55,1.0,,,False,22,0.0163355,121.35768933333334,9.04926586151123,9.288813591003418,8.166670799255371,13.947980880737305,14.319735527038574,13.936149597167969,10.083683967590332,9.510382652282715,8.8473539352417,11.609170913696289,8.938182830810547,10.613289833068848,9.842875480651855,9.97926139831543,9.469402313232422,9.43177604675293
DSV_Trial_1,IMG_2876.JPG,115_R4S_377_Sonnengold_2_55,6.0,,,False,25,0.015718083333333334,121.61377825,13.131744384765625,13.182501792907715,11.820755004882812,14.82744312286377,15.367480278015137,15.389925003051758,14.703838348388672,14.71257495880127,12.662357330322266,15.311281204223633,13.629110336303711,14.505600929260254,13.292348861694336,14.393087387084961,14.153570175170898,13.848136901855469
DSV_Trial_1,IMG_2877.JPG,116_R4S_170_Kvintett_2_56,1.0,,,False,15,0.022128166666666668,118.84919091666667,5.018820762634277,5.306189060211182,4.894935607910156,11.299018859863281,11.60947036743164,11.368730545043945,6.897608757019043,5.321530818939209,5.576406955718994,6.691511154174805,4.615028381347656,5.476822376251221,4.788475513458252,5.054035186767578,5.482919216156006,5.452749729156494
DSV_Trial_1,IMG_2878.JPG,116_R4S_170_Kvintett_2_56,4.0,,,False,23,0.014169833333333333,120.77783008333333,8.756746292114258,8.905807495117188,8.011805534362793,12.562837600708008,12.948071479797363,12.75855827331543,12.105448722839355,12.051420211791992,9.97187614440918,12.715283393859863,10.88058090209961,12.047759056091309,9.392539978027344,9.989303588867188,9.886429786682129,9.566343307495117
DSV_Trial_1,IMG_2879.JPG,116_R4S_170_Kvintett_2_56,1.0,,,False,19,0.02047425,120.66561391666667,5.015896797180176,5.104731559753418,4.947206020355225,15.280227661132812,15.256631851196289,14.817420959472656,8.70628833770752,5.759490489959717,5.982297897338867,8.311394691467285,6.0270915031433105,8.291436195373535,4.526622772216797,5.174654960632324,5.426506996154785,5.571995735168457
DSV_Trial_1,IMG_2880.JPG,117_R4S_326_Tipperary (Magnificent)_2_57,2.0,,,False,34,0.011021416666666667,121.46705641666667,8.853458404541016,9.101290702819824,8.523271560668945,12.217994689941406,12.207147598266602,11.936590194702148,13.208826065063477,9.557596206665039,9.517194747924805,11.278958320617676,10.655378341674805,11.150818824768066,7.986586093902588,8.708800315856934,8.93889045715332,9.615042686462402
DSV_Trial_1,IMG_2881.JPG,117_R4S_326_Tipperary (Magnificent)_2_57,1.0,,,False,16,0.013039583333333334,118.39394825,12.594080924987793,12.617441177368164,12.636855125427246,11.608985900878906,11.40852165222168,10.891075134277344,10.590800285339355,9.70702075958252,8.24589729309082,9.279474258422852,8.213452339172363,9.109115600585938,11.749763488769531,13.115812301635742,13.449799537658691,13.825526237487793
DSV_Trial_1,IMG_2882.JPG,117_R4S_326_Tipperary (Magnificent)_2_57,1.0,,,False,25,0.01697925,122.98685991666666,8.826208114624023,9.185930252075195,8.300572395324707,13.198670387268066,13.333306312561035,12.719090461730957,12.388511657714844,10.673450469970703,10.08624267578125,11.295794486999512,9.415201187133789,10.906657218933105,8.811958312988281,9.371682167053223,9.34400749206543,9.53919792175293
DSV_Trial_1,IMG_2883.JPG,118_R4S_543_Smaragd_2_58,1.0,,,False,22,0.010191333333333333,123.58411633333333,7.336350917816162,7.9750847816467285,6.906569480895996,13.153505325317383,13.47003173828125,12.711629867553711,10.020692825317383,9.103157043457031,7.596679210662842,10.641166687011719,8.302846908569336,10.240535736083984,6.880899429321289,7.567144393920898,7.383814811706543,7.9478230476379395
DSV_Trial_1,IMG_2884.JPG,118_R4S_543_Smaragd_2_58,9.0,,,False,25,0.013169666666666666,121.24766833333334,9.227533340454102,9.21650505065918,8.460983276367188,13.080541610717773,12.694488525390625,12.611884117126465,14.395480155944824,12.417545318603516,10.864603042602539,12.590726852416992,11.090764045715332,11.952690124511719,8.190336227416992,8.955678939819336,9.344647407531738,9.958623886108398
DSV_Trial_1,IMG_2885.JPG,118_R4S_543_Smaragd_2_58,5.0,,,False,22,0.019584416666666667,122.53612325,7.270778656005859,7.217529296875,6.323491096496582,14.332659721374512,13.57933521270752,14.028338432312012,11.058518409729004,9.945505142211914,8.844674110412598,10.551515579223633,8.422516822814941,10.171420097351074,7.562305450439453,7.601367473602295,7.644695281982422,7.68290901184082
DSV_Trial_1,IMG_2886.JPG,119_R4S_440_R59_2_59,8.0,,,False,32,0.017119833333333334,119.36789791666666,13.554174423217773,13.868932723999023,12.336607933044434,13.954469680786133,13.960304260253906,13.264411926269531,15.130393028259277,13.767635345458984,12.25770092010498,13.234923362731934,12.5687894821167,13.678108215332031,12.991931915283203,13.947208404541016,13.78216552734375,14.180105209350586
DSV_Trial_1,IMG_2887.JPG,119_R4S_440_R59_2_59,1.0,,,False,26,0.008480166666666667,120.04769675,9.753093719482422,10.043895721435547,9.271724700927734,12.024402618408203,11.820074081420898,11.62259292602539,12.597112655639648,10.694472312927246,8.954904556274414,11.999809265136719,10.006232261657715,11.691329956054688,9.551837921142578,10.30083179473877,10.19234848022461,10.320158004760742
DSV_Trial_1,IMG_2888.JPG,119_R4S_440_R59_2_59,1.0,,,False,25,0.013915,116.45434275,13.377735137939453,14.012232780456543,12.675111770629883,13.225200653076172,12.824719429016113,13.098600387573242,15.037229537963867,14.047616958618164,12.822432518005371,15.27829360961914,13.437029838562012,14.800019264221191,14.368061065673828,15.29426383972168,14.96417236328125,13.749763488769531
DSV_Trial_1,IMG_2889.JPG,120_R4S_336_Wilhelmsburger Reform_2_60,1.0,,,False,27,0.009712416666666666,119.92323441666667,6.909807205200195,7.259035110473633,7.044713973999023,16.02300453186035,15.962356567382812,16.21075439453125,12.069694519042969,7.067323684692383,8.539290428161621,11.252350807189941,7.836128234863281,10.943011283874512,6.311387538909912,6.880571365356445,7.439436435699463,7.665106773376465
DSV_Trial_1,IMG_2890.JPG,120_R4S_336_Wilhelmsburger Reform_2_60,2.0,,,False,25,0.0071085,119.07342125,11.581571578979492,12.000703811645508,11.712862968444824,15.01028823852539,15.168344497680664,14.715255737304688,14.582935333251953,11.87015438079834,11.350829124450684,13.681379318237305,11.429768562316895,13.291999816894531,10.33110523223877,11.654407501220703,12.58329963684082,12.76797866821289
DSV_Trial_1,IMG_2891.JPG,120_R4S_336_Wilhelmsburger Reform_2_60,2.0,,,False,22,0.010842416666666667,122.03531816666667,8.603918075561523,8.824443817138672,8.623566627502441,14.807099342346191,14.780036926269531,14.86052131652832,12.70953369140625,9.163517951965332,9.59726619720459,11.386170387268066,8.309391975402832,10.825268745422363,7.595524311065674,8.467296600341797,9.040017127990723,9.453746795654297
DSV_Trial_1,IMG_2892.JPG,121_R4S_325_Tankard Bronze Top_3_1,2.0,,,False,17,0.018460083333333332,124.33821633333334,15.523941040039062,15.601076126098633,13.15941333770752,20.631126403808594,21.49091911315918,20.785341262817383,18.646121978759766,14.351409912109375,14.31401252746582,16.940671920776367,14.789007186889648,15.931548118591309,17.04299545288086,17.29084014892578,16.21526336669922,15.779650688171387
DSV_Trial_1,IMG_2893.JPG,121_R4S_325_Tankard Bronze Top_3_1,1.0,,,False,18,0.031786666666666664,123.36498233333333,7.9582366943359375,8.273416519165039,7.156685829162598,13.991768836975098,14.498861312866211,14.143199920654297,11.340115547180176,10.49642562866211,10.046320915222168,11.647552490234375,9.69614315032959,11.014043807983398,8.995145797729492,9.596161842346191,9.330192565917969,8.542537689208984
DSV_Trial_1,IMG_2894.JPG,121_R4S_325_Tankard Bronze Top_3_1,5.0,,,False,19,0.02076525,122.15515533333334,12.313594818115234,12.718879699707031,10.936478614807129,16.876020431518555,17.69855499267578,17.100051879882812,15.814946174621582,15.175085067749023,13.408917427062988,15.834718704223633,13.545635223388672,15.170487403869629,13.330257415771484,13.487671852111816,13.384746551513672,13.084897994995117
DSV_Trial_1,IMG_2895.JPG,122_R4S_150_Montego_3_2,25.0,,,False,15,0.018009166666666666,124.537936,16.366790771484375,16.83445167541504,14.987337112426758,22.863739013671875,23.064083099365234,23.47695541381836,22.4908447265625,20.041948318481445,22.757244110107422,23.163818359375,17.976722717285156,21.40739631652832,15.625371932983398,16.72915267944336,17.118572235107422,17.05204200744629
DSV_Trial_1,IMG_2896.JPG,122_R4S_150_Montego_3_2,18.0,,,False,13,0.01034075,120.59923716666667,14.356424331665039,14.646162986755371,13.395517349243164,18.022151947021484,18.311542510986328,18.165813446044922,19.18862533569336,18.629703521728516,16.998918533325195,18.538694381713867,16.607574462890625,17.904836654663086,13.350177764892578,15.0352783203125,15.818022727966309,15.489768981933594
DSV_Trial_1,IMG_2897.JPG,122_R4S_150_Montego_3_2,10.0,,,False,15,0.021886583333333334,120.87274941666666,7.550590515136719,7.820540428161621,6.979351043701172,13.065343856811523,13.365340232849121,13.05613899230957,10.251521110534668,9.624632835388184,8.544936180114746,9.549779891967773,8.163687705993652,9.597644805908203,8.28658390045166,8.284590721130371,8.305639266967773,8.094982147216797
DSV_Trial_1,IMG_2898.JPG,123_R4S_271_Coriander_3_3,10.0,,,False,16,0.022289666666666666,120.21513008333334,8.896595001220703,8.871004104614258,8.303828239440918,14.185101509094238,14.435647964477539,14.557827949523926,10.847896575927734,10.2711820602417,9.495399475097656,10.560555458068848,8.561565399169922,10.264067649841309,8.682229995727539,9.005484580993652,9.999066352844238,9.85290813446045
DSV_Trial_1,IMG_2900.JPG,123_R4S_271_Coriander_3_3,15.0,,,False,11,0.010742,121.35517191666666,21.130685806274414,21.29273796081543,20.900981903076172,23.594642639160156,23.795011520385742,22.96440887451172,23.720760345458984,21.484268188476562,22.00981330871582,23.51448631286621,19.030052185058594,23.388490676879883,19.193073272705078,21.354244232177734,23.153350830078125,22.44196128845215
DSV_Trial_1,IMG_2901.JPG,123_R4S_271_Coriander_3_3,7.0,,,False,18,0.018810666666666667,123.2594375,12.251363754272461,12.641122817993164,11.223616600036621,17.760122299194336,17.514699935913086,18.039705276489258,17.669281005859375,15.70439338684082,15.155623435974121,17.06148910522461,12.74990463256836,15.72899341583252,12.534954071044922,13.073643684387207,13.308965682983398,12.909905433654785
DSV_Trial_1,IMG_2902.JPG,124_R4S_478_H357_3_4,23.0,,,False,15,0.0118795,120.07652616666667,17.23941993713379,16.87075424194336,15.378278732299805,21.569658279418945,21.216123580932617,21.409677505493164,22.914690017700195,22.66413688659668,18.860197067260742,23.237220764160156,21.82498550415039,22.26068878173828,17.393495559692383,18.610654830932617,17.62921905517578,16.993568420410156
DSV_Trial_1,IMG_2903.JPG,124_R4S_478_H357_3_4,15.0,,,False,21,0.016269083333333333,119.9363465,20.533906936645508,20.340198516845703,17.828449249267578,20.850358963012695,20.998945236206055,19.825862884521484,23.777870178222656,23.280597686767578,19.70122528076172,21.752967834472656,22.954151153564453,23.09061050415039,18.823387145996094,20.468833923339844,19.94679069519043,20.929000854492188
DSV_Trial_1,IMG_2904.JPG,124_R4S_478_H357_3_4,3.0,,,False,18,0.021122083333333333,119.637296,9.232993125915527,9.087360382080078,8.131914138793945,16.021621704101562,15.610939025878906,15.426437377929688,15.374590873718262,14.266115188598633,14.0332612991333,15.390775680541992,13.027040481567383,15.388099670410156,10.204208374023438,10.01321792602539,9.863128662109375,9.60892105102539
DSV_Trial_1,IMG_2905.JPG,125_R4S_287_Skziverskij_3_5,3.0,,,False,15,0.015678083333333332,124.0720475,6.544493675231934,6.813605308532715,6.068459510803223,16.00786590576172,15.956056594848633,16.169015884399414,10.221761703491211,9.057788848876953,8.39143180847168,10.874405860900879,7.606311798095703,9.732939720153809,6.458368301391602,6.621044158935547,6.878923416137695,7.031028747558594
DSV_Trial_1,IMG_2906.JPG,125_R4S_287_Skziverskij_3_5,2.0,,,False,21,0.015028083333333333,122.4782585,15.44782829284668,16.469892501831055,13.80172348022461,19.475116729736328,19.680395126342773,19.553085327148438,21.516448974609375,21.404590606689453,18.199966430664062,21.361278533935547,17.70556640625,20.942514419555664,16.340240478515625,17.349803924560547,16.466571807861328,16.090866088867188
DSV_Trial_1,IMG_2907.JPG,125_R4S_287_Skziverskij_3_5,8.0,,,False,17,0.023881166666666665,122.67155083333333,12.196004867553711,12.883914947509766,11.21953010559082,14.329584121704102,15.16961669921875,14.672318458557129,15.949705123901367,16.854690551757812,14.79220962524414,15.405729293823242,13.944089889526367,16.052574157714844,11.84239673614502,12.700124740600586,12.526639938354492,13.005809783935547
DSV_Trial_1,IMG_2908.JPG,126_R4S_168_Verona_3_6,2.0,,,False,17,0.012999333333333333,122.81592416666666,12.855449676513672,13.280454635620117,12.633081436157227,19.85436248779297,20.164012908935547,20.622922897338867,20.171110153198242,16.513126373291016,15.943537712097168,18.9344425201416,15.816356658935547,17.93177032470703,11.892923355102539,13.478074073791504,14.134175300598145,13.801485061645508
DSV_Trial_1,IMG_2909.JPG,126_R4S_168_Verona_3_6,14.0,,,False,23,0.013284916666666667,123.43800575,16.112564086914062,16.939468383789062,14.463647842407227,19.606155395507812,20.11756134033203,20.11083221435547,17.51610565185547,15.062149047851562,14.193828582763672,19.951765060424805,14.556604385375977,18.5291690826416,17.420406341552734,18.09720802307129,16.632902145385742,16.14525032043457
DSV_Trial_1,IMG_2911.JPG,126_R4S_168_Verona_3_6,11.0,,,False,16,0.014378583333333333,123.4132705,12.420175552368164,12.804877281188965,12.240935325622559,16.75164794921875,17.03313446044922,17.29254150390625,18.060565948486328,16.294294357299805,16.649085998535156,17.398916244506836,13.592865943908691,16.790660858154297,11.282721519470215,12.48135757446289,13.804896354675293,13.74938678741455
DSV_Trial_1,IMG_2912.JPG,127_R4S_530_WINFRED_3_7,5.0,,,False,15,0.01334025,122.72517791666667,11.526521682739258,11.381783485412598,9.809442520141602,16.758731842041016,16.125755310058594,16.49203109741211,17.65645408630371,16.42903709411621,13.562851905822754,16.223270416259766,13.664772033691406,16.15782356262207,11.313150405883789,11.667076110839844,11.758626937866211,12.220834732055664
DSV_Trial_1,IMG_2913.JPG,127_R4S_530_WINFRED_3_7,11.0,,,False,26,0.014723166666666667,121.10216783333334,12.857799530029297,13.588703155517578,11.83679485321045,14.918586730957031,14.69308853149414,14.790976524353027,15.705591201782227,11.872000694274902,12.009536743164062,13.697626113891602,12.096061706542969,13.944907188415527,12.753605842590332,14.119181632995605,13.73065185546875,13.742056846618652
DSV_Trial_1,IMG_2914.JPG,127_R4S_530_WINFRED_3_7,6.0,,,False,22,0.022096833333333333,116.06757775,13.657161712646484,13.885660171508789,13.177543640136719,13.862238883972168,13.671743392944336,14.001422882080078,15.673624038696289,13.084213256835938,13.063483238220215,12.568595886230469,10.798097610473633,14.343823432922363,13.802069664001465,14.104619979858398,14.369752883911133,14.43665885925293
DSV_Trial_1,IMG_2915.JPG,128_R4S_319_Altasweet_3_8,18.0,,,False,25,0.014400833333333333,124.62007025,13.051977157592773,13.338666915893555,11.701607704162598,11.934440612792969,11.970038414001465,11.500764846801758,14.274871826171875,12.888409614562988,11.736552238464355,11.44900131225586,12.717177391052246,12.742857933044434,12.108781814575195,13.24979019165039,12.915254592895508,13.886317253112793
DSV_Trial_1,IMG_2916.JPG,128_R4S_319_Altasweet_3_8,18.0,,,False,25,0.01177575,124.74303608333334,12.442174911499023,12.3837308883667,12.021482467651367,15.026569366455078,15.147931098937988,14.802387237548828,14.462540626525879,13.176822662353516,12.580219268798828,13.364797592163086,12.131671905517578,13.13957405090332,11.29607105255127,11.813984870910645,13.047927856445312,13.072929382324219
DSV_Trial_1,IMG_2917.JPG,128_R4S_319_Altasweet_3_8,3.0,,,False,25,0.011460416666666667,124.85080916666666,9.095535278320312,9.422810554504395,8.519768714904785,12.16492748260498,12.211627960205078,12.020275115966797,9.964875221252441,7.819253921508789,7.716094493865967,9.765091896057129,8.784162521362305,9.515215873718262,8.37524127960205,9.061904907226562,9.246231079101562,9.78757095336914
DSV_Trial_1,IMG_2918.JPG,129_R4S_207_Phil_3_9,6.0,,,False,20,0.008309916666666667,121.94248066666667,7.669313907623291,7.947432994842529,7.269564628601074,11.50065803527832,11.206393241882324,11.312084197998047,12.788325309753418,11.109209060668945,9.888541221618652,11.180093765258789,9.516613960266113,10.836483001708984,6.951627254486084,7.370116233825684,7.447711944580078,8.405969619750977
DSV_Trial_1,IMG_2919.JPG,129_R4S_207_Phil_3_9,2.0,,,False,20,0.0194925,122.4636025,8.041450500488281,8.802680969238281,7.992527008056641,11.44694709777832,11.524029731750488,11.338662147521973,9.268786430358887,7.9176411628723145,7.593237400054932,8.207176208496094,6.880390644073486,8.241631507873535,7.7714948654174805,9.151571273803711,8.987959861755371,8.836593627929688
DSV_Trial_1,IMG_2920.JPG,129_R4S_207_Phil_3_9,2.0,,,False,23,0.014133083333333333,124.55273741666667,8.678818702697754,9.595396041870117,8.394904136657715,14.121309280395508,14.025781631469727,14.403410911560059,14.493128776550293,12.695365905761719,11.89546012878418,14.717938423156738,10.896333694458008,13.642967224121094,8.963595390319824,9.62216567993164,9.523481369018555,9.276189804077148
DSV_Trial_1,IMG_2922.JPG,130_R4S_300_Michinaku natane_3_10,14.0,,,False,16,0.016846083333333334,125.30964916666667,5.196444034576416,5.398736000061035,4.748276710510254,14.540992736816406,15.53431510925293,14.84882926940918,11.777658462524414,7.306224822998047,7.522977352142334,9.86563491821289,7.876867294311523,9.06407642364502,4.848191261291504,4.891511917114258,4.970608234405518,5.557732105255127
DSV_Trial_1,IMG_2923.JPG,130_R4S_300_Michinaku natane_3_10,2.0,,,False,23,0.015583333333333333,124.961549,11.806568145751953,11.855070114135742,10.949636459350586,15.310049057006836,15.83920955657959,15.807604789733887,16.183975219726562,14.83917236328125,14.270885467529297,14.313997268676758,12.588447570800781,14.80539321899414,11.369935989379883,11.76239013671875,12.488889694213867,12.603658676147461
DSV_Trial_1,IMG_2924.JPG,130_R4S_300_Michinaku natane_3_10,4.0,,,False,17,0.014715333333333334,125.29651925,12.468156814575195,12.962931632995605,11.530027389526367,18.791824340820312,19.618404388427734,19.764118194580078,16.5532169342041,17.35970115661621,15.030863761901855,18.296619415283203,14.815240859985352,16.595273971557617,13.764961242675781,14.354543685913086,14.439912796020508,13.388092041015625
DSV_Trial_1,IMG_2925.JPG,131_R4S_173_Aurum_3_11,2.0,,,False,19,0.015612416666666667,124.72515283333334,9.273734092712402,9.463350296020508,8.20937728881836,13.219908714294434,13.051847457885742,12.711210250854492,13.128087043762207,12.000548362731934,11.465189933776855,11.086413383483887,10.128833770751953,11.656929969787598,8.387699127197266,8.914398193359375,9.263031005859375,10.310062408447266
DSV_Trial_1,IMG_2926.JPG,131_R4S_173_Aurum_3_11,1.0,,,False,20,0.012210833333333334,123.54270408333333,9.673162460327148,10.124736785888672,8.988603591918945,13.808613777160645,13.442665100097656,14.063517570495605,16.186534881591797,13.948387145996094,12.335489273071289,14.646225929260254,12.0160493850708,14.259634971618652,9.252862930297852,10.007771492004395,9.982860565185547,10.489774703979492
DSV_Trial_1,IMG_2927.JPG,131_R4S_173_Aurum_3_11,16.0,,,False,21,0.011693666666666666,124.120938,13.285049438476562,13.961943626403809,11.819339752197266,15.148987770080566,15.44659423828125,15.33277702331543,17.86948585510254,16.9348201751709,14.291755676269531,16.009862899780273,14.323004722595215,15.404449462890625,13.31954574584961,14.182570457458496,13.596141815185547,13.995920181274414
DSV_Trial_1,IMG_2928.JPG,132_R4S_487_S13_3_12,10.0,,,False,21,0.018110416666666667,126.67438416666667,6.885201930999756,7.092990875244141,6.058931350708008,15.154570579528809,15.524980545043945,14.695420265197754,10.52997875213623,8.391559600830078,7.806163787841797,9.713797569274902,8.197393417358398,9.484635353088379,6.260255336761475,6.370299339294434,6.4101667404174805,7.506161689758301
DSV_Trial_1,IMG_2929.JPG,132_R4S_487_S13_3_12,19.0,,,False,22,0.017998,125.04666516666667,15.005489349365234,15.344646453857422,12.983386993408203,14.375770568847656,15.015914916992188,14.536624908447266,14.309813499450684,12.875286102294922,11.506133079528809,12.213048934936523,12.667028427124023,12.501946449279785,15.597400665283203,15.758864402770996,14.595818519592285,15.275876998901367
DSV_Trial_1,IMG_2930.JPG,132_R4S_487_S13_3_12,1.0,,,False,21,0.011646333333333333,126.99479216666667,11.548027038574219,12.100553512573242,11.442207336425781,14.96847152709961,15.268247604370117,15.506413459777832,12.792654037475586,10.067410469055176,10.287657737731934,11.824691772460938,9.551005363464355,11.854581832885742,10.72281551361084,11.785149574279785,12.250072479248047,12.183103561401367
DSV_Trial_1,IMG_2931.JPG,133_R4S_355_RAPID CYCLING RAPE (CrGC5)_3_13,12.0,,,False,15,0.022512916666666667,125.17274475,13.774951934814453,14.344734191894531,12.000863075256348,16.72440528869629,16.677867889404297,16.048120498657227,14.142007827758789,12.044828414916992,11.485029220581055,13.222290992736816,11.784942626953125,13.284773826599121,15.000937461853027,15.790082931518555,14.394046783447266,14.215154647827148
DSV_Trial_1,IMG_2932.JPG,133_R4S_355_RAPID CYCLING RAPE (CrGC5)_3_13,22.0,,,False,26,0.014343333333333333,124.496062,7.37172269821167,7.679449081420898,7.272680282592773,14.987929344177246,15.098869323730469,15.035326957702637,12.909965515136719,10.884464263916016,10.491639137268066,12.631526947021484,10.47634220123291,12.856035232543945,7.109487533569336,7.622217178344727,7.874764442443848,8.168848037719727
DSV_Trial_1,IMG_2933.JPG,133_R4S_355_RAPID CYCLING RAPE (CrGC5)_3_13,2.0,,,False,19,0.012727083333333333,123.41858041666667,14.447012901306152,14.567270278930664,12.49787712097168,16.86315155029297,16.871225357055664,16.636268615722656,17.363224029541016,15.642428398132324,13.815781593322754,16.759828567504883,14.625435829162598,15.213577270507812,14.349681854248047,14.616581916809082,14.231013298034668,15.051060676574707
DSV_Trial_1,IMG_2934.JPG,134_R4S_256_Ladoga_3_14,2.0,,,False,23,0.023124,122.34563175,5.833958625793457,5.9159955978393555,5.5446858406066895,13.207712173461914,12.977340698242188,13.569051742553711,9.775444030761719,8.9786376953125,7.843847751617432,9.84259033203125,7.702603340148926,9.190572738647461,5.474916934967041,5.831836700439453,6.399033546447754,6.229907035827637
DSV_Trial_1,IMG_2935.JPG,134_R4S_256_Ladoga_3_14,4.0,,,False,16,0.030951833333333335,121.59812433333333,11.969730377197266,11.695435523986816,10.68182373046875,16.587383270263672,16.894145965576172,16.914371490478516,15.073296546936035,13.974383354187012,12.865096092224121,13.192723274230957,11.89905071258545,12.61606216430664,12.109844207763672,12.43118953704834,12.862909317016602,12.186172485351562
DSV_Trial_1,IMG_2936.JPG,134_R4S_256_Ladoga_3_14,9.0,,,False,17,0.017933583333333333,123.601294,11.711834907531738,12.347878456115723,10.169538497924805,15.785079956054688,16.241939544677734,16.060386657714844,12.25683879852295,10.369365692138672,9.281649589538574,11.7531099319458,10.94865608215332,11.728605270385742,12.787304878234863,13.405570983886719,12.519851684570312,11.845697402954102
DSV_Trial_1,IMG_2937.JPG,135_R4S_513_R31_3_15,11.0,,,False,19,0.01580075,124.96698641666667,12.28951644897461,12.532208442687988,10.78863525390625,18.278003692626953,18.875675201416016,18.416690826416016,16.627771377563477,15.740643501281738,14.274543762207031,17.272235870361328,14.93239974975586,16.083454132080078,13.873090744018555,14.002193450927734,13.230058670043945,12.36758804321289
DSV_Trial_1,IMG_2938.JPG,135_R4S_513_R31_3_15,23.0,,,False,23,0.013365,122.37305716666667,13.199304580688477,13.479324340820312,11.987863540649414,15.40477466583252,15.487009048461914,15.642446517944336,15.40695571899414,14.869091033935547,12.31264591217041,14.42445182800293,13.794790267944336,13.987314224243164,14.62588119506836,15.115592956542969,14.856819152832031,13.550745010375977
DSV_Trial_1,IMG_2939.JPG,135_R4S_513_R31_3_15,4.0,,,False,21,0.016723083333333333,122.11189816666666,12.011072158813477,12.245094299316406,10.356389045715332,16.98792266845703,17.30739402770996,16.87806510925293,16.40043830871582,15.551129341125488,13.2916898727417,15.441370010375977,12.843039512634277,14.325732231140137,11.70767593383789,11.699180603027344,12.020028114318848,12.597225189208984
DSV_Trial_1,IMG_2940.JPG,136_R4S_317_PIKE_3_16,1.0,,,False,22,0.010674583333333333,117.43141841666667,15.953999519348145,16.223270416259766,14.594176292419434,15.190834999084473,13.772255897521973,14.600471496582031,16.386186599731445,14.705318450927734,12.861100196838379,15.645478248596191,12.762187004089355,15.0265474319458,15.426130294799805,16.135786056518555,16.8210391998291,16.27578353881836
DSV_Trial_1,IMG_2941.JPG,136_R4S_317_PIKE_3_16,4.0,,,False,17,0.006326666666666667,119.56878675,22.660024642944336,23.40743637084961,21.48917007446289,20.963144302368164,20.29654312133789,19.75738525390625,27.37060546875,27.52666473388672,24.01586151123047,24.801776885986328,21.55361557006836,25.490718841552734,19.577136993408203,21.31349754333496,22.418663024902344,24.463165283203125
DSV_Trial_1,IMG_2942.JPG,136_R4S_317_PIKE_3_16,16.0,,,False,24,0.005587416666666667,122.98316141666666,16.614559173583984,17.312397003173828,16.075183868408203,17.30954933166504,17.660396575927734,17.36589241027832,20.439697265625,20.72686004638672,16.49135971069336,20.16031837463379,17.887264251708984,18.188688278198242,15.591443061828613,16.137619018554688,17.452274322509766,17.23177719116211
DSV_Trial_1,IMG_2943.JPG,137_R4S_483_OLL 1_3_17,4.0,,,False,22,0.011966416666666667,125.437951,15.816828727722168,16.8682918548584,15.472371101379395,17.22996711730957,18.708656311035156,17.878204345703125,17.322158813476562,16.805692672729492,13.965686798095703,16.795806884765625,14.569979667663574,16.24807357788086,14.361957550048828,16.01380157470703,17.20771598815918,16.56543731689453
DSV_Trial_1,IMG_2944.JPG,137_R4S_483_OLL 1_3_17,18.0,,,False,24,0.012531416666666666,122.12640708333333,14.051919937133789,14.530338287353516,13.217609405517578,18.69562339782715,19.091856002807617,18.511184692382812,22.03787612915039,17.45946502685547,17.155899047851562,19.20415687561035,17.07125473022461,20.726913452148438,13.090685844421387,14.512903213500977,14.626441955566406,14.508641242980957
DSV_Trial_1,IMG_2945.JPG,137_R4S_483_OLL 1_3_17,20.0,,,False,31,0.01167525,119.376025,16.779722213745117,17.38149642944336,15.989126205444336,19.423006057739258,19.43065643310547,19.214269638061523,23.817150115966797,20.109567642211914,17.58757972717285,21.655536651611328,19.534770965576172,21.081880569458008,15.506061553955078,17.658388137817383,17.616722106933594,17.543703079223633
DSV_Trial_1,IMG_2946.JPG,138_R4S_213_Akela_3_18,2.0,,,False,22,0.013671083333333334,120.4649045,9.00221061706543,9.483431816101074,8.690566062927246,16.723068237304688,16.86347770690918,16.45184326171875,15.0575532913208,10.532483100891113,11.363068580627441,13.271533966064453,10.340300559997559,13.013884544372559,8.33159065246582,9.104822158813477,9.57337760925293,9.714513778686523
DSV_Trial_1,IMG_2947.JPG,138_R4S_213_Akela_3_18,35.0,,,False,25,0.013082083333333333,125.195306,22.05897331237793,23.339628219604492,19.724735260009766,17.398202896118164,17.328689575195312,17.313873291015625,25.448497772216797,26.385480880737305,23.027421951293945,24.305387496948242,21.861108779907227,23.169944763183594,20.244564056396484,22.40487289428711,22.264753341674805,22.901344299316406
DSV_Trial_1,IMG_2948.JPG,138_R4S_213_Akela_3_18,23.0,,,False,22,0.009245666666666666,123.92995641666667,15.303318977355957,15.517420768737793,13.614727020263672,15.55681037902832,15.21674919128418,14.998329162597656,17.97453498840332,14.958664894104004,13.197887420654297,14.608353614807129,15.06517505645752,14.071752548217773,15.02712345123291,15.736754417419434,15.832429885864258,15.987275123596191
DSV_Trial_1,IMG_2949.JPG,139_R4S_267_Alesi_3_19,7.0,,,False,20,0.016006583333333334,123.04704225,13.094078063964844,13.398111343383789,11.664875030517578,17.58767318725586,18.756267547607422,17.922073364257812,16.665021896362305,17.096921920776367,13.030444145202637,15.965054512023926,13.033005714416504,14.736238479614258,14.024961471557617,13.977827072143555,13.668028831481934,13.270681381225586
DSV_Trial_1,IMG_2950.JPG,139_R4S_267_Alesi_3_19,9.0,,,False,18,0.01422275,121.962195,11.012120246887207,11.361376762390137,10.135218620300293,13.596651077270508,13.859175682067871,13.323013305664062,15.161794662475586,12.206374168395996,11.24423885345459,12.236161231994629,10.605786323547363,12.496176719665527,10.670413970947266,11.605169296264648,11.749934196472168,11.940741539001465
DSV_Trial_1,IMG_2951.JPG,139_R4S_267_Alesi_3_19,4.0,,,False,21,0.00964025,122.162535,10.308727264404297,10.812339782714844,9.449809074401855,15.269105911254883,15.226324081420898,15.199542045593262,16.358240127563477,13.343809127807617,11.685107231140137,12.798788070678711,11.08367919921875,12.647886276245117,9.726791381835938,10.00706672668457,10.207880020141602,10.922819137573242
DSV_Trial_1,IMG_2952.JPG,140_R4S_298_Bladkool_3_20,7.0,,,False,21,0.0358275,122.63885941666666,12.780860900878906,12.542670249938965,10.624205589294434,19.119646072387695,20.327116012573242,20.139755249023438,16.442975997924805,15.076947212219238,14.159822463989258,17.551916122436523,13.252212524414062,15.816466331481934,13.531250953674316,13.355867385864258,13.141496658325195,13.178627014160156
DSV_Trial_1,IMG_2953.JPG,140_R4S_298_Bladkool_3_20,14.0,,,False,18,0.025687333333333333,126.72328341666666,11.583352088928223,11.920413970947266,9.968738555908203,15.434286117553711,15.68370246887207,15.256637573242188,14.89732551574707,15.147231101989746,13.28597354888916,14.456549644470215,13.440537452697754,14.373554229736328,12.878667831420898,13.37534236907959,12.424015998840332,12.236891746520996
DSV_Trial_1,IMG_2954.JPG,140_R4S_298_Bladkool_3_20,8.0,,,False,17,0.014324666666666666,126.18866625,17.012765884399414,18.17173957824707,16.16335105895996,17.38465118408203,17.920154571533203,17.139333724975586,21.16175651550293,17.333415985107422,18.3234920501709,16.893001556396484,15.936213493347168,18.487770080566406,14.908353805541992,17.20734405517578,17.261972427368164,18.186616897583008
DSV_Trial_1,IMG_2955.JPG,141_R4S_477_OLY 2_3_21,2.0,,,False,29,0.008345166666666667,125.39059758333333,8.351552963256836,8.784387588500977,8.394878387451172,12.05805778503418,12.050224304199219,12.045653343200684,14.959388732910156,12.555013656616211,11.45755672454834,13.527713775634766,11.356637001037598,13.149433135986328,7.2425923347473145,8.298428535461426,8.598121643066406,9.020885467529297
DSV_Trial_1,IMG_2956.JPG,141_R4S_477_OLY 2_3_21,13.0,,,False,28,0.02585725,127.9292455,12.336203575134277,13.47120475769043,11.082754135131836,13.153287887573242,13.343366622924805,13.030324935913086,15.37791919708252,14.72273063659668,13.42583179473877,14.96388053894043,13.36061954498291,14.015618324279785,12.783048629760742,13.815589904785156,13.20585823059082,13.104093551635742
DSV_Trial_1,IMG_2957.JPG,141_R4S_477_OLY 2_3_21,6.0,,,False,26,0.014824916666666667,126.45449391666666,10.17579174041748,10.640209197998047,9.166460037231445,14.125936508178711,14.063681602478027,13.993402481079102,14.155827522277832,13.534963607788086,12.013087272644043,14.381025314331055,12.293644905090332,14.090116500854492,10.94228458404541,11.522601127624512,11.174575805664062,10.681944847106934
DSV_Trial_1,IMG_2958.JPG,142_R4S_167_Aviso_3_22,11.0,,,False,34,0.007871166666666667,124.74534833333334,15.468883514404297,16.494462966918945,14.478216171264648,14.958165168762207,15.2039155960083,15.413256645202637,16.387788772583008,16.257884979248047,12.75282096862793,16.019582748413086,15.028905868530273,15.722892761230469,15.530268669128418,16.092506408691406,15.465473175048828,15.312673568725586
DSV_Trial_1,IMG_2959.JPG,142_R4S_167_Aviso_3_22,16.0,,,False,25,0.009477833333333333,122.82560383333333,17.634313583374023,18.099885940551758,15.322868347167969,16.13353729248047,16.7403507232666,16.371965408325195,18.9440975189209,16.236169815063477,15.054605484008789,17.036039352416992,19.230857849121094,16.86922264099121,18.57178497314453,19.682676315307617,17.949451446533203,17.91666030883789
DSV_Trial_1,IMG_2960.JPG,142_R4S_167_Aviso_3_22,8.0,,,False,41,0.017442833333333334,123.81933808333334,13.849080085754395,14.406967163085938,12.18899154663086,13.861689567565918,13.648462295532227,13.550716400146484,18.606605529785156,16.69916534423828,14.216571807861328,16.05308723449707,15.528838157653809,15.859710693359375,13.937307357788086,14.79826545715332,14.121428489685059,14.285041809082031
DSV_Trial_1,IMG_2961.JPG,143_R4S_214_Sollux_3_23,6.0,,,False,30,0.021661833333333335,124.15200416666667,11.351749420166016,11.400136947631836,10.496438980102539,12.589056015014648,12.628265380859375,12.340239524841309,12.708536148071289,11.969566345214844,10.721009254455566,12.295684814453125,11.228991508483887,12.528287887573242,11.787267684936523,12.192023277282715,12.13597297668457,12.117959976196289
DSV_Trial_1,IMG_2962.JPG,143_R4S_214_Sollux_3_23,3.0,,,False,26,0.0191435,124.92396258333333,12.180217742919922,12.893556594848633,11.164261817932129,14.949153900146484,14.870737075805664,14.828634262084961,15.863736152648926,12.259801864624023,11.983750343322754,14.366437911987305,12.811033248901367,13.766135215759277,11.313611030578613,12.822126388549805,12.725799560546875,12.71372127532959
DSV_Trial_1,IMG_2963.JPG,143_R4S_214_Sollux_3_23,7.0,,,False,36,0.021445083333333333,126.01874883333333,7.167459487915039,7.3540754318237305,6.667999744415283,12.138992309570312,11.907622337341309,11.707723617553711,12.320180892944336,11.293859481811523,10.033881187438965,11.38802719116211,9.954110145568848,11.814302444458008,6.530644416809082,7.0074310302734375,7.2476911544799805,7.757392406463623
DSV_Trial_1,IMG_2964.JPG,144_R4S_220_EUROL_3_24,18.0,,,False,21,0.017515833333333335,126.39554066666666,13.301300048828125,13.810369491577148,11.189790725708008,18.495220184326172,19.573362350463867,18.770931243896484,18.910030364990234,19.206130981445312,14.624743461608887,18.644636154174805,19.33681869506836,17.334335327148438,14.194595336914062,14.840729713439941,13.241239547729492,13.634114265441895
DSV_Trial_1,IMG_2965.JPG,144_R4S_220_EUROL_3_24,16.0,,,False,23,0.021418583333333335,127.18902741666666,7.796363830566406,7.872069835662842,7.115591049194336,13.076805114746094,12.937753677368164,12.866605758666992,11.801210403442383,10.137843132019043,9.739163398742676,10.481276512145996,8.488602638244629,10.187037467956543,7.633004188537598,8.0118408203125,8.11439037322998,8.344772338867188
DSV_Trial_1,IMG_2966.JPG,144_R4S_220_EUROL_3_24,2.0,,,False,28,0.026439083333333332,126.5331745,8.229863166809082,8.083392143249512,7.269479751586914,14.761743545532227,14.70863151550293,14.615715980529785,12.977263450622559,11.317352294921875,10.355473518371582,12.425788879394531,10.563488006591797,12.986715316772461,8.486639976501465,8.263232231140137,8.945789337158203,8.982446670532227
DSV_Trial_1,IMG_2967.JPG,145_R4S_457_H31_3_25,3.0,,,False,22,0.00816325,124.35993775,9.382230758666992,9.52184772491455,9.266801834106445,16.168546676635742,15.612214088439941,15.580537796020508,16.932886123657227,12.872162818908691,11.574559211730957,16.130722045898438,11.88769817352295,14.592178344726562,8.689908027648926,9.241686820983887,9.803343772888184,10.15287971496582
DSV_Trial_1,IMG_2968.JPG,145_R4S_457_H31_3_25,12.0,,,False,12,0.006479833333333333,125.885013,13.902827262878418,14.169485092163086,14.039983749389648,17.12468719482422,16.836959838867188,17.093605041503906,20.539464950561523,16.780757904052734,16.109743118286133,16.397293090820312,14.853866577148438,17.324628829956055,11.62529182434082,13.358877182006836,14.366714477539062,15.11195182800293
DSV_Trial_1,IMG_2969.JPG,145_R4S_457_H31_3_25,2.0,,,False,22,0.01925125,127.880242,8.572332382202148,8.516790390014648,8.20090103149414,13.467703819274902,13.49399185180664,13.591455459594727,12.183494567871094,11.300679206848145,10.425530433654785,11.435595512390137,9.417150497436523,10.96264362335205,8.258016586303711,8.222278594970703,9.17123031616211,9.532410621643066
DSV_Trial_1,IMG_2970.JPG,146_R4S_185_NK Passion_3_26,2.0,,,False,30,0.013139,119.932488,7.651296615600586,8.21959114074707,7.460170745849609,14.17651081085205,14.484051704406738,14.28544807434082,11.155035018920898,8.740957260131836,8.769657135009766,10.471893310546875,8.284501075744629,10.010387420654297,8.087442398071289,8.526939392089844,8.570706367492676,8.363892555236816
DSV_Trial_1,IMG_2971.JPG,146_R4S_185_NK Passion_3_26,1.0,,,False,31,0.01658,126.34076666666667,7.583078384399414,8.062658309936523,7.319212913513184,9.32445240020752,9.778679847717285,9.384230613708496,10.673115730285645,9.74686336517334,8.710609436035156,9.959588050842285,8.943687438964844,10.188106536865234,8.017402648925781,8.375489234924316,8.622252464294434,8.287596702575684
DSV_Trial_1,IMG_2972.JPG,146_R4S_185_NK Passion_3_26,32.0,,,False,31,0.010542083333333334,124.12763808333334,15.515357971191406,16.5230712890625,14.619287490844727,14.731155395507812,14.380781173706055,14.244792938232422,18.971981048583984,15.502076148986816,16.183055877685547,16.561355590820312,16.96324920654297,16.8660831451416,13.473519325256348,15.789005279541016,15.799824714660645,16.539867401123047
DSV_Trial_1,IMG_2973.JPG,147_R4S_495_DSV2_3_27,10.0,,,False,18,0.009506666666666667,122.31180483333333,8.149162292480469,8.223663330078125,7.5426459312438965,16.114971160888672,15.83687686920166,15.806930541992188,14.153458595275879,13.140143394470215,12.052531242370605,13.786164283752441,11.301179885864258,13.287165641784668,7.544784069061279,8.231842994689941,8.13806438446045,8.867536544799805
DSV_Trial_1,IMG_2974.JPG,147_R4S_495_DSV2_3_27,2.0,,,False,26,0.014049833333333333,121.44279933333334,6.553193092346191,6.679422378540039,6.061722755432129,10.269678115844727,10.117219924926758,10.352899551391602,10.110738754272461,9.295587539672852,8.091633796691895,9.482736587524414,8.310230255126953,9.058733940124512,6.565001010894775,6.751755714416504,6.733700752258301,6.893287181854248
DSV_Trial_1,IMG_2975.JPG,147_R4S_495_DSV2_3_27,3.0,,,False,34,0.018662416666666667,122.97080633333333,8.438714027404785,8.546095848083496,7.561854839324951,14.45776081085205,14.239871978759766,14.685233116149902,13.810786247253418,12.788909912109375,10.739777565002441,14.144976615905762,11.47357177734375,12.588339805603027,8.607834815979004,8.991995811462402,8.833677291870117,8.972177505493164
DSV_Trial_1,IMG_2976.JPG,148_R4S_453_L16_3_28,11.0,,,False,14,0.015951416666666666,122.80217583333334,10.935138702392578,11.102287292480469,9.031139373779297,14.390579223632812,15.500699043273926,15.469898223876953,12.42170524597168,13.709312438964844,11.038269996643066,11.901348114013672,11.29257869720459,12.220261573791504,12.790605545043945,12.179513931274414,11.485209465026855,10.914586067199707
DSV_Trial_1,IMG_2976_2.JPG,148_R4S_453_L16_3_28,11.0,,,False,24,0.028322083333333335,119.13954308333334,8.395159721374512,8.422574043273926,8.038557052612305,13.988235473632812,13.379743576049805,13.9775972366333,12.935468673706055,10.72407341003418,11.123802185058594,11.474234580993652,9.72316837310791,12.418875694274902,8.063419342041016,8.256597518920898,9.143806457519531,9.00159740447998
DSV_Trial_1,IMG_2976_3.JPG,148_R4S_453_L16_3_28,23.0,,,False,28,0.018454833333333334,120.29750491666667,11.500181198120117,11.521947860717773,10.44753646850586,14.401392936706543,14.301018714904785,14.293808937072754,14.13086223602295,13.629850387573242,12.596339225769043,14.147398948669434,13.006417274475098,14.366958618164062,11.26904296875,11.407822608947754,11.918951988220215,11.972383499145508
DSV_Trial_1,IMG_2980.JPG,149_R4S_399_Resyn-Goe H226_3_29,16.0,,,False,21,0.016971166666666666,118.44341783333333,21.35773277282715,20.796918869018555,18.65125274658203,27.357641220092773,27.28609275817871,27.45461654663086,26.050615310668945,24.043472290039062,21.05031967163086,29.062917709350586,24.12000846862793,26.252025604248047,23.2696533203125,22.059467315673828,21.343050003051758,20.80133056640625
DSV_Trial_1,IMG_2982.JPG,149_R4S_399_Resyn-Goe H226_3_29,3.0,,,False,24,0.02029,120.59615533333333,17.052688598632812,17.009830474853516,14.385791778564453,21.748065948486328,21.620134353637695,22.038902282714844,19.175792694091797,19.80738639831543,15.113566398620605,20.12067985534668,16.21904182434082,17.917343139648438,19.66083335876465,18.085487365722656,17.50753402709961,16.205821990966797
DSV_Trial_1,IMG_2983.JPG,149_R4S_399_Resyn-Goe H226_3_29,14.0,,,False,36,0.012219,113.80222241666667,19.604660034179688,20.420528411865234,17.4154052734375,24.224355697631836,23.988265991210938,25.474245071411133,27.85400390625,27.909311294555664,22.87791633605957,30.190021514892578,24.05925178527832,27.055200576782227,21.821392059326172,21.986114501953125,20.236454010009766,18.821666717529297
DSV_Trial_1,IMG_2984.JPG,150_R4S_254_Capitol_3_30,2.0,,,False,18,0.00912275,119.07168366666667,17.84604263305664,18.281463623046875,15.125388145446777,24.242826461791992,24.143165588378906,24.581867218017578,25.328672409057617,22.521486282348633,18.73427963256836,25.69742202758789,19.14244270324707,21.955493927001953,19.173595428466797,18.670900344848633,17.63836669921875,17.527368545532227
DSV_Trial_1,IMG_2985.JPG,150_R4S_254_Capitol_3_30,10.0,,,False,25,0.030619666666666667,116.75820058333333,12.563438415527344,12.316146850585938,11.099632263183594,17.873157501220703,18.84626007080078,18.552654266357422,14.887495040893555,17.659347534179688,13.020873069763184,16.095083236694336,13.617542266845703,14.714890480041504,13.367361068725586,12.861924171447754,13.217662811279297,12.749368667602539
DSV_Trial_1,IMG_2986.JPG,150_R4S_254_Capitol_3_30,11.0,,,False,15,0.011644583333333333,125.2228365,12.407903671264648,12.367923736572266,11.349068641662598,20.51837921142578,19.716310501098633,20.691829681396484,19.420616149902344,16.352540969848633,14.752745628356934,19.440149307250977,13.098938941955566,17.228879928588867,12.312484741210938,12.170297622680664,12.855907440185547,12.9605073928833
DSV_Trial_1,IMG_2987.JPG,151_R4S_357_E94197_3_31,3.0,,,False,16,0.02245725,126.39586916666667,15.336853981018066,15.43834400177002,13.177638053894043,18.084312438964844,18.15431785583496,17.77090835571289,17.699750900268555,19.827600479125977,15.186728477478027,18.91389274597168,17.0841007232666,18.682462692260742,16.730735778808594,17.282405853271484,16.181259155273438,15.646552085876465
DSV_Trial_1,IMG_2988.JPG,151_R4S_357_E94197_3_31,3.0,,,False,26,0.026703416666666667,124.72523291666667,10.99632453918457,11.512341499328613,9.661874771118164,16.925888061523438,17.290674209594727,17.55902862548828,14.095100402832031,14.999917030334473,11.804218292236328,14.817964553833008,13.966462135314941,14.678107261657715,12.978185653686523,13.676376342773438,12.554375648498535,11.355843544006348
DSV_Trial_1,IMG_2989.JPG,151_R4S_357_E94197_3_31,3.0,,,False,32,0.022323666666666665,125.67332341666666,8.436739921569824,8.722329139709473,7.538058280944824,15.3617582321167,15.19620418548584,15.242790222167969,13.514643669128418,11.471234321594238,9.8250093460083,12.858099937438965,11.281383514404297,12.496073722839355,8.663026809692383,8.6569185256958,8.716409683227539,9.115028381347656
DSV_Trial_1,IMG_2991.JPG,152_R4S_367_English Giant_3_32,1.0,,,False,19,0.012109,115.04224716666667,8.179754257202148,8.332231521606445,7.303525447845459,19.644344329833984,20.69005584716797,20.214195251464844,15.962973594665527,11.181302070617676,10.455509185791016,16.128746032714844,10.573270797729492,13.336077690124512,8.048273086547852,7.894667625427246,8.54185962677002,8.600072860717773
DSV_Trial_1,IMG_2992.JPG,152_R4S_367_English Giant_3_32,1.0,,,False,25,0.0102975,124.83485583333334,13.967204093933105,15.251333236694336,13.082730293273926,15.647469520568848,16.46909523010254,15.51425552368164,18.36334991455078,17.634668350219727,14.824633598327637,18.233299255371094,15.269147872924805,16.66347885131836,14.25722885131836,14.805088996887207,15.133689880371094,14.766870498657227
DSV_Trial_1,IMG_2993.JPG,152_R4S_367_English Giant_3_32,5.0,,,False,23,0.019120166666666667,124.9765905,8.485301971435547,8.912668228149414,7.783638000488281,14.868374824523926,15.52132797241211,15.16810131072998,13.070464134216309,12.10741901397705,10.758275032043457,13.343737602233887,10.928964614868164,12.842720985412598,8.778688430786133,9.292525291442871,9.123673439025879,9.192541122436523
DSV_Trial_1,IMG_2994.JPG,153_R4S_160_Lion_3_33,3.0,,,False,17,0.01675875,125.65751508333334,7.994214057922363,7.713450908660889,6.8845062255859375,13.475700378417969,13.999497413635254,13.24185562133789,10.997285842895508,11.079572677612305,9.239923477172852,11.363048553466797,9.085761070251465,10.487646102905273,8.018165588378906,7.37205696105957,8.085296630859375,8.572052955627441
DSV_Trial_1,IMG_2995.JPG,153_R4S_160_Lion_3_33,6.0,,,False,20,0.014658083333333334,125.8830805,8.337772369384766,8.191041946411133,7.5798444747924805,17.264659881591797,17.741870880126953,17.28323745727539,15.495845794677734,13.05563735961914,11.827073097229004,15.231148719787598,11.559259414672852,13.98489761352539,8.122385025024414,8.01939582824707,8.310011863708496,9.05423641204834
DSV_Trial_1,IMG_2996.JPG,153_R4S_160_Lion_3_33,4.0,,,False,20,0.019178333333333332,124.73891616666667,9.305203437805176,9.145685195922852,8.4091796875,13.483963012695312,13.561100006103516,13.032051086425781,14.30211353302002,14.073625564575195,12.962203025817871,12.766801834106445,10.607418060302734,12.884126663208008,9.001323699951172,8.460895538330078,9.441936492919922,9.851875305175781
DSV_Trial_1,IMG_2997.JPG,154_R4S_541_Smaragd_3_34,2.0,,,False,22,0.015973666666666667,127.29686991666667,8.184698104858398,8.579889297485352,7.268968105316162,15.16652774810791,16.122318267822266,15.352566719055176,13.672110557556152,10.853557586669922,9.947895050048828,12.49249267578125,9.738450050354004,12.176471710205078,9.186251640319824,8.590484619140625,8.13953685760498,8.641233444213867
DSV_Trial_1,IMG_2998.JPG,154_R4S_541_Smaragd_3_34,2.0,,,False,15,0.010292666666666667,124.27320658333333,10.721517562866211,11.049686431884766,9.325399398803711,17.082977294921875,17.530555725097656,16.539329528808594,15.601208686828613,13.310371398925781,10.802947998046875,13.167598724365234,12.239103317260742,13.18525218963623,10.620370864868164,11.032567977905273,10.557125091552734,11.103039741516113
DSV_Trial_1,IMG_2999.JPG,154_R4S_541_Smaragd_3_34,8.0,,,False,13,0.015787083333333334,123.56166041666667,10.578543663024902,10.620699882507324,9.064199447631836,17.856647491455078,18.2445068359375,17.022403717041016,13.942699432373047,13.041329383850098,10.886246681213379,13.371973037719727,11.277565002441406,12.359086036682129,11.146090507507324,10.761688232421875,10.644067764282227,10.825096130371094
DSV_Trial_1,IMG_3000.JPG,155_R4S_270_Ceres_3_35,5.0,,,False,30,0.01907275,114.65896975,17.845233917236328,17.399436950683594,15.11858081817627,17.79242706298828,16.68497657775879,17.24798583984375,23.01205825805664,24.764009475708008,20.344478607177734,23.26824951171875,21.510597229003906,21.904109954833984,18.587352752685547,18.913448333740234,18.069934844970703,17.55228042602539
DSV_Trial_1,IMG_3001.JPG,155_R4S_270_Ceres_3_35,3.0,,,False,18,0.026435,123.68706616666667,11.81137466430664,11.897497177124023,10.154190063476562,15.650081634521484,16.64887809753418,16.198217391967773,14.76611328125,15.448763847351074,13.220458030700684,15.969199180603027,12.683768272399902,13.53633975982666,13.559370040893555,13.39707088470459,12.865050315856934,12.231451988220215
DSV_Trial_1,IMG_3002.JPG,155_R4S_270_Ceres_3_35,2.0,,,False,24,0.021966916666666666,123.98871008333333,8.914735794067383,9.31222152709961,8.000490188598633,14.392072677612305,15.176000595092773,14.797994613647461,11.94921875,11.274049758911133,10.516134262084961,12.699675559997559,9.773019790649414,12.064493179321289,10.091102600097656,10.012371063232422,9.696616172790527,9.41645622253418
DSV_Trial_1,IMG_3003.JPG,156_R4S_361_CHEMBERE DZAGUMHANA_3_36,1.0,,,False,27,0.0236295,124.32907033333333,7.174752235412598,7.304789066314697,6.38388204574585,13.099302291870117,13.424695014953613,13.43548583984375,9.089200973510742,8.599159240722656,7.724410057067871,10.067420959472656,7.088221549987793,9.029078483581543,8.071372985839844,7.51425313949585,7.576837539672852,7.501152038574219
DSV_Trial_1,IMG_3004.JPG,156_R4S_361_CHEMBERE DZAGUMHANA_3_36,1.0,,,False,20,0.0212435,116.66658683333333,12.951142311096191,13.2976655960083,11.821189880371094,20.384937286376953,19.449687957763672,19.767539978027344,19.948833465576172,20.280004501342773,15.878613471984863,21.48335838317871,16.21341323852539,18.4334716796875,13.379446029663086,13.570432662963867,13.196630477905273,13.035614013671875
DSV_Trial_1,IMG_3005.JPG,156_R4S_361_CHEMBERE DZAGUMHANA_3_36,1.0,,,False,26,0.026526916666666667,119.03206966666667,10.335100173950195,10.045000076293945,8.603546142578125,14.318967819213867,13.816654205322266,14.001812934875488,14.092974662780762,12.382502555847168,11.066503524780273,13.340876579284668,10.942742347717285,12.593467712402344,11.215511322021484,10.593978881835938,10.314175605773926,10.22196102142334
DSV_Trial_1,IMG_3006.JPG,157_R4S_302_Samo_3_37,2.0,,,False,27,0.024309416666666667,122.89419433333333,12.141169548034668,12.347047805786133,9.996881484985352,15.03315544128418,14.844058990478516,14.714029312133789,15.705670356750488,15.691680908203125,12.865220069885254,15.48453140258789,13.339516639709473,15.198917388916016,12.955652236938477,13.085850715637207,11.95863151550293,12.517117500305176
DSV_Trial_1,IMG_3007.JPG,157_R4S_302_Samo_3_37,1.0,,,False,29,0.024431833333333333,124.1911185,9.68875503540039,9.909586906433105,8.552192687988281,14.475345611572266,14.63050651550293,14.222105979919434,13.646575927734375,13.597321510314941,10.973093032836914,12.876672744750977,12.524927139282227,12.990479469299316,11.038581848144531,11.071878433227539,10.324971199035645,10.118972778320312
DSV_Trial_1,IMG_3008.JPG,157_R4S_302_Samo_3_37,2.0,,,False,28,0.02622733333333333,125.56394375,14.526238441467285,15.094058990478516,12.756368637084961,14.893993377685547,14.799172401428223,14.883101463317871,16.512554168701172,17.070537567138672,14.19991397857666,16.751737594604492,14.443257331848145,15.493356704711914,16.42359161376953,17.274290084838867,15.872468948364258,14.579378128051758
DSV_Trial_1,IMG_3009.JPG,158_R4S_405_L239_3_38,1.0,,,False,40,0.018342166666666666,115.11806466666667,14.962322235107422,15.382440567016602,13.62952995300293,16.5344295501709,16.164892196655273,16.255094528198242,16.90581512451172,14.63106918334961,12.913505554199219,16.45368194580078,14.443559646606445,15.568340301513672,15.659887313842773,15.348686218261719,15.723625183105469,15.196271896362305
DSV_Trial_1,IMG_3010.JPG,158_R4S_405_L239_3_38,2.0,,,False,38,0.018642166666666668,133.91338308333334,12.450599670410156,12.701001167297363,11.212112426757812,14.347978591918945,13.378266334533691,13.991711616516113,15.733189582824707,14.183457374572754,11.968812942504883,15.144282341003418,13.082734107971191,14.606389045715332,12.554227828979492,13.02884578704834,13.164205551147461,12.699100494384766
DSV_Trial_1,IMG_3011.JPG,158_R4S_405_L239_3_38,3.0,,,False,36,0.010962416666666667,117.23303316666667,14.22282600402832,14.571147918701172,13.300445556640625,14.790963172912598,14.016021728515625,14.558273315429688,19.295547485351562,18.6174259185791,16.059629440307617,18.156068801879883,16.84858512878418,18.117027282714844,13.97398567199707,14.825100898742676,15.181163787841797,14.5
DSV_Trial_1,IMG_3012.JPG,159_R4S_162_Recital_3_39,2.0,,,False,27,0.020423833333333332,122.39863875,6.082671165466309,6.2868781089782715,5.588013172149658,14.341739654541016,14.532252311706543,13.77822208404541,8.310794830322266,6.623569965362549,6.783084392547607,9.116028785705566,6.039560794830322,8.271707534790039,6.690564155578613,6.560900688171387,6.572666645050049,6.480111598968506
DSV_Trial_1,IMG_3013.JPG,159_R4S_162_Recital_3_39,2.0,,,False,31,0.026700083333333333,121.80969233333333,10.102718353271484,9.926916122436523,9.172657012939453,13.378689765930176,12.461838722229004,13.282211303710938,13.811148643493652,13.898136138916016,11.155119895935059,15.036046981811523,11.170992851257324,13.735733985900879,10.42963981628418,10.845491409301758,11.089868545532227,10.41013240814209
DSV_Trial_1,IMG_3014.JPG,159_R4S_162_Recital_3_39,1.0,,,False,31,0.01536425,121.33543358333333,14.189716339111328,14.89410400390625,12.759466171264648,14.018838882446289,14.671825408935547,13.88159465789795,16.795305252075195,14.402114868164062,12.968513488769531,14.69268798828125,15.561263084411621,14.04909896850586,15.016599655151367,15.826820373535156,14.63031005859375,14.737666130065918
DSV_Trial_1,IMG_3016.JPG,160_R4S_515_R31_3_40,5.0,,,False,28,0.015981333333333334,121.34524908333333,10.168272018432617,10.739185333251953,9.001358032226562,17.850479125976562,17.834274291992188,17.72240447998047,18.145431518554688,13.81666374206543,14.670097351074219,18.175142288208008,15.065299987792969,16.880840301513672,10.857246398925781,10.965482711791992,10.581998825073242,10.583751678466797
DSV_Trial_1,IMG_3017.JPG,160_R4S_515_R31_3_40,1.0,,,False,31,0.020941583333333333,118.12405825,6.9115471839904785,7.280622482299805,6.312659740447998,14.271066665649414,14.710217475891113,14.350301742553711,13.994852066040039,11.55373764038086,10.12020492553711,12.820355415344238,10.614388465881348,11.585762977600098,6.85240364074707,6.902873992919922,6.932544708251953,7.360531806945801
DSV_Trial_1,IMG_3018.JPG,160_R4S_515_R31_3_40,1.0,,,False,29,0.0244645,120.83826025,10.037531852722168,10.896024703979492,8.63427734375,14.878679275512695,15.385307312011719,15.034031867980957,14.708796501159668,14.208041191101074,12.314579963684082,13.885309219360352,11.99276065826416,13.013710021972656,11.153039932250977,10.363014221191406,10.037195205688477,10.335521697998047
DSV_Trial_1,IMG_3019.JPG,161_R4S_299_Liragruen_3_41,7.0,,,False,27,0.014537583333333333,123.248463,13.20138931274414,12.386085510253906,10.94140911102295,16.464508056640625,16.259166717529297,15.907191276550293,17.883058547973633,16.21509552001953,13.854249954223633,16.76451873779297,14.772235870361328,16.00086212158203,13.30094051361084,12.49787712097168,12.347677230834961,13.744651794433594
DSV_Trial_1,IMG_3020.JPG,161_R4S_299_Liragruen_3_41,12.0,,,False,25,0.018807,123.58255241666667,8.816288948059082,9.05078125,7.966251850128174,13.541699409484863,13.582201957702637,12.872154235839844,15.00216007232666,13.71341609954834,13.337509155273438,13.465666770935059,12.958359718322754,13.758352279663086,8.086387634277344,8.79659652709961,8.75566291809082,9.28950309753418
DSV_Trial_1,IMG_3021.JPG,161_R4S_299_Liragruen_3_41,9.0,,,False,23,0.016331083333333333,124.36183408333333,10.799306869506836,10.761711120605469,9.375566482543945,15.24864387512207,14.981575965881348,14.956887245178223,16.79640769958496,16.079530715942383,13.488001823425293,15.266069412231445,14.21938705444336,14.781305313110352,10.731605529785156,10.253580093383789,10.725187301635742,11.322979927062988
DSV_Trial_1,IMG_3022.JPG,162_R4S_226_Lilian_3_42,4.0,,,False,20,0.02307475,125.56695166666667,10.61050033569336,10.367254257202148,9.012275695800781,15.813089370727539,16.495145797729492,15.864612579345703,12.526057243347168,12.855395317077637,11.140602111816406,12.75318431854248,10.953438758850098,12.523500442504883,9.611307144165039,9.914546966552734,10.298002243041992,11.108192443847656
DSV_Trial_1,IMG_3023.JPG,162_R4S_226_Lilian_3_42,5.0,,,False,34,0.0185525,120.82117758333334,8.13755989074707,8.3153076171875,7.315374374389648,12.546571731567383,12.669612884521484,12.509803771972656,13.265273094177246,12.452553749084473,10.762700080871582,11.994207382202148,10.536666870117188,12.01018238067627,8.118946075439453,8.2333984375,8.434896469116211,8.772034645080566
DSV_Trial_1,IMG_3024.JPG,162_R4S_226_Lilian_3_42,3.0,,,False,28,0.019150833333333332,122.43483483333333,7.728714942932129,8.092527389526367,7.195915222167969,11.053953170776367,11.141396522521973,10.864208221435547,9.836828231811523,9.297980308532715,8.71900463104248,9.795975685119629,8.388609886169434,9.87320613861084,7.529702186584473,8.035609245300293,8.35429573059082,8.352500915527344
DSV_Trial_1,IMG_3025.JPG,163_R4S_234_Zephir_3_43,2.0,,,False,33,0.017645416666666667,123.9626325,9.81956958770752,9.982263565063477,8.787349700927734,12.664945602416992,12.933112144470215,12.654722213745117,13.210478782653809,10.905349731445312,9.301844596862793,11.67797565460205,10.817536354064941,11.454662322998047,8.666061401367188,8.95567798614502,9.121131896972656,10.676382064819336
DSV_Trial_1,IMG_3026.JPG,163_R4S_234_Zephir_3_43,3.0,,,False,23,0.017742166666666667,124.53605425,6.416514873504639,6.64681339263916,5.941717147827148,13.904752731323242,14.262456893920898,13.742433547973633,10.912160873413086,8.357419967651367,7.890614032745361,10.35254192352295,7.906118869781494,9.887451171875,6.237832546234131,6.249209880828857,6.728259563446045,7.010182857513428
DSV_Trial_1,IMG_3029.JPG,163_R4S_234_Zephir_3_43,2.0,,,False,32,0.02070825,125.35036941666667,6.238779544830322,6.544556617736816,5.769256114959717,11.13819408416748,11.157281875610352,11.141154289245605,11.253205299377441,9.25400447845459,8.92441177368164,10.081705093383789,8.117484092712402,10.711662292480469,5.671994209289551,6.058663368225098,6.2116522789001465,6.87420654296875
DSV_Trial_1,IMG_3030.JPG,164_R4S_290_Trebicska_3_44,4.0,,,False,33,0.023885333333333335,123.5724865,14.109307289123535,14.32149600982666,11.741312026977539,14.898820877075195,15.610333442687988,14.726280212402344,17.303613662719727,16.48621368408203,14.277897834777832,15.682559967041016,16.85763168334961,15.211102485656738,16.036039352416992,15.361467361450195,14.12655258178711,14.37738037109375
DSV_Trial_1,IMG_3031.JPG,164_R4S_290_Trebicska_3_44,7.0,,,False,33,0.021322833333333333,125.72852975,13.500469207763672,13.905556678771973,11.637995719909668,13.168230056762695,13.678116798400879,13.150856971740723,17.452856063842773,15.32608699798584,14.455559730529785,14.449615478515625,16.539932250976562,14.862269401550293,13.978191375732422,14.270637512207031,13.545417785644531,14.096213340759277
DSV_Trial_1,IMG_3032.JPG,164_R4S_290_Trebicska_3_44,2.0,,,False,42,0.028240333333333333,125.20385416666667,10.876182556152344,11.36445426940918,9.31180477142334,12.592694282531738,12.748468399047852,12.144974708557129,14.32822322845459,13.278863906860352,11.852690696716309,12.781373023986816,12.931060791015625,12.768641471862793,11.263065338134766,11.436534881591797,10.912593841552734,11.407798767089844
DSV_Trial_1,IMG_3033.JPG,165_R4S_163_Magnum_3_45,8.0,,,False,29,0.016884666666666666,124.5375025,10.540224075317383,10.587099075317383,9.0905122756958,12.44983959197998,12.462482452392578,12.244293212890625,14.141622543334961,14.168829917907715,11.652560234069824,12.709696769714355,12.89546012878418,12.431120872497559,10.880877494812012,10.997796058654785,10.778959274291992,11.231534957885742
DSV_Trial_1,IMG_3034.JPG,165_R4S_163_Magnum_3_45,14.0,,,False,35,0.02102475,126.59975183333333,11.259612083435059,11.477530479431152,10.315000534057617,14.011856079101562,13.723182678222656,13.409668922424316,17.727746963500977,14.35085678100586,14.503039360046387,14.046422004699707,15.572896957397461,15.326894760131836,10.458556175231934,11.149259567260742,11.331388473510742,12.086712837219238
DSV_Trial_1,IMG_3035.JPG,165_R4S_163_Magnum_3_45,5.0,,,False,37,0.018015916666666666,125.75501975,9.678792953491211,9.847137451171875,8.75316047668457,12.24014663696289,12.456087112426758,11.993721008300781,14.91677188873291,12.810487747192383,12.470318794250488,13.334049224853516,12.791794776916504,13.766852378845215,9.239776611328125,9.739792823791504,9.759284973144531,10.715856552124023
DSV_Trial_1,IMG_3038.JPG,166_R4S_542_Smaragd_3_46,10.0,,,False,26,0.010748833333333334,124.02701108333333,10.241390228271484,10.984563827514648,9.310197830200195,12.35757064819336,13.011699676513672,12.102025985717773,12.991741180419922,11.942471504211426,10.445579528808594,12.602940559387207,10.933309555053711,12.14823055267334,9.856587409973145,10.416519165039062,10.162771224975586,10.987473487854004
DSV_Trial_1,IMG_3039.JPG,166_R4S_542_Smaragd_3_46,14.0,,,False,29,0.019163666666666666,124.59109633333334,9.357898712158203,9.655967712402344,8.270340919494629,14.066457748413086,14.411859512329102,14.149487495422363,14.252342224121094,12.618573188781738,11.471041679382324,12.851511001586914,12.203805923461914,12.99892520904541,9.256988525390625,9.759110450744629,9.461393356323242,9.842486381530762
DSV_Trial_1,IMG_3040.JPG,166_R4S_542_Smaragd_3_46,12.0,,,False,32,0.0111085,124.12721066666667,8.552526473999023,9.259337425231934,8.016600608825684,11.19542121887207,11.597768783569336,11.222854614257812,12.202560424804688,11.391611099243164,9.019902229309082,11.195855140686035,10.274530410766602,11.667669296264648,7.956274509429932,8.68044376373291,8.559534072875977,9.101737976074219
DSV_Trial_1,IMG_3041.JPG,167_R4S_262_Lord_3_47,1.0,,,False,33,0.010737166666666667,124.21155766666666,11.751440048217773,12.662616729736328,10.603110313415527,13.674873352050781,14.22554874420166,13.612615585327148,15.954721450805664,17.462310791015625,13.043925285339355,16.552631378173828,14.856544494628906,14.691145896911621,12.334487915039062,12.412429809570312,12.040661811828613,12.089966773986816
DSV_Trial_1,IMG_3042.JPG,167_R4S_262_Lord_3_47,4.0,,,False,29,0.015285083333333333,120.72312741666667,9.91848373413086,10.580162048339844,9.435089111328125,14.473970413208008,14.940200805664062,14.710464477539062,12.397887229919434,9.336349487304688,9.303081512451172,12.172369956970215,9.30333423614502,11.39564037322998,11.032983779907227,11.309100151062012,11.26285171508789,10.358994483947754
DSV_Trial_1,IMG_3043.JPG,167_R4S_262_Lord_3_47,2.0,,,False,20,0.01110925,124.05537191666667,12.683835983276367,13.90848159790039,11.049505233764648,15.415245056152344,15.002283096313477,15.478438377380371,17.26527214050293,17.269664764404297,15.46635913848877,17.517690658569336,15.032939910888672,15.840962409973145,14.722371101379395,14.937726020812988,13.820412635803223,12.577753067016602
DSV_Trial_1,IMG_3044.JPG,168_R4S_362_BRAUNER SCHNITTKOHL_3_48,2.0,,,False,24,0.018181416666666665,122.71903116666667,10.540050506591797,10.897214889526367,9.702275276184082,16.069957733154297,16.588008880615234,16.87168312072754,14.896655082702637,12.902130126953125,11.675813674926758,14.211856842041016,11.260290145874023,12.758634567260742,10.285770416259766,10.561361312866211,10.772165298461914,10.935455322265625
DSV_Trial_1,IMG_3045.JPG,168_R4S_362_BRAUNER SCHNITTKOHL_3_48,2.0,,,False,32,0.022602166666666666,118.03331291666667,6.0966973304748535,6.132275581359863,5.49397087097168,12.6226224899292,12.68662166595459,12.390719413757324,10.14809799194336,9.25511646270752,7.753165245056152,10.063516616821289,8.951906204223633,9.591967582702637,5.648143768310547,5.5606279373168945,5.848032474517822,6.4146575927734375
DSV_Trial_1,IMG_3046.JPG,168_R4S_362_BRAUNER SCHNITTKOHL_3_48,3.0,,,False,47,0.019005916666666667,123.09427933333333,7.706973075866699,7.918849945068359,7.214448928833008,11.209583282470703,11.360565185546875,11.157004356384277,10.770134925842285,10.092280387878418,8.287531852722168,10.120677947998047,9.487287521362305,9.965028762817383,7.476702690124512,7.752424240112305,7.880834579467773,8.105363845825195
DSV_Trial_1,IMG_3047.JPG,169_R4S_484_R75_3_49,12.0,,,False,27,0.018719833333333335,121.00561441666666,11.047443389892578,11.920162200927734,9.341836929321289,15.666131973266602,15.818906784057617,15.293268203735352,13.493764877319336,11.640247344970703,10.466094017028809,13.314837455749512,11.013590812683105,12.606021881103516,11.698572158813477,12.104265213012695,11.201279640197754,11.11401653289795
DSV_Trial_1,IMG_3048.JPG,169_R4S_484_R75_3_49,1.0,,,False,37,0.01586366666666667,111.79377508333333,10.457609176635742,11.119148254394531,9.989652633666992,11.907896041870117,11.535781860351562,11.625116348266602,13.702067375183105,12.459025382995605,10.923016548156738,13.96902084350586,12.036705017089844,13.256568908691406,9.899477005004883,10.12308120727539,10.509411811828613,10.63532829284668
DSV_Trial_1,IMG_3049.JPG,169_R4S_484_R75_3_49,15.0,,,False,25,0.023020833333333334,121.480281,9.151198387145996,9.353822708129883,8.70566463470459,14.321823120117188,14.095849990844727,14.938346862792969,11.879439353942871,10.221291542053223,9.907779693603516,12.659065246582031,8.86658000946045,11.370598793029785,9.635662078857422,9.889239311218262,10.344783782958984,9.35226058959961
DSV_Trial_1,IMG_3051.JPG,170_R4S_301_Parapluie_3_50,20.0,,,False,25,0.018416416666666668,116.84042816666667,12.348895072937012,12.297847747802734,10.426767349243164,13.615373611450195,12.938207626342773,13.347902297973633,14.54924201965332,13.616754531860352,11.798622131347656,14.009773254394531,12.322578430175781,13.422929763793945,13.267988204956055,13.049369812011719,12.580020904541016,12.221365928649902
DSV_Trial_1,IMG_3052.JPG,170_R4S_301_Parapluie_3_50,1.0,,,False,56,0.022366916666666667,119.980106,12.952766418457031,13.677565574645996,11.43065071105957,11.46255874633789,11.856317520141602,11.631351470947266,13.191740036010742,13.2921724319458,10.12196159362793,12.77331256866455,11.489847183227539,11.697179794311523,12.892132759094238,13.325468063354492,12.699774742126465,12.891783714294434
DSV_Trial_1,IMG_3053.JPG,170_R4S_301_Parapluie_3_50,6.0,,,False,48,0.026025916666666666,120.29965975,8.79454231262207,9.05704116821289,7.753997802734375,10.103591918945312,10.060523986816406,10.024518966674805,11.548282623291016,11.243480682373047,9.333765029907227,10.467299461364746,9.611496925354004,10.149535179138184,8.711687088012695,8.999929428100586,8.831945419311523,9.223140716552734
DSV_Trial_1,IMG_3054.JPG,171_R4S_247_Madrigal_3_51,2.0,,,False,29,0.02312225,120.101041,7.583715438842773,7.770142078399658,6.695451736450195,12.636741638183594,13.180349349975586,12.941722869873047,11.868831634521484,11.546354293823242,9.579541206359863,12.311924934387207,11.682348251342773,12.13802719116211,8.260688781738281,8.272862434387207,8.144819259643555,8.244632720947266
DSV_Trial_1,IMG_3055.JPG,171_R4S_247_Madrigal_3_51,14.0,,,False,40,0.013231416666666667,121.1640745,10.520793914794922,11.178625106811523,9.430116653442383,11.90992546081543,12.039512634277344,11.842576026916504,13.734965324401855,13.654987335205078,11.03901195526123,13.332409858703613,12.792229652404785,13.44115161895752,10.964187622070312,11.352677345275879,10.649992942810059,10.975687026977539
DSV_Trial_1,IMG_3056.JPG,171_R4S_247_Madrigal_3_51,19.0,,,False,37,0.012467666666666667,122.43830916666667,12.489888191223145,13.620485305786133,11.198952674865723,15.05790901184082,15.855003356933594,15.037744522094727,16.49156379699707,15.508428573608398,12.182550430297852,15.506575584411621,15.044708251953125,15.027634620666504,12.616739273071289,13.353273391723633,12.415184020996094,13.107349395751953
DSV_Trial_1,IMG_3057.JPG,172_R4S_454_S3_3_52,2.0,,,False,35,0.019039166666666666,122.36561641666667,7.42880916595459,7.631871223449707,6.842245101928711,11.944664001464844,12.145366668701172,11.854884147644043,9.507975578308105,9.51400089263916,8.265122413635254,9.951337814331055,8.453141212463379,9.61069393157959,7.374804496765137,7.8479413986206055,8.08613109588623,8.079954147338867
DSV_Trial_1,IMG_3058.JPG,172_R4S_454_S3_3_52,2.0,,,False,33,0.017206166666666668,123.37503625,7.161669731140137,7.529374122619629,6.709033966064453,12.320971488952637,12.21534538269043,12.235300064086914,12.192594528198242,10.806565284729004,10.015203475952148,11.432551383972168,9.589340209960938,11.440224647521973,6.654465675354004,7.355517387390137,7.388374328613281,7.766758918762207
DSV_Trial_1,IMG_3059.JPG,172_R4S_454_S3_3_52,22.0,,,False,29,0.015885666666666666,121.30098358333333,9.524669647216797,10.075146675109863,8.70044231414795,12.172842025756836,12.131272315979004,11.791644096374512,12.899737358093262,11.337342262268066,10.355143547058105,11.466531753540039,10.920845985412598,11.335786819458008,8.966218948364258,9.637331008911133,9.411115646362305,10.268491744995117
DSV_Trial_1,IMG_3060.JPG,173_R4S_396_Diamant_3_53,4.0,,,False,23,0.011973583333333333,120.91178208333334,8.370230674743652,8.720152854919434,8.202239990234375,13.560394287109375,13.5997314453125,13.581329345703125,12.07010269165039,9.863764762878418,10.295612335205078,12.14384651184082,9.22560977935791,11.984155654907227,7.974602699279785,8.281033515930176,8.962270736694336,9.169641494750977
DSV_Trial_1,IMG_3061.JPG,173_R4S_396_Diamant_3_53,22.0,,,False,21,0.0078975,122.27385133333334,11.671428680419922,12.525739669799805,10.31251335144043,16.24785614013672,16.614686965942383,16.478878021240234,16.430614471435547,13.923388481140137,13.428911209106445,15.601277351379395,15.384614944458008,15.099747657775879,11.947469711303711,12.656538009643555,11.763172149658203,12.231683731079102
DSV_Trial_1,IMG_3062.JPG,173_R4S_396_Diamant_3_53,1.0,,,False,27,0.019615416666666666,123.80257066666667,6.704861164093018,6.851157188415527,5.826118469238281,10.384206771850586,10.81429672241211,10.207466125488281,8.722352027893066,9.062877655029297,7.423410415649414,8.778815269470215,8.065154075622559,8.353264808654785,7.238988399505615,6.967655181884766,6.441054821014404,6.884889125823975
DSV_Trial_1,IMG_3063.JPG,174_R4S_164_Fortis_3_54,4.0,,,False,17,0.026665083333333332,124.98051716666667,7.1781768798828125,7.534873962402344,6.371369361877441,15.071025848388672,15.39350700378418,14.909784317016602,11.853157043457031,10.864965438842773,10.43581485748291,11.419328689575195,8.93740463256836,11.440949440002441,7.790832996368408,8.042403221130371,7.677629470825195,7.892491340637207
DSV_Trial_1,IMG_3064.JPG,174_R4S_164_Fortis_3_54,4.0,,,False,19,0.016622916666666668,118.76059691666667,10.896868705749512,11.336089134216309,10.18687629699707,17.83142852783203,18.205427169799805,18.639312744140625,14.073859214782715,13.674235343933105,12.178038597106934,16.712621688842773,12.718137741088867,14.654034614562988,12.683989524841309,13.105466842651367,12.639262199401855,11.168790817260742
DSV_Trial_1,IMG_3065.JPG,174_R4S_164_Fortis_3_54,10.0,,,False,21,0.013786583333333333,121.360924,14.222881317138672,15.105934143066406,12.712783813476562,16.52196502685547,17.088144302368164,17.04768943786621,15.851591110229492,15.681105613708496,13.29316520690918,15.911653518676758,14.693656921386719,14.98408317565918,15.281664848327637,15.83297348022461,15.024307250976562,14.466026306152344
DSV_Trial_1,IMG_3066.JPG,175_R4S_534_WINFRED_3_55,2.0,,,False,25,0.017749833333333333,124.4398965,9.237783432006836,9.900242805480957,8.4403657913208,16.189233779907227,16.67177391052246,16.324947357177734,12.005765914916992,11.279287338256836,9.633824348449707,13.32561206817627,10.58992862701416,13.5761079788208,9.726564407348633,10.69332504272461,10.168655395507812,9.628721237182617
DSV_Trial_1,IMG_3067.JPG,175_R4S_534_WINFRED_3_55,3.0,,,False,25,0.01595575,124.01145225,9.603473663330078,10.263874053955078,9.263270378112793,12.73827075958252,13.103938102722168,12.721925735473633,11.376317977905273,11.78860855102539,9.85801887512207,11.469366073608398,9.981160163879395,11.443618774414062,9.448429107666016,10.329931259155273,10.498052597045898,10.352739334106445
DSV_Trial_1,IMG_3068.JPG,175_R4S_534_WINFRED_3_55,15.0,,,False,26,0.018668,123.76088775,10.279414176940918,10.961015701293945,9.262660026550293,14.709840774536133,15.371896743774414,15.204166412353516,11.391090393066406,11.050273895263672,9.48299503326416,11.459610939025879,10.151986122131348,11.490750312805176,11.192367553710938,12.0595703125,11.066557884216309,10.860294342041016
DSV_Trial_1,IMG_3069.JPG,176_R4S_322_Essex Model_3_56,8.0,,,False,27,0.007886166666666666,121.7733495,11.966191291809082,12.183754920959473,11.56694221496582,15.459806442260742,15.4236478805542,15.27340030670166,15.041914939880371,13.32564640045166,11.349223136901855,14.796211242675781,12.397055625915527,13.644883155822754,10.511576652526855,11.593979835510254,11.962008476257324,12.710923194885254
DSV_Trial_1,IMG_3070.JPG,176_R4S_322_Essex Model_3_56,2.0,,,False,28,0.00759625,116.92905083333333,19.473167419433594,19.937015533447266,18.86549186706543,18.908523559570312,17.208969116210938,18.379751205444336,23.679738998413086,19.883947372436523,18.392107009887695,22.06133460998535,18.379268646240234,22.006446838378906,17.84835433959961,19.932058334350586,19.9925479888916,20.160568237304688
DSV_Trial_1,IMG_3071.JPG,176_R4S_322_Essex Model_3_56,8.0,,,False,25,0.008810416666666666,115.2898805,12.713149070739746,13.230594635009766,12.459972381591797,19.42436981201172,19.031869888305664,19.223304748535156,17.792682647705078,15.853261947631836,12.879294395446777,18.302734375,14.778097152709961,17.098417282104492,12.34197998046875,13.740216255187988,13.563915252685547,13.116111755371094
DSV_Trial_1,IMG_3072.JPG,177_R4S_371_MOANA MOANA RAPE_3_57,6.0,,,False,24,0.02305866666666667,111.82838533333333,6.319344997406006,6.6168694496154785,5.929335117340088,16.33184814453125,14.964847564697266,15.262150764465332,10.878395080566406,8.435400009155273,8.573736190795898,10.953795433044434,7.339729309082031,10.502115249633789,5.712424278259277,6.2775468826293945,6.44267463684082,6.784101963043213
DSV_Trial_1,IMG_3073.JPG,177_R4S_371_MOANA MOANA RAPE_3_57,5.0,,,False,21,0.005309166666666667,118.54405608333333,11.41649055480957,11.576803207397461,11.180767059326172,15.259344100952148,13.780292510986328,14.621604919433594,17.264991760253906,11.168893814086914,12.08220386505127,15.197894096374512,11.075432777404785,14.804122924804688,10.723135948181152,11.30540657043457,11.71368408203125,11.684480667114258
DSV_Trial_1,IMG_3074.JPG,177_R4S_371_MOANA MOANA RAPE_3_57,16.0,,,False,32,0.012729916666666667,119.17256508333334,13.414008140563965,13.702790260314941,13.360149383544922,15.287936210632324,14.230473518371582,14.171212196350098,18.128936767578125,15.749237060546875,13.599918365478516,17.595172882080078,13.999094009399414,17.040481567382812,13.0142240524292,13.863763809204102,14.373394012451172,13.86872673034668
DSV_Trial_1,IMG_3075.JPG,178_R4S_313_FORTIN FAMILY_3_58,21.0,,,False,20,0.01746625,111.81144741666667,17.518756866455078,16.618019104003906,14.885652542114258,19.95330047607422,18.72954750061035,19.756572723388672,20.02707862854004,20.143173217773438,16.975975036621094,20.55302619934082,18.01777458190918,20.288837432861328,18.98880386352539,18.253952026367188,18.000093460083008,17.301036834716797
DSV_Trial_1,IMG_3076.JPG,178_R4S_313_FORTIN FAMILY_3_58,10.0,,,False,30,0.024273416666666665,118.03710133333334,13.697309494018555,14.212528228759766,12.484891891479492,18.88849449157715,18.583375930786133,19.22977066040039,15.919134140014648,16.119651794433594,13.603433609008789,18.405345916748047,15.533928871154785,17.813358306884766,15.157285690307617,16.115272521972656,15.391228675842285,13.690164566040039
DSV_Trial_1,IMG_3077.JPG,178_R4S_313_FORTIN FAMILY_3_58,16.0,,,False,22,0.0145985,118.35005616666666,19.641447067260742,19.670101165771484,18.075393676757812,21.124439239501953,19.450590133666992,21.10169792175293,23.82662582397461,20.894695281982422,18.778738021850586,24.020299911499023,18.757646560668945,23.492427825927734,19.81540298461914,21.289363861083984,21.2058162689209,19.43648910522461
DSV_Trial_1,IMG_3078.JPG,179_R4S_219_Lesira_3_59,4.0,,,False,21,0.018538583333333334,121.40016116666666,5.657191276550293,5.816887378692627,5.569029808044434,10.853443145751953,10.429935455322266,10.622696876525879,7.881993293762207,6.767702102661133,6.016076564788818,7.712131023406982,5.767760276794434,7.539090633392334,5.535543441772461,5.842715740203857,6.121847152709961,6.0952959060668945
DSV_Trial_1,IMG_3079.JPG,179_R4S_219_Lesira_3_59,5.0,,,False,29,0.020034083333333334,119.85898108333333,6.456769943237305,6.610280990600586,6.2259416580200195,11.129181861877441,10.985854148864746,11.203603744506836,9.79364013671875,9.482089042663574,7.972721576690674,10.110183715820312,7.557301044464111,9.422294616699219,6.617786407470703,6.743387222290039,6.824663162231445,6.786190032958984
DSV_Trial_1,IMG_3080.JPG,179_R4S_219_Lesira_3_59,14.0,,,False,24,0.011829,121.71364475,10.641560554504395,10.963542938232422,10.105810165405273,15.087753295898438,14.862346649169922,14.899898529052734,13.77962875366211,11.559101104736328,11.000758171081543,12.775947570800781,10.233061790466309,12.691352844238281,10.699164390563965,11.273025512695312,11.062759399414062,11.019933700561523
DSV_Trial_1,IMG_3081.JPG,180_R4S_274_Guelzower Oelquell_3_60,3.0,,,False,34,0.0280495,115.64699133333333,11.713155746459961,12.316001892089844,10.367300033569336,15.168924331665039,15.112319946289062,15.428268432617188,14.216476440429688,14.296632766723633,11.629914283752441,15.878693580627441,12.908747673034668,14.599798202514648,12.529656410217285,12.991170883178711,12.459583282470703,12.029496192932129
DSV_Trial_1,IMG_3082.JPG,180_R4S_274_Guelzower Oelquell_3_60,18.0,,,False,32,0.0198765,118.063438,8.922451972961426,9.311180114746094,8.175033569335938,14.834125518798828,14.865230560302734,15.069998741149902,12.068828582763672,11.573247909545898,9.612237930297852,13.688236236572266,11.506314277648926,12.758546829223633,9.378631591796875,9.823099136352539,9.327047348022461,9.239595413208008
DSV_Trial_1,IMG_3083.JPG,180_R4S_274_Guelzower Oelquell_3_60,6.0,,,False,24,0.014912583333333333,122.49970591666667,9.872049331665039,10.274056434631348,9.02868366241455,12.714523315429688,12.968889236450195,12.65112018585205,12.167806625366211,12.675128936767578,11.097821235656738,12.647889137268066,11.303110122680664,12.148661613464355,9.832286834716797,10.443448066711426,10.344514846801758,10.438163757324219
DSV_Trial_1,IMG_3084.JPG,181_R4S_503_Express 617_4_1,34.0,,,False,22,0.0109735,127.03254208333334,19.94803237915039,21.838897705078125,17.933717727661133,17.863143920898438,18.42937469482422,17.903121948242188,21.476261138916016,21.54479217529297,18.245033264160156,19.200035095214844,19.555458068847656,19.252283096313477,19.43592071533203,21.01531982421875,19.978235244750977,20.453323364257812
DSV_Trial_1,IMG_3085.JPG,181_R4S_503_Express 617_4_1,10.0,,,False,17,0.024327,128.17390241666666,15.163612365722656,15.819681167602539,13.523076057434082,19.45424461364746,19.60182762145996,19.167984008789062,17.826812744140625,14.199197769165039,16.030366897583008,15.88743782043457,14.414793014526367,16.0717830657959,14.618215560913086,15.092446327209473,14.953958511352539,15.616479873657227
DSV_Trial_1,IMG_3086.JPG,181_R4S_503_Express 617_4_1,5.0,,,False,15,0.02384725,127.96649966666666,7.793814182281494,8.02547836303711,7.137551307678223,15.808595657348633,16.203842163085938,15.971057891845703,10.61621379852295,11.373119354248047,9.792030334472656,11.405402183532715,9.608287811279297,10.407936096191406,8.794548034667969,8.18004035949707,8.396224021911621,8.169904708862305
DSV_Trial_1,IMG_3088.JPG,182_R4S_459_S14_4_2,18.0,,,False,22,0.019725916666666666,124.8037375,12.192745208740234,12.472631454467773,10.720490455627441,13.988180160522461,14.476703643798828,14.06263542175293,13.900014877319336,12.217864036560059,11.28454303741455,13.254292488098145,11.624262809753418,13.013638496398926,13.104412078857422,13.645024299621582,13.100948333740234,12.770944595336914
DSV_Trial_1,IMG_3089.JPG,182_R4S_459_S14_4_2,4.0,,,False,15,0.0238055,122.54882333333333,10.382513046264648,10.295954704284668,9.283775329589844,15.293355941772461,16.052181243896484,15.361756324768066,14.483110427856445,13.103090286254883,12.050436973571777,11.95380973815918,11.410118103027344,12.263476371765137,10.370641708374023,10.892801284790039,11.090264320373535,11.19781494140625
DSV_Trial_1,IMG_3090.JPG,182_R4S_459_S14_4_2,9.0,,,False,13,0.023807,123.8989385,11.093782424926758,11.770814895629883,9.975114822387695,18.75440788269043,19.736879348754883,19.0533504486084,14.439884185791016,14.330619812011719,12.482037544250488,14.972535133361816,12.073775291442871,13.767339706420898,13.052483558654785,12.793770790100098,12.154245376586914,11.656155586242676
DSV_Trial_1,IMG_3091.JPG,183_R4S_278_Libritta_4_3,17.0,,,False,17,0.01463575,125.96329683333333,11.457762718200684,11.732536315917969,10.151683807373047,16.865497589111328,16.919876098632812,16.656375885009766,17.32024383544922,14.74582290649414,14.454996109008789,15.971324920654297,13.269109725952148,14.753836631774902,11.481395721435547,11.447425842285156,11.736408233642578,12.643867492675781
DSV_Trial_1,IMG_3092.JPG,183_R4S_278_Libritta_4_3,17.0,,,False,14,0.014470166666666666,124.89995858333333,13.648027420043945,14.061887741088867,12.027671813964844,17.28952407836914,17.665529251098633,17.67118263244629,16.351219177246094,14.775565147399902,13.70961856842041,15.966163635253906,13.630062103271484,14.710381507873535,14.88748550415039,15.41081428527832,14.89498519897461,14.275732040405273
DSV_Trial_1,IMG_3093.JPG,183_R4S_278_Libritta_4_3,14.0,,,False,19,0.0121415,124.44089816666667,13.466151237487793,14.214316368103027,12.25684928894043,17.39185333251953,17.757925033569336,16.983678817749023,16.506553649902344,14.802072525024414,12.89539623260498,15.807090759277344,15.138811111450195,15.534886360168457,13.506895065307617,14.327075958251953,14.092058181762695,14.284425735473633
DSV_Trial_1,IMG_3094.JPG,184_R4S_348_Wilhelmsburger_4_4,18.0,,,False,14,0.009217333333333333,124.27128966666666,16.127166748046875,15.957619667053223,15.343672752380371,19.601463317871094,19.65446662902832,19.642099380493164,23.417888641357422,20.46575355529785,20.12615394592285,19.060274124145508,18.10359764099121,19.954336166381836,15.053592681884766,15.772754669189453,16.45452117919922,16.960891723632812
DSV_Trial_1,IMG_3095.JPG,184_R4S_348_Wilhelmsburger_4_4,4.0,,,False,14,0.017301083333333335,124.98717308333333,7.07705545425415,7.261953353881836,6.5410661697387695,15.461248397827148,15.875210762023926,15.647895812988281,11.597139358520508,8.499155044555664,8.529593467712402,9.68458366394043,7.8315510749816895,9.489286422729492,6.959831237792969,7.00068473815918,6.9795823097229,7.613323211669922
DSV_Trial_1,IMG_3096.JPG,184_R4S_348_Wilhelmsburger_4_4,15.0,,,False,14,0.015839833333333334,125.15558541666667,12.555231094360352,12.586135864257812,11.326675415039062,19.646026611328125,19.518451690673828,19.095060348510742,18.059621810913086,13.44282054901123,15.12862777709961,15.681055068969727,13.502936363220215,17.152204513549805,11.53617000579834,11.884714126586914,12.347559928894043,12.899420738220215
DSV_Trial_1,IMG_3097.JPG,185_R4S_281_Madora_4_5,14.0,,,False,19,0.01655225,125.09986433333333,9.696402549743652,10.044146537780762,8.657906532287598,15.648712158203125,15.883123397827148,15.407384872436523,14.603455543518066,12.669401168823242,11.414088249206543,14.498842239379883,11.314148902893066,13.676961898803711,10.597383499145508,10.701936721801758,10.280206680297852,10.385149955749512
DSV_Trial_1,IMG_3098.JPG,185_R4S_281_Madora_4_5,17.0,,,False,10,0.012056416666666667,123.619711,14.26365852355957,14.650460243225098,12.157859802246094,20.798145294189453,21.550922393798828,20.958282470703125,17.761716842651367,17.668415069580078,16.394546508789062,17.41342544555664,14.80264663696289,16.72501564025879,15.654727935791016,15.931806564331055,14.763864517211914,14.767373085021973
DSV_Trial_1,IMG_3099.JPG,185_R4S_281_Madora_4_5,3.0,,,False,13,0.018738083333333332,124.90983216666666,5.841609954833984,6.064390182495117,5.758100509643555,12.496665000915527,12.93736457824707,12.852302551269531,8.968302726745605,8.281723976135254,8.106770515441895,8.068671226501465,7.079312324523926,8.183538436889648,5.601020812988281,5.979343891143799,6.344099521636963,6.705419063568115
DSV_Trial_1,IMG_3099_2.JPG,186_R4S_381_Panter_4_6,12.0,,,False,24,0.02127675,119.27140241666666,13.732396125793457,14.048139572143555,11.796995162963867,18.371112823486328,18.31720733642578,18.465087890625,19.72659683227539,15.129156112670898,16.47855567932129,17.640094757080078,14.989530563354492,18.101760864257812,14.576662063598633,15.209197998046875,14.463493347167969,14.137507438659668
DSV_Trial_1,IMG_3101.JPG,186_R4S_381_Panter_4_6,5.0,,,False,13,0.024171083333333333,126.97483775,11.787620544433594,12.150040626525879,10.16054630279541,17.033918380737305,17.853641510009766,17.19839096069336,14.668522834777832,13.803956031799316,12.635263442993164,13.110108375549316,12.202912330627441,12.99100112915039,13.642414093017578,13.400778770446777,12.46475601196289,12.284997940063477
DSV_Trial_1,IMG_3102.JPG,186_R4S_381_Panter_4_6,9.0,,,False,16,0.02769675,125.80717358333334,13.132925033569336,13.743552207946777,11.486223220825195,16.225605010986328,17.05348777770996,16.380287170410156,17.44614028930664,15.629024505615234,14.631007194519043,14.103394508361816,14.199440002441406,14.579595565795898,13.091890335083008,13.617271423339844,13.228046417236328,13.784855842590332
DSV_Trial_1,IMG_3103.JPG,187_R4S_158_Lipid_4_7,3.0,,,False,17,0.028627,123.93984125,7.041655540466309,7.494128704071045,6.261138916015625,14.383330345153809,14.843978881835938,14.899585723876953,10.387043952941895,9.455106735229492,8.512226104736328,10.94041633605957,8.238823890686035,9.968591690063477,7.624818801879883,7.661589622497559,7.601180553436279,7.583670616149902
DSV_Trial_1,IMG_3104.JPG,187_R4S_158_Lipid_4_7,3.0,,,False,23,0.021662333333333332,121.26324075,11.187089920043945,10.939990997314453,10.269259452819824,18.631370544433594,18.37813949584961,18.217287063598633,17.686296463012695,16.230045318603516,13.574373245239258,17.198375701904297,14.835180282592773,16.494279861450195,11.851964950561523,11.392471313476562,11.811687469482422,11.31149673461914
DSV_Trial_1,IMG_3104_2.JPG,187_R4S_158_Lipid_4_7,15.0,,,False,20,0.038664166666666666,118.84844041666666,10.797361373901367,10.820426940917969,8.986675262451172,16.346786499023438,16.261131286621094,16.229158401489258,15.133015632629395,13.384723663330078,12.698310852050781,13.777483940124512,12.391368865966797,13.9890775680542,12.235027313232422,12.035734176635742,11.228224754333496,11.056051254272461
DSV_Trial_1,IMG_3106.JPG,188_R4S_436_RS13/6_4_8,18.0,,,False,29,0.01608875,119.62815141666667,29.213333129882812,29.4910888671875,27.593708038330078,25.833576202392578,24.670734405517578,25.121932983398438,33.61286163330078,35.83089828491211,29.04742431640625,33.06058883666992,28.642288208007812,32.93988037109375,27.5529842376709,29.65073013305664,29.297786712646484,29.115558624267578
DSV_Trial_1,IMG_3107.JPG,188_R4S_436_RS13/6_4_8,6.0,,,False,18,0.015587083333333333,118.22226383333333,26.908748626708984,27.000709533691406,23.73135757446289,25.94457244873047,26.178001403808594,25.737741470336914,28.095890045166016,31.282928466796875,22.84136390686035,31.011699676513672,25.517595291137695,26.868921279907227,27.362159729003906,28.332443237304688,26.472972869873047,25.850563049316406
DSV_Trial_1,IMG_3109.JPG,188_R4S_436_RS13/6_4_8,3.0,,,False,20,0.023376916666666667,122.44912166666667,21.89713478088379,21.999881744384766,19.8783016204834,24.54881477355957,24.84601593017578,25.36472511291504,24.27444839477539,26.359676361083984,21.121232986450195,25.88394546508789,20.5289249420166,24.45939064025879,21.957534790039062,22.81068229675293,22.89635467529297,21.688623428344727
DSV_Trial_1,IMG_3110.JPG,189_R4S_380_Sarepta_4_9,2.0,,,False,21,0.022248833333333332,122.041792,14.807126998901367,14.281082153320312,13.426876068115234,20.216711044311523,20.905014038085938,20.158836364746094,17.85809326171875,18.717693328857422,16.301054000854492,18.597143173217773,15.930438041687012,18.12543296813965,15.155702590942383,15.070396423339844,16.170860290527344,15.19450569152832
DSV_Trial_1,IMG_3111.JPG,189_R4S_380_Sarepta_4_9,3.0,,,False,13,0.012469416666666667,117.2377715,15.629024505615234,15.65251350402832,13.345806121826172,20.455181121826172,20.530412673950195,20.2476806640625,19.89327049255371,19.83852767944336,15.057514190673828,19.05824851989746,17.30644989013672,17.197341918945312,17.23556900024414,16.00946044921875,15.487140655517578,15.167362213134766
DSV_Trial_1,IMG_3112.JPG,189_R4S_380_Sarepta_4_9,2.0,,,False,16,0.02296375,118.69462741666666,13.279569625854492,13.100791931152344,11.56351375579834,20.525264739990234,20.437070846557617,20.35770606994629,17.599157333374023,15.990853309631348,14.131973266601562,17.0029296875,14.57697582244873,15.745832443237305,15.83298110961914,15.374504089355469,14.37722396850586,13.149989128112793
DSV_Trial_1,IMG_3113.JPG,190_R4S_323_Parkside_4_10,3.0,,,False,19,0.009908333333333333,118.02593658333333,19.166858673095703,19.628833770751953,17.514263153076172,21.718307495117188,22.322622299194336,21.596858978271484,23.211767196655273,25.20112419128418,20.74416160583496,25.01633071899414,22.877716064453125,23.83442497253418,20.408538818359375,20.97036361694336,20.088695526123047,19.74858856201172
DSV_Trial_1,IMG_3114.JPG,190_R4S_323_Parkside_4_10,48.0,,,False,17,0.00807,115.75101716666667,27.476829528808594,27.932846069335938,23.865589141845703,25.57604217529297,26.21025276184082,24.715456008911133,28.922822952270508,32.093597412109375,26.101791381835938,29.330053329467773,27.642372131347656,28.887971878051758,28.003890991210938,29.365161895751953,26.984281539916992,27.385208129882812
DSV_Trial_1,IMG_3115.JPG,190_R4S_323_Parkside_4_10,4.0,,,False,16,0.011687916666666666,122.50519766666666,13.094696998596191,13.520964622497559,11.049535751342773,19.450014114379883,19.7568302154541,19.48094940185547,17.02027702331543,15.472952842712402,11.748408317565918,17.887042999267578,15.073661804199219,15.684531211853027,14.4382963180542,14.188612937927246,13.35770034790039,13.207961082458496
DSV_Trial_1,IMG_3116.JPG,191_R4S_276_Jupiter_4_11,25.0,,,False,22,0.018702416666666666,124.72127266666666,20.66549301147461,20.151399612426758,17.729381561279297,21.057931900024414,21.662885665893555,20.575149536132812,23.446481704711914,25.988826751708984,21.363536834716797,22.52202606201172,23.046056747436523,22.108638763427734,20.112545013427734,20.30760955810547,20.49798583984375,20.681156158447266
DSV_Trial_1,IMG_3117.JPG,191_R4S_276_Jupiter_4_11,16.0,,,False,17,0.014282333333333333,118.95714841666667,26.50733184814453,26.71184539794922,21.96426773071289,23.15309715270996,23.917221069335938,23.55674171447754,26.194063186645508,31.00232696533203,24.228557586669922,26.80125617980957,26.22419548034668,25.905269622802734,27.317890167236328,28.32781410217285,25.88018798828125,26.02088165283203
DSV_Trial_1,IMG_3118.JPG,191_R4S_276_Jupiter_4_11,14.0,,,False,20,0.018772083333333335,124.14892816666666,11.379392623901367,11.670914649963379,10.371394157409668,19.62008285522461,19.84577178955078,19.01116180419922,15.064379692077637,14.671895027160645,13.54706859588623,15.414402961730957,12.868191719055176,15.184493064880371,12.419792175292969,11.929038047790527,11.905216217041016,11.709245681762695
DSV_Trial_1,IMG_3119.JPG,192_R4S_152_Missouri_4_12,3.0,,,False,18,0.026848583333333332,121.26366233333333,17.862096786499023,17.040300369262695,14.079051971435547,21.00002670288086,21.456621170043945,20.554311752319336,17.58928871154785,15.830634117126465,14.96922779083252,17.927547454833984,15.2127046585083,17.77714729309082,20.411727905273438,20.105051040649414,17.82206153869629,18.52817153930664
DSV_Trial_1,IMG_3120.JPG,192_R4S_152_Missouri_4_12,45.0,,,False,16,0.009419916666666667,121.7422645,17.21129608154297,17.897289276123047,15.347785949707031,21.44708824157715,21.288732528686523,21.312013626098633,21.23845863342285,23.327016830444336,17.66276741027832,23.284135818481445,18.94395637512207,21.465593338012695,18.842824935913086,19.17538070678711,18.333660125732422,17.46335220336914
DSV_Trial_1,IMG_3121.JPG,192_R4S_152_Missouri_4_12,2.0,,,False,19,0.012804916666666666,122.19358966666667,15.021653175354004,15.48167610168457,13.430044174194336,19.657207489013672,19.71648406982422,19.853384017944336,18.343698501586914,17.68388557434082,13.207176208496094,17.926937103271484,15.826289176940918,16.48227882385254,15.567261695861816,15.846134185791016,15.528499603271484,15.073563575744629
DSV_Trial_1,IMG_3122.JPG,193_R4S_504_Express 617_4_13,3.0,,,False,21,0.01987775,125.37405633333333,12.136825561523438,11.792007446289062,10.61087703704834,15.212126731872559,14.775714874267578,14.632471084594727,14.09762954711914,15.914506912231445,12.054994583129883,13.890680313110352,12.475452423095703,13.053265571594238,12.881889343261719,12.119295120239258,12.589935302734375,12.456632614135742
DSV_Trial_1,IMG_3123.JPG,193_R4S_504_Express 617_4_13,3.0,,,False,17,0.017657166666666668,124.59065283333334,15.915861129760742,15.39404010772705,12.910422325134277,19.899986267089844,19.87921142578125,19.804046630859375,20.043075561523438,20.44911003112793,17.456745147705078,19.287248611450195,17.63970184326172,19.098440170288086,16.709402084350586,15.634387969970703,15.546281814575195,15.815191268920898
DSV_Trial_1,IMG_3124.JPG,193_R4S_504_Express 617_4_13,2.0,,,False,12,0.02299025,120.12222016666666,11.217281341552734,11.003971099853516,9.638153076171875,16.048843383789062,15.863405227661133,15.365958213806152,12.367989540100098,13.107705116271973,10.402844429016113,12.563404083251953,10.174047470092773,11.739789962768555,10.898223876953125,10.348581314086914,10.965420722961426,12.120145797729492
DSV_Trial_1,IMG_3126.JPG,194_R4S_172_Aragon_4_14,3.0,,,False,22,0.026520333333333333,123.56998591666667,22.97349739074707,22.18303871154785,18.40469741821289,23.75368881225586,24.330434799194336,23.31900405883789,25.039777755737305,25.851001739501953,21.787424087524414,23.388721466064453,23.084753036499023,23.58308219909668,22.78561019897461,22.386886596679688,21.27513313293457,23.092300415039062
DSV_Trial_1,IMG_3127.JPG,194_R4S_172_Aragon_4_14,4.0,,,False,14,0.02305375,118.5757945,23.343507766723633,22.683074951171875,19.270584106445312,24.60839080810547,25.027915954589844,24.1881046295166,24.31312370300293,26.263532638549805,22.120887756347656,24.242839813232422,22.823558807373047,24.21038246154785,24.913772583007812,25.12124252319336,22.92962646484375,23.098474502563477
DSV_Trial_1,IMG_3128.JPG,194_R4S_172_Aragon_4_14,5.0,,,False,12,0.016661416666666668,123.29887875,25.093120574951172,25.215721130371094,22.308149337768555,22.79583168029785,23.0373477935791,21.894264221191406,26.647790908813477,26.128036499023438,20.390514373779297,22.366172790527344,23.229707717895508,24.44219207763672,23.71246337890625,24.90503692626953,24.198402404785156,25.57706069946289
DSV_Trial_1,IMG_3129.JPG,195_R4S_502_LG Aviron_4_15,2.0,,,False,20,0.019510083333333334,123.15685,8.710455894470215,8.45106315612793,8.3532133102417,16.983848571777344,16.736270904541016,16.363853454589844,14.640353202819824,13.033464431762695,12.664015769958496,14.539263725280762,11.1572904586792,14.748032569885254,8.608298301696777,8.372214317321777,9.132095336914062,9.226959228515625
DSV_Trial_1,IMG_3130.JPG,195_R4S_502_LG Aviron_4_15,3.0,,,False,10,0.020376416666666668,120.88986325,7.002823352813721,6.742433547973633,6.952533721923828,16.794713973999023,17.333782196044922,16.87672233581543,10.640978813171387,9.595315933227539,7.636173248291016,9.348795890808105,7.977593898773193,8.51209831237793,6.913212776184082,6.840248107910156,7.702796936035156,7.626340866088867
DSV_Trial_1,IMG_3131.JPG,195_R4S_502_LG Aviron_4_15,2.0,,,False,19,0.01696975,120.98194183333334,13.741161346435547,14.065154075622559,12.703046798706055,18.777231216430664,19.108657836914062,18.386198043823242,17.123714447021484,19.35051155090332,14.197787284851074,17.993419647216797,16.806259155273438,17.92682456970215,14.132172584533691,14.280523300170898,14.306838989257812,14.1668701171875
DSV_Trial_1,IMG_3132.JPG,196_R4S_251_Lisabeth_4_16,3.0,,,False,17,0.0217065,121.76278241666667,10.681770324707031,10.383487701416016,8.846418380737305,16.97954750061035,17.446008682250977,16.89707374572754,13.462002754211426,13.298273086547852,10.313667297363281,12.288067817687988,10.81272029876709,12.696093559265137,10.744709014892578,10.240863800048828,10.050736427307129,11.119925498962402
DSV_Trial_1,IMG_3133.JPG,196_R4S_251_Lisabeth_4_16,2.0,,,False,9,0.01377725,122.20325116666666,6.759640693664551,6.509500980377197,6.309295654296875,14.178415298461914,13.901296615600586,13.652441024780273,9.213282585144043,7.685337066650391,7.140283107757568,7.491306304931641,6.447264671325684,7.834258556365967,6.571864604949951,6.4742841720581055,6.958620071411133,7.386597633361816
DSV_Trial_1,IMG_3134.JPG,196_R4S_251_Lisabeth_4_16,3.0,,,False,20,0.0206105,122.35531783333333,9.434343338012695,9.143916130065918,8.178136825561523,17.867572784423828,18.003257751464844,18.070987701416016,14.746922492980957,13.88416576385498,10.972929954528809,13.980497360229492,11.328889846801758,13.696634292602539,10.036293029785156,9.812333106994629,9.795534133911133,9.886430740356445
DSV_Trial_1,IMG_3135.JPG,197_R4S_183_Prince_4_17,4.0,,,False,19,0.01269125,119.03331725,8.896669387817383,9.017276763916016,8.306032180786133,18.64727783203125,18.739883422851562,17.552976608276367,14.442647933959961,13.486087799072266,11.060273170471191,14.988247871398926,11.561163902282715,14.915037155151367,8.582616806030273,8.732095718383789,9.143539428710938,9.322084426879883
DSV_Trial_1,IMG_3136.JPG,197_R4S_183_Prince_4_17,2.0,,,False,20,0.0146275,123.6540035,16.353532791137695,15.459741592407227,14.566971778869629,21.087661743164062,20.736541748046875,20.3664608001709,21.98299789428711,20.84393882751465,18.06566619873047,20.804197311401367,18.06406021118164,20.309316635131836,15.451848030090332,15.189125061035156,16.14676856994629,16.989179611206055
DSV_Trial_1,IMG_3137.JPG,197_R4S_183_Prince_4_17,2.0,,,False,20,0.010900666666666666,124.20818958333334,13.233927726745605,13.126969337463379,12.286027908325195,18.905498504638672,18.154600143432617,18.252544403076172,17.349252700805664,15.686994552612305,13.223934173583984,16.453725814819336,13.750176429748535,16.705974578857422,12.016858100891113,12.92695426940918,13.250566482543945,13.571308135986328
DSV_Trial_1,IMG_3138.JPG,198_R4S_407_S39_4_18,5.0,,,False,28,0.015893,121.16548891666666,24.376235961914062,23.733474731445312,21.000307083129883,23.657196044921875,23.735836029052734,22.958362579345703,24.10891342163086,25.953678131103516,22.243080139160156,25.030818939208984,24.137195587158203,23.44610023498535,23.969867706298828,24.25946807861328,23.666044235229492,24.074308395385742
DSV_Trial_1,IMG_3139.JPG,198_R4S_407_S39_4_18,3.0,,,False,27,0.026974,120.11202591666667,13.526637077331543,12.82426643371582,11.67979621887207,21.505964279174805,21.059412002563477,21.658260345458984,17.685762405395508,18.784927368164062,14.194173812866211,17.671173095703125,15.725181579589844,17.28122329711914,13.625228881835938,12.554924011230469,13.412128448486328,13.604506492614746
DSV_Trial_1,IMG_3140.JPG,198_R4S_407_S39_4_18,3.0,,,False,27,0.0132065,119.95084458333334,19.141433715820312,18.95903968811035,17.550437927246094,19.979267120361328,19.623985290527344,19.84856414794922,20.02011489868164,20.295618057250977,16.6881103515625,19.44515037536621,18.500154495239258,18.407917022705078,19.952590942382812,19.493913650512695,19.421749114990234,18.73617935180664
DSV_Trial_1,IMG_3141.JPG,199_R4S_159_Lipton_4_19,4.0,,,False,36,0.01783175,115.94081983333334,16.282920837402344,16.451778411865234,14.689695358276367,19.472042083740234,19.25402069091797,18.88671112060547,19.55170440673828,23.509428024291992,17.097612380981445,22.261276245117188,18.967041015625,21.775684356689453,16.927146911621094,17.161556243896484,16.736173629760742,16.59295654296875
DSV_Trial_1,IMG_3142.JPG,199_R4S_159_Lipton_4_19,3.0,,,False,30,0.02767725,120.93355658333333,13.218155860900879,12.70602798461914,11.226295471191406,16.168888092041016,16.157560348510742,15.494033813476562,14.779594421386719,17.523311614990234,12.907974243164062,16.371604919433594,14.691569328308105,14.638312339782715,15.546133041381836,14.198873519897461,14.002686500549316,13.022486686706543
DSV_Trial_1,IMG_3143.JPG,199_R4S_159_Lipton_4_19,3.0,,,False,19,0.014809833333333333,121.99447816666667,20.66326904296875,20.662811279296875,18.230619430541992,24.694793701171875,24.82543182373047,24.545106887817383,27.171886444091797,28.68606948852539,22.643550872802734,29.948415756225586,25.82777976989746,27.801830291748047,22.65983009338379,22.666645050048828,21.106416702270508,19.810680389404297
DSV_Trial_1,IMG_3144.JPG,200_R4S_372_CANARD_4_20,2.0,,,False,22,0.016650833333333333,118.54386025,19.31403160095215,19.65411376953125,16.925640106201172,20.268131256103516,20.586013793945312,20.148670196533203,19.589330673217773,20.819368362426758,15.653573036193848,19.653797149658203,20.390104293823242,18.519046783447266,22.414094924926758,22.87259292602539,20.88409423828125,18.941852569580078
DSV_Trial_1,IMG_3145.JPG,200_R4S_372_CANARD_4_20,2.0,,,False,24,0.01919425,122.86345658333333,16.165342330932617,15.743560791015625,13.907892227172852,18.59838104248047,18.85451316833496,18.714998245239258,17.108198165893555,18.047529220581055,14.187952995300293,16.818286895751953,16.752702713012695,15.412237167358398,18.272903442382812,17.498315811157227,16.823596954345703,15.907646179199219
DSV_Trial_1,IMG_3146.JPG,200_R4S_372_CANARD_4_20,2.0,,,False,18,0.018163083333333333,124.42054891666666,15.079814910888672,14.42149543762207,12.623248100280762,19.716392517089844,20.773212432861328,20.07786750793457,17.005126953125,19.016210556030273,13.657903671264648,17.564001083374023,16.650243759155273,15.374519348144531,17.095375061035156,15.867791175842285,15.692602157592773,14.688685417175293
DSV_Trial_1,IMG_3146_2.JPG,201_R4S_324_Scotia_4_21,4.0,,,False,23,0.03153025,121.902055,13.234809875488281,13.803403854370117,11.217544555664062,14.392658233642578,14.743513107299805,14.183609008789062,13.985760688781738,13.82490062713623,11.983386039733887,13.123705863952637,12.703289031982422,13.362290382385254,14.820388793945312,14.880802154541016,13.786890029907227,13.405525207519531
DSV_Trial_1,IMG_3148.JPG,201_R4S_324_Scotia_4_21,2.0,,,False,29,0.020642166666666666,120.92814641666666,14.630876541137695,14.52155876159668,12.547547340393066,20.04636573791504,20.749814987182617,20.344406127929688,19.96095085144043,21.44855308532715,17.36503028869629,20.90377426147461,19.188753128051758,19.975053787231445,16.803890228271484,15.832566261291504,15.640059471130371,14.807207107543945
DSV_Trial_1,IMG_3150.JPG,201_R4S_324_Scotia_4_21,2.0,,,False,27,0.0263985,120.53319133333333,13.337876319885254,12.551555633544922,11.428908348083496,17.278392791748047,16.905685424804688,16.67006492614746,14.88154411315918,15.144665718078613,12.793614387512207,14.972262382507324,14.171202659606934,14.464147567749023,14.490485191345215,13.61574935913086,14.016016006469727,13.506089210510254
DSV_Trial_1,IMG_3151.JPG,202_R4S_500_LG Atlas_4_22,3.0,,,False,22,0.018761416666666666,120.81458816666667,12.989237785339355,12.766454696655273,11.142213821411133,19.193815231323242,19.60500717163086,19.18140411376953,15.57168960571289,16.029767990112305,13.516902923583984,16.290409088134766,14.444608688354492,15.78204345703125,14.66466999053955,14.014516830444336,13.318921089172363,13.180416107177734
DSV_Trial_1,IMG_3152.JPG,202_R4S_500_LG Atlas_4_22,10.0,,,False,26,0.011992,120.87028341666667,17.769624710083008,18.06392478942871,15.996662139892578,21.428619384765625,21.76702880859375,21.171100616455078,23.190046310424805,26.180816650390625,19.97674560546875,23.489057540893555,22.382761001586914,22.45477294921875,18.088008880615234,18.69972801208496,17.93166732788086,17.790420532226562
DSV_Trial_1,IMG_3153.JPG,202_R4S_500_LG Atlas_4_22,3.0,,,False,28,0.021509083333333335,120.319009,9.14456844329834,9.09545612335205,8.709470748901367,15.098583221435547,15.376550674438477,15.19460678100586,12.924782752990723,12.934432983398438,10.844511985778809,12.93631649017334,11.46653938293457,12.55992317199707,9.435301780700684,9.635848999023438,10.151071548461914,9.524032592773438
DSV_Trial_1,IMG_3154.JPG,203_R4S_448_K160.1.1_4_23,2.0,,,False,43,0.016408916666666665,122.01401575,15.03814697265625,14.808467864990234,13.328062057495117,17.540218353271484,17.260299682617188,16.91667938232422,18.94861602783203,20.248249053955078,15.113030433654785,19.341245651245117,18.11557388305664,17.964717864990234,16.307083129882812,15.502107620239258,14.707494735717773,15.194839477539062
DSV_Trial_1,IMG_3155.JPG,203_R4S_448_K160.1.1_4_23,2.0,,,False,30,0.019341333333333332,123.56487308333334,19.260761260986328,19.783092498779297,17.111814498901367,19.366954803466797,19.311420440673828,19.042137145996094,20.09194564819336,21.567237854003906,16.771303176879883,20.611459732055664,20.153419494628906,19.76951789855957,21.18788719177246,21.161781311035156,19.710617065429688,18.96331787109375
DSV_Trial_1,IMG_3156.JPG,203_R4S_448_K160.1.1_4_23,4.0,,,False,26,0.012307416666666666,122.83859041666666,23.37356185913086,24.19198989868164,20.504703521728516,21.1755428314209,21.3512020111084,21.341930389404297,25.375530242919922,28.874242782592773,21.707477569580078,25.939109802246094,26.614103317260742,24.45216941833496,24.17688751220703,24.772878646850586,22.882583618164062,22.687660217285156
DSV_Trial_1,IMG_3157.JPG,204_R4S_549_ALLESANDRO KWS_4_24,3.0,,,False,37,0.02845475,119.64081058333333,13.009456634521484,12.417808532714844,11.504342079162598,16.259401321411133,15.989224433898926,16.629009246826172,15.863722801208496,17.190305709838867,14.017788887023926,16.43367576599121,15.600851058959961,15.333494186401367,14.383702278137207,14.058952331542969,13.802228927612305,12.957813262939453
DSV_Trial_1,IMG_3158.JPG,204_R4S_549_ALLESANDRO KWS_4_24,2.0,,,False,21,0.019816,118.101169,12.023616790771484,11.856027603149414,10.470237731933594,17.624155044555664,16.979204177856445,16.692434310913086,17.760610580444336,18.931493759155273,14.489110946655273,18.89005470275879,14.542764663696289,16.720144271850586,12.821479797363281,12.194172859191895,11.988298416137695,12.009358406066895
DSV_Trial_1,IMG_3159.JPG,204_R4S_549_ALLESANDRO KWS_4_24,21.0,,,False,26,0.0146155,119.88169558333334,18.855300903320312,18.874568939208984,16.926149368286133,21.032873153686523,21.09830093383789,20.94805145263672,23.096044540405273,27.61034393310547,20.624984741210938,25.21866798400879,23.494434356689453,24.21756935119629,19.575069427490234,20.077919006347656,19.61054229736328,18.417360305786133
DSV_Trial_1,IMG_3160.JPG,205_R4S_205_RESYN-H048_4_25,8.0,,,False,20,0.01322025,114.28896925,14.214616775512695,14.367142677307129,13.797138214111328,21.041152954101562,21.358667373657227,21.357330322265625,19.961652755737305,20.508817672729492,16.532779693603516,20.889841079711914,17.20102310180664,19.1932373046875,14.248947143554688,14.913843154907227,15.494913101196289,14.136585235595703
DSV_Trial_1,IMG_3161.JPG,205_R4S_205_RESYN-H048_4_25,6.0,,,False,25,0.012282833333333333,119.50115783333334,17.115787506103516,16.80618667602539,16.11441421508789,22.962139129638672,22.71770477294922,23.109561920166016,25.619617462158203,26.598772048950195,20.02001190185547,27.945852279663086,24.203384399414062,24.13869857788086,16.94843864440918,17.825637817382812,18.389892578125,17.165626525878906
DSV_Trial_1,IMG_3162.JPG,205_R4S_205_RESYN-H048_4_25,3.0,,,False,35,0.01327175,114.09637625,18.676176071166992,18.29411506652832,17.37424087524414,20.924734115600586,20.588254928588867,21.64958381652832,21.744909286499023,22.13213348388672,16.961511611938477,23.56609535217285,19.804555892944336,20.852603912353516,18.652616500854492,19.55110740661621,19.392560958862305,18.00623321533203
DSV_Trial_1,IMG_3163.JPG,206_R4S_352_LORD DERBY_4_26,2.0,,,False,17,0.012020916666666666,119.267495,17.186031341552734,17.761661529541016,15.622955322265625,21.340564727783203,21.45937728881836,21.414287567138672,20.867366790771484,23.313003540039062,18.961835861206055,22.716449737548828,20.181257247924805,22.574392318725586,18.132484436035156,19.895092010498047,18.708267211914062,16.92219352722168
DSV_Trial_1,IMG_3164.JPG,206_R4S_352_LORD DERBY_4_26,3.0,,,False,21,0.015417916666666667,114.785375,12.562287330627441,11.842435836791992,11.340435028076172,15.257333755493164,14.560575485229492,15.13879680633545,15.588252067565918,17.006546020507812,13.379083633422852,15.944674491882324,13.421964645385742,15.698689460754395,13.700571060180664,13.318221092224121,13.898876190185547,12.608963012695312
DSV_Trial_1,IMG_3165.JPG,206_R4S_352_LORD DERBY_4_26,2.0,,,False,15,0.01020125,115.47885533333333,9.8695707321167,9.270313262939453,9.545660018920898,14.103374481201172,13.169456481933594,13.713937759399414,13.32227611541748,13.191350936889648,10.797181129455566,14.548251152038574,10.575101852416992,14.139726638793945,9.752355575561523,10.02242660522461,11.012598037719727,10.295597076416016
DSV_Trial_1,IMG_3169.JPG,208_R4S_439_R76_4_28,2.0,,,False,21,0.014960416666666667,109.88172333333333,15.082215309143066,15.105435371398926,13.79026985168457,19.2525634765625,19.21371841430664,19.732933044433594,16.368270874023438,18.326072692871094,13.970921516418457,17.685020446777344,14.846488952636719,17.41404151916504,16.228687286376953,16.952314376831055,16.11524200439453,14.744115829467773
DSV_Trial_1,IMG_3170.JPG,208_R4S_439_R76_4_28,3.0,,,False,23,0.0165205,112.47788525,16.382488250732422,15.641160011291504,14.612112998962402,19.495243072509766,18.482309341430664,18.934215545654297,17.93937873840332,19.21630859375,15.813437461853027,18.67620277404785,15.873345375061035,18.139753341674805,16.044767379760742,16.392391204833984,17.01626968383789,16.328540802001953
DSV_Trial_1,IMG_3171.JPG,208_R4S_439_R76_4_28,26.0,,,False,14,0.007281916666666667,106.518513,15.141701698303223,15.546720504760742,14.730268478393555,20.298057556152344,19.728973388671875,20.767738342285156,19.285785675048828,23.597869873046875,17.757404327392578,24.172998428344727,21.801122665405273,24.3187255859375,15.331588745117188,17.280597686767578,15.927515983581543,14.878213882446289
DSV_Trial_1,IMG_3172.JPG,209_R4S_146_K615_4_29,3.0,,,False,27,0.021913083333333333,113.06311175,13.68934440612793,13.040435791015625,12.049463272094727,18.669179916381836,18.4000301361084,19.140872955322266,18.170339584350586,19.567420959472656,15.971689224243164,18.857707977294922,15.697598457336426,19.096757888793945,14.431700706481934,14.448667526245117,14.26124382019043,13.35025405883789
DSV_Trial_1,IMG_3173.JPG,209_R4S_146_K615_4_29,2.0,,,False,26,0.027803666666666668,116.40556516666666,8.926904678344727,8.577237129211426,8.305486679077148,13.332901000976562,12.915304183959961,13.505521774291992,11.38012409210205,13.085371017456055,11.293770790100098,13.064138412475586,10.7637939453125,12.865640640258789,9.595746994018555,9.673440933227539,10.031825065612793,8.949749946594238
DSV_Trial_1,IMG_3174.JPG,209_R4S_146_K615_4_29,5.0,,,False,26,0.028022583333333333,116.1198245,13.963970184326172,13.360800743103027,12.48186206817627,16.628236770629883,16.180057525634766,16.737302780151367,15.562277793884277,16.446218490600586,15.151400566101074,16.304553985595703,13.156392097473145,15.971888542175293,15.11107063293457,15.37585735321045,15.730684280395508,14.207405090332031
DSV_Trial_1,IMG_3175.JPG,210_R4S_523_Taisetsu_4_30,4.0,,,False,23,0.027300833333333333,115.31029775,15.795031547546387,15.870185852050781,13.881745338439941,17.722240447998047,17.626754760742188,17.79607391357422,15.053873062133789,17.35285758972168,14.035029411315918,15.647348403930664,14.320076942443848,15.700750350952148,18.06285285949707,18.585243225097656,17.630958557128906,15.463397979736328
DSV_Trial_1,IMG_3176.JPG,210_R4S_523_Taisetsu_4_30,3.0,,,False,18,0.016072083333333334,116.16350391666667,11.102349281311035,11.030783653259277,10.0433988571167,17.718624114990234,17.28282928466797,17.411754608154297,14.374761581420898,14.479498863220215,12.929682731628418,15.298787117004395,12.19863510131836,14.44536304473877,11.408634185791016,11.67697811126709,11.878010749816895,11.015731811523438
DSV_Trial_1,IMG_3177.JPG,210_R4S_523_Taisetsu_4_30,2.0,,,False,25,0.02290875,112.74361091666667,11.031569480895996,10.517783164978027,9.77381706237793,14.112396240234375,13.327587127685547,13.605852127075195,12.70434284210205,11.827226638793945,11.100049018859863,13.09665298461914,10.305047988891602,12.884751319885254,13.124676704406738,12.345927238464355,11.99538803100586,11.277007102966309
DSV_Trial_1,IMG_3178.JPG,211_R4S_239_SW Sinatra_4_31,4.0,,,False,18,0.0218915,114.78920441666666,11.418397903442383,11.033933639526367,10.021745681762695,17.77499771118164,17.50111198425293,17.312055587768555,14.97005558013916,16.36508560180664,13.020862579345703,15.47230339050293,12.062664985656738,14.270885467529297,11.699026107788086,12.109432220458984,11.844009399414062,11.357965469360352
DSV_Trial_1,IMG_3179.JPG,211_R4S_239_SW Sinatra_4_31,3.0,,,False,19,0.022683,113.85717058333333,9.543272018432617,9.06309986114502,8.826688766479492,14.839910507202148,13.263229370117188,14.21459674835205,13.486875534057617,12.85860824584961,11.050298690795898,12.603261947631836,10.159832000732422,12.546303749084473,9.18010139465332,9.309502601623535,10.03000545501709,9.973199844360352
DSV_Trial_1,IMG_3180.JPG,211_R4S_239_SW Sinatra_4_31,5.0,,,False,20,0.021595416666666666,114.98280233333334,12.909664154052734,12.267587661743164,11.586641311645508,19.50777816772461,19.055450439453125,18.806686401367188,17.450389862060547,19.055133819580078,15.288858413696289,18.54450035095215,15.24155330657959,16.984880447387695,13.822437286376953,13.485603332519531,13.579285621643066,13.157682418823242
DSV_Trial_1,IMG_3181.JPG,212_R4S_347_Aberdeenshire Prize_4_32,2.0,,,False,27,0.0292105,114.25702383333334,16.075214385986328,16.02004623413086,14.547259330749512,17.47348403930664,17.352703094482422,17.72541046142578,17.358661651611328,20.186880111694336,16.9525089263916,18.938623428344727,16.359167098999023,18.46879768371582,17.217058181762695,18.13052749633789,17.807701110839844,15.798433303833008
DSV_Trial_1,IMG_3182.JPG,212_R4S_347_Aberdeenshire Prize_4_32,3.0,,,False,21,0.026588416666666666,114.22555725,11.93299388885498,11.412156105041504,10.366430282592773,17.46279525756836,17.15945053100586,17.73775291442871,12.131117820739746,14.600142478942871,11.31783390045166,14.462360382080078,11.42587661743164,14.64211654663086,12.612886428833008,12.664482116699219,12.46595287322998,11.904260635375977
DSV_Trial_1,IMG_3183.JPG,212_R4S_347_Aberdeenshire Prize_4_32,4.0,,,False,25,0.021487416666666665,117.65550641666667,15.766342163085938,15.788921356201172,14.880921363830566,17.379606246948242,17.05495834350586,17.28585433959961,16.514625549316406,18.54961585998535,15.606734275817871,17.90184783935547,14.684428215026855,17.78948402404785,18.088151931762695,18.268573760986328,18.59239959716797,16.01776123046875
DSV_Trial_1,IMG_3184.JPG,213_R4S_304_Q100_4_33,3.0,,,False,20,0.030666333333333334,112.79761991666666,16.500141143798828,16.105266571044922,14.730112075805664,20.479598999023438,20.741851806640625,20.812192916870117,19.40313720703125,21.927213668823242,17.969789505004883,19.15839195251465,17.689857482910156,19.185504913330078,17.873964309692383,18.32448959350586,17.74435043334961,16.017576217651367
DSV_Trial_1,IMG_3185.JPG,213_R4S_304_Q100_4_33,5.0,,,False,20,0.03752458333333333,114.4348755,19.40882110595703,19.067569732666016,16.857437133789062,20.35665512084961,20.490032196044922,19.70208740234375,17.25893211364746,21.51439094543457,15.914220809936523,19.27579116821289,17.584871292114258,18.505788803100586,20.32634925842285,21.69109535217285,20.22240447998047,18.977378845214844
DSV_Trial_1,IMG_3186.JPG,213_R4S_304_Q100_4_33,4.0,,,False,31,0.029021083333333333,118.31247216666667,15.07925033569336,14.268887519836426,13.353713989257812,17.66963768005371,16.684581756591797,16.95444107055664,16.23724365234375,16.330488204956055,13.95737075805664,16.125234603881836,14.154678344726562,15.613152503967285,16.79960823059082,15.814330101013184,15.876091957092285,15.046012878417969
DSV_Trial_1,IMG_3187.JPG,214_R4S_418_R64_4_34,3.0,,,False,16,0.0130815,114.72150416666666,13.975059509277344,13.846338272094727,12.91409969329834,19.438966751098633,18.566017150878906,19.258544921875,19.037296295166016,16.349884033203125,14.5493803024292,18.57811737060547,14.175203323364258,17.354360580444336,14.041266441345215,14.9923677444458,15.310186386108398,14.037500381469727
DSV_Trial_1,IMG_3188.JPG,214_R4S_418_R64_4_34,2.0,,,False,24,0.009604,116.13333958333334,16.72281265258789,16.72281265258789,15.577958106994629,19.977985382080078,19.24453353881836,19.64640998840332,21.38726806640625,26.590669631958008,19.196029663085938,24.37663459777832,21.715124130249023,22.387344360351562,16.72467041015625,17.927330017089844,17.71052360534668,16.79647445678711
DSV_Trial_1,IMG_3189.JPG,214_R4S_418_R64_4_34,1.0,,,False,12,0.006279916666666666,115.24671775,15.586546897888184,14.862281799316406,15.411575317382812,17.18708038330078,15.818090438842773,16.449443817138672,19.758888244628906,21.58302879333496,16.97735595703125,20.357393264770508,15.692337989807129,18.131816864013672,14.92104721069336,15.31770133972168,17.040300369262695,16.5767879486084
DSV_Trial_1,IMG_3190.JPG,215_R4S_237_Lorenz_4_35,2.0,,,False,17,0.01707475,111.78997625,14.514135360717773,14.628503799438477,14.175073623657227,20.116544723510742,19.29958724975586,19.486385345458984,21.097219467163086,21.42926597595215,16.76047706604004,22.624649047851562,17.841577529907227,19.724889755249023,15.254308700561523,16.267982482910156,16.557804107666016,14.359444618225098
DSV_Trial_1,IMG_3191.JPG,215_R4S_237_Lorenz_4_35,2.0,,,False,20,0.015872333333333332,113.53974725,11.945513725280762,11.621148109436035,11.45492172241211,19.175954818725586,18.91706085205078,19.63655662536621,18.362001419067383,18.59205436706543,14.349907875061035,20.236509323120117,15.655345916748047,17.996007919311523,11.923324584960938,12.814705848693848,12.986244201660156,11.711739540100098
DSV_Trial_1,IMG_3192.JPG,215_R4S_237_Lorenz_4_35,3.0,,,False,19,0.01344125,113.43951633333333,13.171558380126953,12.964496612548828,11.959980010986328,18.475801467895508,17.792888641357422,17.664813995361328,20.191267013549805,18.88797950744629,17.48708724975586,19.897388458251953,18.0542049407959,19.263940811157227,14.080802917480469,13.93320083618164,13.828241348266602,12.823297500610352
DSV_Trial_1,IMG_3193.JPG,216_R4S_550_ALLESANDRO KWS_4_36,1.0,,,False,21,0.018474,116.23167575,18.078516006469727,17.81210708618164,15.212912559509277,20.39472770690918,20.083389282226562,20.47618865966797,19.806381225585938,20.058666229248047,16.908714294433594,20.616554260253906,16.645282745361328,18.956144332885742,19.262575149536133,18.88447380065918,18.36642074584961,17.227235794067383
DSV_Trial_1,IMG_3194.JPG,216_R4S_550_ALLESANDRO KWS_4_36,1.0,,,False,26,0.015772,112.31474566666667,21.73533821105957,22.29125213623047,19.42804527282715,23.750682830810547,23.6683292388916,23.78508949279785,25.10036277770996,27.4022159576416,22.382827758789062,28.23811149597168,22.724475860595703,26.54010581970215,22.984128952026367,25.251739501953125,22.958110809326172,20.62703514099121
DSV_Trial_1,IMG_3195.JPG,216_R4S_550_ALLESANDRO KWS_4_36,1.0,,,False,16,0.01767425,108.4925015,9.981017112731934,9.857592582702637,9.011981964111328,21.26824188232422,20.595212936401367,21.11623764038086,18.468791961669922,14.330434799194336,13.94550609588623,18.312952041625977,12.466787338256836,15.558878898620605,10.095303535461426,10.459135055541992,10.426692962646484,9.754176139831543
DSV_Trial_1,IMG_3196.JPG,217_R4S_365_Palu_4_37,2.0,,,False,26,0.025320166666666668,117.6213965,15.64317798614502,15.98745346069336,14.33313274383545,20.736724853515625,20.557373046875,21.371788024902344,19.879398345947266,22.86277961730957,18.781002044677734,22.144906997680664,17.216583251953125,20.063405990600586,16.756103515625,17.904232025146484,17.072479248046875,15.21507453918457
DSV_Trial_1,IMG_3197.JPG,217_R4S_365_Palu_4_37,2.0,,,False,21,0.017863083333333335,117.29397733333333,16.587923049926758,16.301109313964844,15.12354564666748,19.924057006835938,19.20124626159668,19.037643432617188,19.760557174682617,19.666345596313477,17.00169563293457,20.355714797973633,15.994305610656738,19.801454544067383,17.767807006835938,17.958587646484375,17.826438903808594,16.535274505615234
DSV_Trial_1,IMG_3198.JPG,217_R4S_365_Palu_4_37,1.0,,,False,18,0.02124,118.52897883333333,10.189828872680664,9.449405670166016,9.391987800598145,14.130818367004395,12.76816177368164,13.214628219604492,14.873147010803223,14.277714729309082,12.160511016845703,13.766583442687988,11.191489219665527,13.557929992675781,10.310432434082031,10.282901763916016,10.912355422973633,10.513160705566406
DSV_Trial_1,IMG_3199.JPG,218_R4S_238_Viking_4_38,2.0,,,False,23,0.019518916666666667,108.824518,13.945311546325684,13.925987243652344,12.324581146240234,18.69301986694336,18.49231719970703,18.994524002075195,16.203676223754883,16.35300064086914,13.970271110534668,17.42080307006836,14.518123626708984,16.42583656311035,15.02839183807373,16.126821517944336,14.92317008972168,13.556386947631836
DSV_Trial_1,IMG_3200.JPG,218_R4S_238_Viking_4_38,2.0,,,False,19,0.021724416666666666,109.95086583333334,10.948801040649414,10.473730087280273,9.627935409545898,18.620071411132812,17.540634155273438,18.016918182373047,16.081087112426758,15.705290794372559,13.18397045135498,16.6231689453125,12.204267501831055,15.043547630310059,12.580232620239258,12.249488830566406,12.411092758178711,10.825906753540039
DSV_Trial_1,IMG_3201.JPG,218_R4S_238_Viking_4_38,2.0,,,False,14,0.021754583333333334,108.81849375,13.006484031677246,12.055145263671875,11.506668090820312,19.846487045288086,18.77071762084961,19.021203994750977,18.395099639892578,20.32712173461914,16.615673065185547,18.35116195678711,14.549225807189941,17.315555572509766,14.691722869873047,14.049858093261719,13.999570846557617,13.043062210083008
DSV_Trial_1,IMG_3202.JPG,219_R4S_334_Sator Oetofte_4_39,6.0,,,False,16,0.0097035,112.82713041666666,25.256994247436523,25.40298843383789,23.656017303466797,25.523677825927734,24.816272735595703,25.210250854492188,26.97857666015625,27.870962142944336,24.131275177001953,29.376771926879883,25.297985076904297,27.08589744567871,24.737831115722656,27.27042579650879,26.099842071533203,25.344661712646484
DSV_Trial_1,IMG_3203.JPG,219_R4S_334_Sator Oetofte_4_39,4.0,,,False,16,0.011160166666666667,112.98125275,14.362140655517578,13.476461410522461,13.30815315246582,19.201669692993164,18.313217163085938,18.179826736450195,18.69646453857422,18.593812942504883,15.715840339660645,18.475570678710938,13.983333587646484,17.0948429107666,14.41850757598877,14.548830032348633,15.206624031066895,14.757229804992676
DSV_Trial_1,IMG_3204.JPG,219_R4S_334_Sator Oetofte_4_39,1.0,,,False,30,0.015069416666666667,114.04445358333334,15.904397964477539,16.20862579345703,14.718341827392578,21.213863372802734,20.642627716064453,21.3065242767334,19.735681533813477,21.455238342285156,17.02816390991211,21.42580795288086,17.90028953552246,19.261220932006836,16.37127685546875,17.91482925415039,17.017532348632812,15.581087112426758
DSV_Trial_1,IMG_3205.JPG,220_R4S_206_Resyn-Goe S4_4_40,1.0,,,False,23,0.0181205,110.73959725,14.119836807250977,14.306493759155273,13.025991439819336,17.586959838867188,17.280879974365234,17.68085479736328,16.477935791015625,17.10600471496582,13.992415428161621,17.378192901611328,13.537862777709961,15.972339630126953,14.992307662963867,16.286136627197266,15.376909255981445,13.852479934692383
DSV_Trial_1,IMG_3206.JPG,220_R4S_206_Resyn-Goe S4_4_40,3.0,,,False,24,0.02120675,108.77267533333334,14.670498847961426,14.550329208374023,12.88497543334961,21.72456932067871,21.64741325378418,21.304563522338867,18.58649253845215,18.041759490966797,14.882948875427246,19.932537078857422,15.195229530334473,18.47368049621582,15.10152816772461,15.814599990844727,15.113912582397461,14.336204528808594
DSV_Trial_1,IMG_3207.JPG,220_R4S_206_Resyn-Goe S4_4_40,4.0,,,False,14,0.012776916666666667,110.79471516666666,15.492843627929688,14.62762451171875,14.10567569732666,19.519359588623047,18.290193557739258,18.498414993286133,17.78693389892578,16.46926498413086,14.544536590576172,17.267078399658203,13.031734466552734,17.092998504638672,15.964845657348633,15.688936233520508,15.798248291015625,15.810293197631836
DSV_Trial_1,IMG_3208.JPG,221_R4S_339_Tina_4_41,1.0,,,False,35,0.013504416666666666,113.30652233333333,11.773805618286133,11.558491706848145,11.206871032714844,16.18954086303711,15.559305191040039,15.492371559143066,14.714140892028809,15.135648727416992,12.185991287231445,15.43001651763916,11.925460815429688,14.940733909606934,12.392777442932129,12.16259765625,12.538243293762207,11.792503356933594
DSV_Trial_1,IMG_3209.JPG,221_R4S_339_Tina_4_41,1.0,,,False,21,0.012427166666666666,116.11298808333333,12.50583553314209,11.336515426635742,11.751669883728027,19.9119930267334,19.06258773803711,19.392919540405273,16.926448822021484,16.557464599609375,13.939921379089355,16.636259078979492,13.36405086517334,16.475053787231445,13.98908805847168,12.406604766845703,13.285906791687012,12.562545776367188
DSV_Trial_1,IMG_3210.JPG,221_R4S_339_Tina_4_41,1.0,,,False,21,0.009858666666666667,108.48835866666667,10.728618621826172,9.598873138427734,10.364093780517578,18.522266387939453,17.671199798583984,18.205705642700195,13.396547317504883,10.405074119567871,10.00890064239502,12.496109008789062,9.879484176635742,12.110445022583008,10.602075576782227,10.065530776977539,11.027738571166992,11.076204299926758
DSV_Trial_1,IMG_3211.JPG,222_R4S_315_VOGESA_4_42,2.0,,,False,31,0.010880166666666666,110.77490041666667,13.397233963012695,13.533374786376953,12.652730941772461,16.505247116088867,15.762969970703125,15.671546936035156,17.69780731201172,16.635671615600586,14.28665828704834,18.213926315307617,13.199231147766113,17.628808975219727,13.16378116607666,13.812938690185547,13.79689884185791,13.687519073486328
DSV_Trial_1,IMG_3212.JPG,222_R4S_315_VOGESA_4_42,1.0,,,False,22,0.012562,110.32829733333334,18.531858444213867,19.232446670532227,17.424156188964844,23.199974060058594,23.184282302856445,23.411014556884766,22.52840805053711,24.637239456176758,19.0267391204834,24.722105026245117,19.38075828552246,22.335634231567383,18.490427017211914,20.381946563720703,19.670656204223633,18.18079948425293
DSV_Trial_1,IMG_3214.JPG,222_R4S_315_VOGESA_4_42,1.0,,,False,19,0.013275916666666667,106.05521891666666,12.96692180633545,13.046814918518066,12.32437515258789,20.338592529296875,19.935810089111328,20.36205291748047,18.364965438842773,19.005035400390625,14.81011962890625,19.139629364013672,13.885183334350586,17.0096492767334,12.768875122070312,13.998031616210938,13.841394424438477,12.962423324584961
DSV_Trial_1,IMG_3215.JPG,223_R4S_533_WINFRED_4_43,15.0,,,False,35,0.016287166666666665,106.10203808333333,13.295980453491211,13.350273132324219,12.394746780395508,16.46933937072754,16.099946975708008,15.801986694335938,16.955961227416992,17.386672973632812,13.629839897155762,17.100078582763672,13.780228614807129,16.268951416015625,13.608307838439941,13.620180130004883,13.749357223510742,13.658735275268555
DSV_Trial_1,IMG_3216.JPG,223_R4S_533_WINFRED_4_43,1.0,,,False,41,0.029494,111.402735,11.38809871673584,11.180593490600586,10.420019149780273,16.174850463867188,15.470980644226074,15.675992012023926,16.135164260864258,17.368896484375,13.99814510345459,16.282081604003906,13.01744270324707,16.35287857055664,11.950666427612305,11.808183670043945,12.327117919921875,11.759132385253906
DSV_Trial_1,IMG_3217.JPG,223_R4S_533_WINFRED_4_43,1.0,,,False,24,0.021715333333333333,112.87324525,7.436661720275879,7.301853656768799,7.17399787902832,16.962791442871094,16.248836517333984,16.14340591430664,16.177743911743164,13.492380142211914,12.758447647094727,14.744813919067383,10.916571617126465,15.25550365447998,7.469250202178955,7.350398063659668,7.813779830932617,7.737259864807129
DSV_Trial_1,IMG_3218.JPG,224_R4S_264_Allure_4_44,1.0,,,False,36,0.0232055,111.69868425,14.277151107788086,13.825531005859375,12.896349906921387,15.671241760253906,15.185741424560547,15.376252174377441,16.52904510498047,18.063451766967773,14.544168472290039,16.702756881713867,13.079118728637695,16.3707218170166,14.377717018127441,14.64615249633789,15.140157699584961,14.65968132019043
DSV_Trial_1,IMG_3219.JPG,224_R4S_264_Allure_4_44,1.0,,,False,37,0.015945,107.76925991666667,14.615188598632812,14.420721054077148,13.61133861541748,19.47713279724121,19.00467300415039,18.698070526123047,21.191041946411133,21.95557403564453,17.940196990966797,22.004905700683594,17.6267147064209,21.236379623413086,14.892359733581543,15.63022232055664,15.389981269836426,14.972331047058105
DSV_Trial_1,IMG_3220.JPG,224_R4S_264_Allure_4_44,1.0,,,False,20,0.01897075,109.46187216666667,14.64500617980957,14.804954528808594,13.276875495910645,18.503284454345703,18.838279724121094,18.309425354003906,16.292537689208984,16.774927139282227,13.750418663024902,16.61301040649414,14.325096130371094,15.323051452636719,16.877296447753906,16.7373046875,16.143802642822266,14.484160423278809
DSV_Trial_1,IMG_3221.JPG,225_R4S_488_R12_4_45,1.0,,,False,24,0.010117916666666667,116.7306195,12.46016788482666,12.545022964477539,11.82295036315918,17.37146759033203,16.754554748535156,17.391582489013672,19.766448974609375,18.831544876098633,15.40664291381836,20.437646865844727,15.685222625732422,18.67222023010254,12.711793899536133,12.748237609863281,13.148189544677734,12.667280197143555
DSV_Trial_1,IMG_3222.JPG,225_R4S_488_R12_4_45,1.0,,,False,24,0.016064666666666668,112.65173883333334,11.642123222351074,11.003403663635254,10.892024040222168,16.307003021240234,15.176233291625977,15.654406547546387,15.850454330444336,15.403718948364258,12.711308479309082,14.981569290161133,11.766992568969727,14.705620765686035,11.344696998596191,11.381189346313477,12.322186470031738,12.297409057617188
DSV_Trial_1,IMG_3223.JPG,225_R4S_488_R12_4_45,2.0,,,False,32,0.024944166666666667,116.55361725,12.136541366577148,12.113790512084961,11.118600845336914,15.813543319702148,15.591547012329102,15.383649826049805,16.19863510131836,18.396114349365234,13.57391357421875,16.670146942138672,14.278517723083496,16.537626266479492,12.797106742858887,12.672094345092773,12.681331634521484,12.108942031860352
DSV_Trial_1,IMG_3224.JPG,226_R4S_392_Janpol_4_46,5.0,,,False,34,0.01954575,110.87667466666667,12.432842254638672,12.518735885620117,11.322639465332031,14.949058532714844,15.13026237487793,15.156556129455566,16.49106216430664,17.5599365234375,13.224990844726562,16.9130802154541,14.327997207641602,15.823440551757812,13.253473281860352,13.617069244384766,13.544073104858398,12.898486137390137
DSV_Trial_1,IMG_3225.JPG,226_R4S_392_Janpol_4_46,30.0,,,False,43,0.012044166666666667,111.00029275,21.07611846923828,21.635873794555664,19.331573486328125,18.782310485839844,18.79024887084961,18.753572463989258,19.825550079345703,21.97092056274414,16.669198989868164,20.467802047729492,19.514617919921875,20.288715362548828,22.696449279785156,23.94809341430664,21.885753631591797,20.85373306274414
DSV_Trial_1,IMG_3226.JPG,226_R4S_392_Janpol_4_46,3.0,,,False,29,0.01440675,110.50081441666667,12.890524864196777,12.660673141479492,12.348272323608398,15.462718963623047,15.187122344970703,15.723138809204102,16.900609970092773,16.383798599243164,14.137805938720703,17.949962615966797,13.689459800720215,17.462291717529297,13.324625015258789,13.92216682434082,14.482921600341797,13.29410171508789
DSV_Trial_1,IMG_3227.JPG,227_R4S_368_Dwarf Essex_4_47,2.0,,,False,20,0.017661083333333334,111.28689041666667,15.260847091674805,15.488525390625,13.62576675415039,21.76821517944336,21.94832992553711,22.574033737182617,20.921894073486328,21.132413864135742,17.40509605407715,21.47313117980957,17.243772506713867,20.496749877929688,16.38714599609375,17.24686622619629,16.364795684814453,15.03035831451416
DSV_Trial_1,IMG_3228.JPG,227_R4S_368_Dwarf Essex_4_47,1.0,,,False,26,0.0238775,109.9996075,16.403005599975586,16.24540138244629,14.957337379455566,21.946895599365234,22.1596622467041,22.220422744750977,22.212167739868164,22.174381256103516,18.02718734741211,22.838294982910156,19.142250061035156,21.571054458618164,16.972383499145508,17.887311935424805,17.040233612060547,16.156301498413086
DSV_Trial_1,IMG_3229.JPG,227_R4S_368_Dwarf Essex_4_47,1.0,,,False,30,0.030801416666666668,109.67101133333334,12.834497451782227,12.767905235290527,11.591156005859375,19.570066452026367,19.568517684936523,19.86865997314453,17.955509185791016,18.63362693786621,15.162759780883789,19.436180114746094,14.45624828338623,18.261159896850586,13.501533508300781,13.86002254486084,13.847489356994629,12.672235488891602
DSV_Trial_1,IMG_3230.JPG,228_R4S_485_K29_4_48,6.0,,,False,37,0.013580083333333333,108.38954141666666,18.68960952758789,18.775440216064453,17.10991668701172,21.24273681640625,20.4010009765625,21.065170288085938,22.280689239501953,24.123119354248047,18.180227279663086,24.115886688232422,20.53299331665039,22.051559448242188,18.53375816345215,19.601192474365234,18.50070571899414,18.481122970581055
DSV_Trial_1,IMG_3231.JPG,228_R4S_485_K29_4_48,1.0,,,False,31,0.019661333333333333,103.4393135,14.548199653625488,14.524632453918457,13.883136749267578,19.896394729614258,19.846647262573242,20.609447479248047,20.385549545288086,21.97803497314453,17.450220108032227,21.715675354003906,17.913755416870117,21.526914596557617,14.485189437866211,15.135147094726562,14.926429748535156,14.383478164672852
DSV_Trial_1,IMG_3232.JPG,228_R4S_485_K29_4_48,1.0,,,False,34,0.019222,111.00264525,17.707746505737305,18.50952911376953,16.102869033813477,19.802791595458984,19.416122436523438,20.562110900878906,20.922908782958984,20.437101364135742,17.23522186279297,21.026979446411133,17.30240249633789,20.810121536254883,18.552326202392578,20.256515502929688,18.446874618530273,17.143360137939453
DSV_Trial_1,IMG_3233.JPG,229_R4S_260_Boston_4_49,21.0,,,False,33,0.012545083333333333,118.48589091666666,21.274555206298828,21.777509689331055,19.55883026123047,24.062942504882812,22.923845291137695,23.755470275878906,27.652576446533203,31.487794876098633,24.1873779296875,30.109628677368164,27.395709991455078,29.243331909179688,22.37335777282715,23.638622283935547,21.525463104248047,20.364940643310547
DSV_Trial_1,IMG_3234.JPG,229_R4S_260_Boston_4_49,12.0,,,False,17,0.01899125,118.76496691666667,12.35546875,11.581987380981445,10.886781692504883,20.15853500366211,18.549211502075195,19.233814239501953,21.829648971557617,19.27882957458496,17.187747955322266,20.347206115722656,14.294220924377441,18.846342086791992,12.156429290771484,11.806722640991211,12.460341453552246,12.336904525756836
DSV_Trial_1,IMG_3235.JPG,229_R4S_260_Boston_4_49,5.0,,,False,25,0.022868416666666665,120.55547966666667,9.662187576293945,9.22079086303711,9.055295944213867,17.767303466796875,16.641103744506836,17.138145446777344,16.283145904541016,15.957225799560547,12.683449745178223,16.728778839111328,12.312424659729004,15.478165626525879,10.041808128356934,9.692154884338379,10.202680587768555,9.702834129333496
DSV_Trial_1,IMG_3236.JPG,230_R4S_435_S45.2.2_4_50,1.0,,,False,46,0.01505,106.94402941666667,15.581501960754395,15.409284591674805,15.414107322692871,18.536357879638672,17.710092544555664,18.910856246948242,20.05225944519043,21.22709083557129,16.61663246154785,22.320873260498047,19.35233497619629,20.695695877075195,14.449275016784668,15.81921100616455,16.197128295898438,15.772371292114258
DSV_Trial_1,IMG_3237.JPG,230_R4S_435_S45.2.2_4_50,3.0,,,False,45,0.01289975,113.45419216666667,20.565256118774414,20.878902435302734,19.133167266845703,20.527042388916016,20.015222549438477,20.743148803710938,24.01561164855957,26.892375946044922,21.38155174255371,26.230382919311523,23.749961853027344,24.929275512695312,20.828083038330078,22.001651763916016,21.012683868408203,20.35395050048828
DSV_Trial_1,IMG_3238.JPG,230_R4S_435_S45.2.2_4_50,11.0,,,False,40,0.010992333333333333,107.80915608333333,23.91099739074707,24.43222427368164,22.500673294067383,23.31471824645996,22.300125122070312,23.568565368652344,29.12646484375,31.582637786865234,25.442811965942383,31.918418884277344,28.566255569458008,30.244218826293945,24.330324172973633,26.3504581451416,24.738203048706055,23.88132095336914
DSV_Trial_1,IMG_3239.JPG,231_R4S_401_H231_4_51,1.0,,,False,47,0.011966833333333333,112.27851008333333,18.137176513671875,18.114273071289062,17.111045837402344,19.059066772460938,18.465499877929688,19.55244255065918,23.171932220458984,25.084426879882812,19.784236907958984,24.76633644104004,22.038715362548828,23.155305862426758,17.42626953125,18.662372589111328,18.684425354003906,17.983924865722656
DSV_Trial_1,IMG_3240.JPG,231_R4S_401_H231_4_51,2.0,,,False,50,0.009438916666666667,112.78446775,18.876352310180664,19.39179229736328,18.766944885253906,20.43520736694336,19.77923583984375,21.054153442382812,24.37965965270996,26.568008422851562,20.521549224853516,26.7241153717041,24.06085205078125,25.019588470458984,18.133405685424805,19.9847412109375,19.54736328125,18.855798721313477
DSV_Trial_1,IMG_3241.JPG,231_R4S_401_H231_4_51,2.0,,,False,23,0.01007875,116.124916,14.4989652633667,14.116016387939453,13.694536209106445,16.318965911865234,15.280138969421387,15.722204208374023,17.146072387695312,15.707500457763672,14.250925064086914,16.127126693725586,14.104951858520508,15.816466331481934,13.904047012329102,14.877174377441406,15.022287368774414,15.010644912719727
DSV_Trial_1,IMG_3242.JPG,232_R4S_179_Ascona_4_52,1.0,,,False,45,0.021543916666666666,113.4466825,16.086790084838867,16.132915496826172,15.432210922241211,19.13753890991211,18.57291030883789,18.54862403869629,20.936250686645508,21.719650268554688,17.64787483215332,21.045146942138672,18.59438705444336,21.333776473999023,15.708044052124023,16.785964965820312,17.432640075683594,16.522022247314453
DSV_Trial_1,IMG_3243.JPG,232_R4S_179_Ascona_4_52,6.0,,,False,40,0.015972333333333335,115.41318458333333,16.07721519470215,16.43701171875,14.550590515136719,16.700824737548828,16.12807273864746,16.098237991333008,17.944005966186523,18.828144073486328,14.328558921813965,19.025062561035156,16.59014129638672,17.25678825378418,17.09090805053711,17.390213012695312,16.78925323486328,15.81723690032959
DSV_Trial_1,IMG_3244.JPG,232_R4S_179_Ascona_4_52,9.0,,,False,19,0.014889333333333333,115.09179783333333,15.951122283935547,16.01107406616211,14.262796401977539,21.068511962890625,21.308841705322266,21.647968292236328,19.641324996948242,18.887699127197266,16.53647804260254,22.075136184692383,16.868520736694336,21.757902145385742,17.24134635925293,18.17829704284668,17.0679874420166,15.487007141113281
DSV_Trial_1,IMG_3245.JPG,233_R4S_200_Darmor_4_53,6.0,,,False,32,0.013213666666666667,112.54125591666667,13.795811653137207,13.532278060913086,12.716382026672363,16.433095932006836,15.326993942260742,15.639644622802734,18.015422821044922,19.4007625579834,14.529341697692871,19.25908851623535,15.055307388305664,17.582853317260742,14.12643051147461,13.757863998413086,13.874615669250488,13.80797290802002
DSV_Trial_1,IMG_3246.JPG,233_R4S_200_Darmor_4_53,26.0,,,False,34,0.00921275,115.11620233333333,14.080001831054688,14.130176544189453,13.717044830322266,15.441946983337402,14.470146179199219,14.715412139892578,17.9385986328125,19.285316467285156,14.841357231140137,18.81651496887207,15.538043022155762,17.838150024414062,13.686147689819336,14.067331314086914,14.608146667480469,14.48658561706543
DSV_Trial_1,IMG_3248.JPG,233_R4S_200_Darmor_4_53,2.0,,,False,22,0.015082666666666666,121.67368775,8.447687149047852,8.72326374053955,8.251663208007812,17.189071655273438,16.36243438720703,16.859447479248047,14.103250503540039,13.9740629196167,11.706380844116211,16.838830947875977,11.21096420288086,15.636308670043945,8.40453815460205,9.012146949768066,9.296924591064453,8.795525550842285
DSV_Trial_1,IMG_3249.JPG,234_R4S_148_Rodeo_4_54,12.0,,,False,27,0.00970275,110.90545733333333,28.729095458984375,30.524978637695312,26.319644927978516,25.128700256347656,25.149452209472656,25.778533935546875,27.8441104888916,31.651968002319336,24.1098575592041,31.059837341308594,31.81427764892578,28.938718795776367,31.3394718170166,33.842281341552734,29.201919555664062,27.073633193969727
DSV_Trial_1,IMG_3250.JPG,234_R4S_148_Rodeo_4_54,9.0,,,False,15,0.016877,112.15552975,20.121395111083984,19.296293258666992,18.120241165161133,22.545520782470703,21.96038246154785,23.047290802001953,23.112873077392578,23.167675018310547,21.29496955871582,23.050222396850586,19.605728149414062,22.802873611450195,18.823768615722656,19.94911003112793,20.234661102294922,19.59020233154297
DSV_Trial_1,IMG_3251.JPG,234_R4S_148_Rodeo_4_54,1.0,,,False,25,0.0073943333333333335,113.15674658333333,18.862167358398438,19.351268768310547,18.03659439086914,19.29949188232422,19.153114318847656,20.14150619506836,22.41288948059082,24.155254364013672,17.953643798828125,25.515640258789062,20.9046630859375,21.84380531311035,19.571657180786133,20.531028747558594,19.912391662597656,18.578941345214844
DSV_Trial_1,IMG_3252.JPG,235_R4S_397_Brink_4_55,3.0,,,False,27,0.017943916666666667,112.05363683333333,18.638051986694336,18.84337043762207,16.914642333984375,21.66552734375,20.908607482910156,21.794418334960938,23.28020668029785,28.770244598388672,21.444591522216797,26.21994972229004,21.090070724487305,24.588117599487305,20.002344131469727,21.503948211669922,20.012313842773438,17.990217208862305
DSV_Trial_1,IMG_3253.JPG,235_R4S_397_Brink_4_55,1.0,,,False,14,0.0161045,115.05545141666667,14.056763648986816,13.688854217529297,12.573835372924805,22.563068389892578,21.85702133178711,21.989826202392578,18.887434005737305,17.666284561157227,14.5235013961792,20.787372589111328,14.199374198913574,18.798824310302734,15.632835388183594,15.384174346923828,15.096538543701172,14.02982234954834
DSV_Trial_1,IMG_3254.JPG,235_R4S_397_Brink_4_55,7.0,,,False,23,0.012945,110.16850883333333,18.02520751953125,19.180843353271484,16.517494201660156,22.063297271728516,21.728574752807617,21.40496063232422,21.93149185180664,21.027963638305664,16.422327041625977,24.55048942565918,16.667335510253906,21.22257423400879,19.32919692993164,20.56317138671875,19.275676727294922,17.798320770263672
DSV_Trial_1,IMG_3255.JPG,236_R4S_492_FELICIANO KWS_4_56,2.0,,,False,24,0.014111666666666666,112.59850475,12.346031188964844,12.18786334991455,11.673206329345703,19.035541534423828,18.76150131225586,19.023317337036133,18.440444946289062,18.188833236694336,14.82237434387207,18.98355484008789,15.718953132629395,17.83780288696289,11.679241180419922,12.442394256591797,12.915329933166504,12.322446823120117
DSV_Trial_1,IMG_3256.JPG,236_R4S_492_FELICIANO KWS_4_56,1.0,,,False,26,0.015781833333333332,113.95396166666667,15.107812881469727,14.805181503295898,14.598647117614746,19.41718292236328,19.1181640625,19.60647964477539,19.08323097229004,19.96303939819336,16.802955627441406,20.678569793701172,16.76825523376465,19.631526947021484,15.324882507324219,16.237262725830078,16.81622314453125,15.425995826721191
DSV_Trial_1,IMG_3257.JPG,236_R4S_492_FELICIANO KWS_4_56,40.0,,,False,19,0.0037793333333333333,112.32924391666667,27.7708740234375,29.111980438232422,26.365007400512695,23.65011978149414,23.934715270996094,23.735523223876953,26.2486629486084,30.599132537841797,24.00860595703125,30.423297882080078,27.221038818359375,27.830907821655273,28.48756980895996,31.24252700805664,28.45659637451172,27.488872528076172
DSV_Trial_1,IMG_3257_2.JPG,237_R4S_496_DSV3_4_57,7.0,,,False,26,0.023890666666666668,119.03826541666666,10.082928657531738,10.223856925964355,9.004646301269531,16.874704360961914,16.84980010986328,16.83562469482422,13.42953109741211,12.201642990112305,11.009800910949707,14.23010540008545,11.099565505981445,12.92842960357666,10.999866485595703,10.433795928955078,10.670757293701172,10.311188697814941
DSV_Trial_1,IMG_3259.JPG,237_R4S_496_DSV3_4_57,34.0,,,False,27,0.01408625,112.57948,22.369108200073242,23.215177536010742,19.76805877685547,24.15981101989746,24.445308685302734,24.485383987426758,23.37177276611328,27.096641540527344,20.692407608032227,26.784032821655273,24.205190658569336,24.719038009643555,24.57353973388672,26.062908172607422,23.74299430847168,21.552534103393555
DSV_Trial_1,IMG_3260.JPG,237_R4S_496_DSV3_4_57,16.0,,,False,25,0.018057083333333335,114.42905108333333,23.962650299072266,24.733322143554688,20.903676986694336,25.624881744384766,26.724376678466797,26.438488006591797,23.033811569213867,29.29311180114746,22.211109161376953,28.229093551635742,24.828588485717773,25.60335350036621,27.814661026000977,28.711036682128906,25.51993179321289,22.507780075073242
DSV_Trial_1,IMG_3261.JPG,238_R4S_388_Liporta_4_58,7.0,,,False,18,0.019007416666666666,110.37689816666666,14.218582153320312,14.369380950927734,13.271499633789062,21.854507446289062,21.61345100402832,22.316898345947266,18.734914779663086,19.710023880004883,16.552274703979492,20.37448501586914,15.827666282653809,19.616941452026367,14.886344909667969,15.818001747131348,15.305755615234375,14.126501083374023
DSV_Trial_1,IMG_3262.JPG,238_R4S_388_Liporta_4_58,2.0,,,False,34,0.014460583333333334,117.12671708333333,17.725330352783203,18.157625198364258,16.111835479736328,19.21756362915039,19.034656524658203,20.04399871826172,21.879295349121094,22.853899002075195,17.597396850585938,24.08381462097168,20.27145004272461,21.299142837524414,19.173439025878906,19.965354919433594,18.943710327148438,17.07954216003418
DSV_Trial_1,IMG_3263.JPG,238_R4S_388_Liporta_4_58,10.0,,,False,37,0.01568525,119.237826,20.137662887573242,21.431812286376953,19.129634857177734,20.21094512939453,19.999996185302734,20.65865707397461,23.53874969482422,25.47688102722168,20.16362762451172,24.93461799621582,23.13907241821289,22.879487991333008,20.3356990814209,22.95086669921875,21.502429962158203,19.502714157104492
DSV_Trial_1,IMG_3264.JPG,239_R4S_422_G89_4_59,2.0,,,False,17,0.014187,120.77500441666666,13.787338256835938,13.878772735595703,12.607821464538574,21.236709594726562,21.18356704711914,21.92141342163086,19.10382652282715,18.780834197998047,15.167777061462402,20.486101150512695,16.690793991088867,18.45832061767578,14.705490112304688,15.468801498413086,14.972074508666992,13.706872940063477
DSV_Trial_1,IMG_3265.JPG,239_R4S_422_G89_4_59,1.0,,,False,25,0.026438,116.67984008333333,14.039888381958008,14.200352668762207,13.220849990844727,17.656511306762695,18.052907943725586,18.435150146484375,13.339228630065918,15.101165771484375,12.468950271606445,15.453994750976562,13.275056838989258,14.618688583374023,15.936945915222168,16.840709686279297,16.23183250427246,13.725617408752441
DSV_Trial_1,IMG_3266.JPG,239_R4S_422_G89_4_59,6.0,,,False,27,0.017662916666666667,114.34759841666667,19.100116729736328,19.579605102539062,17.61105728149414,22.03957748413086,22.140396118164062,22.453540802001953,19.851409912109375,22.313945770263672,17.022748947143555,22.354564666748047,20.570362091064453,21.867422103881836,21.341888427734375,22.19809341430664,20.64078712463379,18.55942153930664
DSV_Trial_1,IMG_3267.JPG,240_R4S_552_ALLESANDRO KWS_4_60,3.0,,,False,20,0.02453783333333333,116.92133916666667,10.864013671875,10.220739364624023,9.8920259475708,17.138572692871094,16.401233673095703,16.564136505126953,15.897930145263672,15.983269691467285,13.211419105529785,15.942895889282227,12.929454803466797,14.899805068969727,11.895035743713379,11.3677978515625,11.994590759277344,11.159435272216797
DSV_Trial_1,IMG_3268.JPG,240_R4S_552_ALLESANDRO KWS_4_60,2.0,,,False,21,0.020078416666666668,109.27085741666667,17.5477294921875,17.49753761291504,14.961679458618164,21.59505271911621,20.820554733276367,21.71088218688965,21.66739845275879,22.56247329711914,18.724411010742188,24.164682388305664,19.091405868530273,22.224166870117188,19.19207191467285,19.114036560058594,17.981355667114258,16.8087100982666
DSV_Trial_1,IMG_3269.JPG,240_R4S_552_ALLESANDRO KWS_4_60,3.0,,,False,22,0.025960833333333332,114.34421183333333,13.361557960510254,13.80094051361084,11.783297538757324,18.54950714111328,18.583675384521484,18.88065528869629,16.192991256713867,17.16802215576172,14.695964813232422,18.145278930664062,14.514118194580078,16.41945457458496,14.344435691833496,15.21953010559082,14.094491958618164,12.895095825195312
DSV_Trial_1,IMG_3270.JPG,241_R4S_493_KWS ARIANOS_5_1,2.0,,,False,17,0.02234883333333333,121.57687341666667,11.864164352416992,11.320364952087402,10.230560302734375,22.146526336669922,22.250219345092773,23.005048751831055,21.756444931030273,19.923320770263672,17.096542358398438,23.232446670532227,17.27794075012207,20.243072509765625,14.862844467163086,13.177618026733398,12.66539478302002,11.268411636352539
DSV_Trial_1,IMG_3271.JPG,241_R4S_493_KWS ARIANOS_5_1,3.0,,,False,15,0.021945333333333334,118.9101475,9.713472366333008,9.68492603302002,8.642488479614258,18.3539981842041,18.93428611755371,17.81576919555664,14.702730178833008,16.209938049316406,12.664514541625977,16.31764793395996,12.112293243408203,14.695821762084961,10.620248794555664,10.784928321838379,10.604741096496582,9.887453079223633
DSV_Trial_1,IMG_3272.JPG,241_R4S_493_KWS ARIANOS_5_1,5.0,,,False,14,0.024375083333333332,119.95764525,10.993666648864746,10.783788681030273,10.06576156616211,21.5936279296875,21.417701721191406,21.874073028564453,18.658842086791992,21.808778762817383,16.004838943481445,20.244274139404297,16.123611450195312,19.485774993896484,11.391897201538086,11.554634094238281,12.131948471069336,11.103400230407715
DSV_Trial_1,IMG_3273.JPG,242_R4S_376_Victor_5_2,5.0,,,False,19,0.024215166666666666,116.15633133333333,14.680259704589844,14.86760139465332,13.464784622192383,21.326499938964844,21.531810760498047,21.747779846191406,19.200847625732422,19.504554748535156,16.323488235473633,20.018423080444336,15.368132591247559,18.809457778930664,15.410383224487305,15.561336517333984,16.357807159423828,15.135324478149414
DSV_Trial_1,IMG_3274.JPG,242_R4S_376_Victor_5_2,5.0,,,False,18,0.022407416666666666,113.39955475,21.58966064453125,21.710773468017578,19.610210418701172,25.396953582763672,25.990358352661133,25.766387939453125,25.617918014526367,29.98581314086914,23.764230728149414,28.300100326538086,24.25954246520996,27.079776763916016,21.539045333862305,23.641441345214844,22.7733211517334,21.09746551513672
DSV_Trial_1,IMG_3275.JPG,242_R4S_376_Victor_5_2,2.0,,,False,21,0.024509916666666666,113.88888166666666,13.55730152130127,13.472042083740234,12.498176574707031,21.26389503479004,21.928632736206055,22.187593460083008,19.690410614013672,19.622854232788086,16.715103149414062,20.33102798461914,16.61951446533203,19.19788932800293,15.137356758117676,15.421955108642578,15.162437438964844,13.652159690856934
DSV_Trial_1,IMG_3276.JPG,243_R4S_512_R31_5_3,2.0,,,False,20,0.016067333333333333,117.2155365,13.452814102172852,13.137565612792969,12.299667358398438,20.06340980529785,19.938621520996094,20.302858352661133,16.39363670349121,15.597003936767578,13.822243690490723,16.82228660583496,13.211602210998535,15.655645370483398,13.769608497619629,14.036361694335938,13.905084609985352,13.38720703125
DSV_Trial_1,IMG_3277.JPG,243_R4S_512_R31_5_3,2.0,,,False,17,0.026150583333333335,118.30566875,15.402268409729004,15.584468841552734,13.478584289550781,23.441221237182617,23.625638961791992,23.844654083251953,20.62291717529297,22.438312530517578,17.73724937438965,22.547569274902344,17.31998634338379,19.958059310913086,17.166189193725586,17.857837677001953,16.74976348876953,14.715555191040039
DSV_Trial_1,IMG_3278.JPG,243_R4S_512_R31_5_3,1.0,,,False,16,0.019099,118.64444941666666,11.813112258911133,11.95936393737793,10.987796783447266,18.94038963317871,18.431324005126953,18.674541473388672,15.569389343261719,14.015944480895996,10.98245906829834,15.747746467590332,11.893284797668457,13.854925155639648,12.442757606506348,12.66551399230957,12.566780090332031,12.097112655639648
DSV_Trial_1,IMG_3280.JPG,244_R4S_461_H365_5_4,4.0,,,False,19,0.013523583333333334,115.05228583333333,19.46196174621582,20.024490356445312,16.778850555419922,22.661956787109375,23.097126007080078,23.59808349609375,23.146841049194336,24.655763626098633,18.529186248779297,26.01417350769043,20.63949203491211,22.10194206237793,22.078079223632812,22.612445831298828,19.82723617553711,18.760761260986328
DSV_Trial_1,IMG_3281.JPG,244_R4S_461_H365_5_4,4.0,,,False,16,0.016898166666666666,116.77081316666667,15.105751991271973,15.514410018920898,13.450567245483398,16.252525329589844,16.248245239257812,15.760737419128418,16.487430572509766,16.89032554626465,12.958746910095215,17.180360794067383,12.908336639404297,15.202383995056152,17.62784767150879,18.182926177978516,16.494096755981445,14.967531204223633
DSV_Trial_1,IMG_3282.JPG,244_R4S_461_H365_5_4,3.0,,,False,15,0.012843666666666666,116.05796775,13.844405174255371,13.829792022705078,13.496687889099121,21.83832359313965,21.873933792114258,22.501869201660156,22.203670501708984,23.0996036529541,18.43625259399414,24.185630798339844,18.852190017700195,21.307771682739258,14.184481620788574,15.163782119750977,15.225957870483398,14.243762969970703
DSV_Trial_1,IMG_3283.JPG,245_R4S_316_BRONZE TOP_5_5,2.0,,,False,18,0.03175541666666667,118.82272316666666,12.747761726379395,12.96137523651123,11.49317455291748,19.81281280517578,20.27024269104004,19.812259674072266,14.166158676147461,13.494107246398926,10.382497787475586,15.635275840759277,11.488914489746094,15.075906753540039,13.806768417358398,14.435717582702637,13.088107109069824,12.588953018188477
DSV_Trial_1,IMG_3284.JPG,245_R4S_316_BRONZE TOP_5_5,6.0,,,False,14,0.03261666666666667,117.94146983333333,11.325614929199219,11.862224578857422,10.17477798461914,19.04537582397461,19.648475646972656,19.750919342041016,15.7839937210083,16.124963760375977,13.823281288146973,17.5738468170166,13.879887580871582,14.774412155151367,13.576360702514648,13.591717720031738,12.937644958496094,11.169120788574219
DSV_Trial_1,IMG_3285.JPG,245_R4S_316_BRONZE TOP_5_5,2.0,,,False,18,0.028143166666666667,116.40523575,13.172307968139648,13.783357620239258,12.423860549926758,19.040653228759766,19.322057723999023,19.125995635986328,18.667316436767578,18.448707580566406,15.562744140625,19.854022979736328,15.074384689331055,18.003637313842773,15.347944259643555,15.875988006591797,15.495626449584961,12.9630765914917
DSV_Trial_1,IMG_3286.JPG,246_R4S_375_Vinnickij 15/59_5_6,3.0,,,False,21,0.024270583333333335,119.74143616666667,15.50865364074707,16.31772232055664,14.065682411193848,22.71322250366211,23.355396270751953,23.744781494140625,19.925477981567383,20.34745216369629,16.751384735107422,21.62259864807129,17.32209014892578,19.622900009155273,17.84458351135254,18.363191604614258,17.29730987548828,14.862627029418945
DSV_Trial_1,IMG_3287.JPG,246_R4S_375_Vinnickij 15/59_5_6,5.0,,,False,19,0.018689916666666667,118.25937116666667,14.188582420349121,14.710189819335938,13.320201873779297,18.977144241333008,19.30203628540039,19.27281379699707,16.531957626342773,17.06087303161621,14.486956596374512,17.000930786132812,15.260478973388672,16.152870178222656,14.63000202178955,15.821256637573242,15.813058853149414,14.57012939453125
DSV_Trial_1,IMG_3288.JPG,246_R4S_375_Vinnickij 15/59_5_6,2.0,,,False,12,0.010821083333333334,120.79082766666667,16.27972412109375,15.889449119567871,15.168359756469727,22.96100616455078,22.375375747680664,21.83205223083496,23.481273651123047,23.73640251159668,19.984941482543945,23.45795440673828,20.557594299316406,20.63531494140625,15.88611888885498,16.857303619384766,17.082176208496094,17.06603240966797
DSV_Trial_1,IMG_3289.JPG,247_R4S_364_Silona_5_7,2.0,,,False,24,0.02726425,118.89591333333334,13.16392707824707,12.6516752243042,11.349859237670898,20.51386070251465,20.76044464111328,20.964969635009766,18.514415740966797,17.683462142944336,15.444040298461914,18.543973922729492,15.273159980773926,17.949399948120117,13.833330154418945,13.665487289428711,13.716171264648438,13.268404960632324
DSV_Trial_1,IMG_3290.JPG,247_R4S_364_Silona_5_7,1.0,,,False,15,0.013590583333333333,122.67867991666667,9.257784843444824,9.682413101196289,8.979467391967773,17.19339370727539,17.323266983032227,17.075326919555664,14.991129875183105,13.652462005615234,12.334660530090332,14.703207969665527,11.937277793884277,13.54190444946289,9.97673225402832,10.177007675170898,10.253036499023438,9.583198547363281
DSV_Trial_1,IMG_3291.JPG,247_R4S_364_Silona_5_7,4.0,,,False,14,0.017876166666666665,122.00301025,13.95767593383789,13.936548233032227,11.928293228149414,19.945053100585938,20.425586700439453,19.967544555664062,14.45007610321045,14.738401412963867,12.464949607849121,15.71771240234375,13.311128616333008,14.229808807373047,16.151784896850586,16.001792907714844,14.733222007751465,13.750123023986816
DSV_Trial_1,IMG_3292.JPG,248_R4S_284_Nemertschanskij 1_5_8,1.0,,,False,21,0.029307333333333335,119.98083833333334,11.570959091186523,11.528926849365234,9.826675415039062,19.177406311035156,18.89447784423828,19.378864288330078,13.850005149841309,11.856208801269531,11.366610527038574,13.859067916870117,10.931513786315918,14.277725219726562,12.630162239074707,12.692811012268066,11.638557434082031,11.69517993927002
DSV_Trial_1,IMG_3293.JPG,248_R4S_284_Nemertschanskij 1_5_8,2.0,,,False,29,0.028781416666666667,118.99164183333333,15.109947204589844,15.500283241271973,12.74702262878418,20.849079132080078,20.846908569335938,21.044994354248047,18.453716278076172,16.62139892578125,14.347722053527832,18.021799087524414,15.476828575134277,18.55847930908203,17.936800003051758,18.153335571289062,15.633251190185547,14.726032257080078
DSV_Trial_1,IMG_3294.JPG,248_R4S_284_Nemertschanskij 1_5_8,4.0,,,False,21,0.02881125,121.33543925,9.397307395935059,9.228851318359375,8.3922119140625,15.397976875305176,15.56019401550293,15.328658103942871,11.816072463989258,12.547077178955078,10.159910202026367,12.335183143615723,10.197007179260254,11.138270378112793,11.31117057800293,10.58016300201416,10.252778053283691,9.696582794189453
DSV_Trial_1,IMG_3295.JPG,249_R4S_452_G56_5_9,2.0,,,False,19,0.01176625,122.9929325,9.652408599853516,9.662178993225098,9.105295181274414,18.040752410888672,17.22067642211914,17.949623107910156,16.359962463378906,15.341547012329102,13.429880142211914,17.204605102539062,12.549710273742676,15.24620532989502,9.562140464782715,9.958822250366211,10.219398498535156,10.001096725463867
DSV_Trial_1,IMG_3296.JPG,249_R4S_452_G56_5_9,3.0,,,False,20,0.016920916666666667,119.74741616666667,11.301480293273926,11.044378280639648,10.374610900878906,20.865190505981445,20.06600570678711,20.183225631713867,16.459577560424805,14.517712593078613,11.893058776855469,15.424993515014648,12.472046852111816,15.15953540802002,11.245614051818848,11.603204727172852,11.962462425231934,11.466486930847168
DSV_Trial_1,IMG_3297.JPG,249_R4S_452_G56_5_9,3.0,,,False,21,0.01934275,124.20686308333333,11.424903869628906,11.553818702697754,10.626307487487793,17.047561645507812,17.53328514099121,17.396087646484375,13.462647438049316,12.201108932495117,10.703339576721191,13.488264083862305,10.693504333496094,12.682703018188477,12.240574836730957,12.751789093017578,12.757455825805664,11.661226272583008
DSV_Trial_1,IMG_3298.JPG,250_R4S_144_Adder_5_10,1.0,,,False,33,0.03269233333333333,120.43638158333333,15.383475303649902,16.608354568481445,14.35186767578125,18.92332649230957,19.692886352539062,19.85550880432129,19.461069107055664,21.670127868652344,17.416366577148438,20.76939582824707,17.177215576171875,19.396240234375,15.831656455993652,17.64069366455078,17.02676773071289,15.320056915283203
DSV_Trial_1,IMG_3299.JPG,250_R4S_144_Adder_5_10,3.0,,,False,20,0.019871416666666666,119.96350616666666,17.26888084411621,17.845211029052734,16.072303771972656,20.595699310302734,21.353687286376953,20.972652435302734,20.472383499145508,20.714872360229492,16.278615951538086,18.88478660583496,17.467161178588867,18.965099334716797,18.113819122314453,19.661701202392578,18.934864044189453,17.06378936767578
DSV_Trial_1,IMG_3300.JPG,250_R4S_144_Adder_5_10,23.0,,,False,28,0.017787833333333333,119.56829258333333,19.38299560546875,20.34760284423828,16.831127166748047,21.068260192871094,20.811691284179688,21.435333251953125,23.123199462890625,25.405677795410156,20.675928115844727,25.494321823120117,21.836366653442383,23.86677360534668,20.464889526367188,21.71849822998047,20.439624786376953,18.973905563354492
DSV_Trial_1,IMG_3301.JPG,251_R4S_194_LEMBKES MALCHOWER (LENORA)_5_11,5.0,,,False,15,0.0147795,119.52300091666666,17.472915649414062,18.117782592773438,15.768672943115234,22.551349639892578,22.7569637298584,22.466259002685547,23.38085174560547,22.426755905151367,18.500764846801758,21.757009506225586,18.74347686767578,20.92071533203125,18.361379623413086,19.06863021850586,18.334623336791992,17.279937744140625
DSV_Trial_1,IMG_3302.JPG,251_R4S_194_LEMBKES MALCHOWER (LENORA)_5_11,5.0,,,False,25,0.022825333333333333,119.27560616666666,19.998146057128906,20.397624969482422,18.145830154418945,21.657489776611328,21.11974334716797,20.900453567504883,23.981220245361328,26.418601989746094,20.03813362121582,24.442707061767578,20.79551124572754,23.201400756835938,21.881080627441406,22.716014862060547,21.34823989868164,19.922897338867188
DSV_Trial_1,IMG_3303.JPG,251_R4S_194_LEMBKES MALCHOWER (LENORA)_5_11,2.0,,,False,21,0.025682,121.54329258333334,9.89937973022461,10.560708045959473,9.138046264648438,16.690258026123047,16.829364776611328,16.590450286865234,14.889841079711914,14.48938274383545,11.86706829071045,15.570001602172852,10.80084228515625,13.675400733947754,11.307275772094727,11.705636978149414,11.357616424560547,10.238850593566895
DSV_Trial_1,IMG_3304.JPG,252_R4S_548_ALLESANDRO KWS_5_12,3.0,,,False,16,0.025103416666666666,120.93376583333334,10.912840843200684,10.750504493713379,9.577079772949219,20.800397872924805,20.600399017333984,20.787338256835938,16.413572311401367,16.356281280517578,13.355183601379395,16.122703552246094,12.315946578979492,14.949886322021484,11.08060073852539,11.476598739624023,11.811710357666016,10.827740669250488
DSV_Trial_1,IMG_3305.JPG,252_R4S_548_ALLESANDRO KWS_5_12,15.0,,,False,18,0.019114416666666665,118.92367166666666,15.793867111206055,16.700294494628906,14.171687126159668,19.78591537475586,20.44296646118164,20.27896499633789,18.25775718688965,21.549379348754883,19.17318344116211,20.365467071533203,16.468786239624023,19.543445587158203,17.787250518798828,18.68814468383789,16.883930206298828,15.379122734069824
DSV_Trial_1,IMG_3306.JPG,252_R4S_548_ALLESANDRO KWS_5_12,5.0,,,False,18,0.0225595,118.31769733333333,14.860433578491211,15.053146362304688,13.26494026184082,19.90288543701172,19.517269134521484,20.01001739501953,17.700618743896484,17.218978881835938,14.388139724731445,18.905731201171875,14.492673873901367,17.225597381591797,17.01874542236328,16.629886627197266,16.13770294189453,14.660676956176758
DSV_Trial_1,IMG_3307.JPG,253_R4S_244_NK Bravour_5_13,1.0,,,False,20,0.0159535,122.14559191666666,12.76733112335205,13.171211242675781,11.862055778503418,24.92477035522461,24.690732955932617,25.166828155517578,22.591594696044922,21.6077880859375,17.432466506958008,25.94234275817871,17.477331161499023,22.33821678161621,13.68777084350586,14.155067443847656,13.562919616699219,12.828601837158203
DSV_Trial_1,IMG_3308.JPG,253_R4S_244_NK Bravour_5_13,12.0,,,False,21,0.021717166666666666,122.19486625,19.04977798461914,19.89364242553711,16.657062530517578,21.305532455444336,22.094152450561523,22.20797348022461,21.74721908569336,23.88257598876953,18.30005645751953,22.40071678161621,19.53209686279297,20.738941192626953,20.21257209777832,21.86564064025879,19.74798011779785,18.210369110107422
DSV_Trial_1,IMG_3309.JPG,253_R4S_244_NK Bravour_5_13,8.0,,,False,31,0.019523916666666665,120.69280558333334,16.531265258789062,16.58697509765625,14.67306137084961,22.035449981689453,22.09012222290039,22.388456344604492,22.598464965820312,24.356229782104492,18.71860694885254,24.775524139404297,21.33499526977539,23.17306900024414,17.3924560546875,17.9637508392334,17.06439781188965,16.22184944152832
DSV_Trial_1,IMG_3310.JPG,254_R4S_460_K53_5_14,3.0,,,False,23,0.01942975,113.344548,15.639795303344727,15.168951988220215,14.79117202758789,23.345914840698242,23.30704116821289,23.263967514038086,23.242801666259766,21.676076889038086,18.188417434692383,23.299198150634766,18.191911697387695,21.849212646484375,16.645795822143555,16.206754684448242,16.533479690551758,15.488313674926758
DSV_Trial_1,IMG_3311.JPG,254_R4S_460_K53_5_14,0.0,,,False,17,0.014919333333333333,117.67959525,11.494475364685059,11.78306770324707,11.117792129516602,23.021503448486328,23.256040573120117,23.612693786621094,19.887178421020508,18.466272354125977,15.0956449508667,20.382522583007812,16.31683921813965,19.145313262939453,12.105653762817383,12.529302597045898,12.601651191711426,11.768708229064941
DSV_Trial_1,IMG_3312.JPG,254_R4S_460_K53_5_14,2.0,,,False,17,0.018331333333333335,117.06695558333334,14.671388626098633,14.75029182434082,13.053289413452148,22.901874542236328,23.751556396484375,23.591724395751953,21.470735549926758,20.388446807861328,15.859837532043457,21.001497268676758,17.146686553955078,18.77461051940918,15.88407039642334,15.256000518798828,15.061748504638672,14.285728454589844
DSV_Trial_1,IMG_3313.JPG,255_R4S_182_Pollen_5_15,13.0,,,False,25,0.012649833333333334,123.61499075,26.81202507019043,28.05146026611328,24.144550323486328,28.852863311767578,29.146236419677734,29.424072265625,31.05218505859375,35.74209976196289,28.98172378540039,33.09695816040039,31.995502471923828,31.931983947753906,27.573863983154297,29.812015533447266,26.927276611328125,25.475830078125
DSV_Trial_1,IMG_3314.JPG,255_R4S_182_Pollen_5_15,6.0,,,False,21,0.015651416666666668,119.80326733333334,10.896820068359375,11.501203536987305,10.401326179504395,17.967025756835938,17.246992111206055,17.64522361755371,14.595526695251465,13.168573379516602,11.036991119384766,15.817293167114258,11.525290489196777,14.496219635009766,11.229297637939453,11.495012283325195,11.729188919067383,11.312304496765137
DSV_Trial_1,IMG_3315.JPG,255_R4S_182_Pollen_5_15,22.0,,,False,20,0.009952833333333333,121.32272075,21.891122817993164,23.199317932128906,20.049291610717773,24.304323196411133,24.211334228515625,24.154478073120117,25.533971786499023,26.704103469848633,22.406126022338867,27.334365844726562,22.881271362304688,26.109525680541992,23.4732666015625,25.882022857666016,23.109607696533203,21.494037628173828
DSV_Trial_1,IMG_3316.JPG,256_R4S_229_Jessica_5_16,3.0,,,False,24,0.024318166666666665,116.22385741666666,10.593538284301758,10.674734115600586,10.102606773376465,16.94240951538086,16.495986938476562,17.015676498413086,16.261201858520508,16.029544830322266,13.059761047363281,15.43281078338623,12.897472381591797,14.926612854003906,11.142654418945312,11.074455261230469,11.816757202148438,10.667625427246094
DSV_Trial_1,IMG_3317.JPG,256_R4S_229_Jessica_5_16,2.0,,,False,22,0.020259666666666665,113.855533,11.208978652954102,11.133695602416992,11.063264846801758,18.636646270751953,17.7271671295166,18.696094512939453,17.77800750732422,16.822547912597656,13.915994644165039,18.28955078125,13.705330848693848,17.916290283203125,11.549209594726562,12.038334846496582,12.87426471710205,11.805150985717773
DSV_Trial_1,IMG_3318.JPG,256_R4S_229_Jessica_5_16,18.0,,,False,26,0.01290275,115.62682483333333,17.064720153808594,16.709592819213867,15.309003829956055,23.28346061706543,23.004152297973633,23.03564453125,22.03600311279297,23.322664260864258,17.293893814086914,23.06900405883789,20.895565032958984,21.59354019165039,17.99607276916504,18.01329231262207,17.526596069335938,17.175399780273438
DSV_Trial_1,IMG_3319.JPG,257_R4S_205_RESYN-H048_5_17,21.0,,,False,28,0.009559083333333333,119.85732408333334,13.96743392944336,14.44209098815918,13.368896484375,23.092647552490234,22.61006736755371,23.045799255371094,23.13558006286621,23.019393920898438,17.165199279785156,24.77811050415039,21.668697357177734,22.809864044189453,14.091754913330078,15.120645523071289,14.566794395446777,14.043328285217285
DSV_Trial_1,IMG_3320.JPG,257_R4S_205_RESYN-H048_5_17,1.0,,,False,30,0.01972825,119.71304583333334,14.09097957611084,13.720465660095215,13.048761367797852,20.565092086791992,20.1623477935791,20.74283218383789,18.88593864440918,18.11635971069336,14.925074577331543,19.6008358001709,15.293950080871582,18.26738929748535,15.190262794494629,15.125038146972656,15.575307846069336,14.214139938354492
DSV_Trial_1,IMG_3321.JPG,257_R4S_205_RESYN-H048_5_17,2.0,,,False,23,0.01474675,121.77007041666667,11.51546859741211,11.688650131225586,11.045364379882812,18.325639724731445,18.734699249267578,18.521671295166016,16.283645629882812,14.506138801574707,12.884876251220703,17.138233184814453,13.200243949890137,15.856136322021484,12.269948959350586,12.509223937988281,12.681194305419922,12.17106819152832
DSV_Trial_1,IMG_3322.JPG,258_R4S_312_TAIWAN_5_18,22.0,,,False,25,0.010172416666666666,118.76576533333333,18.53119659423828,19.570091247558594,17.426219940185547,20.683605194091797,21.17555809020996,20.354389190673828,21.68112564086914,21.50821876525879,16.665700912475586,23.181758880615234,20.257570266723633,21.45196533203125,20.615737915039062,21.88190460205078,20.287702560424805,18.552532196044922
DSV_Trial_1,IMG_3323.JPG,258_R4S_312_TAIWAN_5_18,5.0,,,False,31,0.028519916666666666,118.60380716666667,10.734210968017578,10.857223510742188,9.837900161743164,15.763625144958496,15.48867130279541,15.711065292358398,13.905839920043945,13.347784996032715,11.357827186584473,13.928323745727539,11.447032928466797,13.898219108581543,11.040617942810059,11.258590698242188,11.488275527954102,11.015233993530273
DSV_Trial_1,IMG_3324.JPG,258_R4S_312_TAIWAN_5_18,23.0,,,False,22,0.013686583333333334,119.67083108333334,19.695884704589844,19.97822380065918,17.30896759033203,21.799997329711914,22.200971603393555,21.779754638671875,24.31504249572754,25.848739624023438,21.17074203491211,26.52581024169922,21.598182678222656,23.962268829345703,21.46208381652832,22.036163330078125,20.53296661376953,19.507408142089844
DSV_Trial_1,IMG_3325.JPG,259_R4S_252_Lirajet_5_19,12.0,,,False,21,0.0245865,120.3460295,11.220623016357422,11.190229415893555,10.150032997131348,18.11450958251953,18.30997085571289,18.128183364868164,14.412882804870605,11.71623420715332,11.443449020385742,14.159032821655273,11.70837688446045,14.0014066696167,11.571044921875,11.747037887573242,12.257904052734375,11.510010719299316
DSV_Trial_1,IMG_3326.JPG,259_R4S_252_Lirajet_5_19,3.0,,,False,25,0.019691916666666667,120.71679066666667,11.762331008911133,11.815709114074707,11.193924903869629,17.68557357788086,17.686805725097656,18.087905883789062,15.989936828613281,15.724165916442871,14.752079963684082,17.691837310791016,14.913715362548828,16.748088836669922,13.66887092590332,13.304380416870117,13.401815414428711,12.021549224853516
DSV_Trial_1,IMG_3327.JPG,259_R4S_252_Lirajet_5_19,28.0,,,False,21,0.01238375,120.79478358333333,15.815762519836426,15.944795608520508,14.093354225158691,17.394756317138672,17.753164291381836,17.747289657592773,15.401476860046387,17.28103256225586,13.96909236907959,16.86530113220215,14.656111717224121,15.407148361206055,18.5079288482666,18.06204605102539,17.402484893798828,15.771252632141113
DSV_Trial_1,IMG_3328.JPG,260_R4S_231_Campari_5_20,4.0,,,False,25,0.01612175,118.52890633333334,16.180870056152344,16.23728370666504,14.27107048034668,20.533252716064453,20.638647079467773,20.47146224975586,22.148544311523438,19.985685348510742,17.657358169555664,20.922048568725586,18.8209171295166,20.507780075073242,16.084943771362305,17.09050750732422,16.21129608154297,16.29381561279297
DSV_Trial_1,IMG_3329.JPG,260_R4S_231_Campari_5_20,29.0,,,False,19,0.0151335,114.40404725,15.90003490447998,16.63391876220703,14.642232894897461,22.6292724609375,23.330703735351562,23.493017196655273,22.600330352783203,20.80071258544922,18.737611770629883,25.391626358032227,19.525409698486328,23.491985321044922,17.7862548828125,18.565916061401367,17.98167610168457,16.301645278930664
DSV_Trial_1,IMG_3330.JPG,260_R4S_231_Campari_5_20,4.0,,,False,23,0.019447833333333334,119.69731133333333,7.710431098937988,7.877922058105469,7.220191478729248,17.937654495239258,17.535621643066406,18.072649002075195,13.128204345703125,11.349157333374023,9.711936950683594,14.291214942932129,10.110459327697754,12.944076538085938,7.487274169921875,8.092036247253418,8.308120727539062,8.190004348754883
DSV_Trial_1,IMG_3331.JPG,261_R4S_540_Smaragd_5_21,3.0,,,False,26,0.0206185,118.75241466666667,15.954392433166504,15.458864212036133,12.9962739944458,19.97980499267578,19.74062728881836,19.61237335205078,19.022319793701172,18.409835815429688,15.494346618652344,18.16178321838379,16.7508602142334,17.184669494628906,17.312156677246094,16.654090881347656,15.435905456542969,15.724717140197754
DSV_Trial_1,IMG_3332.JPG,261_R4S_540_Smaragd_5_21,3.0,,,False,39,0.02309125,119.44505775,11.29377555847168,11.621810913085938,9.799825668334961,16.30904197692871,16.935993194580078,16.565385818481445,15.652185440063477,15.213961601257324,12.777082443237305,16.28330421447754,13.874578475952148,15.701752662658691,12.017894744873047,12.05099105834961,11.545979499816895,11.506752014160156
DSV_Trial_1,IMG_3333.JPG,261_R4S_540_Smaragd_5_21,2.0,,,False,31,0.009458916666666666,120.34290291666667,12.496883392333984,12.867179870605469,11.463950157165527,18.57491683959961,18.198505401611328,18.347410202026367,17.783924102783203,15.430371284484863,13.35117244720459,17.290523529052734,14.700552940368652,17.505666732788086,12.867090225219727,12.947303771972656,12.58080005645752,12.582534790039062
DSV_Trial_1,IMG_3334.JPG,262_R4S_223_BIENVENU DH4_5_22,6.0,,,False,38,0.02876975,119.24825808333334,7.643646240234375,7.871110916137695,6.814367771148682,16.143213272094727,16.050262451171875,16.127456665039062,13.66904354095459,13.38633918762207,10.970724105834961,13.941513061523438,11.506999015808105,13.765515327453613,7.455619812011719,7.38687801361084,7.646965026855469,7.876293659210205
DSV_Trial_1,IMG_3334_2.JPG,262_R4S_223_BIENVENU DH4_5_22,3.0,,,False,36,0.02936275,117.93656391666667,10.232691764831543,10.569364547729492,8.989700317382812,14.505958557128906,14.548995018005371,14.23862361907959,14.19809627532959,14.039365768432617,12.655221939086914,14.12028980255127,11.958098411560059,13.687938690185547,10.35102653503418,10.070023536682129,10.515621185302734,10.776985168457031
DSV_Trial_1,IMG_3336.JPG,262_R4S_223_BIENVENU DH4_5_22,2.0,,,False,33,0.020260583333333332,119.83221033333334,14.947789192199707,14.880502700805664,13.34584903717041,16.592205047607422,17.11160659790039,16.68235206604004,17.759611129760742,19.18213653564453,16.279380798339844,16.360828399658203,16.2128963470459,15.909695625305176,14.664072036743164,15.24593734741211,15.553434371948242,15.075098037719727
DSV_Trial_1,IMG_3337.JPG,263_R4S_424_R18_5_23,8.0,,,False,30,0.007685083333333334,117.7906925,13.556285858154297,13.549680709838867,12.96360969543457,16.415813446044922,16.16659164428711,16.099472045898438,18.990903854370117,16.564945220947266,14.77641773223877,16.751161575317383,14.831052780151367,15.83912181854248,12.787727355957031,12.882797241210938,13.332340240478516,14.290443420410156
DSV_Trial_1,IMG_3338.JPG,263_R4S_424_R18_5_23,3.0,,,False,38,0.01735975,117.7255305,12.035978317260742,12.371771812438965,11.416112899780273,15.444406509399414,15.357385635375977,15.37641716003418,15.509225845336914,15.432866096496582,12.662477493286133,15.76674747467041,12.842437744140625,14.767132759094238,12.716087341308594,12.89536190032959,12.649581909179688,12.521562576293945
DSV_Trial_1,IMG_3339.JPG,263_R4S_424_R18_5_23,4.0,,,False,28,0.01033925,118.72526908333333,15.197479248046875,16.37666130065918,14.205885887145996,16.973567962646484,17.78260612487793,17.676851272583008,18.02239227294922,19.203279495239258,14.78990364074707,18.308076858520508,15.991809844970703,17.041866302490234,15.98181438446045,17.039745330810547,16.212135314941406,15.375375747680664
DSV_Trial_1,IMG_3340.JPG,264_R4S_235_Nugget_5_24,2.0,,,False,25,0.015039333333333333,119.87397583333333,10.139452934265137,10.779803276062012,9.393999099731445,16.51826286315918,17.052776336669922,16.65612030029297,14.254326820373535,13.556873321533203,10.71152400970459,15.123303413391113,12.825094223022461,13.564956665039062,10.02550220489502,10.752044677734375,10.290438652038574,10.169065475463867
DSV_Trial_1,IMG_3341.JPG,264_R4S_235_Nugget_5_24,2.0,,,False,25,0.0332925,120.20859708333333,10.467353820800781,10.647940635681152,9.071590423583984,16.803768157958984,17.446348190307617,17.133373260498047,13.314519882202148,13.715304374694824,11.648547172546387,13.512457847595215,11.938791275024414,13.015830993652344,11.519216537475586,11.170120239257812,11.020700454711914,10.308334350585938
DSV_Trial_1,IMG_3342.JPG,264_R4S_235_Nugget_5_24,4.0,,,False,29,0.024033666666666665,120.02067608333333,16.022689819335938,16.698856353759766,13.644975662231445,19.575809478759766,19.71026039123535,19.787410736083984,17.455732345581055,18.21078109741211,14.437431335449219,17.641300201416016,16.004735946655273,18.02507209777832,17.29006576538086,17.27279281616211,15.462146759033203,15.456136703491211
DSV_Trial_1,IMG_3343.JPG,265_R4S_283_Mytnickij_5_25,2.0,,,False,30,0.029326333333333333,121.61461566666667,11.26978874206543,11.397411346435547,10.197847366333008,18.6142635345459,19.291669845581055,19.501541137695312,14.183914184570312,14.914941787719727,12.654983520507812,15.738208770751953,13.285614967346191,15.829004287719727,12.763254165649414,13.024044036865234,12.689565658569336,11.362360000610352
DSV_Trial_1,IMG_3343_2.JPG,265_R4S_283_Mytnickij_5_25,3.0,,,False,29,0.026514583333333334,117.53687708333334,8.7029447555542,8.709287643432617,7.672330379486084,14.990336418151855,15.45796012878418,14.89602279663086,13.08420181274414,12.649877548217773,11.969206809997559,13.378615379333496,12.37417221069336,13.883389472961426,9.750258445739746,9.440118789672852,9.237573623657227,9.205012321472168
DSV_Trial_1,IMG_3347.JPG,265_R4S_283_Mytnickij_5_25,3.0,,,False,29,0.026212666666666665,111.69759591666667,12.583690643310547,12.849922180175781,10.729310989379883,15.303245544433594,13.465991973876953,14.7146635055542,16.987192153930664,13.622214317321777,13.352398872375488,16.869543075561523,12.742738723754883,17.363311767578125,12.1262788772583,12.047292709350586,11.874757766723633,12.707099914550781
DSV_Trial_1,IMG_3348.JPG,266_R4S_188_CANBERRA x COURAGE DH LINE_5_26,2.0,,,False,33,0.026471833333333333,117.81883416666666,11.093520164489746,10.983245849609375,9.605627059936523,17.583797454833984,16.139196395874023,17.334182739257812,17.062007904052734,15.726696014404297,12.982848167419434,18.996288299560547,13.265007972717285,17.699050903320312,11.508338928222656,11.411504745483398,11.351716995239258,10.976340293884277
DSV_Trial_1,IMG_3349.JPG,266_R4S_188_CANBERRA x COURAGE DH LINE_5_26,2.0,,,False,55,0.03006875,119.33765325,14.421878814697266,14.626909255981445,13.256786346435547,16.224552154541016,14.407020568847656,15.345255851745605,20.351863861083984,19.343482971191406,15.296234130859375,20.117399215698242,16.250106811523438,19.454408645629883,14.029964447021484,15.221773147583008,14.892772674560547,14.803776741027832
DSV_Trial_1,IMG_3350.JPG,266_R4S_188_CANBERRA x COURAGE DH LINE_5_26,8.0,,,False,33,0.025710916666666667,114.74753441666667,16.15464210510254,16.565715789794922,14.913623809814453,19.496051788330078,19.225910186767578,19.325658798217773,22.094968795776367,22.757047653198242,18.568830490112305,22.710420608520508,20.019487380981445,21.608911514282227,16.182682037353516,16.565807342529297,16.562705993652344,15.995218276977539
DSV_Trial_1,IMG_3351.JPG,267_R4S_277_Krapphauser_5_27,8.0,,,False,78,0.022295416666666668,111.64492458333334,17.28506851196289,17.698896408081055,15.45998764038086,17.8430233001709,15.114084243774414,16.81556510925293,25.047483444213867,22.357288360595703,20.48728370666504,24.620664596557617,20.283374786376953,24.25885581970215,17.268787384033203,17.747310638427734,16.985422134399414,17.018699645996094
DSV_Trial_1,IMG_3352.JPG,267_R4S_277_Krapphauser_5_27,8.0,,,False,32,0.02726675,117.61450841666667,10.39993667602539,10.683808326721191,9.655431747436523,14.9170560836792,13.729515075683594,14.446874618530273,15.576513290405273,14.002065658569336,12.998286247253418,14.4609375,12.514358520507812,14.347000122070312,10.93586540222168,10.840155601501465,10.705208778381348,10.664647102355957
DSV_Trial_1,IMG_3353.JPG,267_R4S_277_Krapphauser_5_27,2.0,,,False,60,0.029575583333333332,116.57352191666666,22.779415130615234,22.752180099487305,19.72673797607422,18.381807327270508,15.61819839477539,17.511951446533203,25.918432235717773,22.699871063232422,20.12094497680664,25.700733184814453,22.524145126342773,26.380903244018555,22.956279754638672,23.227373123168945,21.6374568939209,22.901805877685547
DSV_Trial_1,IMG_3354.JPG,268_R4S_514_R31_5_28,3.0,,,False,22,0.0186845,104.75688375,19.784395217895508,20.83721923828125,17.47998046875,20.01062774658203,19.65727996826172,19.919769287109375,22.457300186157227,21.432296752929688,18.606298446655273,22.869003295898438,19.031330108642578,20.682897567749023,21.21929168701172,22.072925567626953,20.024585723876953,19.18046760559082
DSV_Trial_1,IMG_3355.JPG,268_R4S_514_R31_5_28,2.0,,,False,65,0.04149825,111.98391233333334,18.19507598876953,18.528194427490234,15.83929443359375,18.521556854248047,17.046112060546875,18.625381469726562,22.83127212524414,20.525556564331055,16.66962432861328,22.813705444335938,18.489492416381836,22.18756675720215,16.317373275756836,16.757436752319336,17.155132293701172,18.489200592041016
DSV_Trial_1,IMG_3357.JPG,268_R4S_514_R31_5_28,2.0,,,False,30,0.03170658333333334,114.94525458333334,15.671632766723633,16.251371383666992,13.38762378692627,20.733205795288086,20.846435546875,20.669998168945312,20.8109130859375,20.915712356567383,17.692672729492188,21.87565040588379,16.821414947509766,19.944944381713867,18.044944763183594,17.25153160095215,15.941608428955078,15.011032104492188
DSV_Trial_1,IMG_3358.JPG,269_R4S_444_1012-98_5_29,7.0,,,False,42,0.02294775,120.59475291666666,16.684673309326172,16.55219078063965,14.63640022277832,16.195058822631836,15.7828950881958,15.488853454589844,21.249122619628906,23.33646011352539,17.623624801635742,20.445690155029297,19.744754791259766,19.02048110961914,16.69422149658203,17.107486724853516,16.860279083251953,16.764732360839844
DSV_Trial_1,IMG_3359.JPG,269_R4S_444_1012-98_5_29,6.0,,,False,34,0.013406666666666667,120.03969133333334,13.716246604919434,13.714410781860352,12.1792573928833,16.202260971069336,15.354331970214844,15.697622299194336,20.42023468017578,19.602519989013672,16.645660400390625,19.651857376098633,18.24285125732422,19.484878540039062,13.573457717895508,13.850656509399414,13.592031478881836,14.04147720336914
DSV_Trial_1,IMG_3360.JPG,269_R4S_444_1012-98_5_29,6.0,,,False,33,0.0188615,113.51632516666666,13.928583145141602,13.434513092041016,13.049211502075195,19.59130859375,18.746776580810547,19.793771743774414,23.396818161010742,21.304977416992188,18.04387855529785,23.676023483276367,18.82673454284668,20.62353515625,14.951221466064453,14.172609329223633,14.77833366394043,13.799663543701172
DSV_Trial_1,IMG_3361.JPG,270_R4S_145_Milena_5_30,2.0,,,False,27,0.023230166666666666,108.70872066666666,11.181607246398926,11.090667724609375,9.710464477539062,16.285221099853516,15.930120468139648,16.214920043945312,15.947816848754883,15.663793563842773,13.609783172607422,16.988033294677734,14.66028118133545,16.960290908813477,11.841327667236328,11.625082015991211,11.469833374023438,11.195268630981445
DSV_Trial_1,IMG_3362.JPG,270_R4S_145_Milena_5_30,4.0,,,False,31,0.01810275,108.01579233333334,11.85930347442627,11.888969421386719,11.449310302734375,13.965394973754883,13.262273788452148,13.3117036819458,16.853452682495117,15.50338077545166,13.504905700683594,15.500205993652344,13.54969310760498,14.87708854675293,11.66427230834961,12.422188758850098,12.813339233398438,12.759249687194824
DSV_Trial_1,IMG_3363.JPG,270_R4S_145_Milena_5_30,3.0,,,False,37,0.031024666666666666,119.00455991666666,10.018351554870605,10.500425338745117,9.173257827758789,14.737602233886719,14.483766555786133,14.708972930908203,15.084086418151855,13.466805458068848,13.078364372253418,15.514042854309082,12.330581665039062,14.888345718383789,11.174217224121094,10.987384796142578,10.836906433105469,10.264921188354492
DSV_Trial_1,IMG_3364.JPG,271_R4S_466_L90_5_31,2.0,,,False,29,0.0229435,113.90600441666666,9.975847244262695,10.145809173583984,9.26820182800293,18.995691299438477,18.274646759033203,19.02823829650879,15.293129920959473,13.847833633422852,12.067009925842285,17.595409393310547,11.945405960083008,16.534557342529297,11.720893859863281,11.296527862548828,11.035699844360352,9.867084503173828
DSV_Trial_1,IMG_3365.JPG,271_R4S_466_L90_5_31,3.0,,,False,36,0.022077666666666666,114.990749,11.291525840759277,11.584356307983398,10.639447212219238,16.75156593322754,16.38602066040039,16.991853713989258,15.596443176269531,14.095131874084473,12.256596565246582,16.051328659057617,11.742962837219238,14.477983474731445,12.37885856628418,12.130745887756348,12.412640571594238,11.357950210571289
DSV_Trial_1,IMG_3366.JPG,271_R4S_466_L90_5_31,5.0,,,False,33,0.020551,113.18448708333334,14.533114433288574,15.143994331359863,14.451549530029297,16.43244171142578,15.928011894226074,16.48955535888672,19.17328453063965,18.88936996459961,16.40477752685547,19.950679779052734,15.351192474365234,18.237409591674805,14.71847915649414,14.997533798217773,15.841848373413086,14.96588134765625
DSV_Trial_1,IMG_3367.JPG,272_R4S_245_Roxet_5_32,2.0,,,False,26,0.03166775,114.89969208333333,6.173599720001221,5.938638687133789,5.94266939163208,11.216535568237305,10.784377098083496,10.993339538574219,9.041358947753906,7.727386951446533,7.438623905181885,8.473318099975586,7.042362689971924,8.832416534423828,6.136786460876465,6.0450119972229,6.732203960418701,6.571088790893555
DSV_Trial_1,IMG_3368.JPG,272_R4S_245_Roxet_5_32,4.0,,,False,37,0.019622583333333332,112.42796366666667,11.81987190246582,12.611994743347168,11.71959114074707,15.687880516052246,14.243053436279297,15.515944480895996,19.607852935791016,16.7733154296875,17.111074447631836,17.902185440063477,15.039650917053223,19.12505340576172,11.29585075378418,12.487069129943848,12.254541397094727,12.206781387329102
DSV_Trial_1,IMG_3369.JPG,272_R4S_245_Roxet_5_32,3.0,,,False,24,0.01218125,117.69937216666666,15.325712203979492,15.337042808532715,14.041129112243652,16.157299041748047,15.202144622802734,15.997682571411133,17.810091018676758,16.990283966064453,14.938360214233398,17.7412109375,16.696666717529297,16.68000030517578,15.172436714172363,15.419026374816895,15.968246459960938,15.567819595336914
DSV_Trial_1,IMG_3370.JPG,273_R4S_218_SHANNON x WINNER DH LINE_5_33,7.0,,,False,27,0.019189166666666667,119.96179458333333,11.958524703979492,11.942299842834473,10.933186531066895,15.585633277893066,14.718997955322266,14.953420639038086,17.39229393005371,15.63548469543457,13.049544334411621,16.210660934448242,13.891031265258789,15.87069320678711,11.662888526916504,11.92231559753418,12.163646697998047,12.353509902954102
DSV_Trial_1,IMG_3371.JPG,273_R4S_218_SHANNON x WINNER DH LINE_5_33,2.0,,,False,25,0.020824583333333334,120.33092016666667,6.8003644943237305,7.036357879638672,6.421152114868164,12.820716857910156,12.126612663269043,12.757609367370605,11.916816711425781,10.881818771362305,9.397957801818848,11.47035026550293,9.042896270751953,11.555766105651855,7.217512130737305,7.06065559387207,7.048797607421875,7.043936252593994
DSV_Trial_1,IMG_3372.JPG,273_R4S_218_SHANNON x WINNER DH LINE_5_33,5.0,,,False,26,0.022561083333333332,119.038824,9.199359893798828,9.38548469543457,8.220739364624023,16.52686309814453,16.043861389160156,16.23007583618164,15.55063247680664,12.431563377380371,12.212933540344238,15.058331489562988,12.025450706481934,14.97950553894043,10.129602432250977,9.90475845336914,9.543851852416992,9.358510971069336
DSV_Trial_1,IMG_3373.JPG,274_R4S_230_Caramba_5_34,3.0,,,False,26,0.025182,117.37645566666667,16.73097038269043,16.518287658691406,14.426092147827148,18.18257713317871,17.543678283691406,17.791391372680664,19.46898651123047,19.401123046875,16.15721893310547,19.74956512451172,17.271202087402344,18.795419692993164,18.62061309814453,18.11603355407715,17.472030639648438,16.570884704589844
DSV_Trial_1,IMG_3374.JPG,274_R4S_230_Caramba_5_34,3.0,,,False,26,0.01470425,117.19333491666667,12.487848281860352,12.625205993652344,11.538562774658203,20.70671272277832,20.204296112060547,21.456575393676758,18.37480354309082,14.65478229522705,12.910553932189941,19.267438888549805,13.76227855682373,16.614965438842773,14.085342407226562,13.034307479858398,12.813211441040039,12.185815811157227
DSV_Trial_1,IMG_3375.JPG,274_R4S_230_Caramba_5_34,5.0,,,False,25,0.02014466666666667,114.73260808333333,12.250328063964844,12.62631893157959,11.817144393920898,18.02429962158203,17.76622772216797,18.216745376586914,17.578046798706055,13.954697608947754,13.119117736816406,17.04741859436035,13.216175079345703,15.489890098571777,12.346464157104492,12.86534595489502,13.250399589538574,12.431201934814453
DSV_Trial_1,IMG_3376.JPG,275_R4S_463_S101_5_35,3.0,,,False,18,0.021868083333333333,118.68015966666667,16.093957901000977,16.348060607910156,13.487157821655273,19.27263641357422,19.437522888183594,19.180965423583984,20.317834854125977,17.308998107910156,14.931191444396973,18.02978515625,15.913809776306152,16.623737335205078,19.10934829711914,18.6636962890625,16.417699813842773,15.696343421936035
DSV_Trial_1,IMG_3377.JPG,275_R4S_463_S101_5_35,4.0,,,False,19,0.017650666666666665,116.89031625,12.811482429504395,13.257278442382812,11.240226745605469,17.532573699951172,17.06070327758789,17.04068374633789,18.159671783447266,16.350366592407227,15.255159378051758,17.67654037475586,14.290526390075684,17.280820846557617,12.55456256866455,13.888683319091797,13.405328750610352,12.68415641784668
DSV_Trial_1,IMG_3378.JPG,275_R4S_463_S101_5_35,2.0,,,False,15,0.018187916666666668,117.71307225,11.081905364990234,11.065719604492188,9.857391357421875,15.601818084716797,14.835305213928223,15.665494918823242,15.524252891540527,13.037562370300293,11.869568824768066,14.407083511352539,11.10951042175293,12.820802688598633,11.618515014648438,11.846597671508789,11.648275375366211,11.258060455322266
DSV_Trial_1,IMG_3379.JPG,276_R4S_465_S4_5_36,2.0,,,False,17,0.0137325,117.43538258333334,10.659531593322754,11.086713790893555,10.271342277526855,15.731350898742676,15.077282905578613,15.367789268493652,16.677274703979492,13.85861587524414,12.79620361328125,15.140181541442871,12.207412719726562,15.008842468261719,11.061137199401855,11.896058082580566,11.657548904418945,11.02274227142334
DSV_Trial_1,IMG_3380.JPG,276_R4S_465_S4_5_36,8.0,,,False,20,0.022639083333333334,119.74089841666667,18.463743209838867,18.914005279541016,17.365816116333008,17.069625854492188,16.41830062866211,17.100990295410156,21.768245697021484,20.427888870239258,20.01097297668457,19.366880416870117,16.174243927001953,20.248952865600586,17.454816818237305,18.703033447265625,18.773588180541992,18.48332977294922
DSV_Trial_1,IMG_3381.JPG,276_R4S_465_S4_5_36,16.0,,,False,26,0.023318,115.59159816666667,17.37826156616211,17.629621505737305,15.106131553649902,15.838188171386719,15.67717456817627,15.793279647827148,18.131614685058594,18.94472885131836,16.140026092529297,17.946197509765625,17.359708786010742,17.68050193786621,18.548633575439453,18.746492385864258,17.53915023803711,17.187938690185547
DSV_Trial_1,IMG_3382.JPG,277_R4S_153_Manitoba_5_37,9.0,,,False,25,0.016288916666666667,114.12542983333333,23.92686653137207,25.200489044189453,21.337871551513672,21.13553237915039,21.410778045654297,20.749698638916016,27.069547653198242,23.5301513671875,21.691877365112305,25.13405990600586,22.13480567932129,25.32080078125,23.333023071289062,25.47058868408203,23.479223251342773,23.123157501220703
DSV_Trial_1,IMG_3383.JPG,277_R4S_153_Manitoba_5_37,3.0,,,False,21,0.021014083333333333,118.76722591666666,11.556924819946289,12.284697532653809,10.713767051696777,16.385818481445312,17.08016586303711,16.65677833557129,16.52694320678711,16.825654983520508,13.742663383483887,17.022136688232422,13.17856502532959,15.453021049499512,12.146409034729004,12.372398376464844,12.697881698608398,11.783631324768066
DSV_Trial_1,IMG_3384.JPG,277_R4S_153_Manitoba_5_37,6.0,,,False,21,0.02476675,121.33937725,12.65152359008789,12.388583183288574,11.095370292663574,15.92255973815918,15.76545238494873,16.07280921936035,14.695528030395508,13.736647605895996,12.652694702148438,14.139017105102539,12.416024208068848,14.23756217956543,12.626506805419922,12.747936248779297,13.355961799621582,12.821646690368652
DSV_Trial_1,IMG_3385.JPG,278_R4S_449_G50_5_38,4.0,,,False,23,0.012826416666666667,119.80949641666666,16.734851837158203,17.696861267089844,15.514371871948242,17.822818756103516,17.861495971679688,18.247814178466797,23.380340576171875,25.237857818603516,18.969432830810547,23.708452224731445,21.085948944091797,21.92458152770996,18.95726776123047,19.320539474487305,17.921663284301758,16.82644271850586
DSV_Trial_1,IMG_3386.JPG,278_R4S_449_G50_5_38,2.0,,,False,22,0.021920166666666668,117.39776641666667,15.166337966918945,15.63608169555664,13.534137725830078,16.827159881591797,17.30801010131836,17.38840675354004,16.982559204101562,14.53897762298584,14.618490219116211,17.448524475097656,15.01742935180664,17.471437454223633,17.639328002929688,17.78253173828125,16.37143325805664,15.0087890625
DSV_Trial_1,IMG_3387.JPG,278_R4S_449_G50_5_38,5.0,,,False,18,0.0199695,119.29685108333334,12.653505325317383,12.624564170837402,11.072952270507812,17.843679428100586,17.803028106689453,17.197620391845703,16.942981719970703,15.277145385742188,13.359783172607422,16.084095001220703,13.414909362792969,15.681680679321289,13.731184959411621,13.5376558303833,12.79049015045166,12.910791397094727
DSV_Trial_1,IMG_3388.JPG,279_R4S_378_Sobotkowski_5_39,4.0,,,False,26,0.0274145,122.22890116666666,11.191598892211914,11.57518196105957,9.515318870544434,14.604564666748047,14.987884521484375,14.486316680908203,13.457155227661133,12.90749454498291,11.062369346618652,13.448405265808105,12.554190635681152,13.590906143188477,12.742868423461914,12.572685241699219,11.388280868530273,11.16968822479248
DSV_Trial_1,IMG_3389.JPG,279_R4S_378_Sobotkowski_5_39,9.0,,,False,36,0.020578083333333334,119.08576966666666,12.796966552734375,13.13662338256836,11.665328979492188,14.901336669921875,14.597721099853516,14.859833717346191,16.762784957885742,15.16727066040039,13.001749038696289,16.20232391357422,14.44381046295166,16.371538162231445,12.966713905334473,13.605940818786621,13.349621772766113,13.256476402282715
DSV_Trial_1,IMG_3390.JPG,279_R4S_378_Sobotkowski_5_39,3.0,,,False,25,0.030848166666666666,118.34286625,8.719380378723145,9.42517375946045,7.745946884155273,16.13119888305664,16.46364402770996,16.417438507080078,12.677250862121582,11.994994163513184,9.82594108581543,13.774450302124023,10.653780937194824,12.181293487548828,10.612485885620117,10.39709758758545,9.468307495117188,8.862434387207031
DSV_Trial_1,IMG_3391.JPG,280_R4S_227_Wotan_5_40,5.0,,,False,21,0.031303,120.94492258333334,7.570488929748535,7.960817813873291,6.9088850021362305,13.886030197143555,13.846078872680664,13.946765899658203,10.310535430908203,10.585041046142578,9.585838317871094,10.505904197692871,9.186161041259766,10.233744621276855,8.579172134399414,8.695342063903809,8.504186630249023,7.899511814117432
DSV_Trial_1,IMG_3392.JPG,280_R4S_227_Wotan_5_40,2.0,,,False,20,0.020275083333333332,120.39858633333333,8.376625061035156,8.781352043151855,7.718841552734375,16.434528350830078,16.594255447387695,16.804306030273438,13.32542896270752,12.79125690460205,11.058002471923828,15.104177474975586,11.522226333618164,13.8880615234375,9.617788314819336,9.632209777832031,9.680103302001953,8.876333236694336
DSV_Trial_1,IMG_3393.JPG,280_R4S_227_Wotan_5_40,2.0,,,False,13,0.0281275,119.49242441666667,10.354389190673828,10.71605110168457,9.484270095825195,17.305103302001953,18.52933120727539,18.334026336669922,13.815423965454102,13.620460510253906,11.915196418762207,13.738773345947266,11.898942947387695,12.345977783203125,11.705677032470703,11.193975448608398,11.627927780151367,10.602285385131836
DSV_Trial_1,IMG_3394.JPG,281_R4S_202_Mohican_5_41,2.0,,,False,23,0.025548666666666667,121.66807775,7.696373462677002,8.073930740356445,6.881824016571045,15.515275955200195,16.249399185180664,15.968877792358398,13.298212051391602,11.306023597717285,10.69545841217041,13.628454208374023,10.066448211669922,12.28113079071045,8.140169143676758,7.960748195648193,8.104205131530762,7.955042839050293
DSV_Trial_1,IMG_3395.JPG,281_R4S_202_Mohican_5_41,2.0,,,False,23,0.036804833333333335,122.59978841666667,6.38893461227417,6.969620704650879,6.093893051147461,16.740745544433594,17.9550838470459,17.595909118652344,12.311960220336914,12.120085716247559,10.524476051330566,12.765240669250488,10.866260528564453,12.123217582702637,7.084634780883789,7.1045918464660645,7.40300989151001,6.758768081665039
DSV_Trial_1,IMG_3396.JPG,281_R4S_202_Mohican_5_41,3.0,,,False,14,0.02117625,119.11512666666667,6.057981491088867,5.993497848510742,5.343364715576172,13.771902084350586,14.272762298583984,13.703130722045898,10.616009712219238,10.42086124420166,8.512630462646484,10.482806205749512,8.64893913269043,9.665841102600098,6.227723121643066,5.72216272354126,6.120769500732422,6.442279815673828
DSV_Trial_1,IMG_3398.JPG,282_R4S_524_Taisetsu_5_42,6.0,,,False,31,0.016340166666666666,121.58254808333334,13.464263916015625,13.974959373474121,13.018617630004883,13.8306884765625,14.15310001373291,13.859253883361816,15.5429048538208,13.52816390991211,13.64625072479248,13.722467422485352,14.212141990661621,14.54928970336914,13.15119743347168,14.105513572692871,13.948169708251953,14.005894660949707
DSV_Trial_1,IMG_3399.JPG,282_R4S_524_Taisetsu_5_42,3.0,,,False,30,0.03450675,118.93004466666666,8.979242324829102,9.546243667602539,8.508101463317871,15.19047737121582,15.566801071166992,15.012718200683594,14.313089370727539,13.526065826416016,12.380768775939941,14.52635669708252,11.743671417236328,14.424254417419434,9.34045124053955,9.811466217041016,10.11918830871582,9.923661231994629
DSV_Trial_1,IMG_3400.JPG,282_R4S_524_Taisetsu_5_42,2.0,,,False,24,0.025767416666666668,119.78163408333333,8.632745742797852,9.289619445800781,7.936404228210449,15.053655624389648,15.869109153747559,15.271055221557617,12.452825546264648,12.823599815368652,11.065109252929688,14.44532299041748,10.765837669372559,13.348873138427734,9.48553466796875,9.591935157775879,9.249619483947754,9.062982559204102
DSV_Trial_1,IMG_3401.JPG,283_R4S_222_HANSEN X GASPARD DH LINE_5_43,7.0,,,False,30,0.021879583333333334,120.40152533333334,12.586226463317871,12.936524391174316,11.747574806213379,16.905094146728516,17.69682502746582,17.218502044677734,17.328001022338867,17.27704429626465,14.020888328552246,16.782573699951172,15.090189933776855,15.887221336364746,13.619401931762695,14.13848876953125,13.918669700622559,13.299476623535156
DSV_Trial_1,IMG_3402.JPG,283_R4S_222_HANSEN X GASPARD DH LINE_5_43,8.0,,,False,49,0.024879166666666667,121.60907375,11.502506256103516,12.222953796386719,11.021615982055664,14.957161903381348,15.444643020629883,15.059980392456055,16.414142608642578,15.536497116088867,12.978296279907227,16.01988410949707,14.85571002960205,15.142271995544434,11.703160285949707,12.21684741973877,12.276613235473633,11.669402122497559
DSV_Trial_1,IMG_3403.JPG,283_R4S_222_HANSEN X GASPARD DH LINE_5_43,5.0,,,False,33,0.02941066666666667,123.06614041666667,9.708174705505371,10.285719871520996,8.797234535217285,12.80501937866211,12.939046859741211,12.652931213378906,12.847229957580566,13.155475616455078,10.901871681213379,12.88930892944336,11.571494102478027,12.557552337646484,11.271016120910645,11.488969802856445,10.707700729370117,10.089298248291016
DSV_Trial_1,IMG_3404.JPG,284_R4S_393_Gross-Luesewitzer_5_44,2.0,,,False,39,0.03397466666666667,119.47958566666667,11.759076118469238,12.212711334228516,10.766013145446777,14.925004959106445,15.280914306640625,15.045412063598633,14.618902206420898,14.566248893737793,12.576508522033691,14.749908447265625,14.286415100097656,14.147231101989746,14.143797874450684,14.358075141906738,13.315017700195312,12.315136909484863
DSV_Trial_1,IMG_3405.JPG,284_R4S_393_Gross-Luesewitzer_5_44,3.0,,,False,34,0.04788175,121.1529985,8.471384048461914,8.604097366333008,7.450593948364258,12.56606674194336,12.670661926269531,12.52186393737793,10.757183074951172,12.090214729309082,9.879470825195312,11.7700777053833,10.404740333557129,11.273648262023926,10.155965805053711,10.22168254852295,9.817813873291016,9.020731925964355
DSV_Trial_1,IMG_3406.JPG,284_R4S_393_Gross-Luesewitzer_5_44,2.0,,,False,25,0.03010075,121.58120083333333,11.482934951782227,11.906818389892578,10.64312744140625,11.77953815460205,11.899779319763184,11.942055702209473,12.867193222045898,13.104307174682617,11.752212524414062,12.083416938781738,12.275461196899414,12.238580703735352,12.02348518371582,13.193028450012207,12.980899810791016,12.32837200164795
DSV_Trial_1,IMG_3407.JPG,285_R4S_306_RAGGED JACK_5_45,3.0,,,False,29,0.0151375,124.37728616666666,7.41475772857666,7.498762130737305,7.048058986663818,13.14010238647461,13.017394065856934,13.15896987915039,10.900918960571289,10.106759071350098,8.896985054016113,9.989171028137207,9.572051048278809,9.5089693069458,6.947061061859131,7.129047393798828,7.547555446624756,7.9355902671813965
DSV_Trial_1,IMG_3408.JPG,285_R4S_306_RAGGED JACK_5_45,3.0,,,False,22,0.013609166666666667,122.99816691666666,10.445247650146484,10.862371444702148,9.725743293762207,15.853800773620605,16.00912094116211,15.906610488891602,15.32910442352295,13.730613708496094,12.08792781829834,14.164766311645508,11.965873718261719,13.097546577453613,10.287025451660156,10.46414566040039,10.880181312561035,11.006440162658691
DSV_Trial_1,IMG_3409.JPG,285_R4S_306_RAGGED JACK_5_45,4.0,,,False,22,0.013332166666666668,123.03772291666667,6.417608261108398,6.5378031730651855,6.709541320800781,10.652517318725586,10.591346740722656,10.261624336242676,9.259689331054688,7.707141876220703,7.7604546546936035,7.777918338775635,7.067887306213379,7.944307327270508,5.9460248947143555,6.166428089141846,6.819314956665039,7.088751792907715
DSV_Trial_1,IMG_3410.JPG,286_R4S_293_K26-96_5_46,4.0,,,False,38,0.025899083333333333,121.0503625,8.00563907623291,8.14584732055664,7.529080867767334,13.521462440490723,13.767022132873535,13.465161323547363,12.863637924194336,10.374131202697754,10.130354881286621,12.630860328674316,10.12681770324707,11.950796127319336,8.617918968200684,8.17245101928711,8.21896743774414,8.377004623413086
DSV_Trial_1,IMG_3411.JPG,286_R4S_293_K26-96_5_46,9.0,,,False,25,0.018745666666666667,123.13537275,12.818812370300293,13.048770904541016,10.907848358154297,21.100547790527344,21.423839569091797,21.143089294433594,18.39191246032715,15.883859634399414,15.847203254699707,17.243972778320312,14.822074890136719,16.113574981689453,15.226475715637207,13.591289520263672,12.493654251098633,12.76846981048584
DSV_Trial_1,IMG_3412.JPG,286_R4S_293_K26-96_5_46,4.0,,,False,23,0.015567416666666667,119.87315441666667,9.278349876403809,9.776632308959961,8.542581558227539,19.165048599243164,20.003944396972656,19.380796432495117,15.934488296508789,12.943190574645996,12.281936645507812,16.697961807250977,12.885871887207031,15.18884563446045,9.569868087768555,9.599285125732422,9.507509231567383,9.83002758026123
DSV_Trial_1,IMG_3413.JPG,287_RAS_320_Best of All_5_47,9.0,,,False,25,0.013971666666666667,122.98530583333333,8.482419967651367,8.683917999267578,7.945748805999756,12.651905059814453,12.861454010009766,12.396592140197754,14.667454719543457,12.105268478393555,10.780486106872559,13.368566513061523,12.26966667175293,12.179547309875488,7.856085300445557,8.52824878692627,8.562437057495117,9.112874031066895
DSV_Trial_1,IMG_3414.JPG,287_RAS_320_Best of All_5_47,4.0,,,False,38,0.014510333333333333,121.72309025,9.555301666259766,9.647058486938477,9.013856887817383,12.960058212280273,12.965167999267578,12.694870948791504,14.510469436645508,12.914165496826172,11.082845687866211,12.927591323852539,12.595226287841797,13.104364395141602,8.723320960998535,9.062849998474121,9.391715049743652,10.388599395751953
DSV_Trial_1,IMG_3415.JPG,287_RAS_320_Best of All_5_47,3.0,,,False,30,0.010017416666666668,123.5351995,13.154305458068848,13.553129196166992,12.865707397460938,16.337308883666992,16.231807708740234,16.320537567138672,18.71040153503418,17.19512176513672,14.845490455627441,17.244840621948242,16.049346923828125,16.733989715576172,12.74957275390625,13.293394088745117,13.894588470458984,13.966110229492188
DSV_Trial_1,IMG_3416.JPG,288_R4S_447_K306_5_48,3.0,,,False,23,0.016323333333333332,122.29275516666667,8.31400203704834,8.614669799804688,7.855171203613281,15.011072158813477,15.171820640563965,14.567998886108398,12.127405166625977,10.292703628540039,9.378232955932617,11.725119590759277,9.799690246582031,11.801190376281738,8.256552696228027,8.646249771118164,8.817626953125,8.929696083068848
DSV_Trial_1,IMG_3417.JPG,288_R4S_447_K306_5_48,2.0,,,False,32,0.01649375,119.75485725,9.490949630737305,9.951608657836914,8.739837646484375,14.261819839477539,14.471162796020508,13.869084358215332,12.806272506713867,13.145567893981934,11.040961265563965,13.565346717834473,12.182321548461914,13.192110061645508,9.507896423339844,9.955302238464355,9.79300308227539,10.148746490478516
DSV_Trial_1,IMG_3418.JPG,288_R4S_447_K306_5_48,3.0,,,False,28,0.025177166666666667,122.23073908333333,9.010171890258789,8.945138931274414,8.163536071777344,14.555656433105469,15.317926406860352,14.593328475952148,12.23871898651123,11.644851684570312,9.663965225219727,11.52005672454834,11.045488357543945,11.300335884094238,9.844657897949219,9.275957107543945,9.449007034301758,9.281682014465332
DSV_Trial_1,IMG_3419.JPG,289_R4S_193_LICROWN X EXPRESS DH LINE_5_49,6.0,,,False,35,0.03696658333333333,115.95644591666667,10.176782608032227,10.811318397521973,8.551790237426758,15.469059944152832,15.833765983581543,15.553508758544922,15.77324390411377,16.03204917907715,12.761232376098633,16.722915649414062,15.112919807434082,15.284873962402344,11.860330581665039,11.45740032196045,10.330998420715332,10.249094009399414
DSV_Trial_1,IMG_3420.JPG,289_R4S_193_LICROWN X EXPRESS DH LINE_5_49,2.0,,,False,18,0.03209008333333333,120.147785,6.385592937469482,6.532992839813232,5.67042350769043,14.618097305297852,14.671409606933594,14.329438209533691,11.821329116821289,10.276412010192871,10.009028434753418,11.813921928405762,9.196331024169922,10.872742652893066,6.75200080871582,6.144815921783447,6.384490013122559,6.7699127197265625
DSV_Trial_1,IMG_3421.JPG,289_R4S_193_LICROWN X EXPRESS DH LINE_5_49,2.0,,,False,24,0.029951583333333334,119.68413033333333,10.470816612243652,10.57537841796875,9.047950744628906,13.724946022033691,14.091154098510742,13.958049774169922,13.717123985290527,12.938700675964355,11.223344802856445,13.246943473815918,11.749173164367676,12.191377639770508,11.95503044128418,12.438222885131836,11.873771667480469,10.871248245239258
DSV_Trial_1,IMG_3423.JPG,290_R4S_356_GRUENER SCHNITTKOHL_5_50,4.0,,,False,35,0.039834916666666664,118.30863508333333,18.32105255126953,19.186878204345703,16.268896102905273,16.39708709716797,17.73270034790039,16.72897720336914,18.9013729095459,20.40184211730957,16.99458885192871,19.186677932739258,17.970422744750977,18.970666885375977,19.790000915527344,21.760032653808594,19.825698852539062,18.993106842041016
DSV_Trial_1,IMG_3424.JPG,290_R4S_356_GRUENER SCHNITTKOHL_5_50,3.0,,,False,41,0.032216,121.09156983333334,15.474922180175781,16.691389083862305,13.977745056152344,17.32203483581543,18.632291793823242,17.436859130859375,17.788270950317383,17.19300651550293,14.262723922729492,17.385465621948242,16.63273048400879,16.767894744873047,17.077720642089844,18.200725555419922,17.005558013916016,16.315963745117188
DSV_Trial_1,IMG_3425.JPG,290_R4S_356_GRUENER SCHNITTKOHL_5_50,3.0,,,False,31,0.03139616666666667,123.20001058333334,9.762222290039062,10.47203254699707,9.259071350097656,15.95567512512207,17.4210205078125,16.28551483154297,14.776179313659668,13.231841087341309,12.305248260498047,13.909895896911621,12.505501747131348,14.361384391784668,10.504082679748535,10.79686164855957,10.899192810058594,10.414515495300293
DSV_Trial_1,IMG_3426.JPG,291_R4S_456_S17_5_51,2.0,,,False,23,0.02171075,120.82956275,7.5916547775268555,7.790927886962891,6.7425103187561035,14.007205963134766,14.102554321289062,13.622456550598145,12.944229125976562,11.277253150939941,10.76384449005127,12.127665519714355,10.31059741973877,12.44797134399414,8.241461753845215,8.0989351272583,7.854050636291504,8.130538940429688
DSV_Trial_1,IMG_3427.JPG,291_R4S_456_S17_5_51,4.0,,,False,24,0.023085,122.41996616666667,12.915811538696289,13.265140533447266,11.736738204956055,16.24431800842285,16.515850067138672,16.225217819213867,18.251314163208008,14.434829711914062,16.719301223754883,15.560505867004395,16.14879608154297,16.292402267456055,13.391796112060547,13.980239868164062,13.3717679977417,13.392494201660156
DSV_Trial_1,IMG_3428.JPG,291_R4S_456_S17_5_51,2.0,,,False,30,0.03299916666666667,121.505549,8.377223014831543,8.55716323852539,7.771683216094971,14.126754760742188,14.633003234863281,14.169953346252441,11.957967758178711,10.587328910827637,10.285344123840332,11.597938537597656,10.152358055114746,11.749414443969727,9.666873931884766,10.02811050415039,9.896610260009766,9.044734954833984
DSV_Trial_1,IMG_3429.JPG,292_R4S_516_R31_5_52,3.0,,,False,32,0.021846083333333332,120.94987983333333,6.142063140869141,6.431839942932129,5.785916328430176,14.03724479675293,14.448966026306152,13.923742294311523,11.80611515045166,10.739557266235352,9.741548538208008,11.700309753417969,10.406942367553711,12.054279327392578,5.94600772857666,6.205597400665283,6.293160438537598,6.552281856536865
DSV_Trial_1,IMG_3430.JPG,292_R4S_516_R31_5_52,2.0,,,False,35,0.026344,119.38494933333334,10.226404190063477,10.692177772521973,9.295717239379883,14.198592185974121,14.360193252563477,13.873575210571289,15.260326385498047,14.836819648742676,12.875657081604004,15.409541130065918,14.065781593322754,15.523865699768066,11.06998062133789,11.45322322845459,10.916939735412598,10.797813415527344
DSV_Trial_1,IMG_3431.JPG,292_R4S_516_R31_5_52,2.0,,,False,21,0.0188345,119.20719725,9.46474552154541,9.652807235717773,8.682382583618164,14.702962875366211,14.85548210144043,14.598278045654297,13.591723442077637,13.128326416015625,11.121294975280762,12.938822746276855,11.895648956298828,12.491767883300781,9.411764144897461,9.482234954833984,9.552206039428711,10.087671279907227
DSV_Trial_1,IMG_3432.JPG,293_R4S_383_Moldavia_5_53,4.0,,,False,26,0.018990416666666666,120.42903766666667,8.341686248779297,8.836172103881836,8.361644744873047,13.678857803344727,14.354131698608398,13.574402809143066,11.596014022827148,12.293436050415039,10.735115051269531,12.562211990356445,9.998558044433594,12.425338745117188,9.102304458618164,9.384422302246094,9.911758422851562,9.036706924438477
DSV_Trial_1,IMG_3433.JPG,293_R4S_383_Moldavia_5_53,3.0,,,False,32,0.036138083333333335,119.62888816666667,9.350605010986328,9.963589668273926,8.978208541870117,15.767914772033691,16.427845001220703,15.955077171325684,13.670332908630371,13.259675979614258,11.595043182373047,14.26050853729248,11.375711441040039,13.71607494354248,10.107873916625977,10.458831787109375,10.590535163879395,9.932600975036621
DSV_Trial_1,IMG_3434.JPG,293_R4S_383_Moldavia_5_53,6.0,,,False,21,0.03588525,121.66384808333333,12.459623336791992,12.890113830566406,11.064427375793457,16.74664306640625,17.04615020751953,16.56256866455078,14.1998291015625,14.328802108764648,11.987411499023438,15.005634307861328,12.41087532043457,14.3252534866333,14.12971019744873,14.36644458770752,14.165297508239746,12.67068862915039
DSV_Trial_1,IMG_3435.JPG,294_R4S_232_Beluga_5_54,6.0,,,False,19,0.026917833333333332,123.08390058333333,6.478418350219727,6.693886756896973,5.91167688369751,16.706527709960938,16.907386779785156,16.275096893310547,12.656213760375977,10.116625785827637,9.965356826782227,11.540351867675781,11.062685012817383,11.314809799194336,6.7607855796813965,6.567771911621094,6.531294345855713,6.798149108886719
DSV_Trial_1,IMG_3436.JPG,294_R4S_232_Beluga_5_54,4.0,,,False,35,0.027876333333333333,122.952005,6.467842102050781,6.758162021636963,5.99412727355957,13.629351615905762,13.750051498413086,13.299358367919922,10.735983848571777,10.1796875,8.837535858154297,11.26124382019043,10.021491050720215,11.396927833557129,6.478428840637207,6.505803108215332,6.713242530822754,6.8330535888671875
DSV_Trial_1,IMG_3437.JPG,294_R4S_232_Beluga_5_54,2.0,,,False,33,0.02052925,121.96704233333334,8.466354370117188,8.875774383544922,7.868892669677734,14.81218147277832,14.803242683410645,14.596553802490234,13.276622772216797,11.552252769470215,10.701252937316895,12.077489852905273,10.51406192779541,12.542040824890137,8.159433364868164,8.474543571472168,8.543210983276367,8.959726333618164
DSV_Trial_1,IMG_3438.JPG,295_R4S_171_Falstaff_5_55,12.0,,,False,28,0.018310833333333332,121.81554241666667,14.065206527709961,15.213944435119629,12.176636695861816,17.044052124023438,17.486135482788086,16.94241714477539,19.842439651489258,20.543989181518555,16.330486297607422,18.921899795532227,17.994693756103516,18.425992965698242,15.310680389404297,15.604313850402832,14.001969337463379,14.072954177856445
DSV_Trial_1,IMG_3439.JPG,295_R4S_171_Falstaff_5_55,3.0,,,False,21,0.025097583333333333,123.10440733333333,8.742945671081543,9.294557571411133,7.787601470947266,15.315896034240723,15.989936828613281,15.218377113342285,11.687342643737793,12.107053756713867,9.290436744689941,11.739197731018066,11.322233200073242,11.36435604095459,10.415799140930176,10.049196243286133,9.343306541442871,8.78571891784668
DSV_Trial_1,IMG_3440.JPG,295_R4S_171_Falstaff_5_55,3.0,,,False,22,0.02393775,121.63587066666666,10.100883483886719,10.235867500305176,8.65031623840332,15.611785888671875,15.580913543701172,15.756821632385254,14.620142936706543,12.699503898620605,11.585213661193848,14.154644012451172,11.727337837219238,12.615449905395508,11.661624908447266,10.75285530090332,10.411575317382812,10.197236061096191
DSV_Trial_1,IMG_3441.JPG,296_R4S_332_Hollandse Gele Roodkop_5_56,2.0,,,False,29,0.015355333333333334,120.44707408333333,11.22255802154541,11.738224029541016,11.327167510986328,12.671510696411133,12.189023971557617,12.348155975341797,15.15349006652832,13.866643905639648,12.051456451416016,13.631552696228027,12.080087661743164,13.574939727783203,10.437767028808594,11.856597900390625,12.20933723449707,12.383859634399414
DSV_Trial_1,IMG_3442.JPG,296_R4S_332_Hollandse Gele Roodkop_5_56,6.0,,,False,32,0.0116665,121.99200316666666,14.227005004882812,14.520030975341797,13.439361572265625,13.293904304504395,13.194408416748047,13.008804321289062,15.670464515686035,14.755021095275879,12.912772178649902,13.400924682617188,14.183147430419922,13.96219253540039,13.803516387939453,14.354910850524902,14.867639541625977,14.873451232910156
DSV_Trial_1,IMG_3443.JPG,296_R4S_332_Hollandse Gele Roodkop_5_56,2.0,,,False,30,0.01377275,116.01380583333334,8.357763290405273,8.604669570922852,8.382667541503906,13.209627151489258,13.322005271911621,12.893064498901367,13.155380249023438,11.815016746520996,10.091666221618652,11.978290557861328,10.31595230102539,11.766695022583008,7.565243721008301,8.032174110412598,8.855103492736816,9.227083206176758
DSV_Trial_1,IMG_3444.JPG,297_R4S_429_L122_5_57,6.0,,,False,27,0.02469475,123.03309358333334,19.2691707611084,19.461585998535156,16.289569854736328,17.070056915283203,17.161209106445312,16.864177703857422,19.958425521850586,18.809598922729492,15.99437141418457,19.239898681640625,19.21013069152832,18.058942794799805,21.6591796875,22.404075622558594,20.573678970336914,19.070087432861328
DSV_Trial_1,IMG_3445.JPG,297_R4S_429_L122_5_57,2.0,,,False,43,0.024089583333333334,122.43502716666667,13.863555908203125,13.240250587463379,11.844681739807129,16.264711380004883,15.51858139038086,16.069225311279297,18.84850311279297,17.855857849121094,15.901809692382812,18.229440689086914,16.792890548706055,17.644466400146484,15.757963180541992,14.725305557250977,14.181085586547852,13.801033020019531
DSV_Trial_1,IMG_3447.JPG,297_R4S_429_L122_5_57,3.0,,,False,29,0.03030075,122.1022185,16.44488525390625,16.631977081298828,14.32537841796875,15.662291526794434,15.796868324279785,15.500459671020508,16.998790740966797,17.351743698120117,14.134632110595703,16.751022338867188,15.983155250549316,16.208328247070312,18.420656204223633,19.355224609375,17.479639053344727,16.784439086914062
DSV_Trial_1,IMG_3448.JPG,298_R4S_228_Orlando_5_58,7.0,,,False,20,0.022527,120.55062883333333,11.06048583984375,11.12825870513916,10.370837211608887,16.059253692626953,16.410173416137695,16.414648056030273,15.85665225982666,14.583353996276855,12.657973289489746,14.716699600219727,12.728342056274414,14.318950653076172,11.649502754211426,11.61380672454834,12.245462417602539,11.547072410583496
DSV_Trial_1,IMG_3449.JPG,298_R4S_228_Orlando_5_58,11.0,,,False,28,0.02542475,119.90940966666666,8.062795639038086,8.148467063903809,7.960513114929199,16.832481384277344,17.19400405883789,17.298006057739258,13.785405158996582,12.650153160095215,11.023698806762695,13.687755584716797,10.562896728515625,13.05508041381836,7.850618362426758,7.898693084716797,8.916572570800781,8.618429183959961
DSV_Trial_1,IMG_3450.JPG,298_R4S_228_Orlando_5_58,3.0,,,False,22,0.020481083333333334,118.19877275,13.003257751464844,13.7969331741333,12.58283805847168,17.95949935913086,18.687480926513672,18.001956939697266,19.76664161682129,17.518407821655273,18.803110122680664,18.61627769470215,14.587615013122559,18.1052303314209,12.263894081115723,13.336899757385254,13.727408409118652,13.492561340332031
DSV_Trial_1,IMG_3451.JPG,299_R4S_272_Doral_5_59,4.0,,,False,39,0.025010583333333333,119.83081783333333,11.470441818237305,11.74797248840332,10.351428985595703,14.116891860961914,14.26907730102539,13.864415168762207,13.867618560791016,12.960511207580566,11.226325035095215,13.191130638122559,11.91837215423584,13.345161437988281,11.870038032531738,12.252120971679688,12.244024276733398,11.989395141601562
DSV_Trial_1,IMG_3452.JPG,299_R4S_272_Doral_5_59,1.0,,,False,30,0.0329105,122.23865833333333,6.78598165512085,6.788121700286865,6.15309476852417,14.700977325439453,14.947234153747559,14.793144226074219,11.67211627960205,11.18349838256836,9.731680870056152,11.948186874389648,9.344907760620117,10.678474426269531,7.520784378051758,6.796618461608887,7.19439697265625,7.192798614501953
DSV_Trial_1,IMG_3453.JPG,299_R4S_272_Doral_5_59,4.0,,,False,24,0.020169083333333334,124.67097925,8.394338607788086,8.5296049118042,7.6766815185546875,12.93761157989502,13.024985313415527,12.729043960571289,13.394659996032715,13.31202507019043,10.794625282287598,12.32794189453125,11.180797576904297,11.315388679504395,9.171403884887695,8.693893432617188,8.902946472167969,8.813116073608398
DSV_Trial_1,IMG_3454.JPG,300_R4S_180_Duell_5_60,1.0,,,False,26,0.023377333333333333,121.30467008333333,8.739070892333984,9.30488395690918,7.968161582946777,13.386459350585938,13.58648681640625,13.313159942626953,12.629644393920898,12.51101016998291,10.423168182373047,12.472848892211914,10.89444637298584,12.151984214782715,9.499293327331543,9.858099937438965,9.618107795715332,9.106952667236328
DSV_Trial_1,IMG_3455.JPG,300_R4S_180_Duell_5_60,3.0,,,False,23,0.026283583333333332,113.82949125,8.987215042114258,9.29403018951416,8.046314239501953,13.45431137084961,13.690558433532715,13.319971084594727,12.104382514953613,10.863990783691406,9.63632583618164,10.933137893676758,10.108830451965332,10.696221351623535,9.523865699768066,9.686491012573242,9.622556686401367,9.37576961517334
DSV_Trial_1,IMG_3456.JPG,300_R4S_180_Duell_5_60,2.0,,,False,24,0.022831416666666667,122.15642091666666,7.684844970703125,8.05163860321045,7.147736549377441,15.808881759643555,16.33038330078125,15.973905563354492,15.644112586975098,13.463576316833496,12.557382583618164,15.072509765625,12.636266708374023,15.23857307434082,8.573938369750977,8.722587585449219,8.284527778625488,8.055742263793945
GG1_heldout_disagreement,20251021_121545.jpg,84_R4S_177_SLM 0512_14_1,22.75,30.0,15.5,True,5,0.014552426864195356,131.9972246128382,16.223369598388672,15.85004997253418,15.494012832641602,17.30964469909668,17.326265335083008,17.355510711669922,20.389501571655273,21.52729034423828,19.835939407348633,17.271440505981445,20.679401397705078,19.86720085144043,14.154923439025879,14.863621711730957,15.86910629272461,15.584603309631348
GG1_heldout_disagreement,20251021_121556.jpg,84_R4S_177_SLM 0512_14_1,23.0,30.0,16.0,True,5,0.01932792813824463,130.34988807754723,7.867132186889648,7.1882781982421875,7.191811561584473,7.5943708419799805,7.666427135467529,7.844449043273926,6.64744234085083,8.052634239196777,6.289242267608643,6.284390926361084,7.336655139923096,6.588739395141602,9.110791206359863,7.596498966217041,8.326617240905762,7.497463703155518
GG1_heldout_disagreement,20251021_121605.jpg,84_R4S_177_SLM 0512_14_1,19.0,25.0,13.0,True,7,0.025105677759054708,128.10200581742674,10.498284339904785,9.72433853149414,9.255634307861328,12.370147705078125,12.213287353515625,12.178787231445312,10.507102966308594,11.358280181884766,11.262614250183105,10.036006927490234,12.011345863342285,11.829704284667969,10.250428199768066,10.029031753540039,10.897689819335938,10.21715259552002
GG1_heldout_disagreement,20251021_121721.jpg,97_R4S_265_Pirola_17_1,38.25,50.0,26.5,True,6,0.005428424729937883,129.89201492011395,25.640148162841797,26.21845054626465,24.02009391784668,17.510408401489258,18.70565414428711,18.316720962524414,19.3398494720459,20.801179885864258,22.431180953979492,23.65751838684082,23.266401290893555,23.075639724731445,27.245746612548828,26.504377365112305,24.965229034423828,24.28350830078125
GG1_heldout_disagreement,20251021_121727.jpg,97_R4S_265_Pirola_17_1,30.5,40.0,21.0,True,8,0.01913628188358404,131.83710605379332,11.393695831298828,10.702835083007812,10.534614562988281,15.667171478271484,15.161649703979492,15.714680671691895,13.635161399841309,15.776753425598145,15.963943481445312,14.858758926391602,16.901325225830078,17.81035614013672,11.699562072753906,10.993535041809082,12.066435813903809,11.243826866149902
GG1_heldout_disagreement,20251021_121737.jpg,97_R4S_265_Pirola_17_1,29.75,35.0,24.5,True,7,0.010155840056408239,129.4197796758166,16.730894088745117,16.13333511352539,14.752131462097168,11.813365936279297,11.671635627746582,11.571864128112793,11.175082206726074,11.967554092407227,11.063484191894531,11.017276763916016,13.884546279907227,11.520689010620117,17.237516403198242,16.194297790527344,16.599529266357422,15.537104606628418
GG1_heldout_disagreement,20251021_122013.jpg,132_R4S_266_Alaska_22_1,9.5,5.0,14.0,True,6,0.02513384951623405,127.8240697925177,6.337739944458008,6.040496826171875,5.874240875244141,7.630623817443848,7.678219318389893,7.850551605224609,7.1276960372924805,5.998117446899414,7.081820964813232,6.262241363525391,7.195723056793213,7.236967086791992,6.524074554443359,5.939188003540039,6.338614463806152,6.141973972320557
GG1_heldout_disagreement,20251021_122022.jpg,132_R4S_266_Alaska_22_1,18.0,15.0,21.0,True,6,0.009080282590700794,129.34837173381388,19.04709243774414,18.099578857421875,17.05668830871582,14.705342292785645,14.455108642578125,14.436737060546875,14.635115623474121,17.20657730102539,15.25520133972168,15.097607612609863,17.521312713623047,15.212750434875488,20.947288513183594,18.28972625732422,18.21253204345703,17.816539764404297
GG1_heldout_disagreement,20251021_122032.jpg,132_R4S_266_Alaska_22_1,35.25,40.0,30.5,True,9,0.010104682414730509,128.04974699781351,19.77309799194336,19.833282470703125,19.32093620300293,22.402420043945312,22.2995548248291,22.086050033569336,21.58135986328125,28.673952102661133,24.293861389160156,27.853256225585938,26.551368713378906,28.625091552734375,19.413320541381836,19.295433044433594,19.545677185058594,19.125873565673828
GG1_heldout_disagreement,20251021_122046.jpg,133_R4S_224_APEX/93_5 X GINZOU_3 DH LINE_23_1,4.95,2.0,7.9,True,4,0.008539161588735543,132.38666777192478,7.628929615020752,7.529673099517822,6.557501792907715,10.463506698608398,10.800908088684082,10.102181434631348,7.4297404289245605,16.26071548461914,6.749245643615723,9.309889793395996,12.187265396118164,10.082450866699219,8.476287841796875,8.217024803161621,7.247340202331543,7.226731300354004
GG1_heldout_disagreement,20251021_122055.jpg,133_R4S_224_APEX/93_5 X GINZOU_3 DH LINE_23_1,25.25,35.0,15.5,True,4,0.008922493712007354,132.14474623366027,21.567646026611328,20.709686279296875,19.846458435058594,21.13739013671875,21.16048812866211,20.954402923583984,19.61449432373047,23.514205932617188,21.290374755859375,20.86871337890625,23.006132125854492,21.30061149597168,22.302982330322266,21.459869384765625,20.875755310058594,20.265769958496094
GG1_heldout_disagreement,20251021_122101.jpg,133_R4S_224_APEX/93_5 X GINZOU_3 DH LINE_23_1,26.25,30.0,22.5,True,5,0.008895970462062416,133.12913484052135,19.273998260498047,19.066070556640625,17.477882385253906,20.93670654296875,21.07388687133789,21.449790954589844,16.2968807220459,19.056365966796875,15.312872886657715,18.66799545288086,19.691560745239258,18.387941360473633,21.361141204833984,21.050195693969727,20.160320281982422,18.111534118652344
GG1_heldout_disagreement,20251021_122148.jpg,145_R4S_549_ALLESANDRO KWS_25_1,27.25,40.0,14.5,True,9,0.015794749258355525,136.35825478145534,17.178939819335938,16.173137664794922,15.478538513183594,17.765499114990234,18.788419723510742,17.49213409423828,12.803441047668457,17.316118240356445,13.952469825744629,15.46302318572998,16.85264015197754,15.796624183654785,19.1029052734375,16.936031341552734,16.82248306274414,16.25678253173828
GG1_heldout_disagreement,20251021_122158.jpg,145_R4S_549_ALLESANDRO KWS_25_1,19.25,25.0,13.5,True,6,0.006611491480789691,127.80277719936724,12.881003379821777,12.380867004394531,11.945650100708008,14.105101585388184,14.318169593811035,14.311278343200684,10.898319244384766,11.697413444519043,10.663257598876953,11.03087329864502,12.875965118408203,12.849580764770508,14.050277709960938,12.799055099487305,12.38823127746582,12.056563377380371
GG1_heldout_disagreement,20251021_122206.jpg,145_R4S_549_ALLESANDRO KWS_25_1,19.75,33.0,6.5,True,5,0.020322790016126958,129.8566801458638,2.066992998123169,2.022491455078125,1.9027434587478638,2.3533453941345215,2.710021495819092,2.3834738731384277,2.5304534435272217,2.6381707191467285,2.453026533126831,2.404801368713379,2.526533842086792,2.513810396194458,2.1597368717193604,1.9523955583572388,2.0629312992095947,2.1523385047912598
GG1_heldout_disagreement,20251021_122550.jpg,192_R4S_181_Express 617_32_1,14.5,7.0,22.0,True,6,0.018701181236395498,129.51080898834343,27.922990798950195,27.54290008544922,26.596900939941406,25.56105613708496,26.092884063720703,25.244487762451172,22.911109924316406,28.99646759033203,23.457305908203125,28.558900833129883,28.972265243530273,25.67479705810547,26.23070526123047,27.328445434570312,27.78180694580078,26.89337158203125
GG1_heldout_disagreement,20251021_122557.jpg,192_R4S_181_Express 617_32_1,6.0,2.0,10.0,True,5,0.007152424393542609,134.20872630240495,4.936244010925293,5.002668380737305,4.727967739105225,7.281871318817139,7.75594425201416,7.261523246765137,3.369795560836792,3.0204427242279053,3.5925333499908447,2.8292181491851807,3.612272024154663,4.203106880187988,4.90553617477417,4.8665313720703125,4.691969871520996,4.663682460784912
GG1_heldout_disagreement,20251021_122605.jpg,192_R4S_181_Express 617_32_1,7.5,1.0,14.0,True,9,0.016371873571980437,131.14422752587328,5.884427070617676,5.645124435424805,4.791420936584473,6.995861530303955,6.963360786437988,6.371532917022705,5.198089599609375,7.183403015136719,4.946315765380859,6.24401330947876,6.88555908203125,5.855222702026367,7.512656211853027,6.095289707183838,5.494678974151611,5.403026580810547
GG1_heldout_disagreement,20251021_122920.jpg,229_R4S_216_OLIMPIADE_39_1,29.0,45.0,13.0,True,8,0.012806308214755016,131.92440616635596,17.281204223632812,16.098302841186523,16.540584564208984,17.297252655029297,16.31279182434082,16.850547790527344,16.13064956665039,18.3344669342041,17.099430084228516,17.916963577270508,18.193567276000977,17.32030487060547,17.58547019958496,16.603376388549805,17.332775115966797,16.385848999023438
GG1_heldout_disagreement,20251021_122927.jpg,229_R4S_216_OLIMPIADE_39_1,23.25,40.0,6.5,True,8,0.024586922721786423,127.62187513586366,8.924497604370117,8.273754119873047,8.29582405090332,11.515558242797852,11.266700744628906,11.5117826461792,6.767837047576904,5.845516681671143,8.850064277648926,5.85396146774292,6.30259370803833,9.322237014770508,8.860944747924805,8.856679916381836,9.05799674987793,8.666595458984375
GG1_heldout_disagreement,20251021_122934.jpg,229_R4S_216_OLIMPIADE_39_1,23.0,35.0,11.0,True,7,0.015495086923658353,130.436622664939,12.990522384643555,12.669939994812012,11.729190826416016,13.283514022827148,13.101249694824219,12.441654205322266,12.68306827545166,16.07901954650879,13.295292854309082,13.875889778137207,14.401067733764648,13.860212326049805,14.451565742492676,13.042882919311523,14.111322402954102,12.553361892700195
GG1_heldout_disagreement,20251021_122944.jpg,240_R4S_233_LSF 0519_40_1,35.75,45.0,26.5,True,10,0.019131859317037175,125.14883241239431,18.67666244506836,18.05198860168457,17.287052154541016,20.5747127532959,21.48126220703125,20.821809768676758,19.126750946044922,24.57984161376953,18.992595672607422,24.40822410583496,24.399463653564453,21.525911331176758,18.66853904724121,17.424503326416016,18.566146850585938,17.752595901489258
GG1_heldout_disagreement,20251021_122951.jpg,240_R4S_233_LSF 0519_40_1,24.75,35.0,14.5,True,6,0.018436825379798603,127.58524878626382,27.340301513671875,26.76846694946289,25.54803466796875,19.872962951660156,19.63489532470703,19.46881103515625,22.790298461914062,26.409801483154297,25.317684173583984,25.403955459594727,27.507797241210938,25.03545379638672,23.429088592529297,24.542095184326172,26.72285270690918,26.42763900756836
GG1_heldout_disagreement,20251021_123000.jpg,240_R4S_233_LSF 0519_40_1,24.25,35.0,13.5,True,6,0.010739556787451834,127.49040738112726,18.924640655517578,18.612319946289062,17.16639518737793,14.987089157104492,15.308700561523438,15.30963134765625,14.433598518371582,19.580381393432617,14.844916343688965,14.990423202514648,19.04131507873535,15.853065490722656,18.46996307373047,18.95250701904297,18.682214736938477,17.736066818237305
GG1_heldout_disagreement,20251021_123012.jpg,241_R4S_195_NORIN_41_1,30.25,45.0,15.5,True,8,0.013896390916259202,132.6857996129122,22.735740661621094,22.019954681396484,21.682044982910156,19.420345306396484,19.397735595703125,18.943099975585938,21.058828353881836,26.31062889099121,22.656200408935547,25.4550838470459,23.60625648498535,24.361164093017578,23.30817985534668,22.495624542236328,22.83651351928711,21.670093536376953
GG1_heldout_disagreement,20251021_123020.jpg,241_R4S_195_NORIN_41_1,26.5,40.0,13.0,True,7,0.010054379194907568,131.44981674335,26.04068374633789,25.06212043762207,24.575748443603516,19.853227615356445,19.44924545288086,19.323169708251953,20.267763137817383,24.821874618530273,20.912141799926758,24.394664764404297,23.103063583374023,23.20642852783203,24.984647750854492,24.84351348876953,25.90635108947754,24.666793823242188
GG1_heldout_disagreement,20251021_123032.jpg,241_R4S_195_NORIN_41_1,23.0,35.0,11.0,True,9,0.011865209259424012,133.56601588504358,15.949138641357422,15.524869918823242,16.124252319335938,14.375341415405273,13.227615356445312,13.540128707885742,16.7321720123291,17.54961395263672,18.28717041015625,17.624961853027344,15.5756254196167,18.576602935791016,14.834051132202148,15.185171127319336,16.705829620361328,15.837335586547852
GG1_heldout_disagreement,20251021_123304.jpg,276_R4S_385_Markus_46_1,24.25,35.0,13.5,True,9,0.019049472008960098,123.81524688651024,18.33899688720703,17.674726486206055,17.5654296875,17.640336990356445,17.74420738220215,17.809005737304688,17.224777221679688,19.733856201171875,18.9941463470459,18.71121597290039,20.070938110351562,19.85282325744629,17.629329681396484,17.548702239990234,18.763975143432617,17.63378143310547
GG1_heldout_disagreement,20251021_123312.jpg,276_R4S_385_Markus_46_1,35.25,50.0,20.5,True,9,0.02114292048600176,132.17614818329494,18.904945373535156,17.155641555786133,18.929826736450195,16.421438217163086,15.952047348022461,16.007915496826172,16.984230041503906,20.001155853271484,19.087846755981445,19.071720123291016,18.591941833496094,18.545991897583008,18.980663299560547,17.51158905029297,19.909805297851562,19.219209671020508
GG1_heldout_disagreement,20251021_123320.jpg,276_R4S_385_Markus_46_1,31.25,45.0,17.5,True,6,0.012403357822014162,125.03694313276806,23.937034606933594,23.873403549194336,23.06125831604004,22.71087646484375,23.38292694091797,22.83536148071289,21.96649742126465,28.324491500854492,24.270437240600586,27.75185775756836,27.857376098632812,27.013578414916992,24.25106430053711,24.38422966003418,24.91559600830078,23.727449417114258
GG1_heldout_disagreement,20251021_123332.jpg,277_R4S_280_Lirakotta_47_1,28.0,45.0,11.0,True,7,0.01154261812018442,132.00084279927538,24.253890991210938,25.073381423950195,23.442089080810547,21.914873123168945,22.093658447265625,21.0487003326416,21.527437210083008,25.944313049316406,22.420373916625977,26.06366539001465,24.902164459228516,24.494985580444336,23.40167236328125,25.035053253173828,24.518028259277344,23.84436798095703
GG1_heldout_disagreement,20251021_123343.jpg,277_R4S_280_Lirakotta_47_1,24.5,40.0,9.0,True,7,0.014184027118987086,132.54829831729046,17.288108825683594,16.518217086791992,15.109260559082031,16.416471481323242,16.551401138305664,15.79356861114502,13.197260856628418,16.816734313964844,11.864564895629883,14.183267593383789,15.383927345275879,14.16809368133545,17.887508392333984,16.765365600585938,16.64724349975586,16.085447311401367
GG1_heldout_disagreement,20251021_123353.jpg,277_R4S_280_Lirakotta_47_1,27.5,40.0,15.0,True,7,0.010737294201861132,127.63322476214887,20.102922439575195,19.629756927490234,18.938701629638672,17.967390060424805,17.571739196777344,17.593505859375,16.250375747680664,20.91779136657715,16.85095977783203,20.031700134277344,19.895931243896484,18.356447219848633,21.324600219726562,20.36060333251953,20.653032302856445,19.044723510742188
GG1_heldout_disagreement,20251021_123407.jpg,No label 1,11.25,15.0,7.5,True,8,0.013442993581633663,128.19340249198493,7.289175033569336,6.904845714569092,6.873323917388916,7.892027854919434,8.264039993286133,7.650827884674072,5.827892780303955,6.135990619659424,5.541128158569336,5.711138725280762,6.306676387786865,5.875503063201904,8.781135559082031,7.435713768005371,7.366377830505371,7.078921318054199
GG1_heldout_disagreement,20251021_123413.jpg,No label 2,12.75,20.0,5.5,True,11,0.022541836734693878,126.79072959183674,7.4494218826293945,7.272083759307861,7.2551727294921875,8.136696815490723,7.962229251861572,8.15701961517334,7.989612102508545,6.655961036682129,8.272970199584961,6.709395408630371,7.085279941558838,8.205838203430176,7.327505588531494,7.144596576690674,7.4483442306518555,7.287339210510254
GG1_heldout_disagreement,20251021_123420.jpg,No label 3,22.0,35.0,9.0,True,4,0.01018993442141335,127.00367785399659,8.263280868530273,8.407617568969727,7.200567245483398,8.07692813873291,8.801633834838867,8.034126281738281,5.172278881072998,5.507341384887695,4.244229316711426,4.141551494598389,6.755807399749756,4.521613597869873,9.403426170349121,8.790740966796875,8.225939750671387,7.558829307556152
GG1_heldout_disagreement,20251021_123724.jpg,302_R4S_382_Norde_51_2,21.0,30.0,12.0,True,8,0.007258403203207776,127.60495795348538,15.720373153686523,15.310665130615234,14.954854965209961,11.991579055786133,11.271622657775879,11.469022750854492,14.011385917663574,13.66544246673584,14.433961868286133,13.989773750305176,14.001579284667969,14.768521308898926,15.634056091308594,14.634231567382812,15.319536209106445,15.212080001831055
GG1_heldout_disagreement,20251021_123732.jpg,302_R4S_382_Norde_51_2,16.75,20.0,13.5,True,6,0.01281729090600104,125.6323251777962,15.690970420837402,15.085372924804688,14.513300895690918,15.080581665039062,14.89543342590332,14.943957328796387,13.749363899230957,16.099464416503906,14.93715763092041,13.800248146057129,15.574352264404297,14.916568756103516,15.231315612792969,15.012834548950195,16.163022994995117,15.21739673614502
GG1_heldout_disagreement,20251021_123740.jpg,302_R4S_382_Norde_51_2,14.5,20.0,9.0,True,7,0.02078286089077456,129.18605423353625,13.402889251708984,12.95383071899414,12.923831939697266,12.2578125,12.245536804199219,12.00212287902832,13.352324485778809,15.20271110534668,13.650371551513672,12.389833450317383,14.366291046142578,13.231563568115234,12.209832191467285,11.65916633605957,13.205296516418457,13.297673225402832
GG1_heldout_disagreement,20251021_123923.jpg,278_R4S_394_Erra_47_2,17.75,25.0,10.5,True,8,0.02343792235876323,124.35068357141373,11.638924598693848,11.04881477355957,10.962385177612305,11.899176597595215,12.156266212463379,12.084850311279297,10.34998607635498,9.495345115661621,11.470367431640625,9.310111999511719,9.314239501953125,12.119290351867676,11.973054885864258,11.457140922546387,12.093917846679688,11.306421279907227
GG1_heldout_disagreement,20251021_123930.jpg,278_R4S_394_Erra_47_2,15.0,18.0,12.0,True,7,0.02219619594456368,119.80504623462461,17.2947998046875,16.050189971923828,16.275501251220703,15.90237808227539,16.004520416259766,16.072906494140625,15.55884075164795,17.04452133178711,16.16385269165039,16.82345962524414,16.154813766479492,17.259078979492188,16.349403381347656,15.991828918457031,17.612342834472656,16.672393798828125
GG1_heldout_disagreement,20251021_123941.jpg,275_R4S_308_ABUKUMA NATANE_46_2,20.5,25.0,16.0,True,8,0.018974118960218698,123.74755196589803,9.256124496459961,9.202583312988281,7.916217803955078,11.19512939453125,11.865067481994629,11.561614036560059,7.839385509490967,12.17348575592041,7.096932888031006,9.697479248046875,14.028424263000488,9.869756698608398,11.180798530578613,9.856107711791992,9.116308212280273,8.320615768432617
GG1_heldout_disagreement,20251021_123951.jpg,275_R4S_308_ABUKUMA NATANE_46_2,18.75,23.0,14.5,True,6,0.029686754306043645,122.13791890568541,13.452020645141602,12.87600326538086,11.915701866149902,15.767461776733398,17.021541595458984,16.205198287963867,12.800817489624023,15.101930618286133,13.53642463684082,13.161190032958984,14.657224655151367,14.73379898071289,14.248026847839355,13.542434692382812,13.984212875366211,12.757224082946777
GG1_heldout_disagreement,20251021_123959.jpg,275_R4S_308_ABUKUMA NATANE_46_2,14.75,19.0,10.5,True,8,0.03171558424298363,121.07180926488117,6.927377223968506,6.252422332763672,5.841178894042969,7.206974029541016,7.541368007659912,7.476398944854736,5.631139278411865,5.848802089691162,4.880778789520264,4.963604927062988,5.714231014251709,5.310575008392334,7.715120315551758,6.802350044250488,7.11298131942749,6.427270889282227
GG1_heldout_disagreement,20251021_124220.jpg,242_R4S_273_Edita_41_2,23.25,30.0,16.5,True,10,0.02063337047127899,125.84008701672131,17.13043212890625,16.489036560058594,15.219943046569824,19.118465423583984,19.11538314819336,18.532733917236328,14.292202949523926,17.664674758911133,15.865337371826172,17.82392692565918,16.565723419189453,17.870386123657227,18.539676666259766,16.972721099853516,16.749828338623047,15.952643394470215
GG1_heldout_disagreement,20251021_124226.jpg,242_R4S_273_Edita_41_2,20.0,25.0,15.0,True,4,0.024127314337596024,121.3496677516019,22.149375915527344,21.834949493408203,20.20376205444336,19.672382354736328,20.61996841430664,20.061359405517578,19.71428871154785,20.03030776977539,19.589204788208008,18.651756286621094,20.698081970214844,20.160139083862305,20.415063858032227,21.18378448486328,22.535118103027344,21.872825622558594
GG1_heldout_disagreement,20251021_124232.jpg,242_R4S_273_Edita_41_2,18.75,26.0,11.5,True,10,0.03827136442910683,125.45671556561571,15.336451530456543,15.085566520690918,13.524784088134766,8.097860336303711,8.504264831542969,8.447040557861328,9.098597526550293,12.349989891052246,9.360443115234375,8.620207786560059,10.898713111877441,9.842421531677246,15.887053489685059,15.759778022766113,16.319374084472656,15.299558639526367
GG1_heldout_disagreement,20251021_124242.jpg,239_R4S_215_SHANG/ZOU_40_2,16.0,23.0,9.0,True,10,0.014956926752796359,127.49697957990352,15.013002395629883,14.27660083770752,14.68104362487793,13.067808151245117,12.60084342956543,12.866751670837402,12.943835258483887,13.566267013549805,12.978489875793457,12.112154960632324,15.248845100402832,14.38171100616455,14.406347274780273,14.332420349121094,15.255504608154297,14.549467086791992
GG1_heldout_disagreement,20251021_124249.jpg,239_R4S_215_SHANG/ZOU_40_2,28.5,40.0,17.0,True,10,0.01831882364557962,127.75137931176354,14.768085479736328,13.7695951461792,13.693126678466797,16.356552124023438,15.77127742767334,15.995123863220215,15.23758602142334,17.387420654296875,16.38518524169922,18.416772842407227,17.030162811279297,17.544504165649414,15.343586921691895,14.30974006652832,15.343300819396973,14.195107460021973
GG1_heldout_disagreement,20251021_124257.jpg,239_R4S_215_SHANG/ZOU_40_2,25.25,37.0,13.5,True,7,0.01623169367501719,124.02152782766655,9.339632987976074,8.622749328613281,9.399873733520508,7.335533142089844,6.495235443115234,6.764486789703369,5.518570423126221,7.027082920074463,6.208305835723877,5.777890682220459,5.603179931640625,6.218112468719482,9.185012817382812,8.768107414245605,10.005867958068848,9.697872161865234
GG1_heldout_disagreement,20251021_124802.jpg,170_R4S_285_Quedlinburger Platyfester_29_2,27.25,35.0,19.5,True,6,0.019473059454995872,127.23727291494633,13.264182090759277,11.836769104003906,13.175474166870117,11.77531623840332,11.361727714538574,11.267523765563965,12.836569786071777,14.109075546264648,12.526747703552246,12.243353843688965,12.91518783569336,12.095722198486328,12.64065933227539,11.570185661315918,14.056073188781738,13.510461807250977
GG1_heldout_disagreement,20251021_124809.jpg,170_R4S_285_Quedlinburger Platyfester_29_2,22.25,30.0,14.5,True,10,0.01627555410842617,127.6796195083378,12.201580047607422,11.529793739318848,11.345568656921387,9.98741340637207,9.83370304107666,10.024179458618164,10.858698844909668,12.113213539123535,10.570717811584473,11.218297004699707,11.89352798461914,10.780535697937012,12.725351333618164,11.553131103515625,12.695878982543945,11.810815811157227
GG1_heldout_disagreement,20251021_124819.jpg,170_R4S_285_Quedlinburger Platyfester_29_2,25.75,30.0,21.5,True,7,0.013420786573652815,125.58015468607826,14.370166778564453,14.025954246520996,12.909082412719727,14.053913116455078,14.378177642822266,13.612403869628906,11.052845001220703,11.203776359558105,12.352313041687012,11.834031105041504,12.521944999694824,12.466913223266602,15.490823745727539,14.97564697265625,14.391000747680664,13.578225135803223
GG1_heldout_disagreement,20251021_124833.jpg,167_R4S_157_BRISTOL_28_2,19.0,30.0,8.0,False,23,0.0064350833333333335,127.39283608333334,8.467582702636719,8.308210372924805,7.961891174316406,8.426549911499023,9.249252319335938,8.617209434509277,9.182366371154785,8.917938232421875,7.8569769859313965,10.103338241577148,9.40203857421875,9.244861602783203,8.645317077636719,8.075981140136719,8.184415817260742,8.122980117797852
GG1_heldout_disagreement,20251021_125018.jpg,146_R4S_243_Sansibar_25_2,10.75,8.0,13.5,True,4,0.0037047548946221535,127.46156245321623,31.886131286621094,33.22893524169922,29.17597198486328,25.908578872680664,27.95220947265625,27.05826187133789,19.011425018310547,28.357215881347656,20.933284759521484,27.415218353271484,28.819257736206055,25.362295150756836,37.145721435546875,35.2987060546875,30.940750122070312,28.585813522338867
GG1_heldout_disagreement,20251021_125053.jpg,143_R4S_289_Start_24_2,12.25,8.0,16.5,True,11,0.015817502706791067,127.3170100449146,18.740198135375977,17.681379318237305,17.565837860107422,17.116941452026367,16.02243423461914,16.75058937072754,16.027978897094727,20.10576057434082,16.534605026245117,17.76689910888672,19.139013290405273,18.271432876586914,19.156673431396484,18.466079711914062,18.618919372558594,17.88019371032715
GG1_heldout_disagreement,20251021_125412.jpg,98_R4S_417_H355_17_2,18.75,23.0,14.5,True,6,0.01322428737291375,123.05606762173134,12.674595832824707,11.985355377197266,11.203790664672852,16.750717163085938,17.764156341552734,17.52508544921875,11.227677345275879,13.649703979492188,11.284868240356445,12.650735855102539,14.633718490600586,12.336217880249023,15.506797790527344,12.986442565917969,12.435483932495117,11.316190719604492
GG1_heldout_disagreement,20251021_125423.jpg,95_R4S_279_Liglorz_16_2,16.5,20.0,13.0,True,7,0.015943459261809893,122.10320027218916,12.30093765258789,12.089580535888672,11.504843711853027,10.80252456665039,11.080957412719727,10.81375789642334,9.740763664245605,11.218395233154297,11.461784362792969,10.643640518188477,11.654511451721191,11.998791694641113,13.379803657531738,12.784475326538086,12.41390609741211,11.718770980834961
GG1_heldout_disagreement,20251021_125431.jpg,95_R4S_279_Liglorz_16_2,8.0,13.0,3.0,True,8,0.03138492621042592,124.61227142666681,2.233212947845459,2.0052781105041504,2.0839285850524902,1.5875591039657593,1.4527608156204224,1.5359630584716797,2.142653703689575,2.094921350479126,2.0825579166412354,1.764926552772522,2.0842068195343018,1.9909961223602295,2.5255165100097656,2.2003121376037598,2.5738775730133057,2.3090732097625732
GG1_heldout_disagreement,20251021_125439.jpg,95_R4S_279_Liglorz_16_2,9.75,13.0,6.5,True,9,0.044893941580260145,128.432174661417,4.823203086853027,4.533483028411865,4.534606456756592,7.632744312286377,7.61446475982666,7.759020805358887,6.190375328063965,5.87206506729126,7.373447895050049,5.414097785949707,5.750282287597656,6.776029586791992,5.311016082763672,4.908484935760498,5.368376731872559,4.792320251464844
GG1_heldout_disagreement,20251021_125839.jpg,50_R4S_204_Leopard_9_2,10.75,15.0,6.5,True,5,0.016629495934211636,121.09346535968751,5.585801124572754,5.2060136795043945,5.395835876464844,5.314090728759766,5.759718894958496,5.507409572601318,5.213143825531006,5.941398620605469,4.778921127319336,5.092894554138184,6.030345439910889,4.91119909286499,6.261251449584961,5.5371317863464355,6.333106994628906,5.5794997215271
GG1_heldout_disagreement,20251021_130013.jpg,35_R4S_151_Ontario_6_2,13.75,0.0,27.5,True,1,0.0012512607591961334,125.28679656475731,3.7594873905181885,3.472947597503662,3.5503015518188477,3.071587562561035,3.0635881423950195,3.262773036956787,3.2375402450561523,4.53968620300293,3.1903789043426514,4.01545524597168,4.245180130004883,3.435347557067871,5.084272384643555,3.8063783645629883,3.7754337787628174,3.5111167430877686
GG1_heldout_disagreement,20251021_130128.jpg,14_R4S_331_Magres Pajberg_3_2,7.25,10.0,4.5,True,11,0.014732688987074657,126.39420977310749,2.2974753379821777,2.1095075607299805,2.3012542724609375,1.381624698638916,1.2297914028167725,1.3493318557739258,2.1228227615356445,2.3408315181732178,2.23433256149292,1.7704973220825195,2.418241500854492,2.085993528366089,2.1171579360961914,2.086742639541626,2.5051980018615723,2.459291934967041
GG1_heldout_disagreement,20251021_130135.jpg,14_R4S_331_Magres Pajberg_3_2,30.75,40.0,21.5,True,7,0.011527288793375504,124.26292214513074,21.076839447021484,19.635671615600586,18.85011863708496,16.86084747314453,17.0945987701416,16.58269691467285,16.465686798095703,21.96193504333496,18.448101043701172,19.870237350463867,22.111347198486328,19.70269775390625,21.514907836914062,20.353618621826172,21.528348922729492,20.164878845214844
GG1_heldout_disagreement,20251021_130142.jpg,14_R4S_331_Magres Pajberg_3_2,34.5,45.0,24.0,True,10,0.011431852504404733,126.14237457001427,28.883573532104492,29.790163040161133,28.37300682067871,22.444868087768555,22.715801239013672,22.635366439819336,25.676227569580078,27.148542404174805,27.615070343017578,30.640396118164062,32.7060661315918,30.485857009887695,27.182819366455078,28.594697952270508,28.922588348388672,27.87057113647461
GG1_heldout_disagreement,20251021_130440.jpg,22_R4S_271_Coriander_4_3,26.25,40.0,12.5,True,7,0.015308570161381105,128.4974212745933,9.109606742858887,8.560785293579102,8.015174865722656,10.85075569152832,10.84006404876709,10.386592864990234,7.507965564727783,9.482762336730957,7.963040351867676,7.764988422393799,8.790837287902832,8.716938018798828,9.904632568359375,8.922735214233398,9.272397994995117,8.57126235961914
GG1_heldout_disagreement,20251021_130452.jpg,22_R4S_271_Coriander_4_3,27.75,42.0,13.5,True,6,0.013057413389548609,128.98005318207785,21.023395538330078,21.891098022460938,20.34014129638672,16.21861457824707,18.13178253173828,17.076034545898438,16.135969161987305,16.626102447509766,16.172632217407227,15.650007247924805,19.903291702270508,18.12427520751953,19.4918155670166,20.68214988708496,20.49016761779785,19.63824462890625
GG1_heldout_disagreement,20251021_130547.jpg,34_R4S_287_Skyiverskij_6_3,20.5,30.0,11.0,True,9,0.009496875578620497,128.58270794909484,11.401309967041016,10.910637855529785,10.356176376342773,13.309425354003906,13.345670700073242,12.783374786376953,8.989338874816895,10.299880981445312,8.586299896240234,10.411552429199219,10.295205116271973,11.381048202514648,11.844545364379883,11.192412376403809,11.057683944702148,10.988897323608398
GG1_heldout_disagreement,20251021_130553.jpg,34_R4S_287_Skyiverskij_6_3,13.25,18.0,8.5,True,8,0.015728986009943345,126.55028224200615,6.511127471923828,6.193068027496338,5.414046287536621,6.589382171630859,6.794496536254883,6.824747562408447,4.074758529663086,4.296800136566162,3.5730297565460205,3.9439566135406494,4.425504684448242,4.0374064445495605,8.02308464050293,6.601184844970703,6.638647079467773,6.0860748291015625
GG1_heldout_disagreement,20251021_130600.jpg,34_R4S_287_Skyiverskij_6_3,11.5,16.0,7.0,True,6,0.017344267344267344,128.49133698475805,9.332618713378906,8.997159004211426,8.033300399780273,8.987993240356445,9.53112506866455,9.084306716918945,7.832948684692383,9.044615745544434,7.508762359619141,7.233443260192871,8.93706226348877,7.868475437164307,9.756763458251953,9.065766334533691,9.609562873840332,9.14011001586914
GG1_heldout_disagreement,20251021_130613.jpg,39_R4S_168_Verona_7_3,18.75,30.0,7.5,True,5,0.01726165518618349,130.19824248777078,5.2139716148376465,4.863150119781494,4.679815292358398,6.554101467132568,7.3584208488464355,7.170266151428223,5.018442153930664,5.833348751068115,4.352013111114502,4.37336540222168,6.250692844390869,4.319575309753418,5.509788513183594,4.873488426208496,5.198983192443848,4.892042636871338
GG1_heldout_disagreement,20251021_130619.jpg,39_R4S_168_Verona_7_3,24.25,35.0,13.5,True,9,0.011004046386462399,127.63261327664473,13.700180053710938,13.874225616455078,12.10814380645752,11.790457725524902,12.645368576049805,11.762184143066406,9.370855331420898,12.055943489074707,9.456149101257324,9.120037078857422,12.124938011169434,10.275655746459961,14.633062362670898,14.40633773803711,13.243870735168457,12.629080772399902
GG1_heldout_disagreement,20251021_130624.jpg,39_R4S_168_Verona_7_3,24.75,35.0,14.5,True,7,0.010073911853271283,128.52077744319737,12.529500007629395,12.504655838012695,11.72053337097168,8.437677383422852,8.946123123168945,8.463422775268555,8.532825469970703,8.447327613830566,8.142912864685059,6.3122944831848145,8.414392471313477,7.807788848876953,12.299367904663086,12.649627685546875,12.72666072845459,12.232038497924805
GG1_heldout_disagreement,20251021_131201.jpg,106_R4S_483_OLL 1_18_3,32.5,40.0,25.0,True,6,0.009865237100429919,125.8324679174363,18.603118896484375,18.398841857910156,17.156152725219727,19.426258087158203,20.11885643005371,19.122962951660156,16.5838623046875,19.556608200073242,17.344274520874023,19.15355682373047,21.991535186767578,18.853769302368164,19.357311248779297,18.066749572753906,18.256160736083984,17.630098342895508
GG1_heldout_disagreement,20251021_131230.jpg,111_R4S_213_Akela_19_3,24.0,40.0,8.0,True,9,0.015303538118564127,126.22466218777961,13.561283111572266,13.479925155639648,13.484843254089355,12.272696495056152,12.59587287902832,12.574418067932129,10.667281150817871,11.74661636352539,11.261649131774902,11.863652229309082,11.643532752990723,13.218632698059082,12.928447723388672,13.218756675720215,13.783320426940918,13.31086254119873
GG1_heldout_disagreement,20251021_131239.jpg,111_R4S_213_Akela_19_3,20.25,25.0,15.5,True,9,0.015718707334681944,130.13317808305908,15.984598159790039,15.72545337677002,15.630158424377441,16.532245635986328,15.951292037963867,15.86003589630127,16.523441314697266,19.756122589111328,17.9638729095459,19.486417770385742,18.739322662353516,19.431285858154297,15.177098274230957,15.088855743408203,16.30687713623047,15.718754768371582
GG1_heldout_disagreement,20251021_131247.jpg,111_R4S_213_Akela_19_3,26.0,35.0,17.0,True,8,0.013591753492114816,128.55733775753333,18.393503189086914,18.399269104003906,17.253986358642578,18.615062713623047,18.37384796142578,17.8502197265625,17.416454315185547,19.34978485107422,16.984146118164062,17.3502140045166,18.109254837036133,17.964645385742188,17.989538192749023,17.963834762573242,18.431976318359375,17.41060447692871
GG1_heldout_disagreement,20251021_131259.jpg,118_R4S_267_Alesi_20_3,13.4,3.0,23.8,True,5,0.00470153301098623,129.9323428226239,17.085193634033203,17.476600646972656,14.653076171875,14.008455276489258,15.365673065185547,14.303776741027832,9.058073997497559,12.24266242980957,8.483057975769043,10.464617729187012,15.548893928527832,12.595230102539062,21.421852111816406,19.070632934570312,15.968271255493164,14.953662872314453
GG1_heldout_disagreement,20251021_131402.jpg,130_R4S_477_OLZ 2_22_3,18.5,25.0,12.0,True,8,0.008974533780237047,124.29570162334727,13.513838768005371,12.71014404296875,12.264365196228027,10.397624015808105,9.9027099609375,9.910335540771484,9.684319496154785,12.424931526184082,10.100502967834473,11.170287132263184,11.741878509521484,10.90192699432373,15.53169059753418,13.74874210357666,13.819297790527344,12.510354995727539
GG1_heldout_disagreement,20251021_131411.jpg,130_R4S_477_OLZ 2_22_3,9.75,15.0,4.5,True,5,0.01873267247124384,125.23326957678952,2.768630266189575,2.667259931564331,2.4447336196899414,2.9648351669311523,3.281371593475342,2.9878323078155518,2.60129714012146,2.8859496116638184,2.3248307704925537,2.651038408279419,2.6001808643341064,2.493107795715332,3.2656383514404297,2.731471061706543,2.6698362827301025,2.668637752532959
GG1_heldout_disagreement,20251021_131419.jpg,130_R4S_477_OLZ 2_22_3,7.25,10.0,4.5,True,4,0.016348885763175083,129.51643604509042,1.311503529548645,1.2531235218048096,1.2254234552383423,1.2055292129516602,1.196326732635498,1.162053108215332,1.5726065635681152,1.629407525062561,1.4789507389068604,1.5044387578964233,1.608048439025879,1.4858441352844238,1.2028014659881592,1.1102752685546875,1.1495786905288696,1.3334667682647705
GG1_heldout_disagreement,20251021_131459.jpg,142_R4S_214_Sollux_24_3,21.75,25.0,18.5,True,7,0.0120203404720893,121.73938846397101,14.976893424987793,14.03955364227295,13.844444274902344,13.328700065612793,12.853619575500488,13.11905288696289,10.30550765991211,10.962566375732422,9.963814735412598,9.153130531311035,12.725946426391602,10.855303764343262,14.689680099487305,13.919564247131348,14.826149940490723,14.392313003540039
GG1_heldout_disagreement,20251021_131505.jpg,142_R4S_214_Sollux_24_3,13.75,20.0,7.5,True,9,0.013872380661325009,126.44294756553923,3.6846675872802734,3.7888150215148926,3.3423779010772705,5.678067207336426,5.901188373565674,5.911059379577637,3.2412149906158447,4.196031093597412,3.0553677082061768,4.729681968688965,4.736023902893066,4.3367204666137695,4.0735063552856445,3.8940441608428955,3.853517532348633,3.6599738597869873
GG1_heldout_disagreement,20251021_131511.jpg,142_R4S_214_Sollux_24_3,12.25,16.0,8.5,True,8,0.01879593222285807,122.08854368573591,6.9256815910339355,6.6797895431518555,6.243316650390625,7.347397327423096,7.479064464569092,6.999462127685547,6.18398904800415,7.114675521850586,6.649537563323975,6.364130020141602,6.417641639709473,6.28281831741333,7.971896648406982,6.963248252868652,6.908567905426025,6.509765148162842
GG1_heldout_disagreement,20251021_131531.jpg,147_R4S_220_EUROL_25_3,19.0,22.0,16.0,True,7,0.013050698849863325,125.25036876579505,12.898603439331055,13.344991683959961,11.386720657348633,16.358415603637695,17.900009155273438,16.53426742553711,11.154959678649902,11.831568717956543,12.358211517333984,11.415762901306152,14.318018913269043,14.202223777770996,14.266839981079102,13.503335952758789,11.993026733398438,11.783382415771484
GG1_heldout_disagreement,20251021_131548.jpg,147_R4S_220_EUROL_25_3,16.25,20.0,12.5,True,4,0.007042239137938429,124.29110610946924,17.27617835998535,17.126155853271484,15.977396965026855,17.2630672454834,17.967594146728516,17.06623077392578,7.989346027374268,9.026700973510742,9.310572624206543,11.12076473236084,12.870370864868164,14.290263175964355,17.901226043701172,17.66103744506836,16.395315170288086,15.59627628326416
GG1_heldout_disagreement,20251021_132045.jpg,202_R4S_160_Lion_34_3,13.25,20.0,6.5,True,5,0.012962860099448446,126.78626607499574,7.156393527984619,6.477699279785156,6.13369607925415,5.190069675445557,5.426280498504639,5.331097602844238,4.196767330169678,4.397891521453857,4.10756778717041,3.3221945762634277,5.151282787322998,4.094543933868408,7.881797790527344,7.338702201843262,7.656304359436035,6.734767913818359
GG1_heldout_disagreement,20251021_132050.jpg,202_R4S_160_Lion_34_3,10.25,15.0,5.5,True,6,0.014846364175223236,126.97961720109372,6.266366004943848,5.979389667510986,6.00326681137085,4.818023204803467,4.841468811035156,4.766209125518799,3.870497941970825,4.709381580352783,4.157446384429932,3.4077253341674805,3.9653737545013428,4.068633556365967,6.131571292877197,6.025620460510254,6.611011505126953,6.234103679656982
GG1_heldout_disagreement,20251021_132056.jpg,202_R4S_160_Lion_34_3,11.75,20.0,3.5,True,8,0.02313424365043087,131.2180174680259,2.939072847366333,2.809156656265259,2.732621669769287,2.9372611045837402,2.8706130981445312,2.91292667388916,2.899859666824341,2.9371402263641357,2.871246099472046,2.6962838172912598,2.896113157272339,2.665245771408081,3.3870391845703125,2.9041523933410645,3.1202969551086426,2.8864006996154785
GG1_heldout_disagreement,20251021_132217.jpg,219_R4S_361_CHEMBERE DYAGUMHANA_37_3,21.0,35.0,7.0,True,9,0.016846286075993377,112.36208113091203,9.093961715698242,8.474770545959473,8.3131103515625,10.000280380249023,9.879236221313477,9.912385940551758,8.11734390258789,9.588495254516602,9.125163078308105,8.151843070983887,8.022992134094238,10.530241966247559,10.520185470581055,9.04255485534668,9.80362319946289,8.70244026184082
GG1_heldout_disagreement,20251021_132227.jpg,219_R4S_361_CHEMBERE DYAGUMHANA_37_3,19.5,30.0,9.0,True,8,0.011093146718146717,118.09754971042472,4.644617557525635,4.242115020751953,4.261268615722656,3.9343760013580322,3.6721301078796387,3.588622570037842,4.239023685455322,4.7365851402282715,3.702747344970703,3.9513542652130127,4.24176549911499,3.9902846813201904,5.137928009033203,4.489840030670166,4.765755653381348,4.496014595031738
GG1_heldout_disagreement,20251021_132236.jpg,219_R4S_361_CHEMBERE DYAGUMHANA_37_3,13.25,20.0,6.5,True,5,0.017712230215827338,109.97587718396711,6.524686813354492,6.352196216583252,5.670631408691406,5.262307167053223,5.282364845275879,5.026447772979736,5.339276313781738,5.069313049316406,4.023425102233887,4.317038536071777,4.916120529174805,5.001407146453857,8.18848991394043,6.712732315063477,6.904657363891602,6.349123954772949
GG1_heldout_disagreement,20251021_132247.jpg,226_R4S_302_Samo_38_3,27.0,45.0,9.0,True,6,0.021250888521127775,113.21045204274054,10.371025085449219,9.558540344238281,8.898063659667969,9.126039505004883,8.784263610839844,8.45336627960205,7.546786308288574,10.463701248168945,7.112492561340332,7.718674182891846,8.557014465332031,7.662717819213867,12.089929580688477,10.494516372680664,11.13534927368164,9.609621047973633
GG1_heldout_disagreement,20251021_132302.jpg,226_R4S_302_Samo_38_3,24.75,42.0,7.5,True,7,0.02082619469098533,125.18989534284293,6.044761657714844,5.9348249435424805,5.514575958251953,5.320050239562988,5.267653465270996,5.141951560974121,5.20224666595459,5.899720668792725,4.811967849731445,5.30234432220459,5.486796855926514,5.4166998863220215,6.781891822814941,6.48242712020874,6.8399977684021,6.012884616851807
GG1_heldout_disagreement,20251021_132309.jpg,226_R4S_302_Samo_38_3,19.25,30.0,8.5,True,5,0.013208028831714886,128.66259535489039,9.770315170288086,8.870552062988281,9.535194396972656,8.342697143554688,8.643743515014648,8.01915168762207,7.822732448577881,6.3301215171813965,6.956578254699707,6.06820821762085,7.063017845153809,6.888692855834961,9.225358963012695,9.304983139038086,10.461335182189941,10.022279739379883
GG1_heldout_disagreement,20251021_132914.jpg,298_R4S_484_R75_50_3,18.0,32.0,4.0,True,5,0.01035944065662759,124.54579255980119,8.705480575561523,8.413420677185059,8.059045791625977,12.23772144317627,12.35948657989502,11.747501373291016,13.200891494750977,13.72953987121582,14.795978546142578,11.220154762268066,11.375844955444336,14.116247177124023,8.908625602722168,8.380144119262695,8.36726188659668,8.529657363891602
GG1_heldout_disagreement,20251021_132919.jpg,298_R4S_484_R75_50_3,16.25,28.0,4.5,True,4,0.011445894852712437,124.01754548645178,2.7409005165100098,2.611142635345459,2.6191554069519043,6.788259029388428,6.870562553405762,7.21257209777832,3.4982848167419434,4.209993839263916,3.3675849437713623,4.323311805725098,4.389908313751221,3.6582462787628174,2.8381171226501465,2.397134304046631,2.5934247970581055,2.7307190895080566
GG1_heldout_disagreement,20251021_132926.jpg,298_R4S_484_R75_50_3,25.0,38.0,12.0,True,6,0.012495563823127135,120.61260861156636,18.59480857849121,18.901918411254883,18.395946502685547,11.123022079467773,11.53060245513916,11.190608978271484,12.955169677734375,12.487228393554688,14.732344627380371,10.328474044799805,11.859759330749512,13.0170259475708,15.684494018554688,16.9180850982666,17.886913299560547,18.347139358520508
GG1_heldout_disagreement,20251021_151424.jpg,9_R4S_503_Express 617_2_4,16.75,30.0,3.5,True,6,0.021175240782067152,126.32477516546854,12.244792938232422,11.728008270263672,11.568534851074219,13.910943031311035,13.294151306152344,13.534772872924805,15.433347702026367,16.076614379882812,15.85248851776123,14.625956535339355,16.518461227416992,14.189468383789062,12.395694732666016,11.386630058288574,12.564165115356445,11.844971656799316
GG1_heldout_disagreement,20251021_151432.jpg,9_R4S_503_Express 617_2_4,7.25,2.0,12.5,True,5,0.02230911371508512,131.99413781666837,2.6507716178894043,2.578545570373535,2.4452779293060303,4.044652938842773,4.022387981414795,3.6084532737731934,3.162829637527466,2.747650146484375,3.211439847946167,2.9461236000061035,2.530397891998291,3.2948989868164062,2.5881030559539795,2.4491710662841797,2.533209800720215,2.7180843353271484
GG1_heldout_disagreement,20251021_151439.jpg,9_R4S_503_Express 617_2_4,5.25,8.0,2.5,True,8,0.025031372366609298,136.73784905352733,3.2875726222991943,3.118840217590332,3.0090198516845703,4.435025215148926,4.508856773376465,4.5916547775268555,2.8636913299560547,3.382150173187256,2.756870985031128,2.6809325218200684,3.5369999408721924,3.1366653442382812,3.921725034713745,3.266998767852783,3.3144962787628174,3.1634979248046875
GG1_heldout_disagreement,20251021_151704.jpg,40_R4S_381_Panter_7_4,24.0,35.0,13.0,True,10,0.027588441396978487,134.89083725778298,13.951725006103516,13.324274063110352,13.274433135986328,11.1134033203125,11.489233016967773,11.008005142211914,10.711494445800781,12.685222625732422,10.729363441467285,11.56483268737793,11.91445541381836,11.580657958984375,14.052072525024414,13.17069149017334,14.357048034667969,13.92603874206543
GG1_heldout_disagreement,20251021_151711.jpg,40_R4S_381_Panter_7_4,16.25,25.0,7.5,True,6,0.013197908101305836,132.88898292029538,9.651786804199219,9.260863304138184,9.586938858032227,8.167741775512695,8.088054656982422,7.951121807098389,10.418946266174316,11.059576034545898,10.509008407592773,8.722403526306152,9.750746726989746,9.169137954711914,9.454949378967285,8.639580726623535,10.24876880645752,9.472577095031738
GG1_heldout_disagreement,20251021_151720.jpg,40_R4S_381_Panter_7_4,33.5,40.0,27.0,True,8,0.013142323858202538,131.06579801255313,14.91678237915039,14.374746322631836,14.315080642700195,14.768468856811523,14.715127944946289,14.265434265136719,16.27342987060547,16.63813018798828,16.57782554626465,16.009862899780273,16.923137664794922,17.738941192626953,15.617840766906738,14.839826583862305,14.885255813598633,14.455425262451172
GG1_heldout_disagreement,20251021_151809.jpg,52_R4S_436_RS13&6_9_4,36.25,47.0,25.5,True,6,0.011699641617492602,130.86132583743264,22.535518646240234,22.277095794677734,19.337562561035156,22.489900588989258,24.656761169433594,23.012821197509766,17.075435638427734,24.972400665283203,18.3085880279541,23.794116973876953,22.361797332763672,21.270763397216797,25.86416244506836,25.549087524414062,23.050718307495117,20.248197555541992
GG1_heldout_disagreement,20251021_151815.jpg,52_R4S_436_RS13&6_9_4,31.25,45.0,17.5,True,8,0.013688316952072146,127.31263907184112,16.9039249420166,16.55892562866211,15.771492004394531,13.773473739624023,14.235404968261719,14.2268648147583,14.99775218963623,17.923297882080078,15.968116760253906,14.594636917114258,17.258623123168945,15.96168327331543,16.609798431396484,16.776939392089844,16.739120483398438,15.884245872497559
GG1_heldout_disagreement,20251021_151822.jpg,52_R4S_436_RS13&6_9_4,32.25,45.0,19.5,True,8,0.011980957016396435,125.9369158072988,21.04453468322754,20.410911560058594,19.517595291137695,20.972713470458984,21.194198608398438,20.64502716064453,18.89537811279297,21.75229263305664,18.41681671142578,21.44688606262207,21.382530212402344,20.367259979248047,20.175832748413086,20.3187198638916,20.82101058959961,19.949871063232422
GG1_heldout_disagreement,20251021_151907.jpg,64_R4S_323_Parkside_11_4,15.25,25.0,5.5,True,7,0.02829516212960389,130.5835835820546,8.504048347473145,7.900279521942139,8.221025466918945,9.062115669250488,9.363962173461914,8.810582160949707,7.702361583709717,6.355644702911377,8.534232139587402,6.8634161949157715,7.508816719055176,8.448943138122559,7.663022041320801,7.569436073303223,8.668832778930664,8.396965980529785
GG1_heldout_disagreement,20251021_151915.jpg,64_R4S_323_Parkside_11_4,8.75,12.0,5.5,True,7,0.012431779260895313,130.34036847201548,5.339391708374023,4.881538391113281,4.882299423217773,6.24528169631958,6.278528213500977,5.9690399169921875,5.1264567375183105,6.004748344421387,5.506109237670898,5.797757148742676,6.226748466491699,6.225930690765381,5.555637359619141,4.976571559906006,5.499258041381836,5.271274089813232
GG1_heldout_disagreement,20251021_151921.jpg,64_R4S_323_Parkside_11_4,16.0,20.0,12.0,True,7,0.012485315666982723,128.97942001502295,10.918484687805176,11.692386627197266,10.278982162475586,13.225594520568848,15.249627113342285,14.091997146606445,9.510252952575684,10.959083557128906,11.011972427368164,9.195301055908203,15.801639556884766,13.426823616027832,11.373163223266602,11.502754211425781,10.778371810913086,10.254663467407227
GG1_heldout_disagreement,20251021_152040.jpg,81_R4S_276_Jupiter_14_4,9.25,14.0,4.5,True,5,0.016382851077576262,124.02872566900822,7.670732498168945,7.270987510681152,7.0258708000183105,6.62860107421875,6.636326313018799,6.732120037078857,6.91249942779541,8.850147247314453,7.596185684204102,7.290655136108398,7.730783462524414,7.44259786605835,8.643375396728516,7.820555210113525,8.44456672668457,7.496452331542969
GG1_heldout_disagreement,20251021_152047.jpg,81_R4S_276_Jupiter_14_4,23.25,35.0,11.5,True,7,0.020260986185504242,127.73026405104534,18.923538208007812,18.020427703857422,17.195343017578125,17.865253448486328,18.638389587402344,18.200279235839844,16.474063873291016,19.804384231567383,15.90867805480957,17.88332176208496,19.37447738647461,17.042179107666016,18.746585845947266,18.792381286621094,19.790515899658203,17.719093322753906
GG1_heldout_disagreement,20251021_152101.jpg,81_R4S_276_Jupiter_14_4,29.0,43.0,15.0,True,7,0.014913776346975507,123.59552916683208,22.680007934570312,21.4250431060791,20.878463745117188,20.838743209838867,21.005123138427734,21.42667579650879,16.20745277404785,21.686206817626953,17.06563949584961,19.121776580810547,21.294931411743164,18.446487426757812,22.661251068115234,21.65203857421875,22.87367057800293,21.165306091308594
GG1_heldout_disagreement,20251021_152213.jpg,100_R4S_251_Lisabeth_17_4,13.75,20.0,7.5,True,6,0.03583342448469802,129.66947819871336,8.363079071044922,8.076972007751465,7.5771002769470215,8.554548263549805,9.34735107421875,8.931272506713867,7.219707012176514,8.39331340789795,7.4855194091796875,6.750210285186768,7.921827793121338,7.8135786056518555,8.436864852905273,8.239602088928223,8.908063888549805,8.379155158996582
GG1_heldout_disagreement,20251021_152220.jpg,100_R4S_251_Lisabeth_17_4,9.5,14.0,5.0,True,11,0.022729087049701457,129.51427169282982,4.887789249420166,4.378922462463379,4.330718517303467,5.309551239013672,5.310369491577148,5.411795616149902,3.794865608215332,4.566241264343262,3.9448461532592773,3.891177177429199,4.161092758178711,4.130159854888916,5.6138434410095215,4.986717700958252,5.169424057006836,4.694941520690918
GG1_heldout_disagreement,20251021_152309.jpg,112_R4S_407_S39_19_4,33.0,48.0,18.0,True,9,0.013937893387839854,131.6380309721952,15.583013534545898,14.603639602661133,14.101099014282227,15.288905143737793,15.87492561340332,15.491127967834473,13.460384368896484,15.492910385131836,12.402761459350586,14.042059898376465,16.329837799072266,13.867341041564941,16.69379425048828,15.337675094604492,15.272478103637695,14.644838333129883
GG1_heldout_disagreement,20251021_152320.jpg,112_R4S_407_S39_19_4,27.5,40.0,15.0,True,7,0.01721358827560118,134.33190017096288,12.500802993774414,11.092948913574219,10.433379173278809,10.928621292114258,10.64675521850586,10.284290313720703,8.811690330505371,10.051362991333008,7.811117172241211,8.029231071472168,9.939165115356445,8.185464859008789,13.772005081176758,11.117717742919922,11.6177339553833,11.486897468566895
GG1_heldout_disagreement,20251021_152331.jpg,112_R4S_407_S39_19_4,26.25,35.0,17.5,True,11,0.012037878113832981,129.66189551963947,11.564899444580078,10.477333068847656,10.966926574707031,9.02656364440918,8.409615516662598,8.932747840881348,8.36726188659668,9.67289924621582,7.9644927978515625,7.828770637512207,9.555095672607422,8.588175773620605,12.10639762878418,10.848291397094727,11.489038467407227,10.832281112670898
GG1_heldout_disagreement,20251021_152637.jpg,148_R4S_384_Mestnij_25_4,12.25,16.0,8.5,True,7,0.027372134541725268,122.68433595305481,10.00191879272461,9.52786636352539,9.193695068359375,8.829981803894043,9.191288948059082,9.132322311401367,8.228910446166992,10.466531753540039,8.609910011291504,7.731428146362305,10.261433601379395,8.369664192199707,11.046768188476562,10.710290908813477,11.03033447265625,9.990224838256836
GG1_heldout_disagreement,20251021_152643.jpg,148_R4S_384_Mestnij_25_4,8.5,17.0,0.0,True,7,0.030103725877319736,125.38680047903122,1.553496241569519,1.5252797603607178,1.4839590787887573,2.00380277633667,2.018341064453125,1.9882280826568604,2.0009677410125732,1.853924036026001,1.838173747062683,1.6738392114639282,1.6711432933807373,1.764697551727295,1.4612113237380981,1.4088143110275269,1.5371615886688232,1.6413047313690186
GG1_heldout_disagreement,20251021_152653.jpg,148_R4S_384_Mestnij_25_4,4.75,1.0,8.5,True,5,0.018187621295352126,133.33000867570146,10.311141967773438,10.40514850616455,9.596986770629883,10.134844779968262,10.59425163269043,10.273163795471191,9.106328964233398,9.567039489746094,9.04133129119873,7.512496471405029,9.623370170593262,8.864287376403809,9.4703369140625,9.334988594055176,10.154609680175781,10.042360305786133
GG1_heldout_disagreement,20251021_152721.jpg,153_R4S_205_RESZN/H048_26_4,12.0,8.0,16.0,True,9,0.014923031679663284,128.00059774853096,15.485699653625488,14.153634071350098,14.117137908935547,14.04825496673584,13.463509559631348,13.644757270812988,11.954604148864746,14.449061393737793,12.457086563110352,14.605591773986816,14.416360855102539,14.49392318725586,16.08629035949707,14.772984504699707,15.268021583557129,14.550395965576172
GG1_heldout_disagreement,20251021_152731.jpg,160_R4S_352_LORD DERBZ_27_4,25.75,40.0,11.5,True,7,0.02959932411711783,125.70500596068588,5.903567790985107,5.542505264282227,4.776867866516113,5.069946765899658,5.50075101852417,5.131275653839111,3.7628605365753174,4.383207321166992,3.598020553588867,3.660815954208374,4.5835418701171875,3.5998013019561768,7.111325263977051,6.187645435333252,5.844579696655273,5.521235466003418
GG1_heldout_disagreement,20251021_152737.jpg,160_R4S_352_LORD DERBZ_27_4,25.5,42.0,9.0,True,4,0.017746099609190647,123.80701520151061,10.083195686340332,9.589970588684082,9.165340423583984,15.113554000854492,15.352519035339355,15.060521125793457,11.364876747131348,10.593965530395508,11.90133285522461,10.356095314025879,10.739481925964355,12.564595222473145,11.15727424621582,10.174783706665039,10.20793342590332,9.752765655517578
GG1_heldout_disagreement,20251021_152743.jpg,160_R4S_352_LORD DERBZ_27_4,27.75,43.0,12.5,True,8,0.01579717565647354,124.43515351295778,15.190337181091309,14.597185134887695,14.118032455444336,16.093067169189453,15.549701690673828,15.47887897491455,13.166443824768066,15.296886444091797,14.090270042419434,14.887089729309082,13.973806381225586,16.30943489074707,16.443700790405273,15.758544921875,15.24716567993164,14.46040153503418
GG1_heldout_disagreement,20251021_152819.jpg,172_R4S_439_R76_29_4,24.0,40.0,8.0,True,9,0.02422969035203269,127.57186403089274,5.721860885620117,5.364452362060547,6.175398826599121,7.865872859954834,7.64443826675415,7.581535339355469,8.288785934448242,8.93812370300293,9.14881706237793,8.344529151916504,8.716224670410156,9.8837890625,5.840428352355957,5.666850566864014,6.272806167602539,6.1331071853637695
GG1_heldout_disagreement,20251021_152828.jpg,172_R4S_439_R76_29_4,28.5,47.0,10.0,True,7,0.015342918342190879,124.36710196617294,17.009279251098633,17.39760971069336,15.401982307434082,17.820152282714844,18.441184997558594,17.67443084716797,15.077081680297852,16.66046905517578,14.830358505249023,17.40810203552246,17.967599868774414,18.091707229614258,17.533639907836914,17.839111328125,16.58441925048828,15.941760063171387
GG1_heldout_disagreement,20251021_152843.jpg,172_R4S_439_R76_29_4,32.5,47.0,18.0,True,8,0.013364507752253315,128.90422709152676,11.64510440826416,11.017516136169434,9.426979064941406,12.825220108032227,13.081159591674805,12.750700950622559,10.015458106994629,11.662810325622559,9.716161727905273,9.8927001953125,13.302366256713867,9.981257438659668,13.495048522949219,12.094281196594238,11.098578453063965,10.54830265045166
GG1_heldout_disagreement,20251021_152854.jpg,177_R4S_146_K615_30_4,18.5,28.0,9.0,True,6,0.027807729442335245,125.12444790776297,7.283387660980225,6.470626354217529,6.2239227294921875,7.912549018859863,7.9542460441589355,7.65936803817749,5.197595119476318,5.6717634201049805,5.030280113220215,5.459490776062012,5.647562503814697,5.601955413818359,8.139857292175293,6.772165298461914,7.257039546966553,6.758005619049072
GG1_heldout_disagreement,20251021_152903.jpg,177_R4S_146_K615_30_4,27.75,42.0,13.5,True,11,0.0223158797417272,127.82146489104116,10.511898040771484,9.801191329956055,9.00403118133545,9.65361213684082,9.81466293334961,9.440330505371094,7.983865737915039,9.079005241394043,8.84691047668457,7.780990123748779,9.85361099243164,8.453450202941895,11.622493743896484,10.51650619506836,10.58365249633789,10.024065017700195
GG1_heldout_disagreement,20251021_152912.jpg,177_R4S_146_K615_30_4,29.5,45.0,14.0,True,9,0.01859661470934694,120.92429334623712,13.602422714233398,12.423067092895508,12.013668060302734,14.144133567810059,13.581535339355469,13.638883590698242,11.722062110900879,14.472240447998047,11.867481231689453,12.75166130065918,13.272841453552246,12.452548027038574,15.152958869934082,13.613320350646973,13.832052230834961,12.538097381591797
GG1_heldout_disagreement,20251021_152926.jpg,184_R4S_523_Taisetsu_31_4,29.0,43.0,15.0,True,8,0.021304484532069706,124.71121946879572,15.217638969421387,15.055438995361328,12.939720153808594,13.015969276428223,13.656576156616211,13.09782600402832,11.523967742919922,15.047121047973633,11.335728645324707,13.579713821411133,14.615875244140625,12.3707914352417,17.354389190673828,15.709720611572266,15.401472091674805,14.03792953491211
GG1_heldout_disagreement,20251021_152935.jpg,184_R4S_523_Taisetsu_31_4,30.75,47.0,14.5,True,9,0.02109183491581188,127.24008293745061,14.017024040222168,12.830343246459961,13.238147735595703,12.117555618286133,11.675183296203613,11.507986068725586,11.664030075073242,14.410209655761719,13.153831481933594,13.14294147491455,14.105399131774902,13.139745712280273,14.65532112121582,13.406444549560547,14.770111083984375,13.787629127502441
GG1_heldout_disagreement,20251021_152942.jpg,184_R4S_523_Taisetsu_31_4,28.75,45.0,12.5,True,4,0.016815376858367065,126.16673147858961,3.782089948654175,3.458866834640503,3.353158950805664,5.706829071044922,5.566176891326904,5.398015975952148,3.420562982559204,4.2118401527404785,4.061229705810547,3.3217663764953613,4.090766429901123,3.8531880378723145,4.1566009521484375,3.4017767906188965,3.768918991088867,3.6887316703796387
GG1_heldout_disagreement,20251021_152954.jpg,189_R4S_239_SW Sinatra_32_4,18.75,8.0,29.5,True,7,0.009287290632853261,126.19967088058578,6.277617454528809,6.167574882507324,5.767711162567139,12.099336624145508,12.061874389648438,11.649238586425781,6.654163360595703,8.994093894958496,6.2260332107543945,10.473628044128418,11.721413612365723,8.957574844360352,7.053469181060791,6.494632720947266,6.35929012298584,5.893699645996094
GG1_heldout_disagreement,20251021_153007.jpg,189_R4S_239_SW Sinatra_32_4,24.5,40.0,9.0,True,10,0.028003341687552214,127.48551834130781,6.691749095916748,6.337035179138184,5.839847087860107,5.881858825683594,6.010746002197266,5.661488056182861,5.036709785461426,6.381593704223633,5.445101261138916,5.724213123321533,5.990021228790283,5.672090530395508,8.100898742675781,7.21599817276001,7.262444972991943,6.351232051849365
GG1_heldout_disagreement,20251021_153020.jpg,196_R4S_347_Aberdeenshire Priye_33_4,24.75,38.0,11.5,True,6,0.016988173232624457,119.88529770784612,5.625637531280518,5.6759819984436035,5.297946929931641,5.481240272521973,6.0628252029418945,5.8891825675964355,4.36944055557251,4.9734110832214355,4.3027424812316895,4.43339729309082,4.525033473968506,4.442325115203857,6.218677520751953,5.65407133102417,6.043705463409424,5.612658500671387
GG1_heldout_disagreement,20251021_153027.jpg,196_R4S_347_Aberdeenshire Priye_33_4,22.25,35.0,9.5,True,6,0.013764955134596212,123.24332107843138,7.453194618225098,7.118056297302246,6.71597957611084,10.217979431152344,10.140210151672363,10.34901237487793,6.332935333251953,9.45096206665039,7.04527473449707,6.790610313415527,8.521197319030762,8.540017127990723,8.798686981201172,8.108785629272461,8.053181648254395,7.056046485900879
GG1_heldout_disagreement,20251021_153035.jpg,196_R4S_347_Aberdeenshire Priye_33_4,25.75,40.0,11.5,True,7,0.01588504780453258,119.36963959486866,5.80222749710083,5.393655776977539,5.276841163635254,10.591814041137695,10.490869522094727,10.263526916503906,7.116626262664795,7.075874328613281,6.937518119812012,6.843677043914795,5.531914710998535,7.93744421005249,6.246023178100586,5.671804428100586,6.208769798278809,5.5586090087890625
GG1_heldout_disagreement,20251021_153049.jpg,201_R4S_304_Q100_34_4,22.0,30.0,14.0,True,8,0.011239662945728958,128.49218291663652,9.69896125793457,8.56830883026123,9.3359375,8.47945785522461,7.123271942138672,7.803925514221191,7.535819053649902,9.17917537689209,8.158516883850098,7.55512809753418,8.343409538269043,8.628005027770996,9.470245361328125,8.69172477722168,10.12081527709961,9.48299503326416
GG1_heldout_disagreement,20251021_153056.jpg,201_R4S_304_Q100_34_4,29.75,45.0,14.5,True,13,0.024040354456528964,120.7634831029775,15.357410430908203,14.522855758666992,14.640436172485352,11.265934944152832,10.308561325073242,11.005672454833984,11.490557670593262,15.76031494140625,12.276504516601562,12.180778503417969,13.724634170532227,12.204035758972168,15.657417297363281,14.532098770141602,16.07845115661621,14.673565864562988
GG1_heldout_disagreement,20251021_153104.jpg,201_R4S_304_Q100_34_4,31.5,45.0,18.0,True,9,0.030230895814049162,118.97562943535945,14.249471664428711,12.86805534362793,12.391057014465332,11.989543914794922,11.769622802734375,12.036029815673828,9.164236068725586,11.368332862854004,8.983141899108887,9.208990097045898,11.03783130645752,9.3360013961792,15.035659790039062,13.738174438476562,14.480938911437988,13.262219429016113
GG1_heldout_disagreement,20251021_153121.jpg,208_R4S_418_R64_35_4,35.5,49.0,22.0,True,6,0.011279038936139836,117.26032399192314,15.966131210327148,15.105268478393555,14.310310363769531,14.617700576782227,13.900118827819824,13.881056785583496,13.1728515625,17.693796157836914,12.361988067626953,14.157997131347656,16.318824768066406,12.94398307800293,17.130901336669922,16.305387496948242,16.609006881713867,15.224283218383789
GG1_heldout_disagreement,20251021_153130.jpg,208_R4S_418_R64_35_4,30.75,45.0,16.5,True,8,0.01912104519085458,121.63151952420417,17.851694107055664,17.74306869506836,16.703388214111328,15.644598960876465,15.526345252990723,15.232114791870117,16.085784912109375,16.04742431640625,15.031393051147461,13.284330368041992,16.366756439208984,15.203131675720215,17.19992446899414,17.292869567871094,18.199811935424805,17.028013229370117
GG1_heldout_disagreement,20251021_153248.jpg,225_R4S_365_Palu_38_4,17.25,25.0,9.5,True,4,0.011015355703468795,123.14432838331626,4.9460859298706055,4.914035320281982,4.28671932220459,3.9395627975463867,3.8426265716552734,3.558483123779297,4.9735565185546875,6.4271240234375,3.9208810329437256,4.948307514190674,5.1347503662109375,4.599173545837402,4.9371418952941895,4.713946342468262,4.976354122161865,4.973886489868164
GG1_heldout_disagreement,20251021_153258.jpg,225_R4S_365_Palu_38_4,12.5,20.0,5.0,True,12,0.020985946070102922,116.66870584063415,4.182005882263184,3.8031721115112305,3.7883479595184326,5.3909101486206055,4.952288627624512,5.096484184265137,3.834228515625,4.47698450088501,3.8442697525024414,3.952199697494507,4.081292629241943,4.121985912322998,4.262731552124023,4.008513450622559,4.279132843017578,4.112104415893555
GG1_heldout_disagreement,20251021_153304.jpg,225_R4S_365_Palu_38_4,20.25,28.0,12.5,True,7,0.024402910777883837,116.03557389331938,7.1344990730285645,6.773420810699463,6.340576648712158,10.037759780883789,9.665704727172852,9.412742614746094,7.980187892913818,9.882594108581543,8.629456520080566,8.069234848022461,9.521377563476562,8.993103981018066,7.8546977043151855,7.0680413246154785,7.405261516571045,6.978174209594727
GG1_heldout_disagreement,20251021_153417.jpg,244_R4S_206_Reszn/Goe S4_41_4,26.5,38.0,15.0,True,8,0.011504047938043264,128.9979739886282,18.178592681884766,17.703750610351562,17.772010803222656,14.977605819702148,14.660962104797363,15.252723693847656,16.426244735717773,20.359779357910156,17.571863174438477,18.634645462036133,19.04082489013672,17.799318313598633,18.573015213012695,17.754135131835938,19.01280403137207,17.159793853759766
GG1_heldout_disagreement,20251021_153423.jpg,244_R4S_206_Reszn/Goe S4_41_4,31.5,45.0,18.0,True,9,0.018120702492007184,127.76561535735758,14.23602294921875,13.92454719543457,12.907747268676758,17.2194881439209,17.746387481689453,17.932395935058594,12.082343101501465,16.48145866394043,13.024928092956543,16.9958553314209,18.345659255981445,16.45110511779785,16.48776626586914,14.930913925170898,14.933395385742188,13.25354290008545
GG1_heldout_disagreement,20251021_153433.jpg,244_R4S_206_Reszn/Goe S4_41_4,33.5,47.0,20.0,True,6,0.010391847998938176,128.408092899555,26.13599395751953,26.655494689941406,24.248973846435547,16.727298736572266,17.137346267700195,16.65854263305664,20.799875259399414,25.40524673461914,20.78529930114746,21.914398193359375,23.06871223449707,21.628217697143555,22.73196029663086,25.197784423828125,26.02745246887207,25.228137969970703
GG1_heldout_disagreement,20251021_153447.jpg,249_R4S_339_Tina_42_4,28.0,43.0,13.0,True,4,0.009004132220922887,129.76319304751928,3.212428092956543,3.033160924911499,2.898300886154175,6.573226451873779,7.94478702545166,6.852604389190674,2.436861753463745,3.123429298400879,2.3986411094665527,2.609619617462158,3.9713494777679443,3.0886270999908447,3.5356149673461914,3.1289968490600586,3.095912218093872,3.181840419769287
GG1_heldout_disagreement,20251021_153456.jpg,249_R4S_339_Tina_42_4,26.25,37.0,15.5,True,12,0.010981234068535082,126.6900325622829,11.044135093688965,10.166372299194336,10.031907081604004,9.646865844726562,9.316287994384766,9.917878150939941,8.27639389038086,10.70216178894043,8.38284969329834,8.823272705078125,10.952048301696777,9.676941871643066,12.039885520935059,10.873109817504883,11.369664192199707,10.554672241210938
GG1_heldout_disagreement,20251021_153503.jpg,249_R4S_339_Tina_42_4,16.5,22.0,11.0,True,8,0.011969526100794426,123.52582061499136,7.27280330657959,6.334521293640137,7.150870323181152,5.954341411590576,5.352167129516602,5.6561055183410645,5.8972296714782715,5.9064249992370605,6.485267162322998,5.100942134857178,6.524778366088867,6.160068511962891,7.167620658874512,6.333379745483398,7.552473068237305,7.203461647033691
GG1_heldout_disagreement,20251021_153517.jpg,256_R4S_315_VOGESA_43_4,21.25,35.0,7.5,True,8,0.013728080478952277,126.20020583476472,10.411178588867188,10.203283309936523,9.740049362182617,10.288154602050781,10.763168334960938,10.44704818725586,6.9960856437683105,6.636150360107422,7.470789432525635,7.1361823081970215,7.92624568939209,8.44144344329834,10.701057434082031,10.408729553222656,10.984853744506836,9.982688903808594
GG1_heldout_disagreement,20251021_153525.jpg,256_R4S_315_VOGESA_43_4,24.25,30.0,18.5,True,8,0.008083163030396046,130.17693145744312,14.255720138549805,14.838846206665039,13.298482894897461,17.466960906982422,18.25251007080078,17.556156158447266,12.97587776184082,15.51529312133789,12.581528663635254,16.767383575439453,17.3575496673584,16.575138092041016,14.953377723693848,14.732723236083984,13.934486389160156,13.426473617553711
GG1_heldout_disagreement,20251021_153534.jpg,256_R4S_315_VOGESA_43_4,14.0,23.0,5.0,True,8,0.011981311574617796,126.46434018678168,3.9284427165985107,3.929259777069092,3.607370138168335,4.065853118896484,4.376435279846191,3.9882917404174805,3.5318400859832764,3.3285293579101562,3.420152187347412,3.79594087600708,3.785057783126831,3.9643466472625732,3.98189115524292,3.8320484161376953,3.9631619453430176,4.005768299102783
GG1_heldout_disagreement,20251021_153657.jpg,273_R4S_488_R12_46_4,36.5,45.0,28.0,True,11,0.014839219144997615,129.63539024802967,18.396595001220703,18.307754516601562,15.953088760375977,18.464555740356445,19.150876998901367,18.4719181060791,15.737424850463867,18.182355880737305,15.861478805541992,18.21071434020996,17.06453514099121,16.694398880004883,20.9086856842041,19.1220703125,18.528614044189453,16.718448638916016
GG1_heldout_disagreement,20251021_153706.jpg,273_R4S_488_R12_46_4,13.0,22.0,4.0,True,5,0.015153435358082626,129.8128389686387,6.063610076904297,5.744818687438965,5.214590072631836,6.116943359375,6.61009407043457,6.008635997772217,3.771794319152832,3.7157301902770996,3.7363317012786865,2.776958703994751,3.989680051803589,3.881845235824585,6.059425354003906,5.777985095977783,6.077317237854004,5.853701591491699
GG1_heldout_disagreement,20251021_153713.jpg,273_R4S_488_R12_46_4,22.5,35.0,10.0,True,8,0.016693698346587415,128.45526785525516,16.170970916748047,15.596417427062988,15.208135604858398,15.709306716918945,15.549012184143066,15.627866744995117,13.6714506149292,16.10770606994629,14.42569351196289,15.506124496459961,16.26740074157715,14.28113842010498,17.2888240814209,15.758331298828125,16.63129997253418,15.280614852905273
GG1_heldout_disagreement,20251021_153727.jpg,280_R4S_392_Janpol_47_4,26.75,43.0,10.5,True,9,0.014210441565877049,128.31477323329915,25.609764099121094,26.21633529663086,23.153175354003906,20.330507278442383,21.80889892578125,20.52410316467285,16.970439910888672,24.03057098388672,17.52589225769043,22.226118087768555,22.0894775390625,21.24101448059082,27.42878532409668,27.47357177734375,25.402069091796875,23.69089126586914
GG1_heldout_disagreement,20251021_153735.jpg,280_R4S_392_Janpol_47_4,19.5,30.0,9.0,True,7,0.0168544092782033,137.48144390383217,16.644393920898438,16.340007781982422,14.86400318145752,16.98373031616211,16.566120147705078,16.405241012573242,14.081657409667969,16.2966365814209,14.468179702758789,16.340328216552734,15.78037166595459,15.608530044555664,16.242145538330078,16.118589401245117,16.527484893798828,15.92672061920166
GG1_heldout_disagreement,20251021_153742.jpg,280_R4S_392_Janpol_47_4,12.5,20.0,5.0,True,9,0.02122680247302553,130.6883052957249,5.775799751281738,5.400508880615234,5.008212566375732,7.325497150421143,7.46451473236084,7.2840447425842285,4.975284576416016,5.310178756713867,5.32047176361084,4.803074836730957,5.799953937530518,5.342411041259766,6.6099090576171875,5.826412200927734,6.032159805297852,5.484899520874023
GG1_heldout_disagreement,20251021_153752.jpg,285_R4S_368_Dwarf Essex_48_4,16.25,25.0,7.5,True,7,0.015118479050122213,131.43543479817143,22.55575180053711,22.81442642211914,21.252172470092773,15.678450584411621,16.216506958007812,15.532914161682129,20.225107192993164,20.13327980041504,18.023672103881836,19.677852630615234,19.995223999023438,19.290842056274414,20.698883056640625,21.12772560119629,21.988298416137695,21.781993865966797
GG1_heldout_disagreement,20251021_153759.jpg,285_R4S_368_Dwarf Essex_48_4,15.75,20.0,11.5,True,7,0.019582322364062734,130.2689234142515,20.72467803955078,20.29888916015625,20.913785934448242,16.901531219482422,16.467994689941406,16.651653289794922,19.096752166748047,16.664915084838867,19.925569534301758,16.187963485717773,17.348482131958008,20.248287200927734,16.954875946044922,17.89216423034668,20.593338012695312,20.607810974121094
GG1_heldout_disagreement,20251021_153805.jpg,285_R4S_368_Dwarf Essex_48_4,20.25,30.0,10.5,True,9,0.02622357809954568,129.34656173795142,16.046735763549805,15.870111465454102,15.200042724609375,13.731569290161133,13.508683204650879,13.074203491210938,14.25728988647461,13.169084548950195,14.517621994018555,13.015548706054688,14.205477714538574,15.433796882629395,14.384272575378418,14.8694429397583,15.62551212310791,15.8133544921875
GG1_heldout_disagreement,20251021_153855.jpg,297_R4S_260_Boston_50_4,22.0,35.0,9.0,True,5,0.016907725957110906,132.98488891264307,7.799622535705566,6.872270584106445,6.588725566864014,7.3815202713012695,7.057978630065918,7.0839524269104,6.746509075164795,7.590989112854004,6.532828330993652,6.547603130340576,7.078840732574463,6.325479030609131,9.401705741882324,7.590784549713135,7.938776016235352,7.517759323120117
GG1_heldout_disagreement,20251021_153903.jpg,297_R4S_260_Boston_50_4,18.5,30.0,7.0,True,6,0.025307822781822822,130.08368537956795,8.618305206298828,8.470030784606934,7.30037784576416,11.799104690551758,12.803118705749512,11.665976524353027,7.294416427612305,7.861726760864258,6.857093334197998,7.200278282165527,8.35988998413086,8.120392799377441,9.31130313873291,8.466543197631836,8.050304412841797,8.116666793823242
GG1_heldout_disagreement,20251021_153910.jpg,297_R4S_260_Boston_50_4,13.0,22.0,4.0,True,7,0.02764280924221179,130.0517009083704,6.6309614181518555,6.166975975036621,5.876955032348633,9.45965576171875,10.015741348266602,9.466711044311523,7.803725242614746,7.783347129821777,7.85770845413208,6.660221576690674,8.302495002746582,7.241228103637695,6.9208879470825195,6.0163984298706055,6.454563140869141,6.412382125854492
GG1_heldout_disagreement,20251021_153924.jpg,304_R4S_435_S45.2.2_51_4,17.0,25.0,9.0,True,9,0.014212121405340238,131.90749613870355,15.051435470581055,14.095050811767578,14.523073196411133,13.451855659484863,13.229484558105469,13.353292465209961,12.953085899353027,14.789885520935059,13.007929801940918,13.683088302612305,13.888861656188965,13.260534286499023,14.53738021850586,13.898618698120117,15.037335395812988,14.518946647644043
GG1_heldout_disagreement,20251021_153931.jpg,304_R4S_435_S45.2.2_51_4,13.75,20.0,7.5,True,4,0.011044997561810693,132.34267816938672,7.040104866027832,6.512362480163574,6.745848655700684,7.161019325256348,6.728856086730957,6.74184513092041,8.114479064941406,6.412927627563477,7.848633289337158,5.981420516967773,6.313035488128662,7.707139015197754,6.109724044799805,6.082969665527344,7.074969291687012,7.144814491271973
GG1_heldout_disagreement,20251021_153940.jpg,304_R4S_435_S45.2.2_51_4,15.25,20.0,10.5,True,6,0.017695180782199907,133.066673948001,10.66954231262207,10.272153854370117,9.680269241333008,9.681934356689453,10.162957191467285,9.737438201904297,10.77924633026123,11.15060043334961,10.522659301757812,9.927765846252441,10.333000183105469,10.30294418334961,10.780843734741211,9.739002227783203,10.195374488830566,10.567719459533691
GG1_heldout_disagreement,20251021_154042.jpg,308_Smaragd_52_5,13.75,3.0,24.5,True,6,0.009794721106854766,132.11511720332507,5.428186893463135,5.418277740478516,4.9521098136901855,8.325222969055176,8.485639572143555,8.087868690490723,6.600292205810547,8.422720909118652,6.4408769607543945,7.313704490661621,7.983704090118408,7.286501884460449,6.511381149291992,5.590808868408203,5.331667900085449,5.081335544586182
GG1_heldout_disagreement,20251021_154051.jpg,308_Smaragd_52_5,14.25,18.0,10.5,True,7,0.023804002203120955,134.26227435253335,6.468205451965332,6.394505500793457,5.748883247375488,8.686442375183105,8.679405212402344,7.9946699142456055,6.544006824493408,7.011036396026611,6.705749034881592,5.704721927642822,7.709681034088135,7.142002105712891,6.80810022354126,6.340065956115723,6.253907203674316,6.35679817199707
GG1_heldout_disagreement,20251021_154111.jpg,305_R4S_524_Taisetsu_51_5,11.5,15.0,8.0,True,6,0.010572131626484954,130.00988031898478,5.724913120269775,5.479071617126465,5.2000837326049805,7.937539100646973,7.36480712890625,7.801685810089111,6.92615270614624,7.85970401763916,7.507808685302734,7.352458477020264,7.419730186462402,8.543540954589844,6.655550479888916,5.934924125671387,6.026252269744873,5.673555374145508
GG1_heldout_disagreement,20251021_154123.jpg,305_R4S_524_Taisetsu_51_5,10.75,16.0,5.5,True,7,0.01954377719070232,135.72867268677794,3.964658737182617,3.6305088996887207,3.590527296066284,6.028926849365234,6.075643539428711,5.626345634460449,4.3315534591674805,5.200798988342285,4.221832752227783,4.25578498840332,4.760330677032471,4.227126121520996,4.499598026275635,3.795910358428955,3.8779349327087402,4.039037704467773
GG1_heldout_disagreement,20251021_154134.jpg,296_R4S_393_Gross/Luesewityer_50_5,24.0,35.0,13.0,True,6,0.01105765936830154,136.69408186436198,18.390623092651367,18.29796600341797,16.86817741394043,16.52219009399414,17.106834411621094,16.524688720703125,15.269083023071289,16.595848083496094,15.934625625610352,16.344587326049805,17.06603240966797,16.21211051940918,18.964771270751953,18.53372573852539,18.89368438720703,17.467361450195312
GG1_heldout_disagreement,20251021_154147.jpg,296_R4S_393_Gross/Luesewityer_50_5,17.0,23.0,11.0,True,8,0.023376542827017305,129.79180311769935,11.334453582763672,10.803084373474121,9.950363159179688,11.151597023010254,11.556818962097168,10.963085174560547,9.188826560974121,10.542298316955566,9.19334602355957,9.133056640625,10.453618049621582,9.38607120513916,12.908289909362793,11.292180061340332,12.12685489654541,10.761504173278809
GG1_heldout_disagreement,20251021_154233.jpg,284_R4S_306_RAGGED JACK_48_5,11.25,2.0,20.5,True,7,0.0065860416729186045,134.9161029919275,2.6894984245300293,2.5716679096221924,2.699380397796631,2.7807796001434326,2.9087343215942383,2.828509569168091,2.330076217651367,2.074678421020508,2.3012380599975586,2.203967332839966,2.2681121826171875,2.3948535919189453,2.827968120574951,2.855799436569214,2.7451062202453613,2.8225111961364746
GG1_heldout_disagreement,20251021_154239.jpg,284_R4S_306_RAGGED JACK_48_5,21.25,32.0,10.5,True,8,0.010051437560037239,134.40984104485167,19.229564666748047,18.3187255859375,19.748943328857422,16.280717849731445,14.349037170410156,15.269789695739746,18.800439834594727,21.065446853637695,19.12245750427246,19.595516204833984,21.531307220458984,19.71944808959961,18.082429885864258,17.443952560424805,19.63949203491211,19.28482437133789
GG1_heldout_disagreement,20251021_154245.jpg,284_R4S_306_RAGGED JACK_48_5,17.0,25.0,9.0,True,8,0.008866325198253157,131.90033876990913,16.59193229675293,15.288612365722656,15.340157508850098,14.56948471069336,12.486084938049316,12.990896224975586,21.479084014892578,21.972402572631836,22.359603881835938,20.9466552734375,20.529438018798828,20.14705467224121,16.28934097290039,15.677083015441895,15.734046936035156,16.205965042114258
GG1_heldout_disagreement,20251021_154456.jpg,257_R4S_153_Manitoba_43_5,9.25,2.0,16.5,True,4,0.012496783291644793,127.552058178674,4.452786445617676,3.9461264610290527,4.110391139984131,3.423717498779297,3.203763961791992,3.4371941089630127,3.774857521057129,4.231964588165283,3.9416325092315674,3.3148694038391113,3.8387820720672607,3.758516788482666,5.111302375793457,4.153804779052734,4.97457218170166,4.3770952224731445
GG1_heldout_disagreement,20251021_154502.jpg,257_R4S_153_Manitoba_43_5,11.5,15.0,8.0,True,11,0.019742092205912755,125.60495503411205,8.16621208190918,7.694711685180664,7.329165458679199,7.2726030349731445,7.172272682189941,6.954079627990723,5.585008144378662,5.876701831817627,5.704035758972168,5.873508930206299,6.048101902008057,6.297660827636719,8.587140083312988,7.935283660888672,8.129298210144043,7.859046459197998
GG1_heldout_disagreement,20251021_154509.jpg,257_R4S_153_Manitoba_43_5,9.5,13.0,6.0,True,6,0.024216408885755162,128.1920858937202,5.136208534240723,4.912267208099365,4.694441795349121,5.024470329284668,5.127801895141602,5.093711853027344,6.876884937286377,7.646346092224121,6.6889472007751465,5.704482078552246,6.409789085388184,5.794102668762207,5.914146423339844,5.182844161987305,5.483265399932861,5.099326133728027
GG1_heldout_disagreement,20251021_154523.jpg,248_R4S_465_S4_42_5,17.75,30.0,5.5,True,8,0.014303732329704258,130.91776362920882,10.931880950927734,9.75684928894043,10.243274688720703,9.75285530090332,8.90747356414795,8.98508071899414,9.217732429504395,9.901603698730469,10.323694229125977,9.420716285705566,9.041133880615234,10.252439498901367,11.582621574401855,10.015725135803223,11.22869873046875,10.819347381591797
GG1_heldout_disagreement,20251021_154528.jpg,248_R4S_465_S4_42_5,33.5,43.0,24.0,True,8,0.011627811642979245,129.2260408254455,27.587703704833984,26.933481216430664,25.669179916381836,22.209714889526367,22.711912155151367,21.68145751953125,19.874080657958984,25.398578643798828,21.24706268310547,25.343154907226562,25.614980697631836,23.01947784423828,26.91681480407715,26.873794555664062,26.928970336914062,26.038135528564453
GG1_heldout_disagreement,20251021_154534.jpg,248_R4S_465_S4_42_5,27.25,40.0,14.5,True,9,0.01773247272228643,128.1720631158299,11.884204864501953,11.301280975341797,11.723892211914062,13.398292541503906,13.044021606445312,13.397780418395996,11.706754684448242,12.942023277282715,14.058540344238281,12.83141040802002,13.239791870117188,15.403149604797363,11.727693557739258,11.240777969360352,12.58485221862793,11.686033248901367
GG1_heldout_disagreement,20251021_154546.jpg,245_R4S_463_S101_41_5,25.5,38.0,13.0,True,8,0.013057933530047479,125.24318191201291,12.55617618560791,11.977046966552734,11.604927062988281,13.47178840637207,13.377967834472656,13.299896240234375,12.703059196472168,15.26297378540039,14.79794979095459,15.046459197998047,14.028599739074707,14.368668556213379,13.379798889160156,12.494735717773438,12.51698112487793,11.993427276611328
GG1_heldout_disagreement,20251021_154553.jpg,245_R4S_463_S101_41_5,26.75,35.0,18.5,True,6,0.0113270690556571,129.70248446764447,22.817747116088867,22.787553787231445,22.902860641479492,16.575145721435547,17.21059226989746,15.914804458618164,20.050264358520508,25.586790084838867,22.066722869873047,22.659297943115234,22.04672622680664,22.55143165588379,21.59079933166504,22.387508392333984,23.307456970214844,22.95092010498047
GG1_heldout_disagreement,20251021_154600.jpg,245_R4S_463_S101_41_5,14.25,20.0,8.5,True,12,0.028238222824003623,133.55330122601208,9.953268051147461,9.216564178466797,8.79639720916748,10.572379112243652,10.020561218261719,9.758136749267578,9.983851432800293,10.86531925201416,10.534456253051758,9.260815620422363,10.340089797973633,10.248285293579102,10.415821075439453,9.10927963256836,9.944526672363281,9.454757690429688
GG1_heldout_disagreement,20251021_155233.jpg,185_R4S_453_L16_31_5,11.25,8.0,14.5,True,6,0.013286547672558373,130.06787207408374,7.013675689697266,6.599352836608887,5.943550109863281,8.2420654296875,8.419672012329102,8.294721603393555,6.272853851318359,8.38818073272705,5.860783576965332,8.483551979064941,7.667701721191406,7.411031246185303,8.669973373413086,7.274463653564453,7.593466758728027,6.6748762130737305
GG1_heldout_disagreement,20251021_155241.jpg,185_R4S_453_L16_31_5,14.75,9.0,20.5,True,4,0.009642978368870923,131.3278025356927,5.343162536621094,5.653173446655273,4.753839492797852,6.996487617492676,8.02247428894043,7.003164291381836,5.055224418640137,6.529621124267578,4.995513916015625,7.8404083251953125,7.210371494293213,7.098937034606934,6.739923477172852,6.173395156860352,5.628812789916992,5.152666091918945
GG1_heldout_disagreement,20251021_155249.jpg,185_R4S_453_L16_31_5,18.25,15.0,21.5,True,7,0.012608171910637676,123.07163580334642,14.197098731994629,14.236268997192383,14.183822631835938,13.365182876586914,13.74579906463623,13.727806091308594,14.88938045501709,15.432201385498047,17.361095428466797,15.201131820678711,18.165945053100586,19.54347038269043,13.782929420471191,13.860857009887695,14.144387245178223,13.753371238708496
GG1_heldout_disagreement,20251021_155828.jpg,113_R4S_284_Nemertschanskij 1_19_5,23.5,35.0,12.0,True,9,0.01974704933562047,127.2779605212627,8.26297378540039,7.666611671447754,8.271049499511719,10.014211654663086,9.7451171875,9.400177001953125,8.2447509765625,8.883174896240234,8.655220031738281,8.265714645385742,9.280024528503418,9.237598419189453,8.460729598999023,7.727378845214844,8.57402515411377,8.432212829589844
GG1_heldout_disagreement,20251021_155835.jpg,113_R4S_284_Nemertschanskij 1_19_5,16.5,20.0,13.0,True,6,0.026549706528216557,132.2250982661083,7.287074565887451,7.381814002990723,6.313724040985107,7.690762042999268,8.227116584777832,7.610665321350098,4.430432319641113,6.113811016082764,4.163468837738037,4.556865215301514,6.433084487915039,5.08931303024292,8.69080924987793,8.35055160522461,7.320499897003174,6.981146335601807
GG1_heldout_disagreement,20251021_155843.jpg,113_R4S_284_Nemertschanskij 1_19_5,16.75,22.0,11.5,True,8,0.024546294283851338,132.39849510139936,10.198718070983887,9.774493217468262,9.048073768615723,12.646200180053711,13.026264190673828,12.29835319519043,10.30074691772461,12.658193588256836,9.994247436523438,11.833165168762207,11.418249130249023,11.747114181518555,11.499272346496582,10.393119812011719,10.726102828979492,9.923042297363281
GG1_heldout_disagreement,20251021_155857.jpg,104_R4S_364_Silona_18_5,15.25,12.0,18.5,True,6,0.011090891842243706,127.75324211495018,13.34072494506836,12.476003646850586,11.285117149353027,13.05445671081543,13.330729484558105,12.79081916809082,11.512138366699219,13.411405563354492,11.54935359954834,11.732817649841309,12.995752334594727,11.584651947021484,14.506730079650879,12.959224700927734,13.503835678100586,12.678239822387695
GG1_heldout_disagreement,20251021_155912.jpg,104_R4S_364_Silona_18_5,15.75,20.0,11.5,True,4,0.009392374786992497,129.16553175471324,11.373489379882812,10.834970474243164,9.472378730773926,9.244159698486328,9.91763687133789,9.225713729858398,8.136898040771484,9.352638244628906,8.591301918029785,8.418359756469727,9.83586597442627,9.52315902709961,12.601587295532227,11.84027099609375,11.841181755065918,10.794528007507324
GG1_heldout_disagreement,20251021_160018.jpg,89_R4S_461_H365_15_5,19.0,25.0,13.0,True,6,0.013901558749675733,131.78012587866988,12.485462188720703,11.475639343261719,10.780248641967773,11.040071487426758,10.903031349182129,10.826740264892578,9.201678276062012,9.311100006103516,9.31709098815918,7.920987129211426,9.850480079650879,9.521709442138672,13.292255401611328,12.295967102050781,12.782767295837402,11.892817497253418
GG1_heldout_disagreement,20251021_160023.jpg,89_R4S_461_H365_15_5,23.75,27.0,20.5,True,10,0.013491534150080154,128.68322748795154,25.538875579833984,25.39014434814453,23.69190216064453,21.14861488342285,21.754777908325195,21.068527221679688,22.853126525878906,26.560670852661133,23.950576782226562,27.057159423828125,26.871065139770508,26.192638397216797,25.289159774780273,25.356231689453125,25.08026885986328,24.077600479125977
GG1_heldout_disagreement,20251021_160029.jpg,89_R4S_461_H365_15_5,18.25,25.0,11.5,True,6,0.024971792348248756,133.42848138689843,9.891622543334961,9.73238754272461,8.526823997497559,9.365583419799805,10.890381813049316,9.856047630310059,7.193324089050293,7.259224891662598,6.274163722991943,6.36456823348999,8.145872116088867,7.406681060791016,11.01391315460205,10.332235336303711,10.101020812988281,9.511714935302734
GG1_heldout_disagreement,20251021_160120.jpg,77_R4S_376_Victor_13_5,16.0,22.0,10.0,True,7,0.018672265034947132,129.99002329808752,15.354818344116211,15.412985801696777,13.791004180908203,11.409542083740234,11.966728210449219,11.598520278930664,9.951051712036133,13.035018920898438,9.534405708312988,10.74465560913086,12.787779808044434,11.285582542419434,16.42519760131836,16.19095230102539,16.108564376831055,14.502365112304688
GG1_heldout_disagreement,20251021_160301.jpg,53_R4S_398_Bolko_9_5,7.25,2.0,12.5,True,7,0.009100655871382765,123.2758837652957,8.164786338806152,7.859060287475586,7.482621669769287,9.798669815063477,10.149139404296875,10.109992980957031,8.567014694213867,11.257403373718262,8.285310745239258,9.532885551452637,10.910829544067383,9.963672637939453,9.864419937133789,8.879768371582031,8.829303741455078,7.971205711364746
GG1_heldout_disagreement,20251021_160307.jpg,53_R4S_398_Bolko_9_5,8.0,1.0,15.0,True,5,0.009226852196607838,117.61282124151668,10.785316467285156,11.017190933227539,9.529168128967285,12.09292984008789,12.73442554473877,12.15155029296875,12.646074295043945,20.44900894165039,15.238285064697266,19.572235107421875,18.69318199157715,18.661039352416992,12.126836776733398,11.604619979858398,10.532891273498535,10.45995807647705
GG1_heldout_disagreement,20251021_160316.jpg,53_R4S_398_Bolko_9_5,22.5,30.0,15.0,True,8,0.02126453461321594,118.34106551031915,15.835880279541016,15.942419052124023,15.087736129760742,12.03422737121582,13.251923561096191,12.741392135620117,10.847641944885254,12.595067977905273,11.207181930541992,11.428378105163574,12.635072708129883,12.20555591583252,16.641277313232422,16.649927139282227,17.046682357788086,15.15145492553711
GG1_heldout_disagreement,20251021_161636.jpg,127_R4S_188_CANBERRA x COURAGE DH LINE_22_6,13.0,10.0,16.0,True,11,0.016506831240178967,114.17670311194277,5.967048645019531,5.51309871673584,5.492989540100098,8.543289184570312,7.945079326629639,7.9942731857299805,6.10236930847168,7.753077983856201,6.904486656188965,6.673397064208984,7.593422889709473,7.303991794586182,6.5558013916015625,6.263172149658203,6.412500858306885,5.910935878753662
GG1_heldout_disagreement,20251021_161645.jpg,127_R4S_188_CANBERRA x COURAGE DH LINE_22_6,35.0,70.0,0.0,True,1,0.004062250773744632,115.35146663935086,2.355938196182251,2.212995767593384,2.498854875564575,2.3383240699768066,2.2315711975097656,2.1432063579559326,3.3013999462127686,3.235474109649658,3.0992014408111572,2.999274730682373,2.8876309394836426,2.982119560241699,1.9387621879577637,2.1480767726898193,2.6074397563934326,2.601635694503784
GG1_heldout_disagreement,20251021_161652.jpg,127_R4S_188_CANBERRA x COURAGE DH LINE_22_6,9.25,15.0,3.5,True,8,0.012559438409510145,112.6365612830498,3.191148519515991,3.010188579559326,3.0816726684570312,3.3181586265563965,3.1701622009277344,3.1023712158203125,3.6606504917144775,3.995912551879883,3.685753107070923,3.3720996379852295,3.586071014404297,3.5001754760742188,3.3392436504364014,3.1236045360565186,3.3709020614624023,3.2506155967712402
GG1_heldout_disagreement,20251021_161857.jpg,162_R4S_401_H231_27_6,9.15,5.0,13.3,True,4,0.010217436375887628,120.268143288319,2.934432029724121,2.85300874710083,2.7732043266296387,2.539034605026245,2.5924975872039795,2.305410861968994,3.4166839122772217,4.023776531219482,3.146474838256836,3.137148141860962,3.920929193496704,3.0154342651367188,2.925840139389038,3.124110221862793,3.211190700531006,3.0021018981933594
GG1_heldout_disagreement,20251021_161905.jpg,162_R4S_401_H231_27_6,16.5,5.0,28.0,True,4,0.006123215063289239,118.2412103284834,3.592219591140747,3.5081634521484375,3.550590991973877,2.344778299331665,2.1462149620056152,2.1136956214904785,2.883604049682617,3.204101800918579,2.7092485427856445,2.7294726371765137,2.9511001110076904,2.801647663116455,3.8235299587249756,3.7712223529815674,3.936028003692627,3.6947717666625977
GG1_heldout_disagreement,20251021_161910.jpg,162_R4S_401_H231_27_6,21.25,15.0,27.5,True,5,0.005728530442329947,114.68659790086151,7.463397026062012,6.871563911437988,6.872852325439453,11.688904762268066,10.543392181396484,10.773550033569336,7.496924877166748,10.399632453918457,8.641422271728516,7.729583740234375,10.406712532043457,8.705453872680664,7.600864410400391,7.148890495300293,7.533114433288574,7.148941516876221
GG1_heldout_disagreement,20251021_162109.jpg,187_R4S_492_FELICIANO KWS_32_6,3.7,1.0,6.4,True,4,0.005800447640498442,124.34987486459228,10.03642463684082,9.482076644897461,9.30691909790039,6.860185146331787,6.706596374511719,6.652570724487305,10.563831329345703,7.757845401763916,9.658051490783691,8.398919105529785,8.494691848754883,10.18099594116211,10.01579475402832,9.764565467834473,10.23658275604248,9.957954406738281
GG1_heldout_disagreement,20251021_162116.jpg,187_R4S_492_FELICIANO KWS_32_6,7.2,3.0,11.4,True,3,0.00815202240977399,121.52921945013277,1.820030689239502,1.7074849605560303,1.8365478515625,1.5461996793746948,1.5590336322784424,1.4913005828857422,2.377122402191162,2.5948636531829834,2.2517237663269043,2.207075357437134,2.3903965950012207,2.2404417991638184,1.5940293073654175,1.604009747505188,1.8150265216827393,1.950180172920227
GG1_heldout_disagreement,20251021_162436.jpg,234_R4S_447_K306_39_6,25.7,35.0,16.4,False,22,0.006447083333333333,125.11980008333333,11.794891357421875,12.365987777709961,10.550851821899414,10.276820182800293,10.856224060058594,10.237890243530273,10.103489875793457,9.945479393005371,8.981818199157715,10.578398704528809,10.730278968811035,11.36587905883789,12.759464263916016,12.541769027709961,11.521211624145508,11.113611221313477
GG1_heldout_disagreement,20251021_162445.jpg,234_R4S_447_K306_39_6,14.5,25.0,4.0,True,9,0.023627883145028002,122.06635544949052,2.427715301513672,2.3350839614868164,2.1318492889404297,2.4397382736206055,2.579256534576416,2.4184703826904297,2.421003580093384,2.5694236755371094,2.2708394527435303,2.261214256286621,2.5729141235351562,2.1503851413726807,2.756676197052002,2.270479440689087,2.3583741188049316,2.3349266052246094
GG1_heldout_disagreement,20251021_162529.jpg,246_R4S_356_GRUENER SCHNITTKOHL_41_6,27.5,37.0,18.0,True,9,0.012813468565708704,122.07017547244902,23.300182342529297,22.71174430847168,20.0123348236084,16.094369888305664,16.590303421020508,15.474081039428711,15.856754302978516,19.423763275146484,15.25743293762207,17.858299255371094,19.760299682617188,16.480632781982422,22.538061141967773,23.191606521606445,22.868932723999023,21.701631546020508
GG1_heldout_disagreement,20251021_162536.jpg,246_R4S_356_GRUENER SCHNITTKOHL_41_6,21.25,30.0,12.5,True,9,0.021734487455370457,121.00343385558968,10.878620147705078,10.124190330505371,10.145035743713379,13.202279090881348,13.744625091552734,13.377531051635742,9.35799789428711,9.11926555633545,10.442814826965332,9.291013717651367,11.148524284362793,10.346410751342773,10.458175659179688,10.063577651977539,11.149343490600586,10.35550308227539
GG1_heldout_disagreement,20251021_162544.jpg,246_R4S_356_GRUENER SCHNITTKOHL_41_6,16.25,20.0,12.5,True,7,0.014060480464434512,124.08140465806443,10.865701675415039,10.753337860107422,9.862666130065918,10.480570793151855,11.313358306884766,10.907556533813477,6.491585731506348,5.688845634460449,6.842511177062988,5.777449607849121,7.375648498535156,7.37092924118042,11.678037643432617,10.984981536865234,11.228302955627441,10.061320304870605
GG1_heldout_disagreement,20251021_163006.jpg,295_R4S_272_Doral_50_6,11.0,3.0,19.0,True,9,0.014173180170396317,127.04595907837108,9.567792892456055,9.14326286315918,8.430540084838867,9.891324043273926,10.315271377563477,9.798105239868164,7.441493034362793,8.727579116821289,6.919119358062744,7.605110168457031,9.428085327148438,8.047508239746094,10.729294776916504,9.788908004760742,9.44045639038086,8.92371940612793
GG1_calibration_test,20251021_121449.jpg,72_R4S_386_Major_12_1,9.5,9.0,10.0,True,2,0.010325786567423448,127.2740986782193,22.720417022705078,22.657018661499023,23.607372283935547,14.220003128051758,14.301475524902344,14.876527786254883,15.258218765258789,13.36240005493164,16.374666213989258,12.576286315917969,14.572070121765137,16.72599220275879,18.343242645263672,20.484874725341797,23.051015853881836,21.88002586364746
GG1_calibration_test,20251021_121457.jpg,72_R4S_386_Major_12_1,11.5,12.0,11.0,True,6,0.016762578163327286,132.34320481971494,16.25788688659668,15.340377807617188,15.427597045898438,17.35280990600586,17.702251434326172,17.832645416259766,15.441497802734375,17.418453216552734,16.38080596923828,17.858718872070312,19.33382797241211,17.645137786865234,15.819445610046387,14.945831298828125,16.574188232421875,15.75933837890625
GG1_calibration_test,20251021_121504.jpg,72_R4S_386_Major_12_1,10.5,10.0,11.0,True,4,0.012907163291163258,133.0370075619428,6.170267105102539,5.871653079986572,5.376446723937988,5.775906562805176,6.001842021942139,5.613468647003174,5.366005897521973,5.144072532653809,4.9313483238220215,4.495700359344482,5.515568733215332,5.050327301025391,6.037104606628418,5.723028182983398,6.3623046875,6.106821060180664
GG1_calibration_test,20251021_121618.jpg,85_R4S_408_DH5 Oase x Nugget  PBZ061 von NPY_15_1,23.25,23.0,23.5,True,9,0.013114673688954153,128.0998310338714,19.065568923950195,19.017074584960938,17.294551849365234,18.678497314453125,19.326309204101562,18.484031677246094,16.657794952392578,19.51055908203125,16.11127471923828,17.778106689453125,19.16150665283203,16.89834976196289,19.975257873535156,19.275836944580078,18.565078735351562,17.89266586303711
GG1_calibration_test,20251021_121624.jpg,85_R4S_408_DH5 Oase x Nugget  PBZ061 von NPY_15_1,9.75,10.0,9.5,True,6,0.009926323346053575,133.12470170400877,5.195277214050293,5.004630088806152,4.533116817474365,10.63404655456543,11.432668685913086,10.832418441772461,5.290974140167236,6.016506671905518,4.823261260986328,6.718398571014404,8.300543785095215,6.279762268066406,6.191658973693848,5.483117580413818,4.959364414215088,4.834019660949707
GG1_calibration_test,20251021_121633.jpg,85_R4S_408_DH5 Oase x Nugget  PBZ061 von NPY_15_1,3.25,5.0,1.5,True,8,0.019726189102775397,129.69837538730306,2.243588447570801,2.0686299800872803,2.015259265899658,2.248429298400879,2.2728230953216553,2.2375502586364746,2.48366641998291,2.4771904945373535,2.370439052581787,2.2797787189483643,2.599379539489746,2.2209460735321045,2.4529776573181152,1.9392114877700806,2.123138904571533,2.2912631034851074
GG1_calibration_test,20251021_123822.jpg,290_R4S_211_Lirabon_49_2,4.5,5.0,4.0,True,5,0.008912346264186065,126.55012693095333,5.345032691955566,5.2045769691467285,4.877307891845703,6.4716386795043945,6.5906267166137695,6.5143585205078125,5.129787921905518,6.586944103240967,5.2372941970825195,5.43655252456665,7.30440092086792,5.427615165710449,5.7424163818359375,5.262679100036621,5.325472831726074,5.015721321105957
GG1_calibration_test,20251021_123831.jpg,290_R4S_211_Lirabon_49_2,3.75,3.0,4.5,True,8,0.021906358663518827,124.72235527724831,5.142693042755127,4.978222370147705,4.616199493408203,5.97343635559082,6.338842868804932,6.266819477081299,4.367120265960693,4.961325645446777,4.0054802894592285,4.038506507873535,4.880383014678955,4.609837532043457,5.911962032318115,5.295974254608154,5.344874382019043,4.910516738891602
GG1_calibration_test,20251021_123838.jpg,290_R4S_211_Lirabon_49_2,4.75,5.0,4.5,True,6,0.021570465806731286,121.37700353349766,6.23814058303833,5.6928815841674805,5.676973342895508,6.813556671142578,6.938900947570801,7.009185791015625,6.120532512664795,7.429634094238281,5.757898330688477,5.773859977722168,7.003303050994873,5.910048961639404,7.111790657043457,6.1086955070495605,6.659618854522705,5.98608922958374
GG1_calibration_test,20251021_123915.jpg,278_R4S_394_Erra_47_2,14.25,15.0,13.5,True,8,0.012564012718188307,132.34747595873077,16.342451095581055,15.29947280883789,14.973165512084961,19.384469985961914,19.638225555419922,18.945682525634766,14.697848320007324,18.061159133911133,14.0308837890625,17.749496459960938,19.081071853637695,16.67892074584961,17.316102981567383,15.478955268859863,16.331510543823242,15.348926544189453
GG1_calibration_test,20251021_124048.jpg,263_R4S_255_Atlantic_44_2,5.25,3.0,7.5,True,7,0.02251033215980407,123.84851727128935,3.9437413215637207,3.716923713684082,3.7971882820129395,3.618101119995117,3.7520768642425537,3.785867929458618,3.524554967880249,3.8965907096862793,3.522953510284424,3.399827241897583,3.9414076805114746,3.385725975036621,4.859339237213135,3.813072443008423,4.353285789489746,3.8120713233947754
GG1_calibration_test,20251021_124056.jpg,263_R4S_255_Atlantic_44_2,8.0,7.0,9.0,True,8,0.019790856992121297,128.51545008911958,6.757347583770752,6.428049087524414,6.04634428024292,8.316625595092773,8.656546592712402,8.084778785705566,5.8839263916015625,6.412412166595459,6.255325794219971,5.564476013183594,5.532241344451904,6.447728633880615,7.813108444213867,6.873466491699219,6.919388294219971,6.514717102050781
GG1_calibration_test,20251021_124112.jpg,263_R4S_255_Atlantic_44_2,10.5,8.0,13.0,True,10,0.016931009277948054,126.47533338732319,9.478979110717773,9.068008422851562,8.459695816040039,8.001823425292969,8.127799987792969,7.908721923828125,7.03724479675293,8.322972297668457,6.597238063812256,7.7148027420043945,8.064013481140137,7.322691917419434,10.660062789916992,9.694162368774414,9.112784385681152,8.733100891113281
GG1_calibration_test,20251021_124843.jpg,167_R4S_157_BRISTOL_28_2,4.5,5.0,4.0,True,6,0.012899952312433214,124.6654603401851,6.269601821899414,5.830578804016113,5.463953971862793,7.644497871398926,7.902012348175049,7.456921100616455,5.239639759063721,5.704143047332764,5.584837913513184,5.169925212860107,5.898050785064697,4.862316131591797,6.957454681396484,5.949346542358398,5.927796363830566,5.724860668182373
GG1_calibration_test,20251021_124852.jpg,167_R4S_157_BRISTOL_28_2,3.25,2.0,4.5,True,6,0.01554176040958094,122.48463313341236,3.5385849475860596,3.2015695571899414,3.2755966186523438,3.851144552230835,3.7706258296966553,3.647883415222168,3.6357290744781494,3.606684923171997,3.9231159687042236,3.0388476848602295,3.4715778827667236,2.9731035232543945,4.204726696014404,3.104292869567871,3.597074508666992,3.346163511276245
GG1_calibration_test,20251021_125003.jpg,146_R4S_243_Sansibar_25_2,2.65,1.0,4.3,True,4,0.0029500898436452382,122.7714830493614,4.374439239501953,4.3856964111328125,4.174115180969238,4.431005477905273,4.6013994216918945,4.819150447845459,3.7233710289001465,4.153780937194824,3.385826587677002,5.692547798156738,5.363742351531982,4.225111961364746,4.623404026031494,4.4449310302734375,3.975684642791748,4.224941253662109
GG1_calibration_test,20251021_125011.jpg,146_R4S_243_Sansibar_25_2,3.8,2.0,5.6,True,6,0.0036002051075913,125.41913581678429,17.658546447753906,17.059175491333008,17.018108367919922,10.781190872192383,10.95532512664795,10.892230987548828,12.036553382873535,7.336272239685059,10.490372657775879,7.5520782470703125,10.653882026672363,11.241934776306152,17.67041015625,17.945011138916016,17.770084381103516,16.86634063720703
GG1_calibration_test,20251021_125035.jpg,143_R4S_289_Start_24_2,5.25,3.0,7.5,True,7,0.013660378780030702,122.36521749139588,6.966464042663574,6.688108444213867,6.830014228820801,8.741113662719727,8.499238967895508,9.086257934570312,4.914495944976807,6.226962566375732,5.1551079750061035,4.867050647735596,6.690230846405029,6.4256086349487305,7.643370151519775,7.132477760314941,7.360208511352539,6.579739093780518
GG1_calibration_test,20251021_125047.jpg,143_R4S_289_Start_24_2,4.75,3.0,6.5,True,5,0.019685976658528195,127.84429614806984,4.071983337402344,3.8156580924987793,4.239689350128174,4.812291145324707,4.211712837219238,4.176275253295898,4.181240558624268,5.289644718170166,3.830996513366699,3.4007680416107178,3.144263744354248,3.975038528442383,3.563920259475708,3.740602493286133,4.173806667327881,4.482985019683838
GG1_calibration_test,20251021_125119.jpg,134_R4S_345_Bangholm PT_23_2,0.5,1.0,0.0,True,1,0.001585869004641568,126.20465910263022,1.4558663368225098,1.3013181686401367,1.7458266019821167,0.9526740908622742,0.8444428443908691,0.9152490496635437,2.732923746109009,2.259044885635376,2.488232135772705,1.9533594846725464,2.1584880352020264,2.2417383193969727,0.8955394625663757,0.9881501793861389,1.3988590240478516,1.7221007347106934
GG1_calibration_test,20251021_125125.jpg,134_R4S_345_Bangholm PT_23_2,1.55,2.0,1.1,True,4,0.007381686717457464,124.71774290733062,2.077655076980591,1.9044427871704102,2.1077585220336914,1.601297378540039,1.6642000675201416,1.5727474689483643,2.330794095993042,2.3085994720458984,2.2001025676727295,2.2692394256591797,2.5331552028656006,2.3158910274505615,1.723870038986206,1.7293896675109863,1.983384609222412,2.1543288230895996
GG1_calibration_test,20251021_125129.jpg,134_R4S_345_Bangholm PT_23_2,0.9,1.0,0.8,True,2,0.005221855857102231,127.1923360516088,3.2409451007843018,2.922877073287964,2.596958637237549,2.6847383975982666,2.5850830078125,2.352898597717285,3.040759801864624,3.3404994010925293,3.011859893798828,3.208134651184082,3.187563896179199,3.0646004676818848,3.340174436569214,2.66408634185791,2.4590342044830322,3.120521306991577
GG1_calibration_test,20251021_125358.jpg,98_R4S_417_H355_17_2,16.0,15.0,17.0,True,9,0.011564663094912206,127.37492524083271,10.204434394836426,9.51855754852295,9.444892883300781,7.592355728149414,6.937085151672363,7.131662368774414,7.933481216430664,10.884029388427734,8.160710334777832,7.692752838134766,9.838827133178711,8.245989799499512,10.714651107788086,9.590246200561523,10.016050338745117,9.719205856323242
GG1_calibration_test,20251021_125405.jpg,98_R4S_417_H355_17_2,19.5,20.0,19.0,True,7,0.01084452424287143,129.47142372554808,14.589187622070312,13.474571228027344,12.925514221191406,14.030292510986328,13.44276237487793,13.800271987915039,12.222701072692871,14.494837760925293,12.269218444824219,13.032251358032227,14.365508079528809,13.50905704498291,17.449520111083984,15.489612579345703,14.76777458190918,13.75191879272461
GG1_calibration_test,20251021_125635.jpg,74_R4S_197_Samourai_13_2,0.0,0.0,0.0,True,1,0.0006583869675928464,125.42151593990874,2.9935712814331055,2.9175872802734375,2.82078218460083,2.051165819168091,2.199141025543213,2.151689291000366,2.7451555728912354,3.4780819416046143,2.6219422817230225,3.3512136936187744,3.6953468322753906,2.8400323390960693,2.7282450199127197,2.6498615741729736,2.2866251468658447,2.8071303367614746
GG1_calibration_test,20251021_125656.jpg,74_R4S_197_Samourai_13_2,3.0,1.0,5.0,True,2,0.002309009505328246,129.19696781262334,2.2138795852661133,2.0715436935424805,2.121696949005127,1.7917464971542358,1.841981291770935,1.8177189826965332,2.357661485671997,2.5956079959869385,2.327749729156494,2.3628721237182617,2.662659168243408,2.261289119720459,2.231549024581909,1.9279682636260986,1.9712002277374268,2.2514333724975586
GG1_calibration_test,20251021_125833.jpg,50_R4S_204_Leopard_9_2,6.0,5.0,7.0,True,5,0.01271681274190012,124.9159044129424,4.088690757751465,4.004055976867676,3.6569137573242188,7.914361000061035,7.392950057983398,7.334805011749268,4.406435012817383,4.920535564422607,4.754968643188477,5.633702278137207,5.19002628326416,5.506974697113037,4.283654689788818,3.754671573638916,3.716221809387207,3.995713710784912
GG1_calibration_test,20251021_125847.jpg,50_R4S_204_Leopard_9_2,2.25,1.0,3.5,True,8,0.021105857630680326,125.53119961205067,2.33896541595459,2.1182923316955566,2.3633337020874023,2.4622859954833984,2.3992910385131836,2.366403818130493,2.7630207538604736,2.657996416091919,2.6488258838653564,2.648392677307129,2.6263985633850098,2.7514374256134033,2.099547863006592,2.018094062805176,2.3227970600128174,2.4540255069732666
GG1_calibration_test,20251021_130000.jpg,35_R4S_151_Ontario_6_2,0.0,0.0,0.0,True,1,0.0015127822793258466,123.88264721272007,1.3146030902862549,1.397857666015625,1.2946906089782715,0.998604953289032,1.2940142154693604,1.147755742073059,1.638731598854065,1.8271572589874268,1.509664535522461,1.4656256437301636,1.679229974746704,1.413040280342102,1.199125051498413,1.1149516105651855,1.1557642221450806,1.3380486965179443
GG1_calibration_test,20251021_130007.jpg,35_R4S_151_Ontario_6_2,6.25,5.0,7.5,True,1,0.0013181148029174274,124.93558452610304,8.689957618713379,7.970170497894287,7.0588531494140625,7.992302417755127,8.236632347106934,8.383864402770996,6.064298152923584,8.235467910766602,5.975959777832031,6.750540256500244,7.924216270446777,6.104682922363281,11.982405662536621,9.252193450927734,8.662942886352539,7.452831268310547
GG1_calibration_test,20251021_130500.jpg,22_R4S_271_Coriander_4_3,5.25,5.0,5.5,True,10,0.012448436060715287,129.4691342264408,5.058943748474121,4.419103622436523,4.691472053527832,4.529491901397705,4.20144510269165,4.499144554138184,4.324591159820557,4.83329439163208,5.323942184448242,3.6903574466705322,5.05409574508667,4.577963829040527,5.182061195373535,4.652167797088623,5.543927192687988,5.069686412811279
GG1_calibration_test,20251021_130805.jpg,63_R4S_300_Michinaku natane_11_3,1.75,1.0,2.5,True,5,0.01586395046836957,127.02717822817608,1.907291054725647,1.8106831312179565,1.7625855207443237,1.7313141822814941,1.7631494998931885,1.6687114238739014,2.4334797859191895,2.452498197555542,2.174860715866089,2.191192388534546,2.3706095218658447,2.1199841499328613,1.7913607358932495,1.6956281661987305,1.8583323955535889,1.939868688583374
GG1_calibration_test,20251021_130812.jpg,63_R4S_300_Michinaku natane_11_3,4.3,3.0,5.6,True,4,0.008954557507145095,130.50800869044838,7.465651035308838,6.908757209777832,7.547019004821777,5.926907539367676,5.383256912231445,5.525623321533203,6.249608039855957,6.133974552154541,6.587328910827637,5.6680474281311035,5.983421802520752,6.062520503997803,7.313279151916504,6.8637518882751465,8.353805541992188,7.396392822265625
GG1_calibration_test,20251021_130818.jpg,63_R4S_300_Michinaku natane_11_3,3.5,1.0,6.0,True,4,0.009293117503202516,125.38801858105923,1.3525233268737793,1.3143072128295898,1.389989972114563,0.9557953476905823,0.9451080560684204,0.9389411807060242,1.9138885736465454,1.8500125408172607,1.8153820037841797,1.598832368850708,1.7289777994155884,1.6780674457550049,1.0983340740203857,1.1357417106628418,1.347205638885498,1.5004703998565674
GG1_calibration_test,20251021_130935.jpg,82_R4S_355_RAPID CZCLING RAPE *CrGC5(_14_3,5.5,5.0,6.0,True,8,0.012345048614260784,129.64525356409465,5.2557830810546875,4.779594898223877,4.762110233306885,3.4553451538085938,3.347994327545166,3.4370245933532715,3.781263589859009,3.859893321990967,3.7441484928131104,3.22904372215271,3.6703083515167236,3.5994653701782227,5.846219062805176,5.336696147918701,5.697697639465332,5.122156620025635
GG1_calibration_test,20251021_130942.jpg,82_R4S_355_RAPID CZCLING RAPE *CrGC5(_14_3,9.5,8.0,11.0,True,5,0.01234447487214115,128.223058358655,2.0136334896087646,2.0073490142822266,1.9221785068511963,3.991807222366333,4.311835289001465,3.9829869270324707,1.8401833772659302,1.6485486030578613,1.8165254592895508,1.8613507747650146,1.9384983777999878,1.9029186964035034,2.030627965927124,2.0799155235290527,2.0429916381835938,2.054533004760742
GG1_calibration_test,20251021_130950.jpg,82_R4S_355_RAPID CZCLING RAPE *CrGC5(_14_3,2.5,2.0,3.0,True,9,0.021143365531265886,135.0313609557702,2.3974552154541016,2.2590458393096924,2.7721333503723145,3.227203845977783,2.94545316696167,3.124817132949829,4.084277629852295,3.7464513778686523,3.6698896884918213,3.2821249961853027,3.1197457313537598,3.8356430530548096,1.6802735328674316,1.9402958154678345,2.4945459365844727,2.9756531715393066
GG1_calibration_test,20251021_131209.jpg,106_R4S_483_OLL 1_18_3,5.5,7.0,4.0,True,6,0.013689542264197788,126.7425803372833,2.162872791290283,1.8606257438659668,1.9871001243591309,3.3675155639648438,3.29482364654541,3.594468593597412,3.047839403152466,2.238058567047119,2.730468988418579,2.0757272243499756,2.4045584201812744,2.4474005699157715,2.1855478286743164,1.901381492614746,2.1798062324523926,2.2462730407714844
GG1_calibration_test,20251021_131217.jpg,106_R4S_483_OLL 1_18_3,2.5,2.0,3.0,True,5,0.01242674339365488,131.57563615254537,3.6761550903320312,3.4810547828674316,3.3358049392700195,4.860874176025391,5.226720809936523,4.6193461418151855,3.485382318496704,3.1320900917053223,3.8037750720977783,3.3171794414520264,3.8122053146362305,3.9083096981048584,3.642569065093994,3.417701244354248,3.5736401081085205,3.7785301208496094
GG1_calibration_test,20251021_131524.jpg,147_R4S_220_EUROL_25_3,16.5,18.0,15.0,True,11,0.021541269446073038,124.76109189147947,18.92890167236328,18.118438720703125,18.049917221069336,17.907169342041016,17.63264274597168,17.69504737854004,17.66153335571289,20.21466636657715,19.029781341552734,19.9715518951416,19.765295028686523,20.103683471679688,18.666759490966797,18.122222900390625,18.99100112915039,18.271900177001953
GG1_calibration_test,20251021_132018.jpg,195_R4S_367_English Giant_33_3,2.75,2.0,3.5,True,6,0.014791950696256086,129.02450240084738,2.2729227542877197,2.257195234298706,2.161865472793579,2.7419724464416504,2.742027521133423,2.8950812816619873,2.3373022079467773,2.3828389644622803,2.128246784210205,2.4524641036987305,2.416280508041382,2.569533348083496,2.192798137664795,2.1229381561279297,2.2171125411987305,2.3368563652038574
GG1_calibration_test,20251021_132022.jpg,195_R4S_367_English Giant_33_3,6.75,6.0,7.5,True,8,0.02533982263670208,126.90405653609727,4.273009300231934,3.9026951789855957,3.7848777770996094,4.876572132110596,5.202301979064941,5.006572723388672,3.8526971340179443,4.136857986450195,3.558013916015625,3.7733867168426514,4.020826816558838,3.692507028579712,5.189905166625977,3.995652198791504,4.2395124435424805,3.9621427059173584
GG1_calibration_test,20251021_132029.jpg,195_R4S_367_English Giant_33_3,7.75,6.0,9.5,True,7,0.02024726532065866,127.50072018282388,8.532215118408203,7.818617820739746,7.491140842437744,10.041585922241211,10.356678009033203,10.047333717346191,7.519642353057861,9.270273208618164,7.105310440063477,8.258315086364746,9.011672973632812,7.9678168296813965,10.141711235046387,8.460434913635254,8.749014854431152,7.963231563568115
GG1_calibration_test,20251021_152227.jpg,100_R4S_251_Lisabeth_17_4,8.0,10.0,6.0,True,8,0.02013157894736842,131.95579495614035,3.365166187286377,3.1410017013549805,3.03295636177063,4.064183235168457,3.863114833831787,3.7124552726745605,3.3438637256622314,3.655226230621338,3.199666738510132,2.9725775718688965,3.249350070953369,3.2218265533447266,3.6689095497131348,3.1268978118896484,3.440556049346924,3.5203161239624023
GG1_calibration_test,20251021_152708.jpg,153_R4S_205_RESZN/H048_26_4,3.75,2.0,5.5,True,7,0.010324999798349693,129.06418831718787,6.056791305541992,5.7270965576171875,7.061185359954834,4.3163323402404785,3.945091724395752,4.141897201538086,6.367840766906738,6.528560161590576,5.7395501136779785,5.995272159576416,5.586375713348389,6.916970729827881,4.859682083129883,5.21365213394165,6.080801010131836,7.138124465942383
GG1_calibration_test,20251021_152715.jpg,153_R4S_205_RESZN/H048_26_4,5.0,4.0,6.0,True,8,0.01598832788188368,122.93475141997928,9.661067008972168,9.557308197021484,9.05044937133789,8.062082290649414,8.728876113891602,8.608648300170898,8.048739433288574,10.138240814208984,7.693606376647949,8.938830375671387,11.00677490234375,8.635343551635742,10.108407974243164,9.695345878601074,9.520936965942383,9.079743385314941
GG1_calibration_test,20251021_153001.jpg,189_R4S_239_SW Sinatra_32_4,14.0,15.0,13.0,True,6,0.01609660812029647,125.02565543090203,8.942728042602539,8.211548805236816,7.500718116760254,7.118273735046387,7.011384010314941,6.900565147399902,6.007174015045166,6.874320030212402,5.968877792358398,5.6359639167785645,7.079367160797119,5.6541008949279785,10.869339942932129,9.95621109008789,9.852926254272461,8.37036418914795
GG1_calibration_test,20251021_153136.jpg,208_R4S_418_R64_35_4,8.5,10.0,7.0,True,5,0.010117777371298499,117.1170518057842,7.900019645690918,7.304869174957275,7.747940540313721,8.009737968444824,7.221184253692627,7.409342288970947,7.395281791687012,7.516820907592773,6.9471755027771,6.877254009246826,6.094764709472656,7.0617899894714355,6.8949666023254395,7.197951316833496,7.897546768188477,7.857682704925537
GG1_calibration_test,20251021_154058.jpg,308_Smaragd_52_5,2.25,1.0,3.5,True,5,0.012878177719346039,131.44731125166314,2.566848039627075,2.213801383972168,2.3175220489501953,2.0311145782470703,1.9160232543945312,1.8611469268798828,2.878237009048462,2.9209372997283936,2.6410036087036133,2.2511749267578125,2.6555237770080566,2.396444320678711,2.5842058658599854,2.1376872062683105,2.4379029273986816,2.6948490142822266
GG1_calibration_test,20251021_154116.jpg,305_R4S_524_Taisetsu_51_5,12.75,14.0,11.5,True,5,0.01958945765270641,133.8983922029319,8.333653450012207,7.817999362945557,7.271308898925781,9.584385871887207,9.92659854888916,9.57426929473877,9.347029685974121,9.203664779663086,8.889862060546875,7.385555744171143,10.066014289855957,7.8118743896484375,8.17347526550293,7.580599784851074,8.453522682189941,8.133875846862793
GG1_calibration_test,20251021_154141.jpg,296_R4S_393_Gross/Luesewityer_50_5,27.75,30.0,25.5,True,11,0.026143072014631646,130.63353517023242,16.34630584716797,15.860651016235352,14.636417388916016,15.663019180297852,16.7204647064209,16.231666564941406,12.435358047485352,14.160029411315918,13.841368675231934,14.051220893859863,15.439102172851562,16.158004760742188,17.656845092773438,16.76774787902832,16.936229705810547,15.607430458068848
GG1_calibration_test,20251021_155730.jpg,125_R4S_144_Adder_21_5,6.5,8.0,5.0,True,6,0.010668244329523317,126.09285086481151,2.531667470932007,2.6549124717712402,2.2802629470825195,2.4800901412963867,2.885211706161499,2.4410648345947266,2.504783868789673,2.299330472946167,2.278686761856079,2.7187082767486572,2.9377083778381348,2.559760093688965,2.404538631439209,2.4693565368652344,2.233386516571045,2.5271549224853516
GG1_calibration_test,20251021_155737.jpg,125_R4S_144_Adder_21_5,5.75,8.0,3.5,True,6,0.01870918346651523,127.45080365472762,3.23581600189209,3.1020126342773438,2.9313807487487793,2.649393081665039,2.85349178314209,2.6867175102233887,3.0378634929656982,3.183234930038452,2.9517433643341064,2.924118757247925,3.320242404937744,3.0141444206237793,3.430011034011841,3.0587964057922363,3.3421502113342285,3.2085771560668945
GG1_calibration_test,20251021_155744.jpg,125_R4S_144_Adder_21_5,6.0,5.0,7.0,True,5,0.013967201296054693,130.31141564482203,2.91711688041687,2.9626216888427734,2.5912020206451416,2.506030321121216,2.804877519607544,2.50230073928833,2.5713629722595215,3.190077066421509,2.4756035804748535,2.566796064376831,3.1314008235931396,2.656930685043335,3.5556983947753906,3.0506224632263184,3.027400016784668,2.806445598602295
GG1_calibration_test,20251021_155904.jpg,104_R4S_364_Silona_18_5,10.0,8.0,12.0,True,6,0.010986509574095948,131.89731560296272,17.85299301147461,17.355186462402344,16.725297927856445,16.143138885498047,15.673555374145508,15.460592269897461,16.122390747070312,20.483304977416992,17.220746994018555,18.607572555541992,20.597999572753906,18.31470489501953,17.00543975830078,17.265087127685547,18.099594116210938,17.43426513671875
GG1_calibration_test,20251021_160107.jpg,77_R4S_376_Victor_13_5,8.0,8.0,8.0,True,6,0.015981719082292296,135.88817876910633,10.90078067779541,10.425453186035156,10.243571281433105,9.26800537109375,9.489124298095703,9.28842544555664,7.630919456481934,7.543632507324219,7.248997688293457,7.627540588378906,7.83303689956665,9.158912658691406,11.676172256469727,10.475196838378906,10.305156707763672,11.366687774658203
GG1_calibration_test,20251021_160113.jpg,77_R4S_376_Victor_13_5,17.75,20.0,15.5,True,6,0.01830700364346709,129.1131126313614,14.285118103027344,14.048505783081055,12.479286193847656,15.507606506347656,16.748327255249023,16.295068740844727,11.134673118591309,13.561447143554688,10.964818000793457,11.845041275024414,13.633687973022461,12.15552043914795,15.9937744140625,15.015765190124512,14.263642311096191,12.9736909866333
GG1_calibration_test,20251021_161312.jpg,90_R4S_252_Lirajet_15_6,1.25,1.0,1.5,True,9,0.02884699760609023,134.6857753522229,2.589869499206543,2.269763946533203,2.198546886444092,1.8924343585968018,1.9660693407058716,1.867741346359253,2.3623738288879395,2.5680477619171143,2.302220344543457,1.9792590141296387,2.598738670349121,2.093010187149048,2.688260555267334,2.098822832107544,2.3248708248138428,2.5822415351867676
GG1_calibration_test,20251021_161318.jpg,90_R4S_252_Lirajet_15_6,6.75,5.0,8.5,True,11,0.02475742237516005,134.88033820822665,6.42282772064209,6.084358215332031,5.683162689208984,8.448040008544922,8.738509178161621,8.462358474731445,5.253969669342041,5.898238658905029,4.986148834228516,5.26591157913208,6.911909580230713,6.39125394821167,7.769177436828613,6.694368362426758,6.797107219696045,6.204010486602783
GG1_calibration_test,20251021_161325.jpg,90_R4S_252_Lirajet_15_6,1.0,1.0,1.0,True,4,0.008208338375520199,131.16935697247274,1.6423556804656982,1.5596059560775757,1.5828899145126343,1.0623834133148193,1.1086578369140625,1.0559269189834595,1.7660794258117676,1.711793065071106,1.7373850345611572,1.6026612520217896,1.8313266038894653,1.6768531799316406,1.4545092582702637,1.3473635911941528,1.4658163785934448,1.6907227039337158
GG1_calibration_test,20251021_161951.jpg,174_R4S_200_Darmor_29_6,3.0,2.0,4.0,True,6,0.011969737530815856,116.57945446445339,5.954085826873779,5.768864154815674,5.5190510749816895,9.279325485229492,9.079343795776367,8.997169494628906,4.668679237365723,5.0634236335754395,4.8918070793151855,4.70704460144043,5.765223503112793,5.389669895172119,6.581918716430664,6.366171360015869,6.289243221282959,5.59677791595459
GG1_calibration_test,20251021_161958.jpg,174_R4S_200_Darmor_29_6,1.75,2.0,1.5,True,3,0.010902820409161464,116.22763162491702,5.438305854797363,5.518686771392822,4.509097099304199,3.6923890113830566,3.7265257835388184,3.2913718223571777,2.984670877456665,3.916243076324463,2.857572317123413,3.6189050674438477,3.417051315307617,3.2732789516448975,6.5609917640686035,5.869569301605225,5.08371639251709,5.221332550048828
GG1_calibration_test,20251021_162004.jpg,174_R4S_200_Darmor_29_6,3.25,5.0,1.5,True,5,0.017241587889504632,117.08945261423906,2.1965789794921875,2.0762715339660645,2.164083957672119,1.9905791282653809,2.011960506439209,1.8579654693603516,2.950817346572876,2.7988028526306152,2.722853422164917,2.4348995685577393,2.5809061527252197,2.5934674739837646,2.1143112182617188,2.084300994873047,2.4305241107940674,2.4006567001342773
GG1_calibration_test,20251021_162121.jpg,187_R4S_492_FELICIANO KWS_32_6,3.0,1.0,5.0,True,4,0.0030863979724437035,124.15487134715752,2.123593330383301,2.023700714111328,1.9507725238800049,1.7170374393463135,1.8032481670379639,1.6439852714538574,2.05413818359375,2.434329032897949,1.9558939933776855,2.119784355163574,2.495532751083374,1.989216685295105,2.11783504486084,1.758863925933838,1.8437700271606445,2.096670627593994
GG1_calibration_test,20251021_162132.jpg,198_R4S_496_DSV3_33_6,14.5,12.0,17.0,True,9,0.01156541117892708,133.44193151702538,10.84288501739502,10.792344093322754,9.78939437866211,13.88322639465332,14.747160911560059,13.951141357421875,10.992019653320312,10.63713550567627,11.033615112304688,10.510469436645508,14.083745002746582,12.709264755249023,11.686616897583008,11.243221282958984,11.069960594177246,10.291290283203125
GG1_calibration_test,20251021_162139.jpg,198_R4S_496_DSV3_33_6,1.0,1.0,1.0,True,6,0.02611215993087653,128.8350387339989,1.5351057052612305,1.4199082851409912,1.4260754585266113,1.2527481317520142,1.3045446872711182,1.244577407836914,1.7047306299209595,1.7197628021240234,1.6087092161178589,1.504239559173584,1.6812219619750977,1.5197902917861938,1.6240921020507812,1.383360743522644,1.5147161483764648,1.6001111268997192
GG1_calibration_test,20251021_162146.jpg,198_R4S_496_DSV3_33_6,3.5,1.0,6.0,True,5,0.02298932384341637,128.204122561268,4.49135684967041,4.014796257019043,3.853240489959717,5.578921794891357,6.015399932861328,6.002191543579102,3.3495616912841797,3.288872480392456,3.3733088970184326,2.583202838897705,3.7722017765045166,3.2597296237945557,4.627617359161377,4.2070159912109375,4.52711296081543,4.2448225021362305
GG1_calibration_test,20251021_162428.jpg,234_R4S_447_K306_39_6,2.0,1.0,3.0,True,8,0.007985414213124997,126.37544440205461,2.4045357704162598,2.456422805786133,2.2690672874450684,1.6307263374328613,1.6980485916137695,1.5872631072998047,2.6059131622314453,2.961055040359497,2.439359664916992,3.0615501403808594,2.9954261779785156,2.7044003009796143,2.0583090782165527,2.199577569961548,2.1512374877929688,2.4056992530822754
GG1_calibration_test,20251021_162856.jpg,283_R4S_429_L122_48_6,9.0,7.0,11.0,True,5,0.014183168316831684,128.4974126086078,7.946767807006836,7.650463104248047,6.72560453414917,7.763615131378174,8.191145896911621,7.6564860343933105,5.907815456390381,7.364313125610352,5.449335098266602,6.520537853240967,7.463651657104492,6.407810211181641,9.577747344970703,8.441015243530273,8.03216552734375,7.3949995040893555
GG1_calibration_test,20251021_162906.jpg,283_R4S_429_L122_48_6,4.25,5.0,3.5,True,4,0.011819157935836534,130.5006395604217,4.656017303466797,4.5197954177856445,4.015074253082275,5.774024963378906,5.86935567855835,5.659782886505127,3.3911936283111572,4.105741024017334,3.041247844696045,3.304231882095337,4.3420867919921875,3.7152252197265625,5.535456657409668,4.788629055023193,4.744229316711426,4.380596160888672
GG1_calibration_test,20251021_162912.jpg,283_R4S_429_L122_48_6,5.75,4.0,7.5,True,7,0.024363458630538713,131.39888449338892,5.503566741943359,5.039690017700195,4.64116096496582,6.279671669006348,6.5325446128845215,6.225772380828857,4.4784464836120605,5.557911396026611,4.0360026359558105,4.883303642272949,5.4915571212768555,4.794607162475586,7.349754333496094,5.814530372619629,5.772478103637695,5.2636871337890625
GG1_calibration_test,20251021_162958.jpg,295_R4S_272_Doral_50_6,11.75,12.0,11.5,True,6,0.017628144409839834,134.62654148385582,10.237560272216797,10.720252990722656,9.416845321655273,9.442205429077148,10.709467887878418,9.520180702209473,8.82818603515625,8.659234046936035,9.247048377990723,9.122223854064941,9.93932819366455,10.0682373046875,10.627460479736328,10.928876876831055,10.57159423828125,10.091197967529297
GG1_calibration_test,20251021_163014.jpg,295_R4S_272_Doral_50_6,18.75,18.0,19.5,True,9,0.019679742752389158,129.45591028389399,21.92852783203125,21.043790817260742,20.249042510986328,19.61589241027832,19.54146957397461,19.565000534057617,17.12664031982422,21.457000732421875,17.874040603637695,19.88292694091797,21.31743049621582,19.649059295654297,22.353954315185547,21.508394241333008,22.404766082763672,20.504491806030273
